Season,DayNum,teamA,teamB,scoreA,scoreB,margin,result,NumOT,seed_dif,avg_margin_dif,avg_eff_A,avg_opp_eff_A,avg_eff_B,avg_opp_eff_B,avg_thr_per_A,ft_per_A,avg_fg_per_A,avg_fg_a_per_A,avg_thr_a_per_A,avg_to_per_A,avg_blk_per_A,avg_opp_fg_a_per_A,avg_thr_per_B,ft_per_B,avg_fg_per_B,avg_fg_a_per_B,avg_thr_a_per_B,avg_to_per_B,avg_blk_per_B,avg_opp_fg_a_per_B,thr_a_per_dif,tempo_pred,pred_fg_per_dif,pred_or_per_dif
1998,137,3104,3422,94,46,48,1,0,-13,,,,,,,,,,,,,,,,,,,,,,,,,
1998,137,3112,3365,75,63,12,1,0,-11,,,,,,,,,,,,,,,,,,,,,,,,,
1998,137,3163,3193,93,52,41,1,0,-13,,,,,,,,,,,,,,,,,,,,,,,,,
1998,137,3198,3266,59,45,14,1,0,-3,,,,,,,,,,,,,,,,,,,,,,,,,
1998,137,3203,3208,74,72,2,1,0,3,,,,,,,,,,,,,,,,,,,,,,,,,
1998,137,3234,3269,77,59,18,1,0,-9,,,,,,,,,,,,,,,,,,,,,,,,,
1998,137,3242,3408,72,68,4,1,0,-7,,,,,,,,,,,,,,,,,,,,,,,,,
1998,137,3263,3301,64,89,-25,0,0,9,,,,,,,,,,,,,,,,,,,,,,,,,
1998,137,3304,3307,76,59,17,1,0,1,,,,,,,,,,,,,,,,,,,,,,,,,
1998,137,3224,3314,71,91,-20,0,0,13,,,,,,,,,,,,,,,,,,,,,,,,,
1998,137,3283,3323,64,78,-14,0,0,-1,,,,,,,,,,,,,,,,,,,,,,,,,
1998,137,3330,3384,92,39,53,1,0,-15,,,,,,,,,,,,,,,,,,,,,,,,,
1998,137,3212,3403,75,87,-12,0,0,15,,,,,,,,,,,,,,,,,,,,,,,,,
1998,137,3276,3417,58,65,-7,0,0,3,,,,,,,,,,,,,,,,,,,,,,,,,
1998,137,3374,3438,68,77,-9,0,0,5,,,,,,,,,,,,,,,,,,,,,,,,,
1998,137,3272,3464,80,91,-11,0,0,-7,,,,,,,,,,,,,,,,,,,,,,,,,
1998,138,3116,3218,76,70,6,1,0,1,,,,,,,,,,,,,,,,,,,,,,,,,
1998,138,3155,3274,60,49,11,1,0,-5,,,,,,,,,,,,,,,,,,,,,,,,,
1998,138,3161,3179,81,75,6,1,0,7,,,,,,,,,,,,,,,,,,,,,,,,,
1998,138,3181,3292,92,67,25,1,0,-13,,,,,,,,,,,,,,,,,,,,,,,,,
1998,138,3196,3285,85,64,21,1,0,-11,,,,,,,,,,,,,,,,,,,,,,,,,
1998,138,3217,3390,71,67,4,1,0,15,,,,,,,,,,,,,,,,,,,,,,,,,
1998,138,3228,3453,82,58,24,1,0,-11,,,,,,,,,,,,,,,,,,,,,,,,,
1998,138,3235,3245,79,76,3,1,0,-9,,,,,,,,,,,,,,,,,,,,,,,,,
1998,138,3221,3256,58,86,-28,0,0,11,,,,,,,,,,,,,,,,,,,,,,,,,
1998,138,3257,3428,69,61,8,1,0,3,,,,,,,,,,,,,,,,,,,,,,,,,
1998,138,3345,3449,88,71,17,1,0,-9,,,,,,,,,,,,,,,,,,,,,,,,,
1998,138,3332,3353,76,79,-3,0,0,7,,,,,,,,,,,,,,,,,,,,,,,,,
1998,138,3364,3435,76,71,5,1,0,5,,,,,,,,,,,,,,,,,,,,,,,,,
1998,138,3251,3397,58,102,-44,0,0,15,,,,,,,,,,,,,,,,,,,,,,,,,
1998,138,3439,3458,75,64,11,1,0,5,,,,,,,,,,,,,,,,,,,,,,,,,
1998,138,3372,3443,76,88,-12,0,0,1,,,,,,,,,,,,,,,,,,,,,,,,,
1998,139,3104,3417,75,74,1,1,0,-5,,,,,,,,,,,,,,,,,,,,,,,,,
1998,139,3112,3438,94,77,17,1,0,-3,,,,,,,,,,,,,,,,,,,,,,,,,
1998,139,3163,3203,75,67,8,1,0,-8,,,,,,,,,,,,,,,,,,,,,,,,,
1998,139,3234,3242,58,62,-4,0,0,-1,,,,,,,,,,,,,,,,,,,,,,,,,
1998,139,3301,3464,88,61,27,1,0,-8,,,,,,,,,,,,,,,,,,,,,,,,,
1998,139,3198,3314,72,85,-13,0,0,5,,,,,,,,,,,,,,,,,,,,,,,,,
1998,139,3323,3403,74,59,15,1,0,8,,,,,,,,,,,,,,,,,,,,,,,,,
1998,139,3304,3330,60,75,-15,0,0,8,,,,,,,,,,,,,,,,,,,,,,,,,
1998,140,3116,3217,82,64,18,1,0,-7,,,,,,,,,,,,,,,,,,,,,,,,,
1998,140,3181,3257,69,53,16,1,0,-8,,,,,,,,,,,,,,,,,,,,,,,,,
1998,140,3196,3439,89,57,32,1,0,-8,,,,,,,,,,,,,,,,,,,,,,,,,
1998,140,3228,3364,69,65,4,1,0,-8,,,,,,,,,,,,,,,,,,,,,,,,,
1998,140,3155,3256,52,74,-22,0,0,3,,,,,,,,,,,,,,,,,,,,,,,,,
1998,140,3161,3345,63,77,-14,0,0,8,,,,,,,,,,,,,,,,,,,,,,,,,
1998,140,3235,3353,61,62,-1,0,0,-1,,,,,,,,,,,,,,,,,,,,,,,,,
1998,140,3397,3443,82,62,20,1,0,-7,,,,,,,,,,,,,,,,,,,,,,,,,
1998,145,3116,3242,79,63,16,1,0,4,,,,,,,,,,,,,,,,,,,,,,,,,
1998,145,3112,3163,57,74,-17,0,0,1,,,,,,,,,,,,,,,,,,,,,,,,,
1998,145,3181,3196,71,58,13,1,0,-1,,,,,,,,,,,,,,,,,,,,,,,,,
1998,145,3104,3256,57,71,-14,0,0,-1,,,,,,,,,,,,,,,,,,,,,,,,,
1998,145,3301,3330,55,54,1,1,0,3,,,,,,,,,,,,,,,,,,,,,,,,,
1998,145,3228,3314,74,80,-6,0,0,1,,,,,,,,,,,,,,,,,,,,,,,,,
1998,145,3323,3345,65,70,-5,0,0,5,,,,,,,,,,,,,,,,,,,,,,,,,
1998,145,3353,3397,60,92,-32,0,0,4,,,,,,,,,,,,,,,,,,,,,,,,,
1998,147,3116,3181,77,72,5,1,0,7,,,,,,,,,,,,,,,,,,,,,,,,,
1998,147,3256,3345,72,65,7,1,0,-1,,,,,,,,,,,,,,,,,,,,,,,,,
1998,147,3163,3301,52,60,-8,0,0,-2,,,,,,,,,,,,,,,,,,,,,,,,,
1998,147,3314,3397,70,76,-6,0,0,1,,,,,,,,,,,,,,,,,,,,,,,,,
1998,151,3256,3301,84,65,19,1,0,-1,,,,,,,,,,,,,,,,,,,,,,,,,
1998,151,3116,3397,58,86,-28,0,0,8,,,,,,,,,,,,,,,,,,,,,,,,,
1998,153,3256,3397,75,93,-18,0,0,2,,,,,,,,,,,,,,,,,,,,,,,,,
1999,137,3104,3212,80,68,12,1,0,-7,,,,,,,,,,,,,,,,,,,,,,,,,
1999,137,3112,3196,87,84,3,1,0,-5,,,,,,,,,,,,,,,,,,,,,,,,,
1999,137,3155,3197,76,45,31,1,0,-13,,,,,,,,,,,,,,,,,,,,,,,,,
1999,137,3161,3169,71,59,12,1,0,-13,,,,,,,,,,,,,,,,,,,,,,,,,
1999,137,3163,3384,97,46,51,1,0,-15,,,,,,,,,,,,,,,,,,,,,,,,,
1999,137,3228,3257,69,67,2,1,0,-3,,,,,,,,,,,,,,,,,,,,,,,,,
1999,137,3235,3365,74,61,13,1,0,-9,,,,,,,,,,,,,,,,,,,,,,,,,
1999,137,3256,3416,90,48,42,1,0,-15,,,,,,,,,,,,,,,,,,,,,,,,,
1999,137,3263,3390,60,58,2,1,0,3,,,,,,,,,,,,,,,,,,,,,,,,,
1999,137,3283,3364,72,70,2,1,0,-3,,,,,,,,,,,,,,,,,,,,,,,,,
1999,137,3314,3318,64,55,9,1,0,-9,,,,,,,,,,,,,,,,,,,,,,,,,
1999,137,3330,3399,74,48,26,1,0,-13,,,,,,,,,,,,,,,,,,,,,,,,,
1999,137,3153,3332,56,65,-9,0,0,7,,,,,,,,,,,,,,,,,,,,,,,,,
1999,137,3336,3438,82,69,13,1,0,-1,,,,,,,,,,,,,,,,,,,,,,,,,
1999,137,3171,3353,70,84,-14,0,0,11,,,,,,,,,,,,,,,,,,,,,,,,,
1999,137,3198,3462,71,85,-14,0,0,1,,,,,,,,,,,,,,,,,,,,,,,,,
1999,138,3120,3400,69,61,8,1,0,-7,,,,,,,,,,,,,,,,,,,,,,,,,
1999,138,3130,3326,72,59,13,1,0,-1,,,,,,,,,,,,,,,,,,,,,,,,,
1999,138,3181,3221,79,51,28,1,0,-11,,,,,,,,,,,,,,,,,,,,,,,,,
1999,138,3208,3251,73,52,21,1,0,-11,,,,,,,,,,,,,,,,,,,,,,,,,
1999,138,3242,3266,64,58,6,1,0,1,,,,,,,,,,,,,,,,,,,,,,,,,
1999,138,3246,3304,98,92,6,1,0,-5,,,,,,,,,,,,,,,,,,,,,,,,,
1999,138,3191,3261,69,78,-9,0,0,9,,,,,,,,,,,,,,,,,,,,,,,,,
1999,138,3280,3301,57,76,-19,0,0,-3,,,,,,,,,,,,,,,,,,,,,,,,,
1999,138,3323,3388,61,57,4,1,0,-7,,,,,,,,,,,,,,,,,,,,,,,,,
1999,138,3331,3345,48,68,-20,0,0,15,,,,,,,,,,,,,,,,,,,,,,,,,
1999,138,3374,3405,91,76,15,1,0,5,,,,,,,,,,,,,,,,,,,,,,,,,
1999,138,3386,3408,83,72,11,1,0,5,,,,,,,,,,,,,,,,,,,,,,,,,
1999,138,3111,3397,54,113,-59,0,0,15,,,,,,,,,,,,,,,,,,,,,,,,,
1999,138,3372,3403,54,80,-26,0,0,13,,,,,,,,,,,,,,,,,,,,,,,,,
1999,138,3417,3453,76,69,7,1,0,-11,,,,,,,,,,,,,,,,,,,,,,,,,
1999,138,3389,3439,48,73,-25,0,0,9,,,,,,,,,,,,,,,,,,,,,,,,,
1999,139,3155,3228,63,51,12,1,0,-5,,,,,,,,,,,,,,,,,,,,,,,,,
1999,139,3161,3283,86,70,16,1,0,-5,,,,,,,,,,,,,,,,,,,,,,,,,
1999,139,3163,3462,86,84,2,1,0,-7,,,,,,,,,,,,,,,,,,,,,,,,,
1999,139,3235,3332,85,70,15,1,0,-1,,,,,,,,,,,,,,,,,,,,,,,,,
1999,139,3256,3336,79,62,17,1,0,-7,,,,,,,,,,,,,,,,,,,,,,,,,
1999,139,3104,3314,56,70,-14,0,0,1,,,,,,,,,,,,,,,,,,,,,,,,,
1999,139,3263,3330,62,72,-10,0,0,8,,,,,,,,,,,,,,,,,,,,,,,,,
1999,139,3112,3353,47,90,-43,0,0,3,,,,,,,,,,,,,,,,,,,,,,,,,
1999,140,3181,3386,66,60,6,1,0,-8,,,,,,,,,,,,,,,,,,,,,,,,,
1999,140,3208,3374,68,55,13,1,0,-8,,,,,,,,,,,,,,,,,,,,,,,,,
1999,140,3261,3323,74,64,10,1,0,-1,,,,,,,,,,,,,,,,,,,,,,,,,
1999,140,3242,3345,41,55,-14,0,0,8,,,,,,,,,,,,,,,,,,,,,,,,,
1999,140,3130,3397,62,89,-27,0,0,7,,,,,,,,,,,,,,,,,,,,,,,,,
1999,140,3301,3403,78,85,-7,0,0,8,,,,,,,,,,,,,,,,,,,,,,,,,
1999,140,3246,3417,63,87,-24,0,0,3,,,,,,,,,,,,,,,,,,,,,,,,,
1999,140,3120,3439,61,76,-15,0,0,1,,,,,,,,,,,,,,,,,,,,,,,,,
1999,145,3181,3330,76,63,13,1,0,1,,,,,,,,,,,,,,,,,,,,,,,,,
1999,145,3155,3208,54,67,-13,0,0,-1,,,,,,,,,,,,,,,,,,,,,,,,,
1999,145,3163,3235,58,64,-6,0,0,-3,,,,,,,,,,,,,,,,,,,,,,,,,
1999,145,3256,3261,73,52,21,1,0,-3,,,,,,,,,,,,,,,,,,,,,,,,,
1999,145,3314,3345,59,82,-23,0,0,3,,,,,,,,,,,,,,,,,,,,,,,,,
1999,145,3353,3403,53,42,11,1,0,1,,,,,,,,,,,,,,,,,,,,,,,,,
1999,145,3397,3439,68,52,16,1,0,-3,,,,,,,,,,,,,,,,,,,,,,,,,
1999,145,3161,3417,68,77,-9,0,0,-1,,,,,,,,,,,,,,,,,,,,,,,,,
1999,147,3181,3397,69,63,6,1,0,2,,,,,,,,,,,,,,,,,,,,,,,,,
1999,147,3208,3235,89,71,18,1,0,-1,,,,,,,,,,,,,,,,,,,,,,,,,
1999,147,3256,3417,88,62,26,1,0,-2,,,,,,,,,,,,,,,,,,,,,,,,,
1999,147,3345,3353,75,62,13,1,0,-2,,,,,,,,,,,,,,,,,,,,,,,,,
1999,151,3181,3208,81,69,12,1,0,0,,,,,,,,,,,,,,,,,,,,,,,,,
1999,151,3256,3345,63,77,-14,0,0,0,,,,,,,,,,,,,,,,,,,,,,,,,
1999,153,3181,3345,45,62,-17,0,0,2,,,,,,,,,,,,,,,,,,,,,,,,,
2000,137,3120,3283,78,74,4,1,0,-3,,,,,,,,,,,,,,,,,,,,,,,,,
2000,137,3130,3304,93,76,17,1,0,-7,,,,,,,,,,,,,,,,,,,,,,,,,
2000,137,3155,3179,64,50,14,1,0,1,,,,,,,,,,,,,,,,,,,,,,,,,
2000,137,3163,3214,116,45,71,1,0,-15,,,,,,,,,,,,,,,,,,,,,,,,,
2000,137,3203,3417,79,72,7,1,0,-3,,,,,,,,,,,,,,,,,,,,,,,,,
2000,137,3228,3428,73,58,15,1,0,-5,,,,,,,,,,,,,,,,,,,,,,,,,
2000,137,3235,3384,92,63,29,1,0,-11,,,,,,,,,,,,,,,,,,,,,,,,,
2000,137,3251,3261,54,77,-23,0,0,11,,,,,,,,,,,,,,,,,,,,,,,,,
2000,137,3280,3389,94,60,34,1,0,-11,,,,,,,,,,,,,,,,,,,,,,,,,
2000,137,3323,3360,87,61,26,1,0,-13,,,,,,,,,,,,,,,,,,,,,,,,,
2000,137,3336,3464,83,63,20,1,0,-13,,,,,,,,,,,,,,,,,,,,,,,,,
2000,137,3221,3353,70,91,-21,0,0,13,,,,,,,,,,,,,,,,,,,,,,,,,
2000,137,3372,3462,73,72,1,1,0,5,,,,,,,,,,,,,,,,,,,,,,,,,
2000,137,3386,3400,69,48,21,1,0,3,,,,,,,,,,,,,,,,,,,,,,,,,
2000,137,3332,3412,79,80,-1,0,0,-5,,,,,,,,,,,,,,,,,,,,,,,,,
2000,137,3337,3438,62,74,-12,0,0,9,,,,,,,,,,,,,,,,,,,,,,,,,
2000,138,3112,3245,73,61,12,1,0,-1,,,,,,,,,,,,,,,,,,,,,,,,,
2000,138,3144,3181,42,71,-29,0,0,13,,,,,,,,,,,,,,,,,,,,,,,,,
2000,138,3208,3285,74,46,28,1,0,-15,,,,,,,,,,,,,,,,,,,,,,,,,
2000,138,3108,3256,53,95,-42,0,0,15,,,,,,,,,,,,,,,,,,,,,,,,,
2000,138,3263,3314,57,62,-5,0,0,7,,,,,,,,,,,,,,,,,,,,,,,,,
2000,138,3140,3328,81,86,-5,0,0,7,,,,,,,,,,,,,,,,,,,,,,,,,
2000,138,3330,3453,94,85,9,1,0,-9,,,,,,,,,,,,,,,,,,,,,,,,,
2000,138,3171,3345,66,70,-4,0,0,9,,,,,,,,,,,,,,,,,,,,,,,,,
2000,138,3349,3364,67,64,3,1,0,9,,,,,,,,,,,,,,,,,,,,,,,,,
2000,138,3301,3374,63,64,-1,0,0,-7,,,,,,,,,,,,,,,,,,,,,,,,,
2000,138,3276,3390,74,81,-7,0,0,-1,,,,,,,,,,,,,,,,,,,,,,,,,
2000,138,3202,3397,38,90,-52,0,0,15,,,,,,,,,,,,,,,,,,,,,,,,,
2000,138,3399,3403,54,83,-29,0,0,11,,,,,,,,,,,,,,,,,,,,,,,,,
2000,138,3408,3436,65,60,5,1,0,-5,,,,,,,,,,,,,,,,,,,,,,,,,
2000,138,3242,3435,69,71,-2,0,0,-1,,,,,,,,,,,,,,,,,,,,,,,,,
2000,138,3266,3443,65,68,-3,0,0,-3,,,,,,,,,,,,,,,,,,,,,,,,,
2000,139,3155,3163,45,83,-38,0,0,8,,,,,,,,,,,,,,,,,,,,,,,,,
2000,139,3228,3235,68,79,-11,0,0,3,,,,,,,,,,,,,,,,,,,,,,,,,
2000,139,3261,3372,57,45,12,1,0,-8,,,,,,,,,,,,,,,,,,,,,,,,,
2000,139,3203,3323,60,95,-35,0,0,5,,,,,,,,,,,,,,,,,,,,,,,,,
2000,139,3120,3336,69,75,-6,0,0,5,,,,,,,,,,,,,,,,,,,,,,,,,
2000,139,3353,3386,59,39,20,1,0,-8,,,,,,,,,,,,,,,,,,,,,,,,,
2000,139,3280,3412,72,78,-6,0,0,-8,,,,,,,,,,,,,,,,,,,,,,,,,
2000,139,3130,3438,70,74,-4,0,0,1,,,,,,,,,,,,,,,,,,,,,,,,,
2000,140,3181,3443,90,70,20,1,0,-8,,,,,,,,,,,,,,,,,,,,,,,,,
2000,140,3208,3390,83,64,19,1,0,-8,,,,,,,,,,,,,,,,,,,,,,,,,
2000,140,3256,3435,66,65,1,1,0,-8,,,,,,,,,,,,,,,,,,,,,,,,,
2000,140,3314,3349,83,50,33,1,0,-8,,,,,,,,,,,,,,,,,,,,,,,,,
2000,140,3328,3345,76,74,2,1,0,1,,,,,,,,,,,,,,,,,,,,,,,,,
2000,140,3330,3374,96,76,20,1,0,-8,,,,,,,,,,,,,,,,,,,,,,,,,
2000,140,3112,3397,60,75,-15,0,0,7,,,,,,,,,,,,,,,,,,,,,,,,,
2000,140,3403,3408,76,59,17,1,0,-3,,,,,,,,,,,,,,,,,,,,,,,,,
2000,145,3163,3328,102,80,22,1,0,-4,,,,,,,,,,,,,,,,,,,,,,,,,
2000,145,3208,3314,83,57,26,1,0,-4,,,,,,,,,,,,,,,,,,,,,,,,,
2000,145,3256,3330,86,74,12,1,0,-3,,,,,,,,,,,,,,,,,,,,,,,,,
2000,145,3181,3261,66,79,-13,0,0,-1,,,,,,,,,,,,,,,,,,,,,,,,,
2000,145,3235,3336,65,66,-1,0,0,1,,,,,,,,,,,,,,,,,,,,,,,,,
2000,145,3353,3412,60,45,15,1,0,-9,,,,,,,,,,,,,,,,,,,,,,,,,
2000,145,3397,3438,77,56,21,1,0,-3,,,,,,,,,,,,,,,,,,,,,,,,,
2000,145,3323,3403,65,69,-4,0,0,-1,,,,,,,,,,,,,,,,,,,,,,,,,
2000,147,3163,3261,86,71,15,1,0,-2,,,,,,,,,,,,,,,,,,,,,,,,,
2000,147,3256,3336,65,86,-21,0,0,-1,,,,,,,,,,,,,,,,,,,,,,,,,
2000,147,3208,3353,51,59,-8,0,0,-1,,,,,,,,,,,,,,,,,,,,,,,,,
2000,147,3397,3403,57,44,13,1,0,-2,,,,,,,,,,,,,,,,,,,,,,,,,
2000,151,3163,3336,89,67,22,1,0,-1,,,,,,,,,,,,,,,,,,,,,,,,,
2000,151,3353,3397,54,64,-10,0,0,1,,,,,,,,,,,,,,,,,,,,,,,,,
2000,153,3163,3397,71,52,19,1,0,0,,,,,,,,,,,,,,,,,,,,,,,,,
2001,137,3151,3155,49,51,-2,0,0,7,,,,,,,,,,,,,,,,,,,,,,,,,
2001,137,3196,3221,84,52,32,1,0,-11,,,,,,,,,,,,,,,,,,,,,,,,,
2001,137,3199,3408,72,70,2,1,0,-3,,,,,,,,,,,,,,,,,,,,,,,,,
2001,137,3208,3251,77,48,29,1,0,-13,,,,,,,,,,,,,,,,,,,,,,,,,
2001,137,3224,3235,61,100,-39,0,0,13,,,,,,,,,,,,,,,,,,,,,,,,,
2001,137,3113,3261,66,83,-17,0,0,5,,,,,,,,,,,,,,,,,,,,,,,,,
2001,137,3281,3458,71,68,3,1,0,3,,,,,,,,,,,,,,,,,,,,,,,,,
2001,137,3174,3301,57,76,-19,0,0,9,,,,,,,,,,,,,,,,,,,,,,,,,
2001,137,3345,3364,75,62,13,1,0,-11,,,,,,,,,,,,,,,,,,,,,,,,,
2001,137,3388,3400,68,64,4,1,0,1,,,,,,,,,,,,,,,,,,,,,,,,,
2001,137,3122,3397,38,80,-42,0,0,15,,,,,,,,,,,,,,,,,,,,,,,,,
2001,137,3335,3403,57,100,-43,0,0,13,,,,,,,,,,,,,,,,,,,,,,,,,
2001,137,3179,3437,58,66,-8,0,0,7,,,,,,,,,,,,,,,,,,,,,,,,,
2001,137,3176,3439,57,77,-20,0,0,3,,,,,,,,,,,,,,,,,,,,,,,,,
2001,137,3330,3449,65,67,-2,0,0,5,,,,,,,,,,,,,,,,,,,,,,,,,
2001,137,3257,3462,52,80,-28,0,0,9,,,,,,,,,,,,,,,,,,,,,,,,,
2001,138,3116,3124,68,59,9,1,0,1,,,,,,,,,,,,,,,,,,,,,,,,,
2001,138,3160,3373,98,78,20,1,0,-5,,,,,,,,,,,,,,,,,,,,,,,,,
2001,138,3161,3268,83,69,14,1,0,1,,,,,,,,,,,,,,,,,,,,,,,,,
2001,138,3163,3254,101,29,72,1,0,-15,,,,,,,,,,,,,,,,,,,,,,,,,
2001,138,3181,3454,96,63,33,1,0,-15,,,,,,,,,,,,,,,,,,,,,,,,,
2001,138,3234,3332,89,82,7,1,0,-9,,,,,,,,,,,,,,,,,,,,,,,,,
2001,138,3209,3256,48,84,-36,0,0,11,,,,,,,,,,,,,,,,,,,,,,,,,
2001,138,3276,3438,81,71,10,1,0,-1,,,,,,,,,,,,,,,,,,,,,,,,,
2001,138,3283,3405,89,71,18,1,0,-7,,,,,,,,,,,,,,,,,,,,,,,,,
2001,138,3108,3323,49,98,-49,0,0,15,,,,,,,,,,,,,,,,,,,,,,,,,
2001,138,3328,3331,70,64,6,1,0,-13,,,,,,,,,,,,,,,,,,,,,,,,,
2001,138,3353,3372,80,43,37,1,0,-9,,,,,,,,,,,,,,,,,,,,,,,,,
2001,138,3203,3390,51,76,-25,0,0,-3,,,,,,,,,,,,,,,,,,,,,,,,,
2001,138,3336,3395,75,77,-2,0,0,-5,,,,,,,,,,,,,,,,,,,,,,,,,
2001,138,3193,3428,57,79,-22,0,0,7,,,,,,,,,,,,,,,,,,,,,,,,,
2001,138,3226,3435,57,83,-26,0,0,11,,,,,,,,,,,,,,,,,,,,,,,,,
2001,139,3199,3235,70,85,-15,0,0,5,,,,,,,,,,,,,,,,,,,,,,,,,
2001,139,3208,3281,65,78,-13,0,0,-8,,,,,,,,,,,,,,,,,,,,,,,,,
2001,139,3301,3437,68,64,4,1,0,-1,,,,,,,,,,,,,,,,,,,,,,,,,
2001,139,3261,3345,70,73,-3,0,0,3,,,,,,,,,,,,,,,,,,,,,,,,,
2001,139,3388,3397,75,92,-17,0,0,8,,,,,,,,,,,,,,,,,,,,,,,,,
2001,139,3403,3439,73,52,21,1,0,-5,,,,,,,,,,,,,,,,,,,,,,,,,
2001,139,3196,3449,75,86,-11,0,0,-3,,,,,,,,,,,,,,,,,,,,,,,,,
2001,139,3155,3462,62,77,-15,0,0,1,,,,,,,,,,,,,,,,,,,,,,,,,
2001,140,3161,3163,44,89,-45,0,0,8,,,,,,,,,,,,,,,,,,,,,,,,,
2001,140,3116,3181,54,75,-21,0,0,8,,,,,,,,,,,,,,,,,,,,,,,,,
2001,140,3256,3395,80,59,21,1,0,-8,,,,,,,,,,,,,,,,,,,,,,,,,
2001,140,3283,3353,60,53,7,1,0,1,,,,,,,,,,,,,,,,,,,,,,,,,
2001,140,3276,3323,54,88,-34,0,0,7,,,,,,,,,,,,,,,,,,,,,,,,,
2001,140,3328,3390,67,50,17,1,0,-8,,,,,,,,,,,,,,,,,,,,,,,,,
2001,140,3234,3428,69,78,-9,0,0,-1,,,,,,,,,,,,,,,,,,,,,,,,,
2001,140,3160,3435,59,65,-6,0,0,3,,,,,,,,,,,,,,,,,,,,,,,,,
2001,145,3163,3301,72,58,14,1,0,-3,,,,,,,,,,,,,,,,,,,,,,,,,
2001,145,3256,3281,78,67,11,1,0,-7,,,,,,,,,,,,,,,,,,,,,,,,,
2001,145,3181,3283,71,81,-10,0,0,-4,,,,,,,,,,,,,,,,,,,,,,,,,
2001,145,3323,3428,69,54,15,1,0,-4,,,,,,,,,,,,,,,,,,,,,,,,,
2001,145,3345,3403,74,72,2,1,0,1,,,,,,,,,,,,,,,,,,,,,,,,,
2001,145,3235,3435,65,84,-19,0,0,-1,,,,,,,,,,,,,,,,,,,,,,,,,
2001,145,3328,3449,67,84,-17,0,0,-4,,,,,,,,,,,,,,,,,,,,,,,,,
2001,145,3397,3462,65,80,-15,0,0,-3,,,,,,,,,,,,,,,,,,,,,,,,,
2001,147,3163,3256,67,48,19,1,0,-2,,,,,,,,,,,,,,,,,,,,,,,,,
2001,147,3283,3449,104,87,17,1,0,-1,,,,,,,,,,,,,,,,,,,,,,,,,
2001,147,3323,3435,72,64,8,1,0,-2,,,,,,,,,,,,,,,,,,,,,,,,,
2001,147,3345,3462,88,78,10,1,0,-1,,,,,,,,,,,,,,,,,,,,,,,,,
2001,151,3163,3323,75,90,-15,0,0,0,,,,,,,,,,,,,,,,,,,,,,,,,
2001,151,3283,3345,64,81,-17,0,0,2,,,,,,,,,,,,,,,,,,,,,,,,,
2001,153,3323,3345,68,66,2,1,0,-2,,,,,,,,,,,,,,,,,,,,,,,,,
2002,137,3116,3155,78,68,10,1,0,-5,,,,,,,,,,,,,,,,,,,,,,,,,
2002,137,3124,3137,80,56,24,1,0,-13,,,,,,,,,,,,,,,,,,,,,,,,,
2002,137,3160,3380,88,61,27,1,0,-11,,,,,,,,,,,,,,,,,,,,,,,,,
2002,137,3179,3393,87,69,18,1,0,-3,,,,,,,,,,,,,,,,,,,,,,,,,
2002,137,3181,3313,95,48,47,1,0,-15,,,,,,,,,,,,,,,,,,,,,,,,,
2002,137,3166,3198,58,73,-15,0,0,7,,,,,,,,,,,,,,,,,,,,,,,,,
2002,137,3243,3245,93,65,28,1,0,-11,,,,,,,,,,,,,,,,,,,,,,,,,
2002,137,3261,3365,84,78,6,1,0,-5,,,,,,,,,,,,,,,,,,,,,,,,,
2002,137,3130,3280,59,65,-6,0,0,-7,,,,,,,,,,,,,,,,,,,,,,,,,
2002,137,3307,3323,44,58,-14,0,0,3,,,,,,,,,,,,,,,,,,,,,,,,,
2002,137,3151,3336,67,82,-15,0,0,9,,,,,,,,,,,,,,,,,,,,,,,,,
2002,137,3256,3364,56,57,-1,0,0,-7,,,,,,,,,,,,,,,,,,,,,,,,,
2002,137,3231,3395,45,55,-10,0,0,1,,,,,,,,,,,,,,,,,,,,,,,,,
2002,137,3209,3397,68,98,-30,0,0,13,,,,,,,,,,,,,,,,,,,,,,,,,
2002,137,3400,3453,60,55,5,1,0,-9,,,,,,,,,,,,,,,,,,,,,,,,,
2002,137,3372,3403,63,84,-21,0,0,9,,,,,,,,,,,,,,,,,,,,,,,,,
2002,138,3113,3458,73,70,3,1,0,1,,,,,,,,,,,,,,,,,,,,,,,,,
2002,138,3140,3196,90,52,38,1,0,5,,,,,,,,,,,,,,,,,,,,,,,,,
2002,138,3153,3389,76,63,13,1,0,-5,,,,,,,,,,,,,,,,,,,,,,,,,
2002,138,3163,3384,86,37,49,1,0,-15,,,,,,,,,,,,,,,,,,,,,,,,,
2002,138,3234,3438,69,62,7,1,0,1,,,,,,,,,,,,,,,,,,,,,,,,,
2002,138,3235,3396,72,57,15,1,0,-11,,,,,,,,,,,,,,,,,,,,,,,,,
2002,138,3278,3424,71,54,17,1,0,-7,,,,,,,,,,,,,,,,,,,,,,,,,
2002,138,3217,3314,58,85,-27,0,0,9,,,,,,,,,,,,,,,,,,,,,,,,,
2002,138,3216,3328,52,84,-32,0,0,15,,,,,,,,,,,,,,,,,,,,,,,,,
2002,138,3208,3330,54,68,-14,0,0,3,,,,,,,,,,,,,,,,,,,,,,,,,
2002,138,3122,3345,49,80,-31,0,0,13,,,,,,,,,,,,,,,,,,,,,,,,,
2002,138,3251,3376,61,69,-8,0,0,11,,,,,,,,,,,,,,,,,,,,,,,,,
2002,138,3390,3451,76,51,25,1,0,-13,,,,,,,,,,,,,,,,,,,,,,,,,
2002,138,3161,3408,69,73,-4,0,0,-3,,,,,,,,,,,,,,,,,,,,,,,,,
2002,138,3324,3435,38,63,-25,0,0,15,,,,,,,,,,,,,,,,,,,,,,,,,
2002,138,3337,3437,46,67,-21,0,0,-1,,,,,,,,,,,,,,,,,,,,,,,,,
2002,139,3160,3261,69,58,11,1,0,-3,,,,,,,,,,,,,,,,,,,,,,,,,
2002,139,3124,3179,72,76,-4,0,0,-5,,,,,,,,,,,,,,,,,,,,,,,,,
2002,139,3181,3395,76,66,10,1,0,-7,,,,,,,,,,,,,,,,,,,,,,,,,
2002,139,3116,3243,68,82,-14,0,0,3,,,,,,,,,,,,,,,,,,,,,,,,,
2002,139,3198,3336,79,96,-17,0,0,1,,,,,,,,,,,,,,,,,,,,,,,,,
2002,139,3323,3397,50,89,-39,0,0,5,,,,,,,,,,,,,,,,,,,,,,,,,
2002,139,3364,3400,60,76,-16,0,0,8,,,,,,,,,,,,,,,,,,,,,,,,,
2002,139,3280,3403,55,77,-22,0,0,8,,,,,,,,,,,,,,,,,,,,,,,,,
2002,140,3140,3235,75,69,6,1,0,8,,,,,,,,,,,,,,,,,,,,,,,,,
2002,140,3163,3234,86,48,38,1,0,-8,,,,,,,,,,,,,,,,,,,,,,,,,
2002,140,3278,3314,69,72,-3,0,0,1,,,,,,,,,,,,,,,,,,,,,,,,,
2002,140,3328,3437,66,53,13,1,0,-8,,,,,,,,,,,,,,,,,,,,,,,,,
2002,140,3330,3345,74,70,4,1,0,5,,,,,,,,,,,,,,,,,,,,,,,,,
2002,140,3153,3376,56,75,-19,0,0,3,,,,,,,,,,,,,,,,,,,,,,,,,
2002,140,3390,3408,77,55,22,1,0,-8,,,,,,,,,,,,,,,,,,,,,,,,,
2002,140,3113,3435,35,61,-26,0,0,8,,,,,,,,,,,,,,,,,,,,,,,,,
2002,145,3160,3390,62,59,3,1,0,1,,,,,,,,,,,,,,,,,,,,,,,,,
2002,145,3163,3336,82,64,18,1,0,-3,,,,,,,,,,,,,,,,,,,,,,,,,
2002,145,3181,3400,62,46,16,1,0,-3,,,,,,,,,,,,,,,,,,,,,,,,,
2002,145,3328,3403,72,62,10,1,0,-3,,,,,,,,,,,,,,,,,,,,,,,,,
2002,145,3243,3330,62,88,-26,0,0,-4,,,,,,,,,,,,,,,,,,,,,,,,,
2002,145,3179,3376,65,79,-14,0,0,4,,,,,,,,,,,,,,,,,,,,,,,,,
2002,145,3140,3397,57,68,-11,0,0,9,,,,,,,,,,,,,,,,,,,,,,,,,
2002,145,3314,3435,61,70,-9,0,0,3,,,,,,,,,,,,,,,,,,,,,,,,,
2002,147,3163,3330,85,64,21,1,0,-6,,,,,,,,,,,,,,,,,,,,,,,,,
2002,147,3181,3376,77,68,9,1,0,-2,,,,,,,,,,,,,,,,,,,,,,,,,
2002,147,3160,3328,60,94,-34,0,0,2,,,,,,,,,,,,,,,,,,,,,,,,,
2002,147,3397,3435,68,63,5,1,0,1,,,,,,,,,,,,,,,,,,,,,,,,,
2002,151,3163,3397,79,56,23,1,0,-1,,,,,,,,,,,,,,,,,,,,,,,,,
2002,151,3181,3328,71,86,-15,0,0,0,,,,,,,,,,,,,,,,,,,,,,,,,
2002,153,3163,3328,82,70,12,1,0,0,,,,,,,,,,,,,,,,,,,,,,,,,
2003,138,3130,3330,73,72,1,1,0,-7,,,,,,,,,,,,,,,,,,,,,,,,,
2003,138,3140,3160,45,84,-39,0,0,5,,,,,,,,,,,,,,,,,,,,,,,,,
2003,138,3150,3208,61,80,-19,0,0,7,,,,,,,,,,,,,,,,,,,,,,,,,
2003,138,3261,3402,86,50,36,1,0,-15,,,,,,,,,,,,,,,,,,,,,,,,,
2003,138,3278,3408,68,48,20,1,0,-5,,,,,,,,,,,,,,,,,,,,,,,,,
2003,138,3264,3280,47,73,-26,0,0,11,,,,,,,,,,,,,,,,,,,,,,,,,
2003,138,3274,3307,85,91,-6,0,0,5,,,,,,,,,,,,,,,,,,,,,,,,,
2003,138,3122,3314,70,72,-2,0,0,11,,,,,,,,,,,,,,,,,,,,,,,,,
2003,138,3345,3434,66,51,15,1,0,-13,,,,,,,,,,,,,,,,,,,,,,,,,
2003,138,3353,3443,64,52,12,1,0,-9,,,,,,,,,,,,,,,,,,,,,,,,,
2003,138,3390,3444,82,66,16,1,0,-11,,,,,,,,,,,,,,,,,,,,,,,,,
2003,138,3106,3397,43,95,-52,0,0,15,,,,,,,,,,,,,,,,,,,,,,,,,
2003,138,3251,3435,44,54,-10,0,0,9,,,,,,,,,,,,,,,,,,,,,,,,,
2003,138,3228,3438,56,72,-16,0,0,1,,,,,,,,,,,,,,,,,,,,,,,,,
2003,138,3210,3439,59,61,-2,0,0,3,,,,,,,,,,,,,,,,,,,,,,,,,
2003,138,3449,3453,65,78,-13,0,0,1,,,,,,,,,,,,,,,,,,,,,,,,,
2003,139,3116,3153,71,57,14,1,0,-3,,,,,,,,,,,,,,,,,,,,,,,,,
2003,139,3131,3163,44,91,-47,0,0,15,,,,,,,,,,,,,,,,,,,,,,,,,
2003,139,3181,3209,66,48,18,1,0,-15,,,,,,,,,,,,,,,,,,,,,,,,,
2003,139,3203,3328,71,61,10,1,0,-3,,,,,,,,,,,,,,,,,,,,,,,,,
2003,139,3217,3243,69,79,-10,0,0,11,,,,,,,,,,,,,,,,,,,,,,,,,
2003,139,3256,3337,94,60,34,1,0,-7,,,,,,,,,,,,,,,,,,,,,,,,,
2003,139,3112,3323,47,59,-12,0,0,-5,,,,,,,,,,,,,,,,,,,,,,,,,
2003,139,3326,3451,66,44,22,1,0,-9,,,,,,,,,,,,,,,,,,,,,,,,,
2003,139,3221,3336,33,64,-31,0,0,9,,,,,,,,,,,,,,,,,,,,,,,,,
2003,139,3364,3462,71,62,9,1,0,-3,,,,,,,,,,,,,,,,,,,,,,,,,
2003,139,3151,3376,54,68,-14,0,0,7,,,,,,,,,,,,,,,,,,,,,,,,,
2003,139,3277,3395,47,50,-3,0,0,-1,,,,,,,,,,,,,,,,,,,,,,,,,
2003,139,3214,3400,46,90,-44,0,0,13,,,,,,,,,,,,,,,,,,,,,,,,,
2003,139,3283,3403,59,67,-8,0,0,13,,,,,,,,,,,,,,,,,,,,,,,,,
2003,139,3177,3428,64,73,-9,0,0,1,,,,,,,,,,,,,,,,,,,,,,,,,
2003,139,3384,3437,36,51,-15,0,0,13,,,,,,,,,,,,,,,,,,,,,,,,,
2003,140,3130,3435,86,85,1,1,0,1,,,,,,,,,,,,,,,,,,,,,,,,,
2003,140,3160,3314,86,67,19,1,0,3,,,,,,,,,,,,,,,,,,,,,,,,,
2003,140,3208,3353,74,64,10,1,0,1,,,,,,,,,,,,,,,,,,,,,,,,,
2003,140,3261,3453,80,69,11,1,0,-7,,,,,,,,,,,,,,,,,,,,,,,,,
2003,140,3278,3390,68,56,12,1,0,3,,,,,,,,,,,,,,,,,,,,,,,,,
2003,140,3280,3307,61,73,-12,0,0,-3,,,,,,,,,,,,,,,,,,,,,,,,,
2003,140,3345,3439,80,62,18,1,0,-5,,,,,,,,,,,,,,,,,,,,,,,,,
2003,140,3397,3438,81,51,30,1,0,-7,,,,,,,,,,,,,,,,,,,,,,,,,
2003,141,3163,3395,81,66,15,1,0,-8,,,,,,,,,,,,,,,,,,,,,,,,,
2003,141,3181,3428,65,54,11,1,0,-7,,,,,,,,,,,,,,,,,,,,,,,,,
2003,141,3256,3326,74,61,13,1,0,1,,,,,,,,,,,,,,,,,,,,,,,,,
2003,141,3243,3323,53,59,-6,0,0,-8,,,,,,,,,,,,,,,,,,,,,,,,,
2003,141,3336,3376,77,67,10,1,0,-1,,,,,,,,,,,,,,,,,,,,,,,,,
2003,141,3116,3400,50,67,-17,0,0,5,,,,,,,,,,,,,,,,,,,,,,,,,
2003,141,3364,3403,68,72,-4,0,0,5,,,,,,,,,,,,,,,,,,,,,,,,,
2003,141,3203,3437,57,70,-13,0,0,5,,,,,,,,,,,,,,,,,,,,,,,,,
2003,145,3181,3208,66,63,3,1,0,-4,,,,,,,,,,,,,,,,,,,,,,,,,
2003,145,3336,3397,58,86,-28,0,0,3,,,,,,,,,,,,,,,,,,,,,,,,,
2003,145,3307,3403,48,71,-23,0,0,4,,,,,,,,,,,,,,,,,,,,,,,,,
2003,145,3160,3437,51,53,-2,0,0,4,,,,,,,,,,,,,,,,,,,,,,,,,
2003,146,3130,3163,49,70,-21,0,0,4,,,,,,,,,,,,,,,,,,,,,,,,,
2003,146,3256,3261,63,69,-6,0,0,4,,,,,,,,,,,,,,,,,,,,,,,,,
2003,146,3323,3345,47,66,-19,0,0,9,,,,,,,,,,,,,,,,,,,,,,,,,
2003,146,3278,3400,60,73,-13,0,0,4,,,,,,,,,,,,,,,,,,,,,,,,,
2003,147,3181,3403,57,51,6,1,0,-1,,,,,,,,,,,,,,,,,,,,,,,,,
2003,147,3397,3437,73,49,24,1,0,-1,,,,,,,,,,,,,,,,,,,,,,,,,
2003,148,3163,3345,73,64,9,1,0,-1,,,,,,,,,,,,,,,,,,,,,,,,,
2003,148,3261,3400,60,78,-18,0,0,-1,,,,,,,,,,,,,,,,,,,,,,,,,
2003,153,3163,3400,71,69,2,1,0,-1,,,,,,,,,,,,,,,,,,,,,,,,,
2003,153,3181,3397,56,66,-10,0,0,0,,,,,,,,,,,,,,,,,,,,,,,,,
2003,155,3163,3397,73,68,5,1,0,0,,,,,,,,,,,,,,,,,,,,,,,,,
2004,138,3124,3258,71,60,11,1,0,-9,,,,,,,,,,,,,,,,,,,,,,,,,
2004,138,3130,3185,58,56,2,1,0,-11,,,,,,,,,,,,,,,,,,,,,,,,,
2004,138,3151,3353,74,69,5,1,0,3,,,,,,,,,,,,,,,,,,,,,,,,,
2004,138,3177,3203,83,46,37,1,0,1,,,,,,,,,,,,,,,,,,,,,,,,,
2004,138,3196,3307,68,56,12,1,0,-7,,,,,,,,,,,,,,,,,,,,,,,,,
2004,138,3208,3251,78,53,25,1,0,-11,,,,,,,,,,,,,,,,,,,,,,,,,
2004,138,3222,3453,62,47,15,1,0,-11,,,,,,,,,,,,,,,,,,,,,,,,,
2004,138,3256,3285,81,77,4,1,0,-7,,,,,,,,,,,,,,,,,,,,,,,,,
2004,138,3326,3452,73,67,6,1,0,-5,,,,,,,,,,,,,,,,,,,,,,,,,
2004,138,3265,3328,45,58,-13,0,0,11,,,,,,,,,,,,,,,,,,,,,,,,,
2004,138,3160,3364,49,76,-27,0,0,-5,,,,,,,,,,,,,,,,,,,,,,,,,
2004,138,3281,3390,44,68,-24,0,0,5,,,,,,,,,,,,,,,,,,,,,,,,,
2004,138,3395,3396,70,57,13,1,0,-5,,,,,,,,,,,,,,,,,,,,,,,,,
2004,138,3159,3397,54,77,-23,0,0,15,,,,,,,,,,,,,,,,,,,,,,,,,
2004,138,3263,3403,50,60,-10,0,0,9,,,,,,,,,,,,,,,,,,,,,,,,,
2004,138,3252,3435,45,76,-31,0,0,13,,,,,,,,,,,,,,,,,,,,,,,,,
2004,139,3120,3301,79,59,20,1,0,-3,,,,,,,,,,,,,,,,,,,,,,,,,
2004,139,3163,3335,91,55,36,1,0,-13,,,,,,,,,,,,,,,,,,,,,,,,,
2004,139,3181,3322,103,51,52,1,0,-15,,,,,,,,,,,,,,,,,,,,,,,,,
2004,139,3243,3434,71,63,8,1,0,-13,,,,,,,,,,,,,,,,,,,,,,,,,
2004,139,3122,3261,66,83,-17,0,0,9,,,,,,,,,,,,,,,,,,,,,,,,,
2004,139,3266,3330,67,64,3,1,0,1,,,,,,,,,,,,,,,,,,,,,,,,,
2004,139,3268,3274,86,85,1,1,0,7,,,,,,,,,,,,,,,,,,,,,,,,,
2004,139,3112,3277,60,72,-12,0,0,1,,,,,,,,,,,,,,,,,,,,,,,,,
2004,139,3278,3417,92,81,11,1,0,-3,,,,,,,,,,,,,,,,,,,,,,,,,
2004,139,3292,3314,67,62,5,1,0,9,,,,,,,,,,,,,,,,,,,,,,,,,
2004,139,3283,3323,65,69,-4,0,0,7,,,,,,,,,,,,,,,,,,,,,,,,,
2004,139,3214,3336,42,79,-37,0,0,15,,,,,,,,,,,,,,,,,,,,,,,,,
2004,139,3345,3384,78,59,19,1,0,-13,,,,,,,,,,,,,,,,,,,,,,,,,
2004,139,3380,3400,57,92,-35,0,0,15,,,,,,,,,,,,,,,,,,,,,,,,,
2004,139,3279,3437,63,66,-3,0,0,3,,,,,,,,,,,,,,,,,,,,,,,,,
2004,139,3234,3439,76,89,-13,0,0,1,,,,,,,,,,,,,,,,,,,,,,,,,
2004,140,3124,3196,91,76,15,1,0,-1,,,,,,,,,,,,,,,,,,,,,,,,,
2004,140,3130,3326,63,48,15,1,0,-3,,,,,,,,,,,,,,,,,,,,,,,,,
2004,140,3208,3395,85,71,14,1,0,-3,,,,,,,,,,,,,,,,,,,,,,,,,
2004,140,3256,3403,81,64,17,1,0,1,,,,,,,,,,,,,,,,,,,,,,,,,
2004,140,3222,3364,52,56,-4,0,0,-8,,,,,,,,,,,,,,,,,,,,,,,,,
2004,140,3328,3390,43,68,-25,0,0,-3,,,,,,,,,,,,,,,,,,,,,,,,,
2004,140,3177,3397,59,79,-20,0,0,8,,,,,,,,,,,,,,,,,,,,,,,,,
2004,140,3151,3435,44,60,-16,0,0,8,,,,,,,,,,,,,,,,,,,,,,,,,
2004,141,3120,3163,53,79,-26,0,0,5,,,,,,,,,,,,,,,,,,,,,,,,,
2004,141,3181,3266,76,67,9,1,0,-8,,,,,,,,,,,,,,,,,,,,,,,,,
2004,141,3261,3268,76,61,15,1,0,-8,,,,,,,,,,,,,,,,,,,,,,,,,
2004,141,3243,3278,61,80,-19,0,0,-5,,,,,,,,,,,,,,,,,,,,,,,,,
2004,141,3292,3323,46,59,-13,0,0,8,,,,,,,,,,,,,,,,,,,,,,,,,
2004,141,3336,3439,61,48,13,1,0,-7,,,,,,,,,,,,,,,,,,,,,,,,,
2004,141,3345,3437,60,42,18,1,0,-5,,,,,,,,,,,,,,,,,,,,,,,,,
2004,141,3277,3400,61,80,-19,0,0,7,,,,,,,,,,,,,,,,,,,,,,,,,
2004,145,3163,3364,63,55,8,1,0,-9,,,,,,,,,,,,,,,,,,,,,,,,,
2004,145,3208,3345,66,64,2,1,0,1,,,,,,,,,,,,,,,,,,,,,,,,,
2004,145,3261,3400,71,55,16,1,0,3,,,,,,,,,,,,,,,,,,,,,,,,,
2004,145,3323,3336,49,55,-6,0,0,4,,,,,,,,,,,,,,,,,,,,,,,,,
2004,146,3181,3256,63,49,14,1,0,-4,,,,,,,,,,,,,,,,,,,,,,,,,
2004,146,3130,3278,63,76,-13,0,0,-4,,,,,,,,,,,,,,,,,,,,,,,,,
2004,146,3390,3435,57,55,2,1,0,4,,,,,,,,,,,,,,,,,,,,,,,,,
2004,146,3124,3397,69,71,-2,0,0,3,,,,,,,,,,,,,,,,,,,,,,,,,
2004,147,3163,3336,66,49,17,1,0,1,,,,,,,,,,,,,,,,,,,,,,,,,
2004,147,3208,3261,60,62,-2,0,0,-1,,,,,,,,,,,,,,,,,,,,,,,,,
2004,148,3181,3278,75,82,-7,0,0,-6,,,,,,,,,,,,,,,,,,,,,,,,,
2004,148,3390,3397,60,62,-2,0,0,5,,,,,,,,,,,,,,,,,,,,,,,,,
2004,153,3163,3278,67,58,9,1,0,-5,,,,,,,,,,,,,,,,,,,,,,,,,
2004,153,3261,3397,50,52,-2,0,0,3,,,,,,,,,,,,,,,,,,,,,,,,,
2004,155,3163,3397,70,61,9,1,0,1,,,,,,,,,,,,,,,,,,,,,,,,,
2005,138,3113,3184,87,65,22,1,0,-7,,,,,,,,,,,,,,,,,,,,,,,,,
2005,138,3124,3229,91,70,21,1,0,-13,,,,,,,,,,,,,,,,,,,,,,,,,
2005,138,3208,3349,75,49,26,1,0,-5,,,,,,,,,,,,,,,,,,,,,,,,,
2005,138,3132,3243,60,70,-10,0,0,9,,,,,,,,,,,,,,,,,,,,,,,,,
2005,138,3108,3277,41,73,-32,0,0,15,,,,,,,,,,,,,,,,,,,,,,,,,
2005,138,3278,3384,64,33,31,1,0,-11,,,,,,,,,,,,,,,,,,,,,,,,,
2005,138,3292,3301,60,58,2,1,0,7,,,,,,,,,,,,,,,,,,,,,,,,,
2005,138,3323,3364,61,51,10,1,0,-9,,,,,,,,,,,,,,,,,,,,,,,,,
2005,138,3332,3395,58,55,3,1,0,3,,,,,,,,,,,,,,,,,,,,,,,,,
2005,138,3365,3390,57,94,-37,0,0,13,,,,,,,,,,,,,,,,,,,,,,,,,
2005,138,3331,3400,47,64,-17,0,0,11,,,,,,,,,,,,,,,,,,,,,,,,,
2005,138,3403,3426,69,49,20,1,0,-9,,,,,,,,,,,,,,,,,,,,,,,,,
2005,138,3257,3425,49,65,-16,0,0,1,,,,,,,,,,,,,,,,,,,,,,,,,
2005,138,3235,3428,61,73,-12,0,0,-3,,,,,,,,,,,,,,,,,,,,,,,,,
2005,138,3285,3435,44,67,-23,0,0,7,,,,,,,,,,,,,,,,,,,,,,,,,
2005,138,3330,3438,57,79,-22,0,0,5,,,,,,,,,,,,,,,,,,,,,,,,,
2005,139,3112,3328,72,69,3,1,0,1,,,,,,,,,,,,,,,,,,,,,,,,,
2005,139,3130,3222,65,43,22,1,0,-3,,,,,,,,,,,,,,,,,,,,,,,,,
2005,139,3163,3171,95,47,48,1,0,-11,,,,,,,,,,,,,,,,,,,,,,,,,
2005,139,3177,3439,79,78,1,1,0,-7,,,,,,,,,,,,,,,,,,,,,,,,,
2005,139,3145,3181,48,80,-32,0,0,13,,,,,,,,,,,,,,,,,,,,,,,,,
2005,139,3199,3350,87,54,33,1,0,-5,,,,,,,,,,,,,,,,,,,,,,,,,
2005,139,3203,3279,60,57,3,1,0,1,,,,,,,,,,,,,,,,,,,,,,,,,
2005,139,3251,3336,78,70,8,1,0,9,,,,,,,,,,,,,,,,,,,,,,,,,
2005,139,3261,3391,70,36,34,1,0,-15,,,,,,,,,,,,,,,,,,,,,,,,,
2005,139,3268,3453,65,55,10,1,0,-3,,,,,,,,,,,,,,,,,,,,,,,,,
2005,139,3164,3314,62,97,-35,0,0,15,,,,,,,,,,,,,,,,,,,,,,,,,
2005,139,3221,3326,45,86,-41,0,0,13,,,,,,,,,,,,,,,,,,,,,,,,,
2005,139,3307,3345,56,68,-12,0,0,-1,,,,,,,,,,,,,,,,,,,,,,,,,
2005,139,3216,3353,37,62,-25,0,0,11,,,,,,,,,,,,,,,,,,,,,,,,,
2005,139,3256,3396,61,66,-5,0,0,5,,,,,,,,,,,,,,,,,,,,,,,,,
2005,139,3397,3441,94,43,51,1,0,-15,,,,,,,,,,,,,,,,,,,,,,,,,
2005,140,3113,3323,70,61,9,1,0,1,,,,,,,,,,,,,,,,,,,,,,,,,
2005,140,3124,3332,69,46,23,1,0,-8,,,,,,,,,,,,,,,,,,,,,,,,,
2005,140,3208,3400,70,68,2,1,0,3,,,,,,,,,,,,,,,,,,,,,,,,,
2005,140,3277,3425,61,59,2,1,0,-7,,,,,,,,,,,,,,,,,,,,,,,,,
2005,140,3278,3438,73,58,15,1,0,-3,,,,,,,,,,,,,,,,,,,,,,,,,
2005,140,3390,3428,88,62,26,1,0,-8,,,,,,,,,,,,,,,,,,,,,,,,,
2005,140,3292,3403,69,80,-11,0,0,8,,,,,,,,,,,,,,,,,,,,,,,,,
2005,140,3243,3435,60,63,-3,0,0,-1,,,,,,,,,,,,,,,,,,,,,,,,,
2005,141,3163,3199,70,52,18,1,0,-3,,,,,,,,,,,,,,,,,,,,,,,,,
2005,141,3130,3181,65,70,-5,0,0,5,,,,,,,,,,,,,,,,,,,,,,,,,
2005,141,3177,3251,79,88,-9,0,0,-8,,,,,,,,,,,,,,,,,,,,,,,,,
2005,141,3112,3261,43,76,-33,0,0,8,,,,,,,,,,,,,,,,,,,,,,,,,
2005,141,3203,3314,47,71,-24,0,0,8,,,,,,,,,,,,,,,,,,,,,,,,,
2005,141,3268,3326,65,75,-10,0,0,5,,,,,,,,,,,,,,,,,,,,,,,,,
2005,141,3353,3396,61,54,7,1,0,-3,,,,,,,,,,,,,,,,,,,,,,,,,
2005,141,3345,3397,54,75,-21,0,0,8,,,,,,,,,,,,,,,,,,,,,,,,,
2005,145,3124,3278,64,57,7,1,0,-1,,,,,,,,,,,,,,,,,,,,,,,,,
2005,145,3181,3208,63,57,6,1,0,-4,,,,,,,,,,,,,,,,,,,,,,,,,
2005,145,3251,3261,48,90,-42,0,0,12,,,,,,,,,,,,,,,,,,,,,,,,,
2005,145,3113,3314,72,79,-7,0,0,4,,,,,,,,,,,,,,,,,,,,,,,,,
2005,146,3277,3435,76,64,12,1,0,-4,,,,,,,,,,,,,,,,,,,,,,,,,
2005,146,3326,3353,58,64,-6,0,0,-1,,,,,,,,,,,,,,,,,,,,,,,,,
2005,146,3163,3390,59,76,-17,0,0,1,,,,,,,,,,,,,,,,,,,,,,,,,
2005,146,3397,3403,75,59,16,1,0,-3,,,,,,,,,,,,,,,,,,,,,,,,,
2005,147,3124,3314,72,63,9,1,0,1,,,,,,,,,,,,,,,,,,,,,,,,,
2005,147,3181,3261,49,59,-10,0,0,1,,,,,,,,,,,,,,,,,,,,,,,,,
2005,148,3277,3390,76,69,7,1,0,-1,,,,,,,,,,,,,,,,,,,,,,,,,
2005,148,3353,3397,49,59,-10,0,0,2,,,,,,,,,,,,,,,,,,,,,,,,,
2005,153,3124,3261,68,57,11,1,0,1,,,,,,,,,,,,,,,,,,,,,,,,,
2005,153,3277,3397,68,64,4,1,0,0,,,,,,,,,,,,,,,,,,,,,,,,,
2005,155,3124,3277,84,62,22,1,0,1,,,,,,,,,,,,,,,,,,,,,,,,,
2006,138,3113,3372,80,61,19,1,0,-9,,,,,,,,,,,,,,,,,,,,,,,,,
2006,138,3124,3319,74,56,18,1,0,-11,,,,,,,,,,,,,,,,,,,,,,,,,
2006,138,3140,3234,67,62,5,1,0,-3,,,,,,,,,,,,,,,,,,,,,,,,,
2006,138,3177,3251,68,43,25,1,0,-9,,,,,,,,,,,,,,,,,,,,,,,,,
2006,138,3199,3256,80,71,9,1,0,-5,,,,,,,,,,,,,,,,,,,,,,,,,
2006,138,3151,3246,59,69,-10,0,0,7,,,,,,,,,,,,,,,,,,,,,,,,,
2006,138,3194,3261,48,72,-24,0,0,15,,,,,,,,,,,,,,,,,,,,,,,,,
2006,138,3277,3454,65,46,19,1,0,-9,,,,,,,,,,,,,,,,,,,,,,,,,
2006,138,3196,3307,59,83,-24,0,0,-5,,,,,,,,,,,,,,,,,,,,,,,,,
2006,138,3314,3415,75,51,24,1,0,-15,,,,,,,,,,,,,,,,,,,,,,,,,
2006,138,3328,3337,78,66,12,1,0,-13,,,,,,,,,,,,,,,,,,,,,,,,,
2006,138,3369,3390,45,72,-27,0,0,11,,,,,,,,,,,,,,,,,,,,,,,,,
2006,138,3301,3409,61,71,-10,0,0,-7,,,,,,,,,,,,,,,,,,,,,,,,,
2006,138,3292,3428,71,76,-5,0,0,7,,,,,,,,,,,,,,,,,,,,,,,,,
2006,138,3257,3435,64,76,-12,0,0,1,,,,,,,,,,,,,,,,,,,,,,,,,
2006,138,3278,3449,69,73,-4,0,0,-1,,,,,,,,,,,,,,,,,,,,,,,,,
2006,139,3130,3323,78,61,17,1,0,-1,,,,,,,,,,,,,,,,,,,,,,,,,
2006,139,3163,3164,77,54,23,1,0,-13,,,,,,,,,,,,,,,,,,,,,,,,,
2006,139,3181,3380,96,27,69,1,0,-15,,,,,,,,,,,,,,,,,,,,,,,,,
2006,139,3203,3330,87,72,15,1,0,-3,,,,,,,,,,,,,,,,,,,,,,,,,
2006,139,3208,3265,75,60,15,1,0,-11,,,,,,,,,,,,,,,,,,,,,,,,,
2006,139,3216,3396,64,58,6,1,0,5,,,,,,,,,,,,,,,,,,,,,,,,,
2006,139,3268,3357,95,54,41,1,0,-13,,,,,,,,,,,,,,,,,,,,,,,,,
2006,139,3324,3326,45,68,-23,0,0,15,,,,,,,,,,,,,,,,,,,,,,,,,
2006,139,3283,3345,52,73,-21,0,0,9,,,,,,,,,,,,,,,,,,,,,,,,,
2006,139,3171,3353,58,63,-5,0,0,11,,,,,,,,,,,,,,,,,,,,,,,,,
2006,139,3143,3385,68,78,-10,0,0,3,,,,,,,,,,,,,,,,,,,,,,,,,
2006,139,3395,3401,69,65,4,1,0,5,,,,,,,,,,,,,,,,,,,,,,,,,
2006,139,3119,3397,54,102,-48,0,0,13,,,,,,,,,,,,,,,,,,,,,,,,,
2006,139,3132,3417,61,74,-13,0,0,7,,,,,,,,,,,,,,,,,,,,,,,,,
2006,139,3378,3425,65,67,-2,0,0,1,,,,,,,,,,,,,,,,,,,,,,,,,
2006,139,3281,3439,51,82,-31,0,0,3,,,,,,,,,,,,,,,,,,,,,,,,,
2006,140,3124,3307,87,67,20,1,0,-8,,,,,,,,,,,,,,,,,,,,,,,,,
2006,140,3177,3409,71,67,4,1,0,-8,,,,,,,,,,,,,,,,,,,,,,,,,
2006,140,3261,3449,72,49,23,1,0,-8,,,,,,,,,,,,,,,,,,,,,,,,,
2006,140,3246,3277,63,67,-4,0,0,1,,,,,,,,,,,,,,,,,,,,,,,,,
2006,140,3314,3435,89,70,19,1,0,-7,,,,,,,,,,,,,,,,,,,,,,,,,
2006,140,3140,3328,70,86,-16,0,0,5,,,,,,,,,,,,,,,,,,,,,,,,,
2006,140,3199,3390,70,88,-18,0,0,3,,,,,,,,,,,,,,,,,,,,,,,,,
2006,140,3113,3428,65,86,-21,0,0,-1,,,,,,,,,,,,,,,,,,,,,,,,,
2006,141,3130,3326,79,69,10,1,0,7,,,,,,,,,,,,,,,,,,,,,,,,,
2006,141,3163,3439,79,56,23,1,0,-5,,,,,,,,,,,,,,,,,,,,,,,,,
2006,141,3181,3425,85,51,34,1,0,-7,,,,,,,,,,,,,,,,,,,,,,,,,
2006,141,3208,3216,73,54,19,1,0,-8,,,,,,,,,,,,,,,,,,,,,,,,,
2006,141,3268,3385,81,74,7,1,0,-5,,,,,,,,,,,,,,,,,,,,,,,,,
2006,141,3345,3417,61,54,7,1,0,-1,,,,,,,,,,,,,,,,,,,,,,,,,
2006,141,3353,3395,82,48,34,1,0,-8,,,,,,,,,,,,,,,,,,,,,,,,,
2006,141,3203,3397,53,66,-13,0,0,5,,,,,,,,,,,,,,,,,,,,,,,,,
2006,145,3177,3261,56,66,-10,0,0,3,,,,,,,,,,,,,,,,,,,,,,,,,
2006,145,3124,3268,63,82,-19,0,0,1,,,,,,,,,,,,,,,,,,,,,,,,,
2006,145,3328,3390,74,88,-14,0,0,-1,,,,,,,,,,,,,,,,,,,,,,,,,
2006,145,3130,3428,54,57,-3,0,0,3,,,,,,,,,,,,,,,,,,,,,,,,,
2006,146,3163,3208,77,75,2,1,0,-1,,,,,,,,,,,,,,,,,,,,,,,,,
2006,146,3181,3277,86,61,25,1,0,-3,,,,,,,,,,,,,,,,,,,,,,,,,
2006,146,3314,3345,70,68,2,1,0,-3,,,,,,,,,,,,,,,,,,,,,,,,,
2006,146,3353,3397,69,76,-7,0,0,1,,,,,,,,,,,,,,,,,,,,,,,,,
2006,147,3261,3390,62,59,3,1,0,-2,,,,,,,,,,,,,,,,,,,,,,,,,
2006,147,3268,3428,75,65,10,1,1,-3,,,,,,,,,,,,,,,,,,,,,,,,,
2006,148,3163,3181,61,63,-2,0,1,1,,,,,,,,,,,,,,,,,,,,,,,,,
2006,148,3314,3397,75,63,12,1,0,-1,,,,,,,,,,,,,,,,,,,,,,,,,
2006,153,3181,3261,64,45,19,1,0,0,,,,,,,,,,,,,,,,,,,,,,,,,
2006,153,3268,3314,81,70,11,1,0,1,,,,,,,,,,,,,,,,,,,,,,,,,
2006,155,3181,3268,75,78,-3,0,1,-1,,,,,,,,,,,,,,,,,,,,,,,,,
2007,138,3113,3415,57,50,7,1,0,-11,,,,,,,,,,,,,,,,,,,,,,,,,
2007,138,3199,3330,85,75,10,1,0,3,,,,,,,,,,,,,,,,,,,,,,,,,
2007,138,3129,3203,67,76,-9,0,0,7,,,,,,,,,,,,,,,,,,,,,,,,,
2007,138,3125,3208,36,53,-17,0,0,11,,,,,,,,,,,,,,,,,,,,,,,,,
2007,138,3177,3210,54,55,-1,0,0,3,,,,,,,,,,,,,,,,,,,,,,,,,
2007,138,3235,3449,79,60,19,1,0,-5,,,,,,,,,,,,,,,,,,,,,,,,,
2007,138,3140,3257,54,80,-26,0,0,5,,,,,,,,,,,,,,,,,,,,,,,,,
2007,138,3261,3421,77,39,38,1,0,-11,,,,,,,,,,,,,,,,,,,,,,,,,
2007,138,3265,3326,67,63,4,1,0,9,,,,,,,,,,,,,,,,,,,,,,,,,
2007,138,3266,3418,87,58,29,1,0,-5,,,,,,,,,,,,,,,,,,,,,,,,,
2007,138,3211,3292,46,85,-39,0,0,7,,,,,,,,,,,,,,,,,,,,,,,,,
2007,138,3328,3369,74,60,14,1,0,-11,,,,,,,,,,,,,,,,,,,,,,,,,
2007,138,3331,3345,42,63,-21,0,0,13,,,,,,,,,,,,,,,,,,,,,,,,,
2007,138,3226,3390,58,96,-38,0,0,13,,,,,,,,,,,,,,,,,,,,,,,,,
2007,138,3401,3426,58,50,8,1,0,-9,,,,,,,,,,,,,,,,,,,,,,,,,
2007,138,3452,3462,65,52,13,1,0,5,,,,,,,,,,,,,,,,,,,,,,,,,
2007,139,3124,3151,68,55,13,1,0,-7,,,,,,,,,,,,,,,,,,,,,,,,,
2007,139,3132,3329,70,66,4,1,0,-3,,,,,,,,,,,,,,,,,,,,,,,,,
2007,139,3163,3420,82,33,49,1,0,-15,,,,,,,,,,,,,,,,,,,,,,,,,
2007,139,3181,3221,81,44,37,1,0,-15,,,,,,,,,,,,,,,,,,,,,,,,,
2007,139,3217,3268,65,89,-24,0,0,13,,,,,,,,,,,,,,,,,,,,,,,,,
2007,139,3174,3277,58,69,-11,0,0,7,,,,,,,,,,,,,,,,,,,,,,,,,
2007,139,3279,3395,88,74,14,1,0,-3,,,,,,,,,,,,,,,,,,,,,,,,,
2007,139,3301,3352,84,52,32,1,0,-9,,,,,,,,,,,,,,,,,,,,,,,,,
2007,139,3314,3341,95,38,57,1,0,-15,,,,,,,,,,,,,,,,,,,,,,,,,
2007,139,3143,3323,59,62,-3,0,0,-1,,,,,,,,,,,,,,,,,,,,,,,,,
2007,139,3241,3338,61,71,-10,0,0,1,,,,,,,,,,,,,,,,,,,,,,,,,
2007,139,3187,3353,34,77,-43,0,0,9,,,,,,,,,,,,,,,,,,,,,,,,,
2007,139,3304,3396,61,64,-3,0,0,1,,,,,,,,,,,,,,,,,,,,,,,,,
2007,139,3179,3397,37,76,-39,0,0,15,,,,,,,,,,,,,,,,,,,,,,,,,
2007,139,3175,3435,47,62,-15,0,0,13,,,,,,,,,,,,,,,,,,,,,,,,,
2007,139,3307,3453,52,59,-7,0,0,-1,,,,,,,,,,,,,,,,,,,,,,,,,
2007,140,3113,3257,67,58,9,1,0,-3,,,,,,,,,,,,,,,,,,,,,,,,,
2007,140,3199,3390,68,61,7,1,0,8,,,,,,,,,,,,,,,,,,,,,,,,,
2007,140,3203,3401,59,47,12,1,0,1,,,,,,,,,,,,,,,,,,,,,,,,,
2007,140,3208,3235,76,56,20,1,0,-3,,,,,,,,,,,,,,,,,,,,,,,,,
2007,140,3261,3452,49,43,6,1,0,-8,,,,,,,,,,,,,,,,,,,,,,,,,
2007,140,3265,3292,73,59,14,1,0,8,,,,,,,,,,,,,,,,,,,,,,,,,
2007,140,3266,3328,47,78,-31,0,0,3,,,,,,,,,,,,,,,,,,,,,,,,,
2007,140,3210,3345,63,76,-13,0,0,5,,,,,,,,,,,,,,,,,,,,,,,,,
2007,141,3132,3435,59,56,3,1,0,5,,,,,,,,,,,,,,,,,,,,,,,,,
2007,141,3163,3453,94,70,24,1,0,-8,,,,,,,,,,,,,,,,,,,,,,,,,
2007,141,3181,3396,62,52,10,1,0,-7,,,,,,,,,,,,,,,,,,,,,,,,,
2007,141,3268,3279,78,89,-11,0,0,-5,,,,,,,,,,,,,,,,,,,,,,,,,
2007,141,3124,3301,72,78,-6,0,1,1,,,,,,,,,,,,,,,,,,,,,,,,,
2007,141,3314,3323,60,51,9,1,0,-8,,,,,,,,,,,,,,,,,,,,,,,,,
2007,141,3277,3353,57,70,-13,0,0,1,,,,,,,,,,,,,,,,,,,,,,,,,
2007,141,3338,3397,54,68,-14,0,0,7,,,,,,,,,,,,,,,,,,,,,,,,,
2007,145,3113,3132,67,49,18,1,0,-4,,,,,,,,,,,,,,,,,,,,,,,,,
2007,145,3163,3301,78,71,7,1,0,-3,,,,,,,,,,,,,,,,,,,,,,,,,
2007,145,3199,3261,43,55,-12,0,0,7,,,,,,,,,,,,,,,,,,,,,,,,,
2007,145,3181,3353,52,53,-1,0,0,-3,,,,,,,,,,,,,,,,,,,,,,,,,
2007,146,3279,3328,90,82,8,1,0,4,,,,,,,,,,,,,,,,,,,,,,,,,
2007,146,3203,3314,56,70,-14,0,0,4,,,,,,,,,,,,,,,,,,,,,,,,,
2007,146,3208,3345,65,78,-13,0,0,1,,,,,,,,,,,,,,,,,,,,,,,,,
2007,146,3265,3397,46,65,-19,0,0,12,,,,,,,,,,,,,,,,,,,,,,,,,
2007,147,3163,3261,50,73,-23,0,0,-2,,,,,,,,,,,,,,,,,,,,,,,,,
2007,147,3113,3353,45,64,-19,0,0,-1,,,,,,,,,,,,,,,,,,,,,,,,,
2007,148,3314,3345,84,72,12,1,0,-1,,,,,,,,,,,,,,,,,,,,,,,,,
2007,148,3279,3397,62,98,-36,0,0,6,,,,,,,,,,,,,,,,,,,,,,,,,
2007,153,3261,3353,35,59,-24,0,0,-1,,,,,,,,,,,,,,,,,,,,,,,,,
2007,153,3314,3397,50,56,-6,0,0,0,,,,,,,,,,,,,,,,,,,,,,,,,
2007,155,3353,3397,46,59,-13,0,0,3,,,,,,,,,,,,,,,,,,,,,,,,,
2008,138,3124,3201,88,67,21,1,0,-11,,,,,,,,,,,,,,,,,,,,,,,,,
2008,138,3143,3360,77,60,17,1,0,-11,,,,,,,,,,,,,,,,,,,,,,,,,
2008,138,3199,3326,60,49,11,1,0,5,,,,,,,,,,,,,,,,,,,,,,,,,
2008,138,3120,3203,56,66,-10,0,0,5,,,,,,,,,,,,,,,,,,,,,,,,,
2008,138,3216,3393,59,55,4,1,0,3,,,,,,,,,,,,,,,,,,,,,,,,,
2008,138,3210,3235,55,58,-3,0,0,3,,,,,,,,,,,,,,,,,,,,,,,,,
2008,138,3238,3261,32,66,-34,0,0,13,,,,,,,,,,,,,,,,,,,,,,,,,
2008,138,3177,3265,57,76,-19,0,0,3,,,,,,,,,,,,,,,,,,,,,,,,,
2008,138,3190,3329,73,85,-12,0,0,11,,,,,,,,,,,,,,,,,,,,,,,,,
2008,138,3338,3461,63,58,5,1,0,-5,,,,,,,,,,,,,,,,,,,,,,,,,
2008,138,3352,3353,42,85,-43,0,0,13,,,,,,,,,,,,,,,,,,,,,,,,,
2008,138,3156,3390,47,85,-38,0,0,13,,,,,,,,,,,,,,,,,,,,,,,,,
2008,138,3401,3427,91,52,39,1,0,-13,,,,,,,,,,,,,,,,,,,,,,,,,
2008,138,3431,3443,92,60,32,1,0,-3,,,,,,,,,,,,,,,,,,,,,,,,,
2008,138,3285,3435,47,75,-28,0,0,9,,,,,,,,,,,,,,,,,,,,,,,,,
2008,138,3307,3452,60,61,-1,0,0,7,,,,,,,,,,,,,,,,,,,,,,,,,
2008,139,3113,3396,61,54,7,1,0,-5,,,,,,,,,,,,,,,,,,,,,,,,,
2008,139,3163,3165,89,47,42,1,0,-15,,,,,,,,,,,,,,,,,,,,,,,,,
2008,139,3181,3293,78,57,21,1,0,-11,,,,,,,,,,,,,,,,,,,,,,,,,
2008,139,3208,3234,67,61,6,1,0,-1,,,,,,,,,,,,,,,,,,,,,,,,,
2008,139,3151,3243,59,69,-10,0,0,7,,,,,,,,,,,,,,,,,,,,,,,,,
2008,139,3257,3275,81,67,14,1,0,-9,,,,,,,,,,,,,,,,,,,,,,,,,
2008,139,3164,3268,66,80,-14,0,0,15,,,,,,,,,,,,,,,,,,,,,,,,,
2008,139,3304,3462,61,58,3,1,0,-1,,,,,,,,,,,,,,,,,,,,,,,,,
2008,139,3137,3314,50,85,-35,0,0,15,,,,,,,,,,,,,,,,,,,,,,,,,
2008,139,3323,3374,75,62,13,1,0,-7,,,,,,,,,,,,,,,,,,,,,,,,,
2008,139,3229,3328,61,69,-8,0,0,9,,,,,,,,,,,,,,,,,,,,,,,,,
2008,139,3251,3330,62,82,-20,0,0,7,,,,,,,,,,,,,,,,,,,,,,,,,
2008,139,3345,3428,66,59,7,1,0,1,,,,,,,,,,,,,,,,,,,,,,,,,
2008,139,3331,3397,55,94,-39,0,0,15,,,,,,,,,,,,,,,,,,,,,,,,,
2008,139,3278,3400,55,72,-17,0,0,1,,,,,,,,,,,,,,,,,,,,,,,,,
2008,139,3364,3438,52,86,-34,0,0,9,,,,,,,,,,,,,,,,,,,,,,,,,
2008,140,3143,3203,53,55,-2,0,0,-3,,,,,,,,,,,,,,,,,,,,,,,,,
2008,140,3261,3265,68,49,19,1,0,-5,,,,,,,,,,,,,,,,,,,,,,,,,
2008,140,3199,3329,72,73,-1,0,1,8,,,,,,,,,,,,,,,,,,,,,,,,,
2008,140,3124,3338,59,67,-8,0,0,-3,,,,,,,,,,,,,,,,,,,,,,,,,
2008,140,3235,3353,58,69,-11,0,0,5,,,,,,,,,,,,,,,,,,,,,,,,,
2008,140,3390,3431,88,54,34,1,0,-5,,,,,,,,,,,,,,,,,,,,,,,,,
2008,140,3216,3401,39,63,-24,0,0,8,,,,,,,,,,,,,,,,,,,,,,,,,
2008,140,3435,3452,64,46,18,1,0,-1,,,,,,,,,,,,,,,,,,,,,,,,,
2008,141,3163,3400,89,55,34,1,0,-7,,,,,,,,,,,,,,,,,,,,,,,,,
2008,141,3113,3181,59,67,-8,0,0,3,,,,,,,,,,,,,,,,,,,,,,,,,
2008,141,3243,3257,63,80,-17,0,0,1,,,,,,,,,,,,,,,,,,,,,,,,,
2008,141,3268,3304,76,64,12,1,0,-7,,,,,,,,,,,,,,,,,,,,,,,,,
2008,141,3208,3314,66,80,-14,0,0,7,,,,,,,,,,,,,,,,,,,,,,,,,
2008,141,3323,3328,79,75,4,1,1,1,,,,,,,,,,,,,,,,,,,,,,,,,
2008,141,3330,3438,88,85,3,1,1,1,,,,,,,,,,,,,,,,,,,,,,,,,
2008,141,3345,3397,52,78,-26,0,0,8,,,,,,,,,,,,,,,,,,,,,,,,,
2008,145,3261,3329,67,52,15,1,0,-1,,,,,,,,,,,,,,,,,,,,,,,,,
2008,145,3268,3435,80,66,14,1,0,-3,,,,,,,,,,,,,,,,,,,,,,,,,
2008,145,3257,3314,74,78,-4,0,0,3,,,,,,,,,,,,,,,,,,,,,,,,,
2008,145,3338,3390,53,72,-19,0,0,4,,,,,,,,,,,,,,,,,,,,,,,,,
2008,146,3163,3330,78,63,15,1,0,-4,,,,,,,,,,,,,,,,,,,,,,,,,
2008,146,3203,3353,42,53,-11,0,0,4,,,,,,,,,,,,,,,,,,,,,,,,,
2008,146,3323,3397,64,74,-10,0,0,4,,,,,,,,,,,,,,,,,,,,,,,,,
2008,146,3181,3401,63,77,-14,0,0,1,,,,,,,,,,,,,,,,,,,,,,,,,
2008,147,3261,3314,56,50,6,1,0,1,,,,,,,,,,,,,,,,,,,,,,,,,
2008,147,3268,3390,87,98,-11,0,0,-1,,,,,,,,,,,,,,,,,,,,,,,,,
2008,148,3163,3353,66,56,10,1,0,-1,,,,,,,,,,,,,,,,,,,,,,,,,
2008,148,3397,3401,53,45,8,1,0,-1,,,,,,,,,,,,,,,,,,,,,,,,,
2008,153,3163,3390,73,82,-9,0,0,-1,,,,,,,,,,,,,,,,,,,,,,,,,
2008,153,3261,3397,46,47,-1,0,0,1,,,,,,,,,,,,,,,,,,,,,,,,,
2008,155,3390,3397,48,64,-16,0,0,1,,,,,,,,,,,,,,,,,,,,,,,,,
2009,138,3113,3208,58,47,11,1,0,-5,,,,,,,,,,,,,,,,,,,,,,,,,
2009,138,3120,3250,85,49,36,1,0,-13,,,,,,,,,,,,,,,,,,,,,,,,,
2009,138,3143,3201,70,47,23,1,0,-9,,,,,,,,,,,,,,,,,,,,,,,,,
2009,138,3199,3299,83,71,12,1,0,-11,,,,,,,,,,,,,,,,,,,,,,,,,
2009,138,3211,3462,74,59,15,1,0,7,,,,,,,,,,,,,,,,,,,,,,,,,
2009,138,3180,3243,44,68,-24,0,0,7,,,,,,,,,,,,,,,,,,,,,,,,,
2009,138,3280,3400,71,63,8,1,0,5,,,,,,,,,,,,,,,,,,,,,,,,,
2009,138,3314,3416,85,80,5,1,0,-11,,,,,,,,,,,,,,,,,,,,,,,,,
2009,138,3326,3357,77,63,14,1,0,-11,,,,,,,,,,,,,,,,,,,,,,,,,
2009,138,3285,3338,35,64,-29,0,0,9,,,,,,,,,,,,,,,,,,,,,,,,,
2009,138,3150,3345,52,65,-13,0,0,5,,,,,,,,,,,,,,,,,,,,,,,,,
2009,138,3353,3433,57,51,6,1,0,-3,,,,,,,,,,,,,,,,,,,,,,,,,
2009,138,3177,3361,70,76,-6,0,0,-3,,,,,,,,,,,,,,,,,,,,,,,,,
2009,138,3364,3390,39,74,-35,0,0,13,,,,,,,,,,,,,,,,,,,,,,,,,
2009,138,3435,3441,73,44,29,1,0,-9,,,,,,,,,,,,,,,,,,,,,,,,,
2009,138,3265,3438,61,68,-7,0,0,7,,,,,,,,,,,,,,,,,,,,,,,,,
2009,139,3123,3397,71,55,16,1,0,7,,,,,,,,,,,,,,,,,,,,,,,,,
2009,139,3124,3427,87,82,5,1,1,-13,,,,,,,,,,,,,,,,,,,,,,,,,
2009,139,3163,3436,104,65,39,1,0,-15,,,,,,,,,,,,,,,,,,,,,,,,,
2009,139,3122,3181,42,83,-41,0,0,15,,,,,,,,,,,,,,,,,,,,,,,,,
2009,139,3196,3396,70,57,13,1,0,-1,,,,,,,,,,,,,,,,,,,,,,,,,
2009,139,3210,3234,76,62,14,1,0,1,,,,,,,,,,,,,,,,,,,,,,,,,
2009,139,3190,3235,53,85,-32,0,0,9,,,,,,,,,,,,,,,,,,,,,,,,,
2009,139,3251,3257,42,62,-20,0,0,11,,,,,,,,,,,,,,,,,,,,,,,,,
2009,139,3261,3453,69,59,10,1,0,-5,,,,,,,,,,,,,,,,,,,,,,,,,
2009,139,3171,3268,53,82,-29,0,0,15,,,,,,,,,,,,,,,,,,,,,,,,,
2009,139,3277,3292,60,59,1,1,0,1,,,,,,,,,,,,,,,,,,,,,,,,,
2009,139,3278,3323,79,71,8,1,0,3,,,,,,,,,,,,,,,,,,,,,,,,,
2009,139,3328,3341,76,47,29,1,0,-15,,,,,,,,,,,,,,,,,,,,,,,,,
2009,139,3355,3395,90,55,35,1,0,-3,,,,,,,,,,,,,,,,,,,,,,,,,
2009,139,3191,3401,45,80,-35,0,0,13,,,,,,,,,,,,,,,,,,,,,,,,,
2009,139,3428,3437,60,30,30,1,0,1,,,,,,,,,,,,,,,,,,,,,,,,,
2009,140,3113,3199,63,58,5,1,0,3,,,,,,,,,,,,,,,,,,,,,,,,,
2009,140,3143,3438,99,73,26,1,0,-1,,,,,,,,,,,,,,,,,,,,,,,,,
2009,140,3280,3326,58,64,-6,0,0,8,,,,,,,,,,,,,,,,,,,,,,,,,
2009,140,3211,3338,60,65,-5,0,0,8,,,,,,,,,,,,,,,,,,,,,,,,,
2009,140,3314,3345,70,85,-15,0,0,-3,,,,,,,,,,,,,,,,,,,,,,,,,
2009,140,3120,3353,52,80,-28,0,0,-5,,,,,,,,,,,,,,,,,,,,,,,,,
2009,140,3361,3390,49,77,-28,0,0,8,,,,,,,,,,,,,,,,,,,,,,,,,
2009,140,3243,3435,61,74,-13,0,0,1,,,,,,,,,,,,,,,,,,,,,,,,,
2009,141,3124,3355,60,58,2,1,0,-5,,,,,,,,,,,,,,,,,,,,,,,,,
2009,141,3163,3196,87,59,28,1,0,-7,,,,,,,,,,,,,,,,,,,,,,,,,
2009,141,3123,3235,57,71,-14,0,0,8,,,,,,,,,,,,,,,,,,,,,,,,,
2009,141,3257,3261,62,52,10,1,0,-3,,,,,,,,,,,,,,,,,,,,,,,,,
2009,141,3268,3428,71,56,15,1,0,-8,,,,,,,,,,,,,,,,,,,,,,,,,
2009,141,3181,3277,49,63,-14,0,0,-8,,,,,,,,,,,,,,,,,,,,,,,,,
2009,141,3210,3328,50,69,-19,0,0,8,,,,,,,,,,,,,,,,,,,,,,,,,
2009,141,3278,3401,42,73,-31,0,0,8,,,,,,,,,,,,,,,,,,,,,,,,,
2009,145,3235,3277,69,68,1,1,0,-5,,,,,,,,,,,,,,,,,,,,,,,,,
2009,145,3124,3257,39,56,-17,0,0,-1,,,,,,,,,,,,,,,,,,,,,,,,,
2009,145,3268,3435,78,74,4,1,0,-3,,,,,,,,,,,,,,,,,,,,,,,,,
2009,145,3326,3390,66,84,-18,0,0,1,,,,,,,,,,,,,,,,,,,,,,,,,
2009,146,3113,3401,84,69,15,1,0,4,,,,,,,,,,,,,,,,,,,,,,,,,
2009,146,3143,3163,53,77,-24,0,0,3,,,,,,,,,,,,,,,,,,,,,,,,,
2009,146,3328,3338,70,59,11,1,0,-3,,,,,,,,,,,,,,,,,,,,,,,,,
2009,146,3345,3353,67,61,6,1,0,-1,,,,,,,,,,,,,,,,,,,,,,,,,
2009,147,3257,3268,77,60,17,1,0,2,,,,,,,,,,,,,,,,,,,,,,,,,
2009,147,3235,3390,53,74,-21,0,0,2,,,,,,,,,,,,,,,,,,,,,,,,,
2009,148,3113,3163,64,83,-19,0,0,5,,,,,,,,,,,,,,,,,,,,,,,,,
2009,148,3328,3345,74,68,6,1,0,-5,,,,,,,,,,,,,,,,,,,,,,,,,
2009,153,3163,3390,83,64,19,1,0,-1,,,,,,,,,,,,,,,,,,,,,,,,,
2009,153,3257,3328,61,59,2,1,0,2,,,,,,,,,,,,,,,,,,,,,,,,,
2009,155,3163,3257,76,54,22,1,0,-2,,,,,,,,,,,,,,,,,,,,,,,,,
2010,138,3124,3201,69,55,14,1,0,-9,2.371212121212121,0.99301345808672,0.7972969659279201,1.017627310618423,0.8379498845904834,0.2851985559566787,0.7265625,0.46236737904738623,0.7810269110271348,0.11923522290519892,0.23130334869357347,0.11499978982551237,0.8749412543298143,0.35487804878048784,0.7093023255813954,0.42089811670413846,0.8555280278274674,0.3462441056281103,0.21767913094512412,0.045765623338995275,0.7873057317918138,-0.2270088827229114,72.21486742424243,0.05455942390548585,-0.019556807232877782
2010,138,3173,3395,67,66,1,1,0,-1,-0.73076923076923,0.9729590305866689,0.817802309938502,0.9815064054134947,0.8220473858747209,0.3127753303964758,0.6998011928429423,0.4208494276037242,0.8462954905783817,0.24110539942525008,0.23125462883094505,0.0680195018255368,0.805549181687985,0.3576388888888889,0.7481884057971016,0.4146741470533138,0.8461472188736026,0.2626915832401003,0.21890262592530302,0.06051040855094743,0.8180992724437874,-0.021586183814850196,73.24932692307692,0.0012952922512375342,-0.017659768613550564
2010,138,3181,3214,72,37,35,1,0,-13,8.83125,0.9702823763922681,0.7605562583682239,0.9058945328110278,0.7872739570301898,0.31533477321814257,0.662015503875969,0.42129654720738585,0.8676706234496249,0.19779729302927235,0.2444306541953482,0.09967042147950954,0.7387835233624026,0.30434782608695654,0.7147887323943661,0.3713166405430423,0.8634386594358231,0.23204079167129546,0.22243626357082366,0.04507314964553997,0.7163823239265363,-0.03424349864202311,71.58585937500001,0.04079115294638391,0.03437623275872026
2010,138,3199,3256,75,61,14,1,0,-11,4.431182795698925,1.005172431883604,0.8194572672731731,0.9807497076044085,0.8429136956525645,0.3788819875776397,0.7140672782874617,0.4476511801181084,0.8022212229103111,0.21914280186717233,0.2548969513712988,0.06767168669834818,0.8093211613827691,0.3160621761658031,0.6850828729281768,0.43571443818674066,0.8260821358642452,0.16381997069657622,0.22428430534617796,0.058509211933119004,0.8398903765564302,0.05532283117059611,75.04416666666667,0.013662929368338406,0.018736842408082377
2010,138,3207,3265,62,42,20,1,0,-7,-0.6060606060606073,0.9732374433356905,0.8341040137000526,1.0091455921940171,0.8577195319144291,0.31561461794019935,0.7184300341296928,0.39723649856063403,0.8656608667857911,0.290025261328392,0.2312922144268459,0.05321575710861259,0.6998356420036183,0.34394904458598724,0.7999999999999999,0.4205977200487844,0.8253673052461049,0.28240843699541873,0.19960703782671985,0.07713688511073596,0.8740316190399678,0.007616824332973282,68.76265151515152,-0.03801443709477992,0.06460383139283676
2010,138,3208,3408,64,59,5,1,0,-7,-1.268145161290322,0.9189629182434147,0.8062082251492307,0.9604255302811783,0.8236419822147137,0.28679245283018867,0.6644736842105263,0.3903798463726669,0.8460160992394952,0.25106950938476585,0.23658014435827976,0.09228820899931349,0.8442208450552215,0.34050179211469533,0.6801675977653632,0.42712465746568185,0.7857053119793185,0.2403260969243603,0.23967432950004233,0.05216661892344464,0.775376805866434,0.010743412460405555,70.74128024193548,0.002439063435509592,0.011908784983732212
2010,138,3211,3314,82,76,6,1,0,-3,15.29032258064516,1.0747820977833888,0.7651538920885133,0.9241993440294881,0.8376246007931927,0.3226495726495726,0.7388781431334623,0.47940411077632067,0.886589992380147,0.20339370220932607,0.20661314972868952,0.07653453132867437,0.7859760519832178,0.2903981264637002,0.6468926553672315,0.4119821562122649,0.8303499078878973,0.1799713918629738,0.2517936041459613,0.08406705299309791,0.8180841229742097,0.023422310346352254,78.58619299221357,0.040258155034037235,-0.028237753454367298
2010,138,3234,3353,70,63,7,1,0,-1,2.5625,0.9761267866695889,0.9285069269809132,0.8526801553425265,0.8355243015745443,0.3689604685212299,0.7723132969034608,0.41604709961171027,0.8216069548614755,0.30026107450568273,0.23844025564126398,0.07287206182130428,0.8416742855306848,0.28342245989304815,0.6902173913043478,0.3904957392437162,0.8010498443219167,0.17573918523696613,0.2637080515855573,0.0879606705395983,0.8027649778145687,0.1245218892687166,68.999609375,-0.014439141100544506,-0.031853815755437775
2010,138,3246,3251,83,77,6,1,0,-9,0.1950431034482758,0.9833518215105924,0.7805156330789514,0.9974030335575975,0.7536250608598458,0.3145009416195857,0.7087011349306431,0.41433309919148475,0.8247867750333431,0.2220858660257658,0.21048407952349985,0.07688211168957677,0.7431861536523157,0.30991735537190085,0.6418383518225039,0.4732081005543862,0.7906004737550884,0.1276695786622106,0.2953242229208362,0.053233510705698386,0.714930336793174,0.0944162873635552,70.26280980603448,-0.040007576968227876,-0.0427320819030812
2010,138,3216,3261,39,60,-21,0,0,3,-4.370411568409345,0.9550499870073113,0.7605828998309017,1.011402888457148,0.7561963473906462,0.28717948717948716,0.6955810147299508,0.4055507900449639,0.8205651053410739,0.2845679743102061,0.2442047436890133,0.09402063883987784,0.8082220596993362,0.3224043715846994,0.7185430463576159,0.41822784402898566,0.8797752909685281,0.1848854315237488,0.1802110889051019,0.07284730048683413,0.7722792206819926,0.09968254278645727,67.390670189099,0.004807803986534631,0.011117776838083904
2010,138,3132,3277,62,72,-10,0,0,7,5.5415444770283475,1.043235407956049,0.8453740586037939,0.9411389894716786,0.8243152765626253,0.3839662447257384,0.7585185185185186,0.43010296058149783,0.8254066706958254,0.30608979538627207,0.220634033722631,0.05873797877273032,0.802988818225056,0.3283261802575107,0.6682027649769585,0.41504301650163006,0.8175581605900704,0.21330313014184352,0.2438485144159709,0.11095262327439569,0.797371599992886,0.09278666524442855,71.2941348973607,-0.012849938521198867,0.00017434632053570098
2010,138,3151,3329,63,70,-7,0,0,9,0.53125,0.9723278492369607,0.8843797112904216,1.0162084190292535,0.9519099667209348,0.34985835694050993,0.7165605095541401,0.40619160308046,0.8163334129721487,0.32062800934155083,0.22558896617701507,0.030574787960523056,0.8390364306244273,0.3160453808752026,0.7160883280757098,0.4105134891017361,0.8951880939549547,0.2712036417180168,0.1787783982579022,0.055169859696145074,0.8524394233106712,0.04942436762353403,70.17890625000001,-0.006632656365738454,-0.05984038281613924
2010,138,3343,3385,47,65,-18,0,0,5,6.807142857142857,1.0378279509060075,0.7571659509453578,0.9677398015218923,0.7915345518620676,0.36091954022988504,0.7081447963800904,0.44553209487778533,0.8932121816175406,0.22498319603655323,0.20553243079668831,0.08156138007846443,0.8097308326849261,0.367601246105919,0.6152694610778443,0.4274314705006546,0.8544040271677514,0.14582106439667541,0.20654100309763782,0.058855999247955725,0.7834556394844688,0.07916213163987781,70.98863095238096,0.029926896923204493,0.006647939201132491
2010,138,3390,3415,79,47,32,1,0,-15,22.8125,1.115495131768011,0.7819935447655144,0.9080852128881688,0.9088682308837042,0.3406408094435076,0.735973597359736,0.4745994277426297,0.8703422938516663,0.270200185319337,0.2071065509354755,0.07194729977842837,0.903236281748535,0.3123877917414722,0.705989110707804,0.42358748881978703,0.7849392762257305,0.2520288321399562,0.2516346605951881,0.07793446980322231,0.7965033075777881,0.01817135317938079,69.430859375,0.05433809091330377,0.03268228563837583
2010,138,3122,3397,42,75,-33,0,0,15,-23.0,0.8913492469383718,0.9764983736023625,1.0668336090286474,0.82160706391321,0.2697768762677485,0.6865079365079365,0.388526125733493,0.8019353013606445,0.2085859425315958,0.24606261831453713,0.04781436905787374,0.840777758232594,0.37831858407079644,0.6783831282952548,0.4615831018558083,0.8854959671507153,0.20382933731356281,0.2152570359845895,0.10683638870161684,0.8611346201519009,0.004756605218032978,71.740234375,-0.07700726199460589,-0.03167080548506784
2010,138,3340,3401,53,84,-31,0,0,13,-13.911637931034482,0.9435072267969463,0.9236234850842968,1.0191823050361932,0.8270995230597855,0.3254716981132076,0.6821345707656612,0.4061079167758681,0.8693863567609953,0.3075850466051093,0.2230575925673435,0.07306461133678052,0.8165336404717386,0.35883905013192613,0.6939443535188216,0.45880972452092905,0.8596668358575701,0.16310540980198512,0.20999376918729443,0.0914391034292627,0.7442643649932063,0.1444796368031242,73.01978717672414,-0.046399178955148945,-0.012111486438760477
2010,139,3114,3210,63,53,10,1,0,5,5.875,1.012582902642296,0.7988360779754505,0.9168928546877666,0.80243327674417,0.3181818181818182,0.6977152899824253,0.4478198592531913,0.8625809509828153,0.16751643318653162,0.18546717252129935,0.04636420558899064,0.7462114964701775,0.2603550295857988,0.7105263157894737,0.4071232623595786,0.8105587467140761,0.14567830299419846,0.2609925499599806,0.04347009869009205,0.7641309365829632,0.02183813019233316,69.081640625,0.013620756568796133,-0.04766964446023303
2010,139,3163,3380,95,39,56,1,0,-15,28.808189655172413,1.1452002027979122,0.662998363424981,0.8040419349551745,0.747273486578197,0.3345724907063197,0.7230769230769231,0.5147425743501425,0.8554000244643637,0.23721967682815379,0.20808596675266122,0.09285818725736188,0.8304248403373482,0.2842377260981912,0.6243478260869565,0.3689955026003745,0.8026333604841939,0.18473944483006355,0.28338414887922736,0.06884715495203142,0.6866950601873494,0.05248023199809024,72.02660290948276,0.09724270004015212,-0.015202786983748884
2010,139,3235,3250,79,42,37,1,0,-9,1.2142857142857153,1.0493918664079076,0.8493520996973773,0.943855900749357,0.7833250501938126,0.3814432989690722,0.7366167023554605,0.43017858221831345,0.8491085745792539,0.32873834435569405,0.22832243629307175,0.0490992916037313,0.8434272605654947,0.3172541743970315,0.6753022452504318,0.40924308551073235,0.8072433942856002,0.2721003460553926,0.22682427708949326,0.06069571379841428,0.7813911158240787,0.05663799830030147,66.58660714285715,0.01307348034400857,0.024329080677878312
2010,139,3280,3292,68,64,4,1,0,-3,-7.107526881720428,0.9648894042822017,0.8388334191526865,1.0907333382872493,0.8619364167410474,0.313953488372093,0.6810506566604126,0.4072145352399584,0.8786180060272221,0.30607077989774883,0.21949253848843378,0.071684992925953,0.8064237650248894,0.37114673242909985,0.7403651115618661,0.45997511978588884,0.8606590466792756,0.36376844743256836,0.2162931424263644,0.04626042839535267,0.7280674821754017,-0.05769766753481953,73.26541666666668,-0.00410268508509698,0.007786843031755253
2010,139,3304,3320,83,44,39,1,0,-15,17.15806451612903,1.0674762793773462,0.8168444818075964,0.962825102492471,0.9317457404624269,0.3277027027027027,0.7094133697135061,0.45995944966581076,0.8077432290125262,0.27220358387582555,0.2043441482668135,0.06300655550479771,0.8128901950987877,0.33333333333333337,0.7960992907801417,0.4101143561622085,0.8141062882327984,0.28597980147673024,0.23028532821938788,0.04937594903690244,0.7676936475976901,-0.013776217600904694,71.39538978494625,0.043543810557004514,0.01851205679710466
2010,139,3156,3323,58,86,-28,0,0,13,-11.549395161290322,0.9489266727958269,0.896492768658622,1.012402654487392,0.8238461551822612,0.292436974789916,0.6963696369636965,0.4153684327940365,0.8207437619012963,0.27267764976957204,0.24152869910196914,0.038581197646985255,0.8008641918447568,0.3405639913232104,0.7048710601719198,0.4522054718317864,0.8321755949426881,0.19023120229715265,0.21731356722222708,0.06544320654674028,0.7519015552540353,0.08244644747241939,73.05859375,-0.021612130900535487,0.005028301831174753
2010,139,3326,3384,93,59,34,1,0,-13,13.481973434535103,1.0731540250845382,0.8444226567929517,0.9413030834861643,0.8945936154624141,0.39642857142857146,0.7617079889807163,0.45682174894501865,0.8328586157462821,0.22745731363286825,0.20127054408796036,0.06448484236323579,0.8425680248680926,0.3745704467353952,0.6563039723661486,0.4002297672442013,0.8481717127236503,0.2549447002315339,0.23821234048883036,0.03752540551910359,0.7720670091360755,-0.027487386598665675,72.90806451612903,0.047028866393234725,-0.041298418963827466
2010,139,3328,3355,68,57,11,1,0,-11,-7.46969696969697,0.9621234595680336,0.9021408344057975,1.017416746567059,0.8382648758318908,0.31086142322097376,0.7248322147651006,0.4265121814074354,0.8460897163390309,0.21772666982824052,0.22340175964275832,0.04517672591374861,0.8286763771196798,0.38436482084690554,0.72,0.4711725542587501,0.7448511136090676,0.277005334447155,0.25648361232606515,0.05563457387936182,0.7621978551634061,-0.05927866461891451,74.1625,-0.020800649951104477,0.02529976847538784
2010,139,3361,3400,74,63,11,1,0,5,-1.91633064516129,0.956672800842294,0.8410517926541089,0.9858662722509731,0.8569987690305482,0.3325,0.7034482758620689,0.450271101966074,0.8343349106805247,0.18774042691502613,0.2731594022803968,0.09854312857717012,0.8180231024792716,0.3707052441229656,0.6877697841726619,0.4277299813902165,0.8189272442880128,0.23068155364475593,0.2340806944379605,0.09717031499456942,0.8467683683192555,-0.0429411267297298,71.74237651209677,0.0029073806199883534,0.053350543926937055
2010,139,3241,3396,53,65,-12,0,0,1,3.21875,0.9967690026434213,0.8484262185941975,0.9050692883179997,0.7996810423377202,0.3223570190641248,0.7134670487106017,0.4088177984792324,0.8608391379326223,0.25171064104664215,0.22271855014583594,0.06536917295208927,0.8441732322019849,0.32525252525252524,0.6459074733096085,0.3952050841113535,0.8534431743605405,0.2252840531697363,0.257273887528163,0.07774600322780763,0.76453378886362,0.026426587876905855,70.3203125,0.010879177472950086,0.022363813340652516
2010,139,3301,3417,54,74,-20,0,0,1,-6.7696969696969695,0.8901438745156649,0.8542536099521726,0.9420425340966005,0.817434725091243,0.3354564755838641,0.7415384615384616,0.38587155179047194,0.8105555265403831,0.19703523772778597,0.2598376577518718,0.04259548977869277,0.7916713018776523,0.32371794871794873,0.6336283185840709,0.43380410243934187,0.8423284508888336,0.15224212709178747,0.25440918948674934,0.062248594201038204,0.7400607320320461,0.0447931106359985,71.07367424242425,-0.0370779940932765,-0.016489510790385964
2010,139,3177,3435,76,83,-7,0,1,5,-2.78125,0.9515670661868425,0.8988824020278244,0.9974073295627524,0.902564750272772,0.2878228782287823,0.7643564356435644,0.42161097591634117,0.8484180084882018,0.2370782864301936,0.24281488169542628,0.07128344553942793,0.8171066133299387,0.37398373983739835,0.6861435726210351,0.4545442184840716,0.8065596687946225,0.22137623820078503,0.24069116265878146,0.04100738685764584,0.8431597733330505,0.01570204822940857,70.50625,-0.017925313406586374,-0.015908997046748474
2010,139,3436,3458,64,55,9,1,0,3,4.451612903225806,0.9790913904484617,0.8125362985627569,0.9317196359023967,0.8322082662150688,0.35306122448979593,0.7355516637478109,0.40869590565453845,0.8578023511860027,0.2344701631543413,0.2037351090391714,0.06587930631601449,0.7853722030803705,0.34703196347031967,0.6772908366533863,0.4367140657505982,0.8000410865602593,0.20970873442490212,0.22893258507553813,0.06590417642752978,0.7622624822307732,0.024761428729439178,67.36572580645161,-0.011514249374810603,0.04600390658163889
2010,139,3249,3452,43,58,-15,0,0,11,-4.194525904203323,0.9863461442554674,0.8953599061178598,0.9345164869016609,0.7636247137893533,0.3312302839116719,0.6828859060402684,0.42724188586101114,0.8497255571568753,0.26881724314785027,0.21555410329290106,0.05618676287110892,0.8387941924074075,0.3312368972746331,0.6411764705882353,0.40391643146464157,0.8336940254215511,0.21481639100348715,0.24122870548814365,0.10850227520670751,0.7947090896804492,0.05400085214436312,71.73817204301076,-0.0034151395863563083,0.0008603863010172574
2010,139,3438,3453,67,69,-2,0,0,-7,-8.666666666666668,0.9412734442048972,0.8436776938273495,1.0570379629203113,0.8292574315474457,0.25252525252525254,0.739067055393586,0.4002935749530289,0.8400759329682728,0.17895103693416897,0.22013567890114646,0.06989602534374242,0.7573683068700865,0.36448598130841126,0.7531531531531531,0.4664993870424059,0.8141602941758281,0.2620279171300523,0.2337509602503188,0.04518702544194047,0.6878692841211459,-0.08307688019588333,71.47458333333333,-0.01474208718221559,0.016731244698480308
2010,139,3190,3462,82,94,-12,0,0,11,-9.221357063403783,0.99304425649746,0.9083773266535178,1.025359860815096,0.8020845265467623,0.3514431239388795,0.7511312217194571,0.4170018567271297,0.8473444589700696,0.2420610358820204,0.2270636326005517,0.05362028808137695,0.8332304070444045,0.36152219873150104,0.6691729323308271,0.4511601043981438,0.8471147326164209,0.23336956698665864,0.23872532508923044,0.09073655263086684,0.8470115572497705,0.008691468895361765,74.21942436040044,-0.045377074196739475,0.015812104771573465
2010,140,3124,3207,49,33,16,1,0,-1,5.583333333333334,0.99301345808672,0.7972969659279201,0.9732374433356905,0.8341040137000526,0.2851985559566787,0.7265625,0.46236737904738623,0.7810269110271348,0.11923522290519892,0.23130334869357347,0.11499978982551237,0.8749412543298143,0.31561461794019935,0.7184300341296928,0.39723649856063403,0.8656608667857911,0.290025261328392,0.2312922144268459,0.05321575710861259,0.6998356420036183,-0.1707900384231931,71.25479166666668,0.06640740880719731,-0.06535643610246894
2010,140,3181,3261,60,52,8,1,0,-5,-0.7101293103448292,0.9702823763922681,0.7605562583682239,1.011402888457148,0.7561963473906462,0.31533477321814257,0.662015503875969,0.42129654720738585,0.8676706234496249,0.19779729302927235,0.2444306541953482,0.09967042147950954,0.7387835233624026,0.3224043715846994,0.7185430463576159,0.41822784402898566,0.8797752909685281,0.1848854315237488,0.1802110889051019,0.07284730048683413,0.7722792206819926,0.012911861505523536,71.02999730603449,0.01055400127154038,0.059094353763587404
2010,140,3199,3385,66,65,1,1,1,-3,1.5666666666666664,1.005172431883604,0.8194572672731731,0.9677398015218923,0.7915345518620676,0.3788819875776397,0.7140672782874617,0.4476511801181084,0.8022212229103111,0.21914280186717233,0.2548969513712988,0.06767168669834818,0.8093211613827691,0.367601246105919,0.6152694610778443,0.4274314705006546,0.8544040271677514,0.14582106439667541,0.20654100309763782,0.058855999247955725,0.7834556394844688,0.07332173747049692,73.56583333333333,0.02211936393262337,0.019122399595196793
2010,140,3208,3329,74,71,3,1,1,1,3.294354838709678,0.9189629182434147,0.8062082251492307,1.0162084190292535,0.9519099667209348,0.28679245283018867,0.6644736842105263,0.3903798463726669,0.8460160992394952,0.25106950938476585,0.23658014435827976,0.09228820899931349,0.8442208450552215,0.3160453808752026,0.7160883280757098,0.4105134891017361,0.8951880939549547,0.2712036417180168,0.1787783982579022,0.055169859696145074,0.8524394233106712,-0.020134132333250954,69.75768649193549,0.007956065846604299,0.022144216309360698
2010,140,3211,3401,72,71,1,1,0,5,8.10282258064516,1.0747820977833888,0.7651538920885133,1.0191823050361932,0.8270995230597855,0.3226495726495726,0.7388781431334623,0.47940411077632067,0.886589992380147,0.20339370220932607,0.20661314972868952,0.07653453132867437,0.7859760519832178,0.35883905013192613,0.6939443535188216,0.45880972452092905,0.8596668358575701,0.16310540980198512,0.20999376918729443,0.0914391034292627,0.7442643649932063,0.04028829240734094,74.51934223790323,0.019000300502352074,0.009049789355830229
2010,140,3246,3277,70,52,18,1,0,-1,7.716733870967742,0.9833518215105924,0.7805156330789514,0.9411389894716786,0.8243152765626253,0.3145009416195857,0.7087011349306431,0.41433309919148475,0.8247867750333431,0.2220858660257658,0.21048407952349985,0.07688211168957677,0.7431861536523157,0.3283261802575107,0.6682027649769585,0.41504301650163006,0.8175581605900704,0.21330313014184352,0.2438485144159709,0.11095262327439569,0.797371599992886,0.008782735883922282,73.41689768145162,-0.01485243545036391,0.00983128773400066
2010,140,3234,3390,67,96,-29,0,0,7,-19.8125,0.9761267866695889,0.9285069269809132,1.115495131768011,0.7819935447655144,0.3689604685212299,0.7723132969034608,0.41604709961171027,0.8216069548614755,0.30026107450568273,0.23844025564126398,0.07287206182130428,0.8416742855306848,0.3406408094435076,0.735973597359736,0.4745994277426297,0.8703422938516663,0.270200185319337,0.2071065509354755,0.07194729977842837,0.903236281748535,0.03006088918634575,70.134765625,-0.061201557622256875,-0.028118892790372163
2010,140,3173,3397,64,92,-28,0,0,7,-6.13701923076923,0.9729590305866689,0.817802309938502,1.0668336090286474,0.82160706391321,0.3127753303964758,0.6998011928429423,0.4208494276037242,0.8462954905783817,0.24110539942525008,0.23125462883094505,0.0680195018255368,0.805549181687985,0.37831858407079644,0.6783831282952548,0.4615831018558083,0.8854959671507153,0.20382933731356281,0.2152570359845895,0.10683638870161684,0.8611346201519009,0.03727606211168727,71.15549879807693,-0.031143654007924293,-0.032976538660797194
2010,141,3163,3396,90,36,54,1,0,-7,27.09375,1.1452002027979122,0.662998363424981,0.9050692883179997,0.7996810423377202,0.3345724907063197,0.7230769230769231,0.5147425743501425,0.8554000244643637,0.23721967682815379,0.20808596675266122,0.09285818725736188,0.8304248403373482,0.32525252525252524,0.6459074733096085,0.3952050841113535,0.8534431743605405,0.2252840531697363,0.257273887528163,0.07774600322780763,0.76453378886362,0.011935623658417494,69.934765625,0.0853506118464995,-0.012253107016686582
2010,141,3235,3453,60,56,4,1,0,-8,-3.5476190476190474,1.0493918664079076,0.8493520996973773,1.0570379629203113,0.8292574315474457,0.3814432989690722,0.7366167023554605,0.43017858221831345,0.8491085745792539,0.32873834435569405,0.22832243629307175,0.0490992916037313,0.8434272605654947,0.36448598130841126,0.7531531531531531,0.4664993870424059,0.8141602941758281,0.2620279171300523,0.2337509602503188,0.04518702544194047,0.6878692841211459,0.06671042722564174,65.72991071428571,0.014142129354799582,-0.0017749701198572776
2010,141,3280,3326,87,67,20,1,0,5,-6.127134724857683,0.9648894042822017,0.8388334191526865,1.0731540250845382,0.8444226567929517,0.313953488372093,0.6810506566604126,0.4072145352399584,0.8786180060272221,0.30607077989774883,0.21949253848843378,0.071684992925953,0.8064237650248894,0.39642857142857146,0.7617079889807163,0.45682174894501865,0.8328586157462821,0.22745731363286825,0.20127054408796036,0.06448484236323579,0.8425680248680926,0.07861346626488058,72.475,-0.021966031956704768,0.048529773717940206
2010,141,3304,3417,83,70,13,1,0,-7,9.766666666666666,1.0674762793773462,0.8168444818075964,0.9420425340966005,0.817434725091243,0.3277027027027027,0.7094133697135061,0.45995944966581076,0.8077432290125262,0.27220358387582555,0.2043441482668135,0.06300655550479771,0.8128901950987877,0.32371794871794873,0.6336283185840709,0.43380410243934187,0.8423284508888336,0.15224212709178747,0.25440918948674934,0.062248594201038204,0.7400607320320461,0.11996145678403808,70.8425,0.0018225636163083925,-0.05651007813018871
2010,141,3323,3436,84,66,18,1,0,-8,3.96875,1.012402654487392,0.8238461551822612,0.9790913904484617,0.8125362985627569,0.3405639913232104,0.7048710601719198,0.4522054718317864,0.8321755949426881,0.19023120229715265,0.21731356722222708,0.06544320654674028,0.7519015552540353,0.35306122448979593,0.7355516637478109,0.40869590565453845,0.8578023511860027,0.2344701631543413,0.2037351090391714,0.06587930631601449,0.7853722030803705,-0.04423896085718865,71.6452872983871,-0.002701950132299069,0.012043513221178137
2010,141,3114,3328,44,60,-16,0,0,8,9.407196969696969,1.012582902642296,0.7988360779754505,0.9621234595680336,0.9021408344057975,0.3181818181818182,0.6977152899824253,0.4478198592531913,0.8625809509828153,0.16751643318653162,0.18546717252129935,0.04636420558899064,0.7462114964701775,0.31086142322097376,0.7248322147651006,0.4265121814074354,0.8460897163390309,0.21772666982824052,0.22340175964275832,0.04517672591374861,0.8286763771196798,-0.0502102366417089,70.15638020833333,0.008183196789471991,-0.016693657434565745
2010,141,3361,3452,64,55,9,1,0,8,-3.8074291300097745,0.956672800842294,0.8410517926541089,0.9345164869016609,0.7636247137893533,0.3325,0.7034482758620689,0.450271101966074,0.8343349106805247,0.18774042691502613,0.2731594022803968,0.09854312857717012,0.8180231024792716,0.3312368972746331,0.6411764705882353,0.40391643146464157,0.8336940254215511,0.21481639100348715,0.24122870548814365,0.10850227520670751,0.7947090896804492,-0.027075964088461024,68.21438172043011,0.0031562480878168375,0.04353532931002968
2010,141,3435,3462,62,63,-1,0,0,3,-9.306034482758621,0.9974073295627524,0.902564750272772,1.025359860815096,0.8020845265467623,0.37398373983739835,0.6861435726210351,0.4545442184840716,0.8065596687946225,0.22137623820078503,0.24069116265878146,0.04100738685764584,0.8431597733330505,0.36152219873150104,0.6691729323308271,0.4511601043981438,0.8471147326164209,0.23336956698665864,0.23872532508923044,0.09073655263086684,0.8470115572497705,-0.011993328785873614,69.73740571120689,-0.02428271710914226,0.021101324378604014
2010,145,3124,3397,77,62,15,1,0,3,-2.15625,0.99301345808672,0.7972969659279201,1.0668336090286474,0.82160706391321,0.2851985559566787,0.7265625,0.46236737904738623,0.7810269110271348,0.11923522290519892,0.23130334869357347,0.11499978982551237,0.8749412543298143,0.37831858407079644,0.6783831282952548,0.4615831018558083,0.8854959671507153,0.20382933731356281,0.2152570359845895,0.10683638870161684,0.8611346201519009,-0.0845941144083639,70.89179687500001,0.0056617124586486045,-0.043553707232712346
2010,145,3181,3361,66,58,8,1,0,-9,8.85383064516129,0.9702823763922681,0.7605562583682239,0.956672800842294,0.8410517926541089,0.31533477321814257,0.662015503875969,0.42129654720738585,0.8676706234496249,0.19779729302927235,0.2444306541953482,0.09967042147950954,0.7387835233624026,0.3325,0.7034482758620689,0.450271101966074,0.8343349106805247,0.18774042691502613,0.2731594022803968,0.09854312857717012,0.8180231024792716,0.010056866114246221,71.13690776209677,0.005629501825859529,-0.01830135229972818
2010,145,3208,3390,36,73,-37,0,0,4,-14.736895161290322,0.9189629182434147,0.8062082251492307,1.115495131768011,0.7819935447655144,0.28679245283018867,0.6644736842105263,0.3903798463726669,0.8460160992394952,0.25106950938476585,0.23658014435827976,0.09228820899931349,0.8442208450552215,0.3406408094435076,0.735973597359736,0.4745994277426297,0.8703422938516663,0.270200185319337,0.2071065509354755,0.07194729977842837,0.903236281748535,-0.01913067593457113,68.76862399193548,-0.046781318080724776,0.020044764030582862
2010,145,3211,3462,56,74,-18,0,0,4,7.359288097886539,1.0747820977833888,0.7651538920885133,1.025359860815096,0.8020845265467623,0.3226495726495726,0.7388781431334623,0.47940411077632067,0.886589992380147,0.20339370220932607,0.20661314972868952,0.07653453132867437,0.7859760519832178,0.36152219873150104,0.6691729323308271,0.4511601043981438,0.8471147326164209,0.23336956698665864,0.23872532508923044,0.09073655263086684,0.8470115572497705,-0.029975864777332578,72.71377919911012,0.006382586240517907,0.017021683365207818
2010,146,3163,3235,74,36,38,1,0,-3,21.901785714285715,1.1452002027979122,0.662998363424981,1.0493918664079076,0.8493520996973773,0.3345724907063197,0.7230769230769231,0.5147425743501425,0.8554000244643637,0.23721967682815379,0.20808596675266122,0.09285818725736188,0.8304248403373482,0.3814432989690722,0.7366167023554605,0.43017858221831345,0.8491085745792539,0.32873834435569405,0.22832243629307175,0.0490992916037313,0.8434272605654947,-0.09151866752754026,66.91233258928571,0.0686074047106901,0.004865476204140906
2010,146,3199,3280,74,71,3,1,0,-4,4.140860215053763,1.005172431883604,0.8194572672731731,0.9648894042822017,0.8388334191526865,0.3788819875776397,0.7140672782874617,0.4476511801181084,0.8022212229103111,0.21914280186717233,0.2548969513712988,0.06767168669834818,0.8093211613827691,0.313953488372093,0.6810506566604126,0.4072145352399584,0.8786180060272221,0.30607077989774883,0.21949253848843378,0.071684992925953,0.8064237650248894,-0.0869279780305765,73.30666666666667,0.030565314353942385,-0.0029869696931316136
2010,146,3246,3304,76,67,9,1,0,3,-3.1187499999999986,0.9833518215105924,0.7805156330789514,1.0674762793773462,0.8168444818075964,0.3145009416195857,0.7087011349306431,0.41433309919148475,0.8247867750333431,0.2220858660257658,0.21048407952349985,0.07688211168957677,0.7431861536523157,0.3277027027027027,0.7094133697135061,0.45995944966581076,0.8077432290125262,0.27220358387582555,0.2043441482668135,0.06300655550479771,0.8128901950987877,-0.05011771785005975,73.74575520833335,-0.018178710574588863,0.03179547135125549
2010,146,3323,3328,72,77,-5,0,1,-1,9.938446969696969,1.012402654487392,0.8238461551822612,0.9621234595680336,0.9021408344057975,0.3405639913232104,0.7048710601719198,0.4522054718317864,0.8321755949426881,0.19023120229715265,0.21731356722222708,0.06544320654674028,0.7519015552540353,0.31086142322097376,0.7248322147651006,0.4265121814074354,0.8460897163390309,0.21772666982824052,0.22340175964275832,0.04517672591374861,0.8286763771196798,-0.027495467531087864,75.06692708333333,0.005007280202703135,0.014672392561287051
2010,147,3124,3181,51,48,3,1,0,2,-1.28125,0.99301345808672,0.7972969659279201,0.9702823763922681,0.7605562583682239,0.2851985559566787,0.7265625,0.46236737904738623,0.7810269110271348,0.11923522290519892,0.23130334869357347,0.11499978982551237,0.8749412543298143,0.31533477321814257,0.662015503875969,0.42129654720738585,0.8676706234496249,0.19779729302927235,0.2444306541953482,0.09967042147950954,0.7387835233624026,-0.07856207012407343,72.971484375,0.027490407118456572,-0.05825011243771738
2010,147,3390,3462,55,53,2,1,0,-2,7.225215517241379,1.115495131768011,0.7819935447655144,1.025359860815096,0.8020845265467623,0.3406408094435076,0.735973597359736,0.4745994277426297,0.8703422938516663,0.270200185319337,0.2071065509354755,0.07194729977842837,0.903236281748535,0.36152219873150104,0.6691729323308271,0.4511601043981438,0.8471147326164209,0.23336956698665864,0.23872532508923044,0.09073655263086684,0.8470115572497705,0.03683061833267834,69.4924838362069,0.013159901199993773,0.0004390934721101303
2010,148,3163,3199,90,50,40,1,0,-2,19.820833333333333,1.1452002027979122,0.662998363424981,1.005172431883604,0.8194572672731731,0.3345724907063197,0.7230769230769231,0.5147425743501425,0.8554000244643637,0.23721967682815379,0.20808596675266122,0.09285818725736188,0.8304248403373482,0.3788819875776397,0.7140672782874617,0.4476511801181084,0.8022212229103111,0.21914280186717233,0.2548969513712988,0.06767168669834818,0.8093211613827691,0.018076874960981454,72.67033854166667,0.060653113377275136,-0.021314240259031725
2010,148,3246,3328,68,88,-20,0,0,1,10.750946969696969,0.9833518215105924,0.7805156330789514,0.9621234595680336,0.9021408344057975,0.3145009416195857,0.7087011349306431,0.41433309919148475,0.8247867750333431,0.2220858660257658,0.21048407952349985,0.07688211168957677,0.7431861536523157,0.31086142322097376,0.7248322147651006,0.4265121814074354,0.8460897163390309,0.21772666982824052,0.22340175964275832,0.04517672591374861,0.8286763771196798,0.0043591961975252835,74.70950520833333,0.000215108999733149,0.02419537795963178
2010,153,3124,3163,50,70,-20,0,0,3,-18.9375,0.99301345808672,0.7972969659279201,1.1452002027979122,0.662998363424981,0.2851985559566787,0.7265625,0.46236737904738623,0.7810269110271348,0.11923522290519892,0.23130334869357347,0.11499978982551237,0.8749412543298143,0.3345724907063197,0.7230769230769231,0.5147425743501425,0.8554000244643637,0.23721967682815379,0.20808596675266122,0.09285818725736188,0.8304248403373482,-0.11798445392295487,71.791796875,-0.04132579031522271,-0.014421156527758217
2010,153,3328,3390,66,73,-7,0,0,2,-18.12594696969697,0.9621234595680336,0.9021408344057975,1.115495131768011,0.7819935447655144,0.31086142322097376,0.7248322147651006,0.4265121814074354,0.8460897163390309,0.21772666982824052,0.22340175964275832,0.04517672591374861,0.8286763771196798,0.3406408094435076,0.735973597359736,0.4745994277426297,0.8703422938516663,0.270200185319337,0.2071065509354755,0.07194729977842837,0.903236281748535,-0.05247351549109647,71.68098958333333,-0.0510706723501449,-0.0203826079344942
2010,155,3163,3390,53,47,6,1,0,0,11.03125,1.1452002027979122,0.662998363424981,1.115495131768011,0.7819935447655144,0.3345724907063197,0.7230769230769231,0.5147425743501425,0.8554000244643637,0.23721967682815379,0.20808596675266122,0.09285818725736188,0.8304248403373482,0.3406408094435076,0.735973597359736,0.4745994277426297,0.8703422938516663,0.270200185319337,0.2071065509354755,0.07194729977842837,0.903236281748535,-0.0329805084911832,70.073828125,0.03619668282322713,-0.007183755893682253
2011,138,3177,3298,56,43,13,1,0,-11,10.468129571577848,1.0462786364962144,0.8455415176282234,0.939371308976006,0.8716593947451108,0.3549848942598187,0.6960431654676259,0.45494667149439594,0.8668701524509291,0.2841282544986198,0.21411860214687148,0.07461781395505993,0.7845174518836725,0.34905660377358494,0.6494845360824743,0.39170250231853293,0.8643474232975105,0.35448494124551827,0.23535439301655364,0.05568277966442626,0.8853668674999341,-0.07035668674689849,66.62789968652038,0.02786259810111752,0.029855896192947817
2011,138,3181,3404,90,45,45,1,0,-13,10.644153225806452,0.9877525708826576,0.7693597733280948,0.9964882811201263,0.9144733905656438,0.3507751937984496,0.6458658346333853,0.42398020215407667,0.869689512085327,0.2252121032229253,0.2349952419538371,0.09019329863928757,0.7717940040263664,0.345,0.7239165329052969,0.40682600042405687,0.8352300494379894,0.35202382047085234,0.21140880482674318,0.04723034773447581,0.8501698102314446,-0.12681171724792706,72.52939768145161,0.023954622395608693,0.051358690541997265
2011,138,3132,3210,58,69,-11,0,0,7,5.398674242424242,1.051752432161657,0.8321642465281607,0.9301691515521943,0.793509598303847,0.36129905277401897,0.7964860907759883,0.4115387627758442,0.8301239917399555,0.336644496209334,0.20453968733247857,0.06191140147556818,0.817055333946799,0.334841628959276,0.6488673139158576,0.42262241851325855,0.8248929743026775,0.18872663459352768,0.27194565949945654,0.051686966152584085,0.7526544432379446,0.14791786161580633,69.87103456439394,-0.0032810065143675238,-0.038815626635746225
2011,138,3211,3234,92,86,6,1,0,5,16.304783092324808,1.1395822848036141,0.8282361720102325,0.9990778191295461,0.8985840441483128,0.3150984682713348,0.756198347107438,0.49595155980755473,0.9301068253201689,0.19821748894442276,0.18050443186532666,0.059166393568664974,0.7971196306292104,0.3075757575757576,0.7582037996545768,0.4041451291675705,0.8491369170473141,0.32693787718916356,0.20746642086716977,0.06685980120001545,0.8688819843669036,-0.1287203882447408,72.14787263626252,0.0458748524219581,0.043884667333568994
2011,138,3214,3246,62,66,-4,0,1,9,3.079637096774194,0.9659329121391617,0.7784307381116055,0.9432004843239338,0.8261045340955289,0.3269230769230769,0.686064318529862,0.39949068182923847,0.8451586807543292,0.24769104355887414,0.22767727952723732,0.05666324545207329,0.7797000990473131,0.3045045045045045,0.6907477820025348,0.3902085053589479,0.8364117346775762,0.23131681991341652,0.2243132771442831,0.06118657090511176,0.7167217244486221,0.016374223645457625,71.52954889112904,0.032002063988314455,-0.006091621066129371
2011,138,3235,3265,64,74,-10,0,0,-3,-7.06048387096774,1.0033833082097674,0.8318288258190333,1.0174299488511536,0.7374874417805148,0.3732876712328767,0.7131011608623549,0.4390383082333496,0.7901452186631128,0.2813046802286905,0.24020703739828186,0.051625237264408055,0.8568351050161169,0.34680134680134683,0.7663934426229508,0.4178892515586241,0.8770994543057778,0.29422214262037893,0.17179667280684582,0.0764168419638828,0.8081110656022832,-0.01291746239168845,65.15059223790323,-0.004295896367303487,0.01773264405901498
2011,138,3266,3400,68,65,3,1,0,-1,-0.673387096774194,0.9655621065532245,0.8577706765467712,1.0138730192935042,0.9126363299677756,0.3416666666666666,0.713810316139767,0.4399971831228929,0.7932942503186075,0.22587935353365435,0.2490888906998688,0.055708444820640086,0.819536682172067,0.36902800658978585,0.6889185580774366,0.4228188140683564,0.8433912233264029,0.2517869748367489,0.22531336629714377,0.08444016831604347,0.8624109869250706,-0.02590762130309454,72.12259324596775,0.01493867031887064,-0.03714186760835314
2011,138,3201,3314,68,82,-14,0,0,7,-5.873161764705884,1.0253002175198536,0.8679731161463929,0.987124203523007,0.7807308709974561,0.34216335540838855,0.7108843537414966,0.4137495982201805,0.8711384390560302,0.3815387639215164,0.2244019592443131,0.03683274851276061,0.7610700579362272,0.2882011605415861,0.6801075268817204,0.42858671663876563,0.8683725095704828,0.19324467996324066,0.2234043782883816,0.09972056844389678,0.8443183689846198,0.18829408395827577,76.59145220588235,-0.05261872152988478,-0.022879580059295135
2011,138,3323,3428,67,54,13,1,0,-13,21.773216031280548,1.0615475701663095,0.7528037415797212,0.8788747818581691,0.8752118421041759,0.346875,0.7185929648241206,0.4827231778369438,0.8108205342317522,0.13181809641872078,0.24166054342978716,0.08255824018160071,0.7570097694955992,0.31663685152057247,0.6879120879120879,0.3855716513812483,0.8279630882302053,0.28062594845048494,0.24702963525850935,0.08321300733360731,0.8152324532181212,-0.14880785203176417,69.00695259042033,0.05157783112393316,0.07401299969638642
2011,138,3326,3416,80,69,11,1,0,-9,1.1838709677419352,1.0268777944751617,0.9190425987479852,0.9769977806042428,0.8716225670318373,0.31875,0.7552334943639292,0.449712076804369,0.8254020972740413,0.223608759490294,0.19292315635961377,0.07647123611115123,0.8822536009981995,0.3445692883895131,0.691131498470948,0.39181294657835986,0.8755335253175016,0.2479966170961844,0.2164612407537692,0.031187816400837055,0.8189145713716045,-0.024387857605890406,70.79662634408602,0.03459932196316706,-0.050885742102737885
2011,138,3173,3336,66,75,-9,0,0,5,-0.645161290322581,0.9767273308190241,0.8772178933703184,1.0215744298036569,0.9145813859006793,0.36528028933092227,0.7283582089552239,0.4152728396158616,0.8326709533044471,0.2351399434791587,0.2271797048631712,0.05745783846592925,0.8006976153980253,0.4256619144602852,0.7453936348408711,0.44420076469227154,0.8418173268429613,0.21111879658916308,0.22120998785427223,0.06393445941051618,0.7820254119996874,0.024021146889995626,75.80362903225806,-0.015124270450386668,-0.007233930435291636
2011,138,3385,3403,55,50,5,1,0,1,-2.808467741935484,0.9303439949288685,0.8420778094360137,0.9475668606637131,0.8256853378884436,0.34642857142857136,0.6552845528455284,0.4187483060763229,0.8315399064090626,0.13266485891313926,0.23012947791520622,0.055275204381501145,0.8268969040800352,0.35180722891566263,0.6858638743455497,0.4218928477034465,0.841706616776185,0.18901100367666804,0.23086227091492814,0.06571463430143018,0.7915078008782123,-0.05634614476352878,68.81825856854839,-0.0019716064125651633,0.025873929232225867
2011,138,3390,3413,86,59,27,1,0,-15,15.68951612903226,1.1419953988073555,0.7799602232571342,0.9842320064981376,0.8575485471636592,0.3531598513011152,0.7462686567164178,0.4894275879898133,0.8627593241079112,0.250090745304003,0.20492877964449727,0.05801321471256599,0.8604833334331341,0.33286516853932585,0.6894904458598726,0.4187586501360008,0.8205047562410069,0.3179265397555262,0.22996912012233273,0.05080006578827421,0.7658573278559766,-0.06783579445152321,69.94803427419356,0.07041828790513421,0.0018356272128421391
2011,138,3113,3396,45,63,-18,0,0,-3,-9.691397849462366,0.8934050242062256,0.8619035614617689,1.001685995691507,0.8205044996504496,0.26636568848758463,0.7319223985890654,0.3827160812196658,0.8332154204213853,0.21913545095742135,0.2576340429674762,0.0602107949897778,0.7611982833584645,0.3463497453310696,0.6602316602316602,0.42032285521465107,0.8871854114533312,0.27793298455119203,0.20009055403730888,0.07820651729205269,0.7679113092547938,-0.058797533593770684,68.10030913978494,-0.043738104478847406,0.032628683875077114
2011,138,3391,3397,34,99,-65,0,0,15,-23.044354838709676,0.9118744968536573,0.8810686571167982,1.107948549378345,0.7649779566412581,0.33682008368200833,0.7242524916943522,0.41218675810807287,0.7848865174429708,0.21248586084478963,0.23516815352099954,0.06488320900900363,0.8550101346098422,0.38761061946902653,0.6752655538694993,0.46946543263090357,0.8758177543546869,0.24548491081864854,0.21378613426084533,0.08498694537234998,0.8544760892488361,-0.03299904997385891,72.38567288306452,-0.048894149867619696,-0.04803607374766933
2011,138,3285,3417,47,55,-8,0,0,11,-10.518279569892472,0.8990561624610919,0.891265454498485,0.9615680509761517,0.7951572633851524,0.33256351039260973,0.7280701754385965,0.375218781386684,0.8444049006759805,0.20556044620895902,0.24050349669008847,0.058652416351655086,0.8345597328908987,0.27631578947368424,0.6563039723661485,0.444475640070558,0.8437915251012325,0.11302532379469751,0.24812030214489264,0.04756409036622267,0.7228881395467908,0.09253512241426151,67.91412634408601,-0.0385160221723867,-0.018318889941225658
2011,139,3124,3341,66,30,36,1,0,-15,22.738636363636363,1.1295241017877125,0.7602771374281411,0.8044997171474666,0.7635724262046122,0.3922902494331066,0.7432432432432432,0.472359778339975,0.8448613740533891,0.18871567884457674,0.19905177046657743,0.11321248864784503,0.8766378429474935,0.30303030303030304,0.7189014539579968,0.3901628505988123,0.7177993820992277,0.1480829954101557,0.2750298348369768,0.06516188806569459,0.8052443004261631,0.04063268343442103,70.31137547348484,0.04736033323832617,0.05093583423025155
2011,139,3163,3216,75,39,36,1,0,-15,27.414772727272727,1.1318063430488452,0.7233782566827223,0.8799676109083108,0.8602254987017568,0.360146252285192,0.7693574958813839,0.5024705845852881,0.8360172893489243,0.24238839252970332,0.2212972526615853,0.07674633867376426,0.8398539454494884,0.34507042253521125,0.696969696969697,0.37872164301283906,0.8242427988799149,0.2713887702377539,0.23681299622392893,0.030743227298461892,0.8303256555019393,-0.029000377708050556,67.13329782196969,0.09211437978580034,0.005019588318172397
2011,139,3199,3359,76,46,30,1,0,-11,1.8666666666666663,0.9950013763865017,0.861931472325162,0.9805575867360089,0.8487210702404308,0.3611738148984198,0.7091690544412608,0.44219612050233703,0.797826050848718,0.19833065913859746,0.24988375378700628,0.049508444300357134,0.8190679892623773,0.39418416801292405,0.7817371937639198,0.44423081360517963,0.7618578490097125,0.32329689909376236,0.2207998018605433,0.03015493754315455,0.8214906078320356,-0.1249662399551649,69.41375,0.0023754994807114738,0.10866745825642021
2011,139,3207,3343,65,49,16,1,0,-7,-12.504761904761907,0.9203718604650083,0.8291413660969401,1.0424860041167936,0.7742902446624986,0.31279620853080564,0.6869747899159664,0.38973999679690474,0.8613657467716263,0.3127709258705112,0.24327316171609564,0.05735434106419592,0.7181053817404329,0.4177215189873418,0.7002583979328165,0.44718130041601123,0.8868950972164887,0.2528042092281534,0.20918383871866952,0.08375784821591588,0.8059470165241958,0.05996671664235781,67.71997023809524,-0.042048667081684254,0.025309324112616993
2011,139,3208,3292,56,41,15,1,0,-5,-3.0096774193548397,0.9451633719872141,0.8591112475659234,0.9982636996601566,0.8686365448308887,0.27893738140417457,0.6421845574387948,0.40733970070021297,0.8884812146723574,0.2509262872844793,0.2318910868727269,0.07555849338231377,0.847439383884036,0.34991423670668953,0.6939890710382512,0.4499870853662923,0.8058291320170663,0.27642434960728723,0.2669577486026788,0.041832120546132424,0.7666787623203067,-0.025498062322807935,69.72729838709677,0.0025178937124558654,0.01481983284000754
2011,139,3257,3435,81,62,19,1,0,-3,3.25,0.9830672606602175,0.8280721601537051,1.018284890889253,0.9057867883347257,0.35071090047393366,0.6814159292035398,0.4407333842372768,0.8165050035719841,0.27720009855832295,0.24636186337234234,0.06970934101593504,0.7496624166853707,0.3456521739130434,0.7012779552715656,0.45778646270051443,0.7978889889116048,0.22800665739115134,0.245280772927584,0.05713999012536592,0.8877253051082368,0.049193441167171614,70.97471713362069,-0.01689048468395765,-0.03658036696683725
2011,139,3268,3384,70,48,22,1,0,-9,12.00909090909091,0.9886211716068919,0.7950089806295089,0.9197896805978635,0.8865007246905513,0.2788732394366197,0.6501416430594901,0.4400083898968744,0.8368282999917592,0.1629927541651292,0.25685773211561663,0.08571689337614222,0.7878212641894154,0.3471971066907776,0.6464339908952959,0.40970210442372856,0.8208827088225863,0.22482121039860234,0.24189871160688997,0.04366980441775537,0.7912641470135842,-0.061828456233473134,74.06378787878788,0.049334931041090935,0.033059532203769115
2011,139,3205,3274,62,80,-18,0,0,11,-13.138709677419357,0.8863550381764951,0.8121053739181169,1.0190484008833587,0.7935576135382091,0.30387931034482757,0.6204379562043796,0.392242553139149,0.8437520492345011,0.21950078259155884,0.23491566112662648,0.09528709039823079,0.7706019276335311,0.30210016155088854,0.6846846846846846,0.4297488320614049,0.8427572993775251,0.25568836366386066,0.21290463577025676,0.06809461469790631,0.7556893954917584,-0.03618758107230183,74.45083333333332,-0.010686797764953626,-0.025425006391055827
2011,139,3277,3320,69,66,3,1,0,-9,-2.37399193548387,0.9692831579042089,0.7871624851785695,1.0075539904958233,0.7874768299319362,0.3229329173166927,0.6792452830188679,0.4140336172119818,0.8605208479673401,0.29663751267412064,0.24797964357666827,0.0757037000387533,0.7408967994842925,0.34711964549483015,0.7630331753554502,0.41757370661421217,0.8232376449116188,0.30517212399694726,0.19776927341504805,0.055168922622021,0.763448499588749,-0.008534611322826624,69.51760332661291,-0.014543628863636415,0.05608121534551613
2011,139,3241,3328,72,86,-14,0,0,5,-0.1491935483870961,0.9802070784920035,0.8461203514136149,1.0071094445072644,0.8889308835722299,0.3176895306859206,0.691970802919708,0.39506208787906155,0.8804190617222101,0.2494604223967529,0.20644548047370848,0.06883622531764316,0.8404222734982667,0.3576864535768645,0.7632,0.4253607039168089,0.8364779004157479,0.2728414755621529,0.21613408852196578,0.049640956114093485,0.769715986548973,-0.023381053165399984,73.47032510080645,0.006126850840332154,0.03347436802965453
2011,139,3243,3345,45,53,-8,0,0,-1,-1.580645161290323,0.9392264231320356,0.8682078131416334,0.9562428029419368,0.8609455063383147,0.32642487046632124,0.6534216335540839,0.4123673153360407,0.8523509845366842,0.28653969802508356,0.22387410880443842,0.04761219102864776,0.8194725056897949,0.34615384615384615,0.7749196141479099,0.4253181753239786,0.7780480826025022,0.19669979124977546,0.2496887877898787,0.07613748212129991,0.8316174859934213,0.08983990677530809,67.15524193548387,-0.014910522047768437,-0.0031723928696576476
2011,139,3256,3353,51,76,-25,0,0,3,6.2333333333333325,0.9748159178305358,0.8434160477384086,0.9245359307986228,0.8720434112217968,0.32708333333333334,0.6798866855524078,0.42727226464995627,0.8143545009311632,0.2127611710290661,0.21250584319688173,0.04187348653851818,0.7824595517917212,0.34114583333333326,0.7020408163265307,0.42555720032081906,0.8043532609521418,0.19623437027314897,0.24571354039780607,0.08651379096521887,0.8460894008102546,0.016526800755917143,70.51833333333333,-0.011185603865143112,-0.020062664272839204
2011,139,3270,3401,47,87,-40,0,0,13,-12.50952380952381,0.9587213904425179,0.8445189802943275,1.0852005606360366,0.8110966640184681,0.3058350100603622,0.7449908925318761,0.4038981737561369,0.8333589934102319,0.25000515759005154,0.2273644615287563,0.023262270274972654,0.7472435590564108,0.3418604651162791,0.7278688524590164,0.4542385721684558,0.9030531560461929,0.19993349161876592,0.1927904592655019,0.0824702440748568,0.7108310018017555,0.05007166597128562,71.56800595238096,-0.028029584372899097,-0.03097551427109868
2011,139,3222,3452,73,79,-6,0,0,-1,-4.82258064516129,0.9605871819043578,0.8519632825628963,0.9526070427816419,0.7659441606504686,0.34029227557411273,0.6917475728155339,0.39964016564539,0.8242147681308585,0.19973784223338018,0.21211318350650513,0.07308031751335888,0.8341626714936139,0.3188405797101449,0.6627393225331369,0.42070372546894014,0.8073880499901833,0.22000713892434906,0.2595501097896945,0.11262871969745253,0.7285898963186959,-0.020269296690968885,73.24298135080645,-0.02059795353421584,-0.009225932361407896
2011,139,3114,3453,55,59,-4,0,0,7,-16.457575757575757,0.907792642205947,0.8028792878378398,1.0379188570416873,0.721203310550135,0.31202046035805625,0.6470588235294118,0.42154571759396015,0.8250386167600834,0.20363726141953623,0.22088462568819373,0.04870945083063739,0.813460942974594,0.34913112164296994,0.7858267716535433,0.45234818191926446,0.8147782053731565,0.26541480669422507,0.21742826465646037,0.04100862774665889,0.6753072697422255,-0.061777545274688844,68.40257575757576,-0.016365497488927405,0.011407374411224969
2011,139,3355,3462,56,72,-16,0,0,13,-12.279094827586206,0.9596722401635666,0.8567882940191744,1.0506658009924723,0.7886614049911822,0.36752136752136755,0.6973058637083994,0.44372174982134677,0.7527352468089459,0.26114116076208915,0.2507789448666708,0.05801412724702416,0.7880423005563028,0.3305785123966942,0.6548672566371682,0.46149063227457865,0.8632894364261603,0.23678716030670535,0.20968094909167623,0.07954455081436923,0.8523910721249417,0.0243540004553838,70.60669450431034,-0.03419679887375582,-0.049391618415199345
2011,140,3177,3336,75,73,2,1,0,-3,5.993157380254154,1.0462786364962144,0.8455415176282234,1.0215744298036569,0.9145813859006793,0.3549848942598187,0.6960431654676259,0.45494667149439594,0.8668701524509291,0.2841282544986198,0.21411860214687148,0.07461781395505993,0.7845174518836725,0.4256619144602852,0.7453936348408711,0.44420076469227154,0.8418173268429613,0.21111879658916308,0.22120998785427223,0.06393445941051618,0.7820254119996874,0.0730094579094567,73.30942082111437,0.012492761304881861,0.030235126782769517
2011,140,3181,3265,71,66,5,1,0,-8,-1.9042338709677402,0.9877525708826576,0.7693597733280948,1.0174299488511536,0.7374874417805148,0.3507751937984496,0.6458658346333853,0.42398020215407667,0.869689512085327,0.2252121032229253,0.2349952419538371,0.09019329863928757,0.7717940040263664,0.34680134680134683,0.7663934426229508,0.4178892515586241,0.8770994543057778,0.29422214262037893,0.17179667280684582,0.0764168419638828,0.8081110656022832,-0.06901003939745365,68.49512348790321,-0.013128556545859926,0.09423132062462614
2011,140,3211,3417,89,75,14,1,0,8,12.513978494623657,1.1395822848036141,0.8282361720102325,0.9615680509761517,0.7951572633851524,0.3150984682713348,0.756198347107438,0.49595155980755473,0.9301068253201689,0.19821748894442276,0.18050443186532666,0.059166393568664974,0.7971196306292104,0.27631578947368424,0.6563039723661485,0.444475640070558,0.8437915251012325,0.11302532379469751,0.24812030214489264,0.04756409036622267,0.7228881395467908,0.08519216514972525,71.28751344086021,0.022399351693100367,0.0005141264354004971
2011,140,3246,3314,74,86,-12,0,0,-1,-7.560661764705884,0.9432004843239338,0.8261045340955289,0.987124203523007,0.7807308709974561,0.3045045045045045,0.6907477820025348,0.3902085053589479,0.8364117346775762,0.23131681991341652,0.2243132771442831,0.06118657090511176,0.7167217244486221,0.2882011605415861,0.6801075268817204,0.42858671663876563,0.8683725095704828,0.19324467996324066,0.2234043782883816,0.09972056844389678,0.8443183689846198,0.03807213995017586,77.02074908088235,-0.05985910592421084,-0.0301839657064642
2011,140,3323,3396,77,64,13,1,0,-8,10.257086999022484,1.0615475701663095,0.7528037415797212,1.001685995691507,0.8205044996504496,0.346875,0.7185929648241206,0.4827231778369438,0.8108205342317522,0.13181809641872078,0.24166054342978716,0.08255824018160071,0.7570097694955992,0.3463497453310696,0.6602316602316602,0.42032285521465107,0.8871854114533312,0.27793298455119203,0.20009055403730888,0.07820651729205269,0.7679113092547938,-0.14611488813247125,70.87671065493646,0.03577552651997434,0.04841862984882428
2011,140,3210,3326,60,67,-7,0,0,1,2.0575757575757576,0.9301691515521943,0.793509598303847,1.0268777944751617,0.9190425987479852,0.334841628959276,0.6488673139158576,0.42262241851325855,0.8248929743026775,0.18872663459352768,0.27194565949945654,0.051686966152584085,0.7526544432379446,0.31875,0.7552334943639292,0.449712076804369,0.8254020972740413,0.223608759490294,0.19292315635961377,0.07647123611115123,0.8822536009981995,-0.034882124896766314,71.49731060606061,-0.015439936025956613,0.052808080836888205
2011,140,3385,3390,49,75,-26,0,0,8,-18.935483870967744,0.9303439949288685,0.8420778094360137,1.1419953988073555,0.7799602232571342,0.34642857142857136,0.6552845528455284,0.4187483060763229,0.8315399064090626,0.13266485891313926,0.23012947791520622,0.055275204381501145,0.8268969040800352,0.3531598513011152,0.7462686567164178,0.4894275879898133,0.8627593241079112,0.250090745304003,0.20492877964449727,0.05801321471256599,0.8604833334331341,-0.11742588639086374,69.00887096774193,-0.05811542566127226,0.0036313397636800193
2011,140,3266,3397,70,79,-9,0,0,7,-17.173387096774192,0.9655621065532245,0.8577706765467712,1.107948549378345,0.7649779566412581,0.3416666666666666,0.713810316139767,0.4399971831228929,0.7932942503186075,0.22587935353365435,0.2490888906998688,0.055708444820640086,0.819536682172067,0.38761061946902653,0.6752655538694993,0.46946543263090357,0.8758177543546869,0.24548491081864854,0.21378613426084533,0.08498694537234998,0.8544760892488361,-0.01960555728499419,70.32962449596775,-0.04650142478981806,-0.03660236858079102
2011,141,3124,3452,82,68,14,1,0,-8,12.863636363636363,1.1295241017877125,0.7602771374281411,0.9526070427816419,0.7659441606504686,0.3922902494331066,0.7432432432432432,0.472359778339975,0.8448613740533891,0.18871567884457674,0.19905177046657743,0.11321248864784503,0.8766378429474935,0.3188405797101449,0.6627393225331369,0.42070372546894014,0.8073880499901833,0.22000713892434906,0.2595501097896945,0.11262871969745253,0.7285898963186959,-0.03129146007977232,69.80356297348484,0.041924027458164925,-0.00013234972932929523
2011,141,3163,3345,64,40,24,1,0,-8,21.114369501466275,1.1318063430488452,0.7233782566827223,0.9562428029419368,0.8609455063383147,0.360146252285192,0.7693574958813839,0.5024705845852881,0.8360172893489243,0.24238839252970332,0.2212972526615853,0.07674633867376426,0.8398539454494884,0.34615384615384615,0.7749196141479099,0.4253181753239786,0.7780480826025022,0.19669979124977546,0.2496887877898787,0.07613748212129991,0.8316174859934213,0.045688601279927854,68.77317937438904,0.059927499945359564,-0.004889971987403929
2011,141,3207,3268,79,57,22,1,0,1,-8.366666666666667,0.9203718604650083,0.8291413660969401,0.9886211716068919,0.7950089806295089,0.31279620853080564,0.6869747899159664,0.38973999679690474,0.8613657467716263,0.3127709258705112,0.24327316171609564,0.05735434106419592,0.7181053817404329,0.2788732394366197,0.6501416430594901,0.4400083898968744,0.8368282999917592,0.1629927541651292,0.25685773211561663,0.08571689337614222,0.7878212641894154,0.149778171705382,70.79083333333332,-0.03861370334399966,-0.01666147480789182
2011,141,3199,3208,59,61,-2,0,0,-3,2.876344086021505,0.9950013763865017,0.861931472325162,0.9451633719872141,0.8591112475659234,0.3611738148984198,0.7091690544412608,0.44219612050233703,0.797826050848718,0.19833065913859746,0.24988375378700628,0.049508444300357134,0.8190679892623773,0.27893738140417457,0.6421845574387948,0.40733970070021297,0.8884812146723574,0.2509262872844793,0.2318910868727269,0.07555849338231377,0.847439383884036,-0.05259562814588184,71.39021505376344,0.010010295925322432,-0.019266147426795888
2011,141,3257,3462,85,75,10,1,0,5,-8.060344827586206,0.9830672606602175,0.8280721601537051,1.0506658009924723,0.7886614049911822,0.35071090047393366,0.6814159292035398,0.4407333842372768,0.8165050035719841,0.27720009855832295,0.24636186337234234,0.06970934101593504,0.7496624166853707,0.3305785123966942,0.6548672566371682,0.46149063227457865,0.8632894364261603,0.23678716030670535,0.20968094909167623,0.07954455081436923,0.8523910721249417,0.0404129382516176,71.31997575431035,-0.035175081509043304,0.015675798344404468
2011,141,3274,3328,83,88,-5,0,0,-3,8.463709677419356,1.0190484008833587,0.7935576135382091,1.0071094445072644,0.8889308835722299,0.30210016155088854,0.6846846846846846,0.4297488320614049,0.8427572993775251,0.25568836366386066,0.21290463577025676,0.06809461469790631,0.7556893954917584,0.3576864535768645,0.7632,0.4253607039168089,0.8364779004157479,0.2728414755621529,0.21613408852196578,0.049640956114093485,0.769715986548973,-0.017153111898292217,76.707421875,0.007782036388442715,0.0410494460540376
2011,141,3353,3401,48,70,-22,0,0,5,-16.9,0.9245359307986228,0.8720434112217968,1.0852005606360366,0.8110966640184681,0.34114583333333326,0.7020408163265307,0.42555720032081906,0.8043532609521418,0.19623437027314897,0.24571354039780607,0.08651379096521887,0.8460894008102546,0.3418604651162791,0.7278688524590164,0.4542385721684558,0.9030531560461929,0.19993349161876592,0.1927904592655019,0.0824702440748568,0.7108310018017555,-0.0036991213456169514,68.84166666666667,-0.0040297521226286825,-0.027459333565342692
2011,141,3277,3453,56,65,-9,0,0,-1,-9.725317693059628,0.9692831579042089,0.7871624851785695,1.0379188570416873,0.721203310550135,0.3229329173166927,0.6792452830188679,0.4140336172119818,0.8605208479673401,0.29663751267412064,0.24797964357666827,0.0757037000387533,0.7408967994842925,0.34913112164296994,0.7858267716535433,0.45234818191926446,0.8147782053731565,0.26541480669422507,0.21742826465646037,0.04100862774665889,0.6753072697422255,0.03122270597989557,70.92088220918866,-0.028133497874341273,0.04379949114723081
2011,145,3211,3257,76,69,7,1,0,4,12.330645161290324,1.1395822848036141,0.8282361720102325,0.9830672606602175,0.8280721601537051,0.3150984682713348,0.756198347107438,0.49595155980755473,0.9301068253201689,0.19821748894442276,0.18050443186532666,0.059166393568664974,0.7971196306292104,0.35071090047393366,0.6814159292035398,0.4407333842372768,0.8165050035719841,0.27720009855832295,0.24636186337234234,0.06970934101593504,0.7496624166853707,-0.07898260961390019,73.20233114919355,0.0288914547551945,0.025561481101344374
2011,145,3323,3328,78,53,25,1,0,-4,13.140151515151516,1.0615475701663095,0.7528037415797212,1.0071094445072644,0.8889308835722299,0.346875,0.7185929648241206,0.4827231778369438,0.8108205342317522,0.13181809641872078,0.24166054342978716,0.08255824018160071,0.7570097694955992,0.3576864535768645,0.7632,0.4253607039168089,0.8364779004157479,0.2728414755621529,0.21613408852196578,0.049640956114093485,0.769715986548973,-0.1410233791434321,74.24340672348484,0.046487863166655985,0.05499901852198208
2011,145,3314,3390,65,72,-7,0,0,4,-8.035104364326376,0.987124203523007,0.7807308709974561,1.1419953988073555,0.7799602232571342,0.2882011605415861,0.6801075268817204,0.42858671663876563,0.8683725095704828,0.19324467996324066,0.2234043782883816,0.09972056844389678,0.8443183689846198,0.3531598513011152,0.7462686567164178,0.4894275879898133,0.8627593241079112,0.250090745304003,0.20492877964449727,0.05801321471256599,0.8604833334331341,-0.056846065340762336,74.4363614800759,-0.030410589003616706,0.030929960856742933
2011,145,3326,3397,75,85,-10,0,0,3,-16.925,1.0268777944751617,0.9190425987479852,1.107948549378345,0.7649779566412581,0.31875,0.7552334943639292,0.449712076804369,0.8254020972740413,0.223608759490294,0.19292315635961377,0.07647123611115123,0.8822536009981995,0.38761061946902653,0.6752655538694993,0.46946543263090357,0.8758177543546869,0.24548491081864854,0.21378613426084533,0.08498694537234998,0.8544760892488361,-0.02187615132835455,71.91455729166667,-0.03649039562495915,-0.05081378861310504
2011,146,3124,3453,86,76,10,1,0,-4,3.6060606060606055,1.1295241017877125,0.7602771374281411,1.0379188570416873,0.721203310550135,0.3922902494331066,0.7432432432432432,0.472359778339975,0.8448613740533891,0.18871567884457674,0.19905177046657743,0.11321248864784503,0.8766378429474935,0.34913112164296994,0.7858267716535433,0.45234818191926446,0.8147782053731565,0.26541480669422507,0.21742826465646037,0.04100862774665889,0.6753072697422255,-0.07669912784964833,71.4435606060606,0.0322656541067205,0.06236072243432278
2011,146,3163,3207,68,63,5,1,0,-4,21.66060606060606,1.1318063430488452,0.7233782566827223,0.9203718604650083,0.8291413660969401,0.360146252285192,0.7693574958813839,0.5024705845852881,0.8360172893489243,0.24238839252970332,0.2212972526615853,0.07674633867376426,0.8398539454494884,0.31279620853080564,0.6869747899159664,0.38973999679690474,0.8613657467716263,0.3127709258705112,0.24327316171609564,0.05735434106419592,0.7181053817404329,-0.07038253334080788,68.61113636363635,0.08411425927404542,-0.02340906991369529
2011,146,3177,3181,63,70,-7,0,0,1,-1.4251893939393945,1.0462786364962144,0.8455415176282234,0.9877525708826576,0.7693597733280948,0.3549848942598187,0.6960431654676259,0.45494667149439594,0.8668701524509291,0.2841282544986198,0.21411860214687148,0.07461781395505993,0.7845174518836725,0.3507751937984496,0.6458658346333853,0.42398020215407667,0.869689512085327,0.2252121032229253,0.2349952419538371,0.09019329863928757,0.7717940040263664,0.058916151275694495,71.41139914772728,0.004210057171954051,-0.01898585485887838
2011,146,3208,3401,38,79,-41,0,0,4,-14.076344086021507,0.9451633719872141,0.8591112475659234,1.0852005606360366,0.8110966640184681,0.27893738140417457,0.6421845574387948,0.40733970070021297,0.8884812146723574,0.2509262872844793,0.2318910868727269,0.07555849338231377,0.847439383884036,0.3418604651162791,0.7278688524590164,0.4542385721684558,0.9030531560461929,0.19993349161876592,0.1927904592655019,0.0824702440748568,0.7108310018017555,0.05099279566571338,70.36021505376344,-0.013710916264672135,0.007162420577617068
2011,147,3323,3397,73,59,14,1,0,1,-2.1098484848484844,1.0615475701663095,0.7528037415797212,1.107948549378345,0.7649779566412581,0.346875,0.7185929648241206,0.4827231778369438,0.8108205342317522,0.13181809641872078,0.24166054342978716,0.08255824018160071,0.7570097694955992,0.38761061946902653,0.6752655538694993,0.46946543263090357,0.8758177543546869,0.24548491081864854,0.21378613426084533,0.08498694537234998,0.8544760892488361,-0.11366681439992776,72.73012547348485,-0.008094366421905419,0.012882418205268253
2011,147,3211,3390,60,83,-23,0,0,10,-1.483870967741936,1.1395822848036141,0.8282361720102325,1.1419953988073555,0.7799602232571342,0.3150984682713348,0.756198347107438,0.49595155980755473,0.9301068253201689,0.19821748894442276,0.18050443186532666,0.059166393568664974,0.7971196306292104,0.3531598513011152,0.7462686567164178,0.4894275879898133,0.8627593241079112,0.250090745304003,0.20492877964449727,0.05801321471256599,0.8604833334331341,-0.05187325635958023,72.3116935483871,-0.023117364501431537,0.01459975922477641
2011,148,3163,3181,75,40,35,1,0,-1,11.696022727272727,1.1318063430488452,0.7233782566827223,0.9877525708826576,0.7693597733280948,0.360146252285192,0.7693574958813839,0.5024705845852881,0.8360172893489243,0.24238839252970332,0.2212972526615853,0.07674633867376426,0.8398539454494884,0.3507751937984496,0.6458658346333853,0.42398020215407667,0.869689512085327,0.2252121032229253,0.2349952419538371,0.09019329863928757,0.7717940040263664,0.01717628930677803,70.24814157196968,0.05937485839071932,-0.037606414251383447
2011,148,3124,3401,46,58,-12,0,0,-1,5.996969696969696,1.1295241017877125,0.7602771374281411,1.0852005606360366,0.8110966640184681,0.3922902494331066,0.7432432432432432,0.472359778339975,0.8448613740533891,0.18871567884457674,0.19905177046657743,0.11321248864784503,0.8766378429474935,0.3418604651162791,0.7278688524590164,0.4542385721684558,0.9030531560461929,0.19993349161876592,0.1927904592655019,0.0824702440748568,0.7108310018017555,-0.011217812774189179,71.55265151515152,0.041694414717102724,-0.01210306687036422
2011,153,3163,3323,63,72,-9,0,0,-1,5.212121212121211,1.1318063430488452,0.7233782566827223,1.0615475701663095,0.7528037415797212,0.360146252285192,0.7693574958813839,0.5024705845852881,0.8360172893489243,0.24238839252970332,0.2212972526615853,0.07674633867376426,0.8398539454494884,0.346875,0.7185929648241206,0.4827231778369438,0.8108205342317522,0.13181809641872078,0.24166054342978716,0.08255824018160071,0.7570097694955992,0.11057029611098254,71.15795454545454,0.02914610734646006,-0.04769337748536395
2011,153,3390,3401,62,63,-1,0,0,-1,4.697849462365593,1.1419953988073555,0.7799602232571342,1.0852005606360366,0.8110966640184681,0.3531598513011152,0.7462686567164178,0.4894275879898133,0.8627593241079112,0.250090745304003,0.20492877964449727,0.05801321471256599,0.8604833334331341,0.3418604651162791,0.7278688524590164,0.4542385721684558,0.9030531560461929,0.19993349161876592,0.1927904592655019,0.0824702440748568,0.7108310018017555,0.050157253685237074,71.15376344086022,0.043463836367198694,-0.013940223332009172
2011,155,3323,3401,70,76,-6,0,0,0,2.1484848484848484,1.0615475701663095,0.7528037415797212,1.0852005606360366,0.8110966640184681,0.346875,0.7185929648241206,0.4827231778369438,0.8108205342317522,0.13181809641872078,0.24166054342978716,0.08255824018160071,0.7570097694955992,0.3418604651162791,0.7278688524590164,0.4542385721684558,0.9030531560461929,0.19993349161876592,0.1927904592655019,0.0824702440748568,0.7108310018017555,-0.06811539520004514,72.87765151515151,0.02731258205286574,0.013070834597039394
2012,138,3116,3173,72,55,17,1,0,-5,-1.3000000000000007,0.9287989406262686,0.7942749802151915,0.953499690600337,0.8113539348168641,0.2905027932960894,0.6446124763705104,0.38779622867202673,0.88632697038461,0.2707426699417819,0.22050712672725903,0.07305845442785563,0.7801543090207309,0.3066666666666667,0.7418111753371869,0.3947962581553697,0.8737321925109657,0.2785322283715001,0.21954406599507797,0.0730557178134238,0.7720291827897623,-0.00778955842971818,70.51191091954024,0.00016282322485805523,0.031240848134652555
2012,138,3163,3341,83,47,36,1,0,-15,32.36147186147186,1.113702753709391,0.664982575728758,0.8613757409235887,0.8785229658681251,0.35502958579881655,0.7463235294117647,0.47686233140487255,0.8710420864429383,0.3004801092966315,0.21487854621616087,0.09102113870002533,0.7907161261092099,0.3125,0.7020833333333334,0.38102973895537573,0.8202890263448523,0.20593794465653575,0.23830756500132755,0.049654667494398196,0.7927099808453356,0.09454216464009574,69.2582251082251,0.10141990150335173,0.008331995200557607
2012,138,3140,3177,55,59,-4,0,0,3,6.32258064516129,1.017534640373145,0.8299400857168563,0.9961242397309024,0.905761285650915,0.35206611570247937,0.7377690802348337,0.44138058660661916,0.8461622293917115,0.28183816956826885,0.22501077978024847,0.10521250828460493,0.8289981755176247,0.3448275862068966,0.7331975560081466,0.4395319349712383,0.839555536195695,0.30746691525170433,0.2254038710102004,0.06361002229884191,0.821145533381082,-0.025628745683435483,71.68506804435484,0.027929776657552807,-0.004661773064450259
2012,138,3211,3353,86,73,13,1,0,5,8.04516129032258,1.0404587317893077,0.8561671052227546,0.8877234729523489,0.8101634199398046,0.32413793103448274,0.7196261682242991,0.4461753623458283,0.9117099062629939,0.19542869631483664,0.20156560435561663,0.06333796462557933,0.7965593039870608,0.28353658536585363,0.6843177189409368,0.4049817668107279,0.8383761117983742,0.16268437798789512,0.2461358470517908,0.07808741374081314,0.7898016478702001,0.032744318326941524,70.08049731182795,-0.0009984969273791333,0.011212438178597961
2012,138,3243,3343,67,64,3,1,0,-1,-18.40625,0.8729843695253152,0.858915815926479,1.0109523209004003,0.7410677508374098,0.287215411558669,0.6842105263157895,0.38394958297407283,0.8572961415606895,0.26977952321866244,0.2179437704524128,0.05278501252811573,0.8051671759369625,0.3250564334085779,0.708253358925144,0.431011642492913,0.8784422469136228,0.22217517877762297,0.23158908616120494,0.07343319947964981,0.7573398910259853,0.047604344441039476,68.780859375,-0.03684472368584002,-0.02688520409726225
2012,138,3246,3270,68,62,6,1,0,-13,5.257142857142858,0.9733331877407427,0.7798696523201926,0.9886348022615487,0.8324052262078413,0.32218309859154926,0.6795827123695976,0.40058446684953286,0.8728943935829095,0.24941377799630673,0.22990097681206942,0.07256365576811753,0.6753775180072737,0.3261261261261261,0.7207547169811321,0.3735980401672988,0.9175877705685955,0.30324273062424306,0.19837767127147257,0.0222620669261897,0.7833062425959999,-0.05382895262793633,70.72428571428571,-0.005839960833122493,0.037072110856513296
2012,138,3257,3277,67,55,12,1,0,-3,0.35483870967741993,0.9634427874796401,0.8523019427144307,0.970093478286318,0.8595025102102823,0.32521739130434785,0.7112211221122112,0.41776563015633267,0.8222018265340105,0.2631232600518823,0.2529923906123526,0.07214202931150009,0.8245022383342527,0.3263525305410122,0.6660617059891107,0.42133845639549683,0.8485985699382314,0.266886847627055,0.23198104646248635,0.055524901140423084,0.7810099401686482,-0.0037635875751727,70.52540322580644,0.0059417791791299135,0.03747251990346323
2012,138,3268,3298,59,44,15,1,0,-13,15.659139784946237,1.1001629053695055,0.8439932561701318,0.9120608043127263,0.8495556624353408,0.3575581395348837,0.7457886676875957,0.47537115819363795,0.873898880921686,0.15521745790696292,0.23056051679842696,0.0774429058452675,0.8816342932294889,0.34090909090909094,0.6350974930362117,0.4007165183504951,0.8568914316622347,0.3122008678844023,0.23631089382894688,0.03987205200168883,0.9132975293246414,-0.1569834099774394,66.51694892473118,0.043662423783668136,0.08700001911592847
2012,138,3226,3274,41,70,-29,0,0,11,-16.41625615763547,0.8886820547492332,0.8257531062089961,1.007607910433788,0.7528455249525153,0.30830039525691705,0.7375,0.37236036780264786,0.8120789019933448,0.2552527121881224,0.24639460863237092,0.059755984668981986,0.8180441381053062,0.33274021352313166,0.6946428571428571,0.4193336231691393,0.8811595555813135,0.26639490265302096,0.22758151358921289,0.0717415758941795,0.7791118657454925,-0.01114219046489856,72.4365763546798,-0.021928701753215818,-0.06397267198366163
2012,138,3345,3355,83,68,15,1,0,-9,-2.451612903225806,0.9178628606913404,0.8122173177643875,0.9757916369049064,0.8430612919453434,0.3018433179723502,0.7437603993344426,0.3983189737470383,0.8241334688726026,0.1969891452818594,0.23991075729361983,0.08876651260463359,0.8260497340919825,0.3535353535353536,0.7233082706766917,0.418377476751584,0.7845459765297905,0.2772114709440084,0.23507368621736863,0.04571437441529626,0.7906056297159326,-0.08022232566214899,70.3766129032258,0.003017641471490362,0.0789400387381704
2012,138,3185,3376,48,80,-32,0,0,7,0.19166666666666643,0.9520189854854427,0.8155733527303964,0.9436627368026616,0.784675555496612,0.2823529411764706,0.7123519458544839,0.40594678246333554,0.8768788428621186,0.16067944468262269,0.23885977935019742,0.059206427090591665,0.7420422902189355,0.2720306513409962,0.5857385398981324,0.3955220190236817,0.9016366065569604,0.25725774913199445,0.22088644554197748,0.07551706495994602,0.7885853562612987,-0.09657830444937177,67.83565104166667,-0.006448937366010266,-0.0034995537814725974
2012,138,3214,3390,51,73,-22,0,0,15,-3.494612068965516,0.9836493169081916,0.705771352923212,1.107839172046299,0.7899622351461543,0.3368055555555555,0.7342256214149139,0.3742896602963058,0.9181852155191563,0.29315610119866287,0.20705577415336576,0.08506633460417758,0.7477637608226279,0.3100358422939068,0.7670068027210885,0.45429825012014746,0.9098434628303302,0.25001481098695005,0.1847912581495509,0.07594442815814109,0.8672293474729534,0.04314129021171281,68.35145474137931,-0.03298565229516903,0.00525242728626818
2012,138,3397,3404,72,49,23,1,0,-13,1.6387096774193548,1.066689188819773,0.8721027877792811,1.0941085258748213,0.9360915509061122,0.35064935064935066,0.696319018404908,0.45081216641781297,0.8649541289520228,0.21959851802686098,0.2170144938861188,0.07436365486823877,0.8649509801446112,0.3886883273164862,0.7657657657657657,0.4394021882822461,0.8769286210706208,0.36261782771530426,0.1690210334637342,0.04775313130906424,0.8466234926618613,-0.14301930968844329,72.22174731182795,0.030099170239873907,0.07341870674827977
2012,138,3107,3401,47,69,-22,0,0,11,-2.226814516129032,0.8841930915596347,0.7974029856292676,0.9763368595385045,0.8640331168726645,0.3068432671081677,0.6335403726708075,0.36292324748870786,0.8570534097813283,0.22089437971743492,0.2393477027626263,0.059483518814791046,0.7618721565154947,0.3028391167192429,0.6560509554140127,0.4227094498396225,0.8886671374318165,0.1446354371067023,0.21196606102477739,0.08413509428901858,0.7659231478061115,0.07625894261073263,67.83170362903226,-0.011053651477504256,-0.005848178674590532
2012,138,3400,3452,55,68,-13,0,0,1,-7.463709677419355,0.9308316342827465,0.8663577124367274,0.9378675878250938,0.7617056518841867,0.3383947939262473,0.6958041958041957,0.4065531127739973,0.8476402126703001,0.20482464923191582,0.22780679006337148,0.1002331938028034,0.8329537442800304,0.29568788501026694,0.672316384180791,0.39815767069038477,0.8152505739097149,0.2225455235916552,0.2626639585935233,0.08681537309550034,0.7848763771155798,-0.017720874359739375,70.46507056451614,-0.01606570566169291,-0.007549971705611225
2012,138,3235,3453,57,71,-14,0,0,3,-13.866666666666665,0.9499595350566227,0.8608840460929346,1.0334173707265544,0.762037513268508,0.31457431457431456,0.7277676950998185,0.38917288877958817,0.820672488878144,0.3511441931191874,0.23503751943392023,0.04656785161990932,0.8350350441965863,0.3367003367003367,0.7538726333907056,0.45881548062732735,0.8131130754247174,0.27436192507228013,0.21454645699778097,0.047933321284384,0.6804382174945133,0.07678226804690724,69.27833333333334,-0.03142905363972892,-0.00555590686347851
2012,139,3124,3364,81,40,41,1,0,-15,24.91003787878788,1.118113255339929,0.7434882644563969,0.8640620521552093,0.8365323635643964,0.3231197771587744,0.7082228116710876,0.4888235582985978,0.8593007602968843,0.15448559999131828,0.1968595136799828,0.1296028771437482,0.8913407273784224,0.302540415704388,0.7002881844380403,0.3968880044511599,0.858145508097419,0.21969627017843335,0.23839748598593727,0.03609612233689867,0.8288086972101928,-0.06521067018711507,66.01326941287878,0.0701659856883351,0.0525206343025052
2012,139,3143,3234,84,74,10,1,0,-1,3.1515151515151523,0.9655611725974061,0.8390214523764293,0.9927492329213741,0.9036966516044294,0.3007712082262211,0.6102150537634409,0.4192363148272591,0.8703809698622396,0.1613317197877197,0.2279058641213065,0.055513016552159324,0.8069150039080311,0.3160305343511451,0.7916666666666667,0.4141430065575195,0.8372151019379849,0.305880319292574,0.22470471721936275,0.07490006616528505,0.857596582248708,-0.14454859950485427,71.93060606060605,0.0047827728554756255,0.003263165922866351
2012,139,3114,3174,42,73,-31,0,0,11,-14.369959677419356,0.8744882155425835,0.8226541725189854,1.0703929257552514,0.8214952406665285,0.30745341614906835,0.6613861386138614,0.4095273561998552,0.822181531321301,0.15251847116944367,0.2492880812147143,0.06302740526131814,0.8079232343525896,0.3313782991202346,0.8074204946996467,0.45247945962772634,0.8871198055479479,0.16516182606739652,0.20079000381088438,0.0656187257137359,0.8888544615910697,-0.012643354897952847,66.86961945564516,-0.02911943709603587,-0.036495192344854877
2012,139,3181,3359,82,47,35,1,0,-13,15.812013348164626,1.0284815484986658,0.7641470273275296,0.904877751209725,0.8348523044242683,0.3710144927536232,0.667300380228137,0.46962539431746786,0.853802967037728,0.16422208995652063,0.2394486845865073,0.10621974053374868,0.7875230963462809,0.35876623376623373,0.7308584686774943,0.4228463449463554,0.767665226669734,0.2984718108094513,0.2266332995590862,0.04552242588225693,0.8182662269446545,-0.13424972085293066,69.56639321468298,0.029252982348633494,0.12602676628406057
2012,139,3196,3326,70,65,5,1,0,1,-4.954838709677419,0.9645924010296031,0.8554252272599525,1.0725585487360128,0.8927109833093861,0.29159212880143115,0.6455026455026456,0.40668540875882575,0.8875019007378607,0.256451085749092,0.24429977415122622,0.0731175452049287,0.836655900487843,0.36043956043956044,0.7462437395659434,0.46662376758222623,0.8432308613127809,0.2151063757542985,0.1952062212814366,0.08967582839714332,0.8708330085837076,0.04134470999479348,70.42689516129033,-0.028520434547318174,0.03705518393630264
2012,139,3201,3207,56,61,-5,0,0,7,4.972727272727273,1.0235841787155708,0.8434891420145296,0.8690327432912487,0.7507082066810354,0.3453772582359192,0.6592592592592592,0.4212186382356701,0.8854189681817692,0.38625009706005914,0.19676584792834367,0.02958929449374857,0.7666177838720096,0.2948717948717949,0.6632478632478632,0.35021414904344883,0.871722471929866,0.263311940601434,0.2253506173700722,0.0656823022213971,0.7227847592511937,0.12293815645862516,71.63125,-0.004635215655941272,-0.016056108021730187
2012,139,3210,3357,76,50,26,1,0,-9,3.8125,0.9765620053354397,0.8170768803355506,0.9376476957651848,0.818963550723525,0.3163265306122449,0.6735340729001584,0.43963778637187045,0.842807104994639,0.1701758934972449,0.23478270280912594,0.06494117015438558,0.7871418506174876,0.32432432432432434,0.7583892617449665,0.41294477573091115,0.8522699757020848,0.2669414577997422,0.23578670462902293,0.04860876150191346,0.8059658680986068,-0.0967655643024973,70.87578124999999,0.004614456154939495,0.0313612658584676
2012,139,3242,3304,57,49,8,1,0,5,-4.689583333333333,0.9619755346597126,0.8992333450000575,0.971994847665739,0.843581644250374,0.3479623824451411,0.6938325991189428,0.4574190960902854,0.8396441633803593,0.1523788251027757,0.2255208837123012,0.07178284094299871,0.8454239391835132,0.30945945945945946,0.7227586206896551,0.3927645644850148,0.8447688934523756,0.3146180659292549,0.22250410725109837,0.048899729858726974,0.8122697716327544,-0.1622392408264792,72.51981770833333,0.02040050751356437,-0.005926412891200439
2012,139,3261,3361,64,56,8,1,0,-7,-2.826612903225806,0.9172813642377983,0.7980058303522956,0.9726840360521817,0.8071234461384481,0.3211009174311927,0.704,0.4438371607510011,0.7581268295422808,0.15225419555794067,0.29467998959231206,0.07993276720407909,0.8396142203542235,0.2986725663716814,0.7069271758436945,0.40210850915046764,0.8974840075138211,0.21687688082708442,0.21853780049139188,0.0937447044048461,0.7664528805231152,-0.06462268526914375,67.24532510080645,0.030183658409607128,-0.0020839586170121605
2012,139,3208,3265,70,76,-6,0,0,-9,1.0463362068965516,0.9795850670252262,0.8343566022749427,0.9636233475202712,0.8150305965932945,0.3113207547169811,0.6524271844660194,0.42985000521994493,0.8742217608587866,0.21155736310894047,0.21398009709047783,0.039120257830043,0.8043805483395843,0.3200568990042674,0.7448979591836735,0.41839297493064576,0.8251577091612758,0.3294030044517894,0.20633051250738488,0.06853646039767605,0.859584208572726,-0.11784564134284892,68.49555495689656,-0.011540813988331011,0.05923764905803541
2012,139,3251,3323,43,74,-31,0,0,15,-16.687565308254964,0.9845394316869837,0.8317748411757021,1.0863752437733147,0.7158194010422325,0.31283422459893045,0.6838995568685377,0.4370197248910687,0.8044205876621117,0.1839817223750685,0.28958178557799585,0.08353594739830773,0.8636149051700929,0.35049019607843135,0.7653194263363755,0.47444812306405343,0.832390209162354,0.17025579507208,0.22214324073022468,0.081286628619688,0.7451889233565665,0.013725927302988494,71.89467084639499,-0.015414505438809012,0.03876351793778465
2012,139,3276,3328,67,88,-21,0,0,5,0.9874999999999998,0.9645241455043094,0.873276932776435,0.9598941201065732,0.8961225316992809,0.317157712305026,0.7723004694835681,0.41764627567772816,0.8487248495700948,0.29139641953800133,0.20439258737119131,0.05992951782116924,0.8521533943930105,0.34686346863468637,0.7413249211356467,0.4211899369407324,0.8098176064223584,0.23137931807231682,0.23336068721623032,0.06626765342041686,0.8366688856197471,0.06001710146568451,69.73213541666667,-0.00833443865555683,-0.011218260561152937
2012,139,3336,3431,85,77,8,1,0,-9,0.2101293103448274,1.0090329172624086,0.8243999680698126,0.9596664395639031,0.7600728617992658,0.35656836461126007,0.7259615384615384,0.43478749757607277,0.8566938949828292,0.17239330545706008,0.19373643261301157,0.06357147318731539,0.8428273072198633,0.29791271347248577,0.6933962264150944,0.4086426771977929,0.8525720119039427,0.23544039916232826,0.22977145974016785,0.10927157341618621,0.7926030094534499,-0.06304709370526818,72.3171875,0.0026923825006804902,0.00847215027004189
2012,139,3195,3382,65,72,-7,0,1,7,8.825,1.0794377761833216,0.7836234938405245,1.0124276802024341,0.8314572914438126,0.37028301886792453,0.7548262548262549,0.4384916093615224,0.8462655721217743,0.4172149526178222,0.20155658959652484,0.06274339275149442,0.7881700193588436,0.3706422018348624,0.759075907590759,0.419600986233724,0.8210413198447729,0.26865059065740254,0.1868400440879583,0.03325486197705734,0.86363315067177,0.14856436196041967,65.94119791666667,-0.00030862046104929153,0.05498913934341154
2012,139,3166,3385,67,69,-2,0,0,11,-2.384072580645161,0.9045574109507438,0.845163939407046,0.9317442925480495,0.8224724330262239,0.32405891980360063,0.7117117117117117,0.4013756703312179,0.8325546929260227,0.28789627023789144,0.22948801045781206,0.06263484924774243,0.8033869773913831,0.2780082987551867,0.6814449917898194,0.4144829573900706,0.8420704961381595,0.1179178563681664,0.21141668737644198,0.07657354710957705,0.8199820300368517,0.16997841386972504,66.40912298387097,-0.01705457465514293,-0.05663168600772972
2012,139,3292,3435,46,60,-14,0,0,3,0.16129032258064413,0.9696128958448208,0.817753603873289,1.0283571635769917,0.864506404057799,0.3252647503782148,0.6006825938566553,0.4275964953157388,0.8287608117431468,0.3061017146797565,0.24475732171945921,0.04475314038764935,0.781212403307559,0.36995515695067266,0.7325383304940376,0.46490363708164867,0.8089289279511521,0.2081923154041868,0.2473800053147565,0.06736489669801372,0.8384929908845173,0.09790939927556969,69.80927419354839,-0.033495969193904296,-0.010221746357415018
2012,140,3163,3243,72,26,46,1,0,-7,29.482007575757574,1.113702753709391,0.664982575728758,0.8729843695253152,0.858915815926479,0.35502958579881655,0.7463235294117647,0.47686233140487255,0.8710420864429383,0.3004801092966315,0.21487854621616087,0.09102113870002533,0.7907161261092099,0.287215411558669,0.6842105263157895,0.38394958297407283,0.8572961415606895,0.26977952321866244,0.2179437704524128,0.05278501252811573,0.8051671759369625,0.03070058607796905,67.3341737689394,0.08861966681044009,0.03344094409521248
2012,140,3211,3274,65,54,11,1,0,8,-6.426267281105993,1.0404587317893077,0.8561671052227546,1.007607910433788,0.7528455249525153,0.32413793103448274,0.7196261682242991,0.4461753623458283,0.9117099062629939,0.19542869631483664,0.20156560435561663,0.06333796462557933,0.7965593039870608,0.33274021352313166,0.6946428571428571,0.4193336231691393,0.8811595555813135,0.26639490265302096,0.22758151358921289,0.0717415758941795,0.7791118657454925,-0.07096620633818432,74.42079493087557,-0.0010919225464538496,-0.016712453862569476
2012,140,3246,3453,65,62,3,1,0,-5,-4.566666666666665,0.9733331877407427,0.7798696523201926,1.0334173707265544,0.762037513268508,0.32218309859154926,0.6795827123695976,0.40058446684953286,0.8728943935829095,0.24941377799630673,0.22990097681206942,0.07256365576811753,0.6753775180072737,0.3367003367003367,0.7538726333907056,0.45881548062732735,0.8131130754247174,0.27436192507228013,0.21454645699778097,0.047933321284384,0.6804382174945133,-0.024948147075973398,74.195,-0.046464883397996426,0.09173503907354591
2012,140,3257,3268,68,72,-4,0,0,5,-11.129032258064516,0.9634427874796401,0.8523019427144307,1.1001629053695055,0.8439932561701318,0.32521739130434785,0.7112211221122112,0.41776563015633267,0.8222018265340105,0.2631232600518823,0.2529923906123526,0.07214202931150009,0.8245022383342527,0.3575581395348837,0.7457886676875957,0.47537115819363795,0.873898880921686,0.15521745790696292,0.23056051679842696,0.0774429058452675,0.8816342932294889,0.10790580214491938,71.58104838709677,-0.04000294505924101,-0.036206948329259636
2012,140,3345,3376,61,72,-11,0,0,-1,-2.810483870967742,0.9178628606913404,0.8122173177643875,0.9436627368026616,0.784675555496612,0.3018433179723502,0.7437603993344426,0.3983189737470383,0.8241334688726026,0.1969891452818594,0.23991075729361983,0.08876651260463359,0.8260497340919825,0.2720306513409962,0.5857385398981324,0.3955220190236817,0.9016366065569604,0.25725774913199445,0.22088644554197748,0.07551706495994602,0.7885853562612987,-0.06026860385013505,67.79144405241937,0.01304494864895589,-0.021335030355239537
2012,140,3390,3452,72,55,17,1,0,-7,9.59375,1.107839172046299,0.7899622351461543,0.9378675878250938,0.7617056518841867,0.3100358422939068,0.7670068027210885,0.45429825012014746,0.9098434628303302,0.25001481098695005,0.1847912581495509,0.07594442815814109,0.8672293474729534,0.29568788501026694,0.672316384180791,0.39815767069038477,0.8152505739097149,0.2225455235916552,0.2626639585935233,0.08681537309550034,0.7848763771155798,0.02746928739529486,68.80625,0.022446124452450755,-0.010285777872156343
2012,140,3177,3397,48,63,-15,0,0,5,-6.800000000000001,0.9961242397309024,0.905761285650915,1.066689188819773,0.8721027877792811,0.3448275862068966,0.7331975560081466,0.4395319349712383,0.839555536195695,0.30746691525170433,0.2254038710102004,0.06361002229884191,0.821145533381082,0.35064935064935066,0.696319018404908,0.45081216641781297,0.8649541289520228,0.21959851802686098,0.2170144938861188,0.07436365486823877,0.8649509801446112,0.08786839722484335,71.94955729166666,-0.016363565063830743,-0.045236493918212606
2012,140,3116,3401,59,61,-2,0,0,3,1.7312499999999993,0.9287989406262686,0.7942749802151915,0.9763368595385045,0.8640331168726645,0.2905027932960894,0.6446124763705104,0.38779622867202673,0.88632697038461,0.2707426699417819,0.22050712672725903,0.07305845442785563,0.7801543090207309,0.3028391167192429,0.6560509554140127,0.4227094498396225,0.8886671374318165,0.1446354371067023,0.21196606102477739,0.08413509428901858,0.7659231478061115,0.12610723283507963,68.37177083333333,-0.0033497093477748985,-0.011577061121984977
2012,141,3124,3196,76,57,19,1,0,-8,19.2336265884653,1.118113255339929,0.7434882644563969,0.9645924010296031,0.8554252272599525,0.3231197771587744,0.7082228116710876,0.4888235582985978,0.8593007602968843,0.15448559999131828,0.1968595136799828,0.1296028771437482,0.8913407273784224,0.29159212880143115,0.6455026455026456,0.40668540875882575,0.8875019007378607,0.256451085749092,0.24429977415122622,0.0731175452049287,0.836655900487843,-0.1019654857577737,70.18102394916912,0.0765436508063353,-0.03603593547079875
2012,141,3181,3435,96,80,16,1,0,-5,8.553948832035593,1.0284815484986658,0.7641470273275296,1.0283571635769917,0.864506404057799,0.3710144927536232,0.667300380228137,0.46962539431746786,0.853802967037728,0.16422208995652063,0.2394486845865073,0.10621974053374868,0.7875230963462809,0.36995515695067266,0.7325383304940376,0.46490363708164867,0.8089289279511521,0.2081923154041868,0.2473800053147565,0.06736489669801372,0.8384929908845173,-0.043970225447666184,71.13252224694104,0.009366086347763758,0.0033285430999279164
2012,141,3207,3210,64,76,-12,0,0,1,-3.4187499999999993,0.8690327432912487,0.7507082066810354,0.9765620053354397,0.8170768803355506,0.2948717948717949,0.6632478632478632,0.35021414904344883,0.871722471929866,0.263311940601434,0.2253506173700722,0.0656823022213971,0.7227847592511937,0.3163265306122449,0.6735340729001584,0.43963778637187045,0.842807104994639,0.1701758934972449,0.23478270280912594,0.06494117015438558,0.7871418506174876,0.09313604710418907,70.89778645833333,-0.020866702266485793,-0.026705815033763902
2012,141,3174,3242,64,70,-6,0,0,-8,11.372043010752689,1.0703929257552514,0.8214952406665285,0.9619755346597126,0.8992333450000575,0.3313782991202346,0.8074204946996467,0.45247945962772634,0.8871198055479479,0.16516182606739652,0.20079000381088438,0.0656187257137359,0.8888544615910697,0.3479623824451411,0.6938325991189428,0.4574190960902854,0.8396441633803593,0.1523788251027757,0.2255208837123012,0.07178284094299871,0.8454239391835132,0.012783000964620816,69.0261559139785,0.026849035142335054,0.01515285562752755
2012,141,3143,3323,62,73,-11,0,0,7,-18.363636363636363,0.9655611725974061,0.8390214523764293,1.0863752437733147,0.7158194010422325,0.3007712082262211,0.6102150537634409,0.4192363148272591,0.8703809698622396,0.1613317197877197,0.2279058641213065,0.055513016552159324,0.8069150039080311,0.35049019607843135,0.7653194263363755,0.47444812306405343,0.832390209162354,0.17025579507208,0.22214324073022468,0.081286628619688,0.7451889233565665,-0.008924075284360289,72.75340909090909,-0.041732939868435404,-0.018174558770597815
2012,141,3261,3336,80,90,-10,0,0,1,-5.616379310344827,0.9172813642377983,0.7980058303522956,1.0090329172624086,0.8243999680698126,0.3211009174311927,0.704,0.4438371607510011,0.7581268295422808,0.15225419555794067,0.29467998959231206,0.07993276720407909,0.8396142203542235,0.35656836461126007,0.7259615384615384,0.43478749757607277,0.8566938949828292,0.17239330545706008,0.19373643261301157,0.06357147318731539,0.8428273072198633,-0.020139109899119406,70.84492187500001,0.010200357195192078,0.03555692165022295
2012,141,3265,3382,63,66,-3,0,0,8,-1.59375,0.9636233475202712,0.8150305965932945,1.0124276802024341,0.8314572914438126,0.3200568990042674,0.7448979591836735,0.41839297493064576,0.8251577091612758,0.3294030044517894,0.20633051250738488,0.06853646039767605,0.859584208572726,0.3706422018348624,0.759075907590759,0.419600986233724,0.8210413198447729,0.26865059065740254,0.1868400440879583,0.03325486197705734,0.86363315067177,0.06075241379438684,65.4625,0.00524460302918156,0.026324725269645244
2012,141,3328,3385,70,74,-4,0,0,3,-1.477822580645161,0.9598941201065732,0.8961225316992809,0.9317442925480495,0.8224724330262239,0.34686346863468637,0.7413249211356467,0.4211899369407324,0.8098176064223584,0.23137931807231682,0.23336068721623032,0.06626765342041686,0.8366688856197471,0.2780082987551867,0.6814449917898194,0.4144829573900706,0.8420704961381595,0.1179178563681664,0.21141668737644198,0.07657354710957705,0.8199820300368517,0.11346146170415042,69.64740423387097,0.0017306772686127014,-0.016479107103303803
2012,145,3124,3210,83,68,15,1,0,-3,15.160037878787879,1.118113255339929,0.7434882644563969,0.9765620053354397,0.8170768803355506,0.3231197771587744,0.7082228116710876,0.4888235582985978,0.8593007602968843,0.15448559999131828,0.1968595136799828,0.1296028771437482,0.8913407273784224,0.3163265306122449,0.6735340729001584,0.43963778637187045,0.842807104994639,0.1701758934972449,0.23478270280912594,0.06494117015438558,0.7871418506174876,-0.015690293505926628,71.2460819128788,0.06352521205619127,-0.016919594994322495
2012,145,3181,3385,74,47,27,1,0,-1,13.295884315906562,1.0284815484986658,0.7641470273275296,0.9317442925480495,0.8224724330262239,0.3710144927536232,0.667300380228137,0.46962539431746786,0.853802967037728,0.16422208995652063,0.2394486845865073,0.10621974053374868,0.7875230963462809,0.2780082987551867,0.6814449917898194,0.4144829573900706,0.8420704961381595,0.1179178563681664,0.21141668737644198,0.07657354710957705,0.8199820300368517,0.04630423358835423,69.13978031145717,0.03266658349507118,0.031020671243135456
2012,145,3376,3390,60,76,-16,0,0,4,-12.34375,0.9436627368026616,0.784675555496612,1.107839172046299,0.7899622351461543,0.2720306513409962,0.5857385398981324,0.3955220190236817,0.9016366065569604,0.25725774913199445,0.22088644554197748,0.07551706495994602,0.7885853562612987,0.3100358422939068,0.7670068027210885,0.45429825012014746,0.9098434628303302,0.25001481098695005,0.1847912581495509,0.07594442815814109,0.8672293474729534,0.0072429381450443975,66.81367187500001,-0.04734982783173597,0.028662683255275545
2012,145,3242,3397,73,84,-11,0,0,9,-8.333333333333334,0.9619755346597126,0.8992333450000575,1.066689188819773,0.8721027877792811,0.3479623824451411,0.6938325991189428,0.4574190960902854,0.8396441633803593,0.1523788251027757,0.2255208837123012,0.07178284094299871,0.8454239391835132,0.35064935064935066,0.696319018404908,0.45081216641781297,0.8649541289520228,0.21959851802686098,0.2170144938861188,0.07436365486823877,0.8649509801446112,-0.06721969292408528,70.77250000000001,-0.01256529192871142,-0.039738213040900194
2012,146,3163,3336,77,59,18,1,0,-3,16.334378265412745,1.113702753709391,0.664982575728758,1.0090329172624086,0.8243999680698126,0.35502958579881655,0.7463235294117647,0.47686233140487255,0.8710420864429383,0.3004801092966315,0.21487854621616087,0.09102113870002533,0.7907161261092099,0.35656836461126007,0.7259615384615384,0.43478749757607277,0.8566938949828292,0.17239330545706008,0.19373643261301157,0.06357147318731539,0.8428273072198633,0.1280868038395714,71.5939393939394,0.04864195474855715,0.014134371109987942
2012,146,3211,3246,62,79,-17,0,0,9,-1.7548387096774203,1.0404587317893077,0.8561671052227546,0.9733331877407427,0.7798696523201926,0.32413793103448274,0.7196261682242991,0.4461753623458283,0.9117099062629939,0.19542869631483664,0.20156560435561663,0.06333796462557933,0.7965593039870608,0.32218309859154926,0.6795827123695976,0.40058446684953286,0.8728943935829095,0.24941377799630673,0.22990097681206942,0.07256365576811753,0.6753775180072737,-0.05398508168147009,74.23883064516129,0.034947516838856774,-0.04004703208909621
2012,146,3268,3401,81,74,7,1,0,-1,11.257056451612904,1.1001629053695055,0.8439932561701318,0.9763368595385045,0.8640331168726645,0.3575581395348837,0.7457886676875957,0.47537115819363795,0.873898880921686,0.15521745790696292,0.23056051679842696,0.0774429058452675,0.8816342932294889,0.3028391167192429,0.6560509554140127,0.4227094498396225,0.8886671374318165,0.1446354371067023,0.21196606102477739,0.08413509428901858,0.7659231478061115,0.010582020800260633,70.65871975806452,0.054100433191967556,0.02228270816215605
2012,146,3323,3382,79,35,44,1,0,-4,16.140151515151516,1.0863752437733147,0.7158194010422325,1.0124276802024341,0.8314572914438126,0.35049019607843135,0.7653194263363755,0.47444812306405343,0.832390209162354,0.17025579507208,0.22214324073022468,0.081286628619688,0.7451889233565665,0.3706422018348624,0.759075907590759,0.419600986233724,0.8210413198447729,0.26865059065740254,0.1868400440879583,0.03325486197705734,0.86363315067177,-0.09839479558532255,68.48316761363637,0.03143674640010785,0.08755967104022311
2012,147,3124,3397,77,58,19,1,0,-1,13.078787878787878,1.118113255339929,0.7434882644563969,1.066689188819773,0.8721027877792811,0.3231197771587744,0.7082228116710876,0.4888235582985978,0.8593007602968843,0.15448559999131828,0.1968595136799828,0.1296028771437482,0.8913407273784224,0.35064935064935066,0.696319018404908,0.45081216641781297,0.8649541289520228,0.21959851802686098,0.2170144938861188,0.07436365486823877,0.8649509801446112,-0.0651129180355427,70.27454545454546,0.053492602617170704,-0.021234272086395944
2012,147,3181,3390,69,81,-12,0,0,1,-2.6325431034482776,1.0284815484986658,0.7641470273275296,1.107839172046299,0.7899622351461543,0.3710144927536232,0.667300380228137,0.46962539431746786,0.853802967037728,0.16422208995652063,0.2394486845865073,0.10621974053374868,0.7875230963462809,0.3100358422939068,0.7670068027210885,0.45429825012014746,0.9098434628303302,0.25001481098695005,0.1847912581495509,0.07594442815814109,0.8672293474729534,-0.08579272103042943,70.8587823275862,-0.001795613011908892,0.025280789934398973
2012,148,3163,3246,80,65,15,1,0,-1,15.175757575757574,1.113702753709391,0.664982575728758,0.9733331877407427,0.7798696523201926,0.35502958579881655,0.7463235294117647,0.47686233140487255,0.8710420864429383,0.3004801092966315,0.21487854621616087,0.09102113870002533,0.7907161261092099,0.32218309859154926,0.6795827123695976,0.40058446684953286,0.8728943935829095,0.24941377799630673,0.22990097681206942,0.07256365576811753,0.6753775180072737,0.05106633130032476,72.2726893939394,0.09689014858296618,-0.053269522823132576
2012,148,3268,3323,49,80,-31,0,0,1,-8.289345063538612,1.1001629053695055,0.8439932561701318,1.0863752437733147,0.7158194010422325,0.3575581395348837,0.7457886676875957,0.47537115819363795,0.873898880921686,0.15521745790696292,0.23056051679842696,0.0774429058452675,0.8816342932294889,0.35049019607843135,0.7653194263363755,0.47444812306405343,0.832390209162354,0.17025579507208,0.22214324073022468,0.081286628619688,0.7451889233565665,-0.015038337165117072,72.46766862170088,0.0033142635345251303,0.040001156601531584
2012,153,3124,3390,59,47,12,1,0,0,4.660037878787879,1.118113255339929,0.7434882644563969,1.107839172046299,0.7899622351461543,0.3231197771587744,0.7082228116710876,0.4888235582985978,0.8593007602968843,0.15448559999131828,0.1968595136799828,0.1296028771437482,0.8913407273784224,0.3100358422939068,0.7670068027210885,0.45429825012014746,0.9098434628303302,0.25001481098695005,0.1847912581495509,0.07594442815814109,0.8672293474729534,-0.09552921099563177,69.78631628787879,0.03187978623201054,0.006110690198638302
2012,153,3163,3323,75,83,-8,0,1,0,3.0606060606060588,1.113702753709391,0.664982575728758,1.0863752437733147,0.7158194010422325,0.35502958579881655,0.7463235294117647,0.47686233140487255,0.8710420864429383,0.3004801092966315,0.21487854621616087,0.09102113870002533,0.7907161261092099,0.35049019607843135,0.7653194263363755,0.47444812306405343,0.832390209162354,0.17025579507208,0.22214324073022468,0.081286628619688,0.7451889233565665,0.1302243142245515,70.92007575757576,0.028216168944407205,-0.016391254269918387
2012,155,3124,3323,80,61,19,1,0,0,-0.6363636363636367,1.118113255339929,0.7434882644563969,1.0863752437733147,0.7158194010422325,0.3231197771587744,0.7082228116710876,0.4888235582985978,0.8593007602968843,0.15448559999131828,0.1968595136799828,0.1296028771437482,0.8913407273784224,0.35049019607843135,0.7653194263363755,0.47444812306405343,0.832390209162354,0.17025579507208,0.22214324073022468,0.081286628619688,0.7451889233565665,-0.015770195080761717,71.68901515151515,0.0283879796479648,-0.0042462560562772644
2013,138,3143,3201,90,76,14,1,0,-13,7.838709677419355,1.0231817201342543,0.8197482826541564,0.9781671797401054,0.8773604724372199,0.3034482758620689,0.618840579710145,0.42362826066291354,0.9064892205976053,0.20136642715174968,0.20249777951685538,0.045722699569880426,0.8006546221916956,0.3308931185944363,0.7048458149779736,0.4120076775813504,0.8868708316313606,0.319430299713925,0.20946055970369928,0.038703820711298596,0.8170641813294347,-0.11806387256217532,69.6032258064516,0.025770970740519206,0.01453842110368575
2013,138,3163,3225,105,37,68,1,0,-15,32.33238636363637,1.1633907179177907,0.6967275191295438,0.908678709700413,0.898612346110153,0.3740053050397878,0.7499999999999999,0.49095550458872733,0.8956216318987243,0.3256686724783543,0.2011650856021522,0.10183628727486181,0.8181119993528665,0.3253467843631778,0.682261208576998,0.38064541030443944,0.8501134223562067,0.34114507817942996,0.2274403056886758,0.07017375767634612,0.9020006905106653,-0.015476405701075668,71.63365293560607,0.08822305135835995,0.027937183046449876
2013,138,3166,3393,61,56,5,1,0,3,-7.483870967741935,0.9778990867561201,0.8675819831358126,1.0008558507251697,0.7868734233081079,0.3614609571788413,0.7433155080213903,0.4194663725286781,0.8480008626005452,0.37839438792720737,0.2140284862306979,0.06272508466745158,0.8266877311757904,0.2992248062015504,0.7109375,0.40464167976408943,0.8819697055182026,0.28595646204493075,0.22530901544301232,0.08972023031704997,0.8346301035960509,0.09243792588227662,70.23629032258064,-0.013912473842438766,-0.08703783997413855
2013,138,3208,3285,70,50,20,1,0,-9,3.724731182795699,0.9493329256320798,0.7615213667467119,0.9423617158251594,0.8069111584645499,0.27254509018036066,0.6678571428571428,0.3975953961788705,0.8989065888399319,0.23141967630930813,0.20620972584233374,0.05696347727095121,0.7883428270971258,0.32943469785575047,0.7186311787072243,0.3786102666891655,0.8931665936689551,0.2494104183470434,0.18901090761829473,0.09371506460828503,0.7858552265915918,-0.017990742037735263,69.20018817204301,0.001262676967253018,0.02987302769846001
2013,138,3211,3235,60,72,-12,0,0,7,4.995967741935484,0.9919822498048859,0.7819258650620201,0.9869731093819066,0.8383609864731896,0.3607843137254902,0.625,0.4250584113330527,0.9081742563453311,0.22813896010845483,0.20347694968869504,0.07497401522884511,0.7432972337590671,0.330975954738331,0.8018518518518518,0.4268011990831648,0.7899166823082058,0.3371000517877673,0.25263602839315086,0.04962795071969592,0.8426783826496141,-0.10896109167931248,68.96945564516129,-0.007805346805424274,0.037162040388849515
2013,138,3160,3242,52,67,-15,0,0,-7,9.55483870967742,0.9551722526106035,0.7881363168345418,0.9586554789709903,0.9416180871693947,0.3038277511961722,0.6871794871794872,0.39817000966114546,0.8847023694403745,0.19603218176243062,0.2205203776681384,0.07448330608382583,0.7915906327705506,0.31666666666666665,0.6903460837887067,0.4343244486469989,0.8257725123531231,0.22163283611352377,0.22687442375586656,0.061727632186409837,0.8612414818882549,-0.025600654351093155,70.29961021505376,0.014455222204377893,0.017503988758927225
2013,138,3268,3346,72,52,20,1,0,-9,5.16733870967742,1.062497256203185,0.7925596364227309,0.9581663392694756,0.7580426161542992,0.34190231362467866,0.7225130890052356,0.4781705472243657,0.8549630960425233,0.17565687585854356,0.24121303522994975,0.0652665222655882,0.8176321855923806,0.3522012578616352,0.634493670886076,0.4013534051881182,0.8703793859935608,0.26900969434764616,0.1920231247674763,0.07095297113921302,0.7773028333700546,-0.0933528184891026,72.95252016129032,0.04191080782835116,0.031313968855559704
2013,138,3265,3277,47,55,-8,0,0,7,1.5,0.9741593328523939,0.7912889054574944,0.9470057452900245,0.7682876309815679,0.30447330447330445,0.7901459854014599,0.41396859430534116,0.8071393785792168,0.32850912313598446,0.21539968948603455,0.05222974387801214,0.8396887251239031,0.3187022900763359,0.6710239651416122,0.4056295684437031,0.890795724624473,0.24931037806913495,0.21157129914605138,0.06212904904951365,0.807464434141804,0.07919874506684951,66.20820312500001,0.009611890685832791,0.009084263343023036
2013,138,3151,3304,59,73,-14,0,0,5,6.305443548387096,1.017056161501732,0.792456790256674,0.973460783935405,0.8595470111758171,0.31230283911671924,0.646551724137931,0.4238082812166477,0.8898725070671453,0.2937941818494104,0.1982826523891413,0.04293467798826629,0.8041037281291499,0.31210191082802546,0.748046875,0.40364864923800936,0.8749522403686354,0.29312021904077334,0.2058761277668885,0.04313463231521895,0.851283469352032,0.0006739628086370741,68.51355846774193,0.020620809840483423,0.020690568131733533
2013,138,3141,3328,73,78,-5,0,0,5,3.125,0.997776224717696,0.867525066975051,0.9959007256909879,0.8995450296007093,0.3263598326359833,0.715547703180212,0.42459375183051157,0.8635281916657581,0.3005645881805784,0.21593793129340394,0.07499400301847164,0.8178743138901428,0.36976047904191617,0.7332268370607029,0.42967359922227555,0.8090563004758125,0.2855141582062281,0.22143030858339913,0.05779259702551287,0.8754619261842399,0.015050429974350299,73.878125,-0.013980994856528817,0.006315927805976784
2013,138,3355,3376,52,74,-22,0,0,9,-3.163306451612904,0.9632803073609403,0.8442818176511341,0.9432772822656493,0.7634654535962362,0.3333333333333333,0.7165354330708661,0.42476392335279345,0.7884584396877812,0.26726909294104145,0.2468205494317896,0.05282270128515231,0.7869277697484726,0.2505910165484634,0.5558546433378196,0.3890597386505829,0.8793968219294804,0.21332974240425237,0.2132986102943381,0.06963639563956417,0.8026520958854724,0.05393935053678908,67.34676159274193,0.0019136384489312763,-0.060836963393489873
2013,138,3378,3403,71,70,1,1,0,3,3.225806451612903,0.9280116408201939,0.8007646244126121,0.9712836734371005,0.8630609235672372,0.3306581059390048,0.6841216216216216,0.3753930030435792,0.8884059597786987,0.27197806308824585,0.21861404419260191,0.08264314307244423,0.7749964566136376,0.32677165354330706,0.7087227414330218,0.3940647064681832,0.8590121271050473,0.24596691298898823,0.2082004715414633,0.04016472469661346,0.7830322103327014,0.026011150099257613,70.79274193548386,0.017694719310076046,-0.0053547201378888465
2013,138,3331,3397,62,83,-21,0,0,13,-8.271412680756395,0.9751758880845297,0.901528875849773,1.0416385129173584,0.8655209580753823,0.37424547283702214,0.7249466950959488,0.43401545293909893,0.8315879847331344,0.24376307799723312,0.2235174895903363,0.06653756357085823,0.8114960598674109,0.36009174311926606,0.7607260726072608,0.4493303264910798,0.8654467154223472,0.1894925302481514,0.21191264632897844,0.06238337438718775,0.8807803218977152,0.054270547749081716,72.82684927697441,-0.016643100140899314,-0.022395445898974353
2013,138,3401,3455,71,45,26,1,0,-11,5.666666666666667,0.9963519130864229,0.817035424596614,0.9459479961392515,0.844908255305138,0.3511705685618729,0.6752767527675276,0.45686895021279905,0.871065690562174,0.12939744090505226,0.2089679072267635,0.05794614981957652,0.8433489555762986,0.3,0.6886446886446886,0.4312751287842855,0.8360087710842706,0.1636722044737886,0.21472368514234214,0.08922377869937795,0.7784733699597651,-0.03427476356873635,67.64848484848486,0.0166439097600658,0.007114992534486886
2013,138,3391,3417,49,66,-17,0,0,11,2.788306451612904,1.0224546279365199,0.8564013598985994,0.9291211655242066,0.825914175139609,0.3374340949033392,0.7287784679089028,0.4435007403515057,0.8606858713521668,0.27066502524018005,0.19686669480675048,0.07002425497349339,0.8366073184382499,0.3125,0.6872909698996655,0.4244787206403621,0.8414851167779459,0.13076472008148277,0.25130229525846637,0.05207258632057704,0.7993741878097284,0.13990030515869728,70.35592237903226,0.007819364390404482,-0.024624733696245626
2013,138,3386,3435,54,60,-6,0,0,1,1.387096774193548,0.9518209812707334,0.8110382858216815,0.9589406588401159,0.8421548152786028,0.33182844243792325,0.732,0.4098604185960502,0.8732146012114677,0.2103671769083018,0.20270886028905957,0.06455208021451914,0.8368109690835271,0.3495575221238938,0.7223168654173766,0.43242229731143556,0.8052636266511486,0.21136034212216556,0.24862966869067757,0.061536417135281275,0.8342568646478153,-0.0009931652138637503,68.8116935483871,0.0020778501195874988,-0.00901711213223022
2013,139,3124,3341,82,40,42,1,0,-15,25.02639296187683,1.1248775060611853,0.7583991459769716,0.86473680800018,0.8436244836070932,0.36054421768707484,0.6652110625909753,0.5163491392859937,0.8644126928978115,0.12423913871539505,0.1856321467170098,0.11054723465155404,0.8569537733488788,0.30810810810810807,0.6491862567811935,0.4022729765936512,0.8052659093940787,0.17167942920097665,0.24406455698813864,0.04922132380992053,0.7620183648330177,-0.0474402904855816,70.59254643206256,0.09109042092432085,0.018681847369428906
2013,139,3173,3385,96,90,6,1,2,-3,13.10689655172414,1.0198240722151097,0.7804280473995306,0.9183522066658294,0.839858997489307,0.3428063943161634,0.7174348697394789,0.4393833348830187,0.8678455413726491,0.26366913117934976,0.21637365952635204,0.057000553237486845,0.8121105730271837,0.2815533980582524,0.6866197183098591,0.3967436590977686,0.855743919509353,0.15617609242496508,0.20859475222777382,0.10167422304156438,0.8563170166258021,0.10749303875438468,69.90916666666666,0.027949957770334044,-0.011673446405486732
2013,139,3174,3452,66,53,13,1,0,-5,12.036363636363637,1.0466895337827147,0.803348223708518,0.9117559287384043,0.8602328801873728,0.34729064039408863,0.737012987012987,0.4179603117295799,0.9125440194491228,0.1927478945657302,0.1839278655346069,0.07456515410017486,0.8752532119690102,0.30855018587360594,0.6448763250883391,0.3847796154850254,0.8663846333209066,0.25333345653161876,0.2345688971421424,0.06169759291531227,0.7328353304543452,-0.060585561965888574,67.25507575757575,0.042248838609169614,0.0014634892087000972
2013,139,3181,3214,67,51,16,1,0,-13,5.197916666666668,1.053291685959078,0.7438137930681838,0.9417757743496319,0.6898250324669406,0.42168674698795183,0.7412587412587412,0.46102847856611134,0.861635618079654,0.18167035013403593,0.2316307834096715,0.08718314942437239,0.8138636823254295,0.26678765880217786,0.6705539358600583,0.37991062833627026,0.8865143497324627,0.24330960829503098,0.21063822846967684,0.09072681250213484,0.7659633369400501,-0.06163925816099505,70.1109375,0.02740000941629206,0.0070699758400916135
2013,139,3199,3343,60,44,16,1,0,-1,-8.267281105990781,1.0094637134720237,0.8744323473818478,1.0297539741368227,0.7542025555664408,0.35347432024169184,0.7102102102102101,0.45853255688354144,0.8278826337310139,0.14335083380211003,0.2192359240611177,0.05488488867762332,0.8575142153883732,0.3312368972746332,0.6713709677419354,0.4340908633106563,0.9008623340102034,0.2440745293915609,0.20228343054261716,0.0688993208349635,0.7853191940480109,-0.10072369558945088,72.66152073732718,-0.018941309064658074,0.05234646737008686
2013,139,3234,3274,69,53,16,1,0,1,-1.046370967741935,0.9738672667843788,0.88666992120644,0.9004121834625377,0.8039589020226736,0.3357271095152603,0.7564102564102564,0.4246872344703455,0.8321645298294069,0.2511492912377081,0.2226689700398555,0.09317237833074214,0.8553773845640008,0.2823275862068966,0.7030995106035889,0.38802902410911905,0.8384241985968782,0.20867579927507177,0.2564904387813835,0.07039858919935417,0.83450381073631,0.04247349196263636,71.33188004032257,0.009797352476464738,-0.03923194183795353
2013,139,3246,3298,61,41,20,1,0,-13,12.53125,1.0240081904040157,0.7705785196657721,0.9315806747481336,0.8169988656174153,0.3323170731707317,0.6985172981878089,0.42132107179472283,0.8967351296649373,0.2747551367408861,0.20551587003633454,0.10022327050134801,0.7227081812753705,0.32734806629834257,0.5944055944055944,0.39747640221057323,0.8688913029896673,0.36088083105833735,0.22559105397537954,0.04294037173376547,0.853856831766693,-0.08612569431745126,68.7203125,-0.0014040696531541497,0.052807717688819755
2013,139,3257,3292,74,49,25,1,0,-7,4.0625,1.0100701001428536,0.7972448410469943,0.9849593510519825,0.8300958819972241,0.3087719298245614,0.6972176759410802,0.4377309582551634,0.8477318695775408,0.2520385877424757,0.2303071227687237,0.0653572230195585,0.7751310378583909,0.3034825870646766,0.7099099099099099,0.41399652675286086,0.8724107590801943,0.27237080477485665,0.22910915677674312,0.052092064919208994,0.8005595581460744,-0.020332217032380973,69.84140625,0.020088649261645386,0.008290490343025647
2013,139,3261,3453,75,71,4,1,0,-5,-14.15806451612903,0.9546758681895812,0.8807056755714594,1.035429734975099,0.7366532811746886,0.27793696275071633,0.7076461769115443,0.4298911098073223,0.8185511777337128,0.1572967059151874,0.236850033388406,0.0825925566073653,0.8455891586960455,0.35569422776911075,0.701271186440678,0.4545181250161393,0.8303552024850901,0.32745409624208854,0.20230842063001836,0.04628297889713933,0.7578016235669199,-0.17015739032690114,68.89620967741936,-0.03694476155582277,0.08750458347725121
2013,139,3276,3437,60,52,8,1,0,-1,-1.483870967741935,0.9905712025509187,0.8937829202875353,0.9678032496801872,0.8419803257725014,0.3464991023339318,0.7279596977329974,0.43812933252834635,0.8462519392276173,0.292551671484289,0.2237131126811024,0.057923534908841674,0.8982353964688157,0.3311772315653299,0.6909090909090909,0.3971973650454974,0.8990256966909086,0.4039939899957515,0.17196480881142914,0.07434665699904391,0.8807113539763322,-0.11144231851146247,61.63427419354839,0.011262492563487936,0.019385045337086182
2013,139,3107,3314,54,59,-5,0,0,11,9.04313725490196,1.0022427740904074,0.7255302409169658,0.8933472339651534,0.7750071342209874,0.35903614457831323,0.6637931034482759,0.45153998572755677,0.8227211064349923,0.2054299042384926,0.2528544032459108,0.053584229962231104,0.7605852579254396,0.2948453608247423,0.6384976525821596,0.39971004824378353,0.7936506965062397,0.18543751905781378,0.260671448251139,0.0870969015365538,0.7770204696130879,0.019992385180678834,72.36470588235295,0.03976849419359124,-0.014498019297182418
2013,139,3323,3404,97,64,33,1,0,-15,17.608901515151516,1.0935445830442223,0.7791275442353239,1.023535935100798,0.9465437901349585,0.3316708229426434,0.7972222222222223,0.4570965501123417,0.8718371483808453,0.1698349109624975,0.2117965954148537,0.0660461394095683,0.8020844192741179,0.34177215189873417,0.7705223880597015,0.4186953120386752,0.8642067022799627,0.36774622817244623,0.17843717371439685,0.07102530133575125,0.8409284354891655,-0.19791131720994873,72.93333333333334,0.041325199522892375,0.06037670138401929
2013,139,3177,3329,56,73,-17,0,0,3,-12.54133064516129,0.9618116744597506,0.9493489506435152,1.0520330542526013,0.8487595034445635,0.30386740331491713,0.6875,0.41446036353194227,0.8772693929079888,0.3081655967313182,0.2204594941222528,0.05914231449990406,0.8958190428134494,0.3442211055276382,0.7713717693836978,0.4451524875521556,0.9108901875268385,0.18520884175347233,0.20442338361753795,0.07786179865938662,0.8001358039589157,0.12295675497784589,71.91945564516129,-0.03296569387924292,0.0042246123038442995
2013,139,3142,3336,55,85,-30,0,0,11,-8.538709677419355,0.9532310572741886,0.8528313340462979,1.0012705718720365,0.8111584624001648,0.34743875278396436,0.6679316888045541,0.42271072918937114,0.8584441857119229,0.202423656321811,0.22627383583930757,0.049963457292521385,0.8316696002618642,0.3951612903225807,0.735973597359736,0.42609159525443563,0.8670222810970254,0.17038857916108635,0.20653078193169244,0.08582331061121065,0.7658864427944505,0.03203507716072465,72.62209677419355,-0.006278261846766775,-0.004629740239728841
2013,139,3251,3345,43,77,-34,0,0,9,9.42741935483871,1.0203861359448918,0.7973419910163697,0.9763807235549364,0.8842846613669068,0.33884297520661155,0.7177177177177178,0.4241241887353499,0.8472739847106525,0.22542588743045228,0.27135286051359025,0.07591999784685369,0.8203284321393152,0.3574468085106383,0.7728813559322034,0.4379580096254003,0.8041314792872071,0.21259493690558937,0.24819990833154157,0.06061218827148848,0.8532640766505285,0.01283095052486291,69.54936995967742,0.01365279623209703,0.05026053201827896
2013,139,3390,3409,72,56,16,1,0,-15,18.755681818181817,1.0673541341362294,0.7860597838440526,0.8714100810837028,0.8664766271135806,0.3114446529080675,0.7192660550458716,0.45308933299733684,0.8981808022236155,0.24342366724120915,0.18107768016991216,0.08531576057572597,0.9258379339496684,0.3117408906882591,0.6585365853658537,0.3874205391380245,0.8041082127635013,0.21540436817024233,0.22862917876614533,0.039281718795237376,0.8197334211744062,0.028019299070966813,68.98901515151515,0.07124045323342787,0.035923546847142884
2013,140,3143,3378,82,78,4,1,1,-8,4.806451612903226,1.0231817201342543,0.8197482826541564,0.9280116408201939,0.8007646244126121,0.3034482758620689,0.618840579710145,0.42362826066291354,0.9064892205976053,0.20136642715174968,0.20249777951685538,0.045722699569880426,0.8006546221916956,0.3306581059390048,0.6841216216216216,0.3753930030435792,0.8884059597786987,0.27197806308824585,0.21861404419260191,0.08264314307244423,0.7749964566136376,-0.07061163593649616,72.14435483870967,0.012557627277160921,0.01892720794915559
2013,140,3163,3435,77,44,33,1,0,-7,23.944281524926687,1.1633907179177907,0.6967275191295438,0.9589406588401159,0.8421548152786028,0.3740053050397878,0.7499999999999999,0.49095550458872733,0.8956216318987243,0.3256686724783543,0.2011650856021522,0.10183628727486181,0.8181119993528665,0.3495575221238938,0.7223168654173766,0.43242229731143556,0.8052636266511486,0.21136034212216556,0.24862966869067757,0.061536417135281275,0.8342568646478153,0.11430833035618873,70.0335899315738,0.0646944931344553,0.01202794944837604
2013,140,3208,3235,65,60,5,1,0,-1,3.129032258064516,0.9493329256320798,0.7615213667467119,0.9869731093819066,0.8383609864731896,0.27254509018036066,0.6678571428571428,0.3975953961788705,0.8989065888399319,0.23141967630930813,0.20620972584233374,0.05696347727095121,0.7883428270971258,0.330975954738331,0.8018518518518518,0.4268011990831648,0.7899166823082058,0.3371000517877673,0.25263602839315086,0.04962795071969592,0.8426783826496141,-0.10568037547845918,68.99193548387098,-0.013662834445959171,0.05682565050003752
2013,140,3242,3376,75,69,6,1,0,8,-9.425806451612903,0.9586554789709903,0.9416180871693947,0.9432772822656493,0.7634654535962362,0.31666666666666665,0.6903460837887067,0.4343244486469989,0.8257725123531231,0.22163283611352377,0.22687442375586656,0.061727632186409837,0.8612414818882549,0.2505910165484634,0.5558546433378196,0.3890597386505829,0.8793968219294804,0.21332974240425237,0.2132986102943381,0.06963639563956417,0.8026520958854724,0.008303093709271403,68.2842876344086,-0.007344508742044009,-0.03109671713995288
2013,140,3268,3277,74,49,25,1,0,-1,8.66733870967742,1.062497256203185,0.7925596364227309,0.9470057452900245,0.7682876309815679,0.34190231362467866,0.7225130890052356,0.4781705472243657,0.8549630960425233,0.17565687585854356,0.24121303522994975,0.0652665222655882,0.8176321855923806,0.3187022900763359,0.6710239651416122,0.4056295684437031,0.890795724624473,0.24931037806913495,0.21157129914605138,0.06212904904951365,0.807464434141804,-0.07365350221059139,68.80916078629033,0.040822180119412965,0.06062317812304219
2013,140,3304,3401,74,63,11,1,0,3,-4.168132942326491,0.973460783935405,0.8595470111758171,0.9963519130864229,0.817035424596614,0.31210191082802546,0.748046875,0.40364864923800936,0.8749522403686354,0.29312021904077334,0.2058761277668885,0.04313463231521895,0.851283469352032,0.3511705685618729,0.6752767527675276,0.45686895021279905,0.871065690562174,0.12939744090505226,0.2089679072267635,0.05794614981957652,0.8433489555762986,0.1637227781357211,69.75735581622678,-0.032901196831194635,-0.02417197283850181
2013,140,3328,3417,85,72,13,1,0,3,-0.9375,0.9959007256909879,0.8995450296007093,0.9291211655242066,0.825914175139609,0.36976047904191617,0.7332268370607029,0.42967359922227555,0.8090563004758125,0.2855141582062281,0.22143030858339913,0.05779259702551287,0.8754619261842399,0.3125,0.6872909698996655,0.4244787206403621,0.8414851167779459,0.13076472008148277,0.25130229525846637,0.05207258632057704,0.7993741878097284,0.15474943812474534,72.725,-0.004050740351125348,-0.039194219633049976
2013,140,3166,3397,52,68,-16,0,0,8,-6.354838709677419,0.9778990867561201,0.8675819831358126,1.0416385129173584,0.8655209580753823,0.3614609571788413,0.7433155080213903,0.4194663725286781,0.8480008626005452,0.37839438792720737,0.2140284862306979,0.06272508466745158,0.8266877311757904,0.36009174311926606,0.7607260726072608,0.4493303264910798,0.8654467154223472,0.1894925302481514,0.21191264632897844,0.06238337438718775,0.8807803218977152,0.18890185767905596,71.29838709677419,-0.01914704951078877,-0.05497326183821499
2013,141,3124,3199,85,47,38,1,0,-7,15.929618768328444,1.1248775060611853,0.7583991459769716,1.0094637134720237,0.8744323473818478,0.36054421768707484,0.6652110625909753,0.5163491392859937,0.8644126928978115,0.12423913871539505,0.1856321467170098,0.11054723465155404,0.8569537733488788,0.35347432024169184,0.7102102102102101,0.45853255688354144,0.8278826337310139,0.14335083380211003,0.2192359240611177,0.05488488867762332,0.8575142153883732,-0.01911169508671498,73.71633675464321,0.06416509873600662,-0.0347665148309797
2013,141,3174,3314,78,69,9,1,0,3,6.31283422459893,1.0466895337827147,0.803348223708518,0.8933472339651534,0.7750071342209874,0.34729064039408863,0.737012987012987,0.4179603117295799,0.9125440194491228,0.1927478945657302,0.1839278655346069,0.07456515410017486,0.8752532119690102,0.2948453608247423,0.6384976525821596,0.39971004824378353,0.7936506965062397,0.18543751905781378,0.260671448251139,0.0870969015365538,0.7770204696130879,0.007310375507916411,70.81394830659536,0.019651009485955384,-0.001149815645792085
2013,141,3181,3329,68,59,9,1,0,-5,8.20866935483871,1.053291685959078,0.7438137930681838,1.0520330542526013,0.8487595034445635,0.42168674698795183,0.7412587412587412,0.46102847856611134,0.861635618079654,0.18167035013403593,0.2316307834096715,0.08718314942437239,0.8138636823254295,0.3442211055276382,0.7713717693836978,0.4451524875521556,0.9108901875268385,0.18520884175347233,0.20442338361753795,0.07786179865938662,0.8001358039589157,-0.003538491619436396,71.0460181451613,0.02390316036771256,0.008676151030918788
2013,141,3173,3246,70,84,-14,0,0,5,-1.1368534482758612,1.0198240722151097,0.7804280473995306,1.0240081904040157,0.7705785196657721,0.3428063943161634,0.7174348697394789,0.4393833348830187,0.8678455413726491,0.26366913117934976,0.21637365952635204,0.057000553237486845,0.8121105730271837,0.3323170731707317,0.6985172981878089,0.42132107179472283,0.8967351296649373,0.2747551367408861,0.20551587003633454,0.10022327050134801,0.7227081812753705,-0.011086005561536327,74.180078125,0.02714370403015831,-0.03951473266749983
2013,141,3257,3345,76,63,13,1,0,1,8.71875,1.0100701001428536,0.7972448410469943,0.9763807235549364,0.8842846613669068,0.3087719298245614,0.6972176759410802,0.4377309582551634,0.8477318695775408,0.2520385877424757,0.2303071227687237,0.0653572230195585,0.7751310378583909,0.3574468085106383,0.7728813559322034,0.4379580096254003,0.8041314792872071,0.21259493690558937,0.24819990833154157,0.06061218827148848,0.8532640766505285,0.03944365083688631,70.116796875,0.001575914589296401,0.026083242505837156
2013,141,3261,3336,71,66,5,1,0,3,-8.958064516129031,0.9546758681895812,0.8807056755714594,1.0012705718720365,0.8111584624001648,0.27793696275071633,0.7076461769115443,0.4298911098073223,0.8185511777337128,0.1572967059151874,0.236850033388406,0.0825925566073653,0.8455891586960455,0.3951612903225807,0.735973597359736,0.42609159525443563,0.8670222810970254,0.17038857916108635,0.20653078193169244,0.08582331061121065,0.7658864427944505,-0.013091873245898944,72.82370967741934,-0.005645034059241549,0.03220128390625698
2013,141,3234,3323,57,74,-17,0,0,8,-17.65625,0.9738672667843788,0.88666992120644,1.0935445830442223,0.7791275442353239,0.3357271095152603,0.7564102564102564,0.4246872344703455,0.8321645298294069,0.2511492912377081,0.2226689700398555,0.09317237833074214,0.8553773845640008,0.3316708229426434,0.7972222222222223,0.4570965501123417,0.8718371483808453,0.1698349109624975,0.2117965954148537,0.0660461394095683,0.8020844192741179,0.08131438027521062,71.97421875,-0.01928177880405524,-0.0452405221067238
2013,141,3276,3390,40,73,-33,0,0,7,-13.01173020527859,0.9905712025509187,0.8937829202875353,1.0673541341362294,0.7860597838440526,0.3464991023339318,0.7279596977329974,0.43812933252834635,0.8462519392276173,0.292551671484289,0.2237131126811024,0.057923534908841674,0.8982353964688157,0.3114446529080675,0.7192660550458716,0.45308933299733684,0.8981808022236155,0.24342366724120915,0.18107768016991216,0.08531576057572597,0.9258379339496684,0.049128004243079865,63.87248289345064,-0.04208811330307871,-0.024631316477513043
2013,145,3143,3261,73,63,10,1,0,-4,9.0,1.0231817201342543,0.8197482826541564,0.9546758681895812,0.8807056755714594,0.3034482758620689,0.618840579710145,0.42362826066291354,0.9064892205976053,0.20136642715174968,0.20249777951685538,0.045722699569880426,0.8006546221916956,0.27793696275071633,0.7076461769115443,0.4298911098073223,0.8185511777337128,0.1572967059151874,0.236850033388406,0.0825925566073653,0.8455891586960455,0.044069721236562276,71.08991935483871,0.0006089488776475638,-0.007780014425644133
2013,145,3163,3268,76,50,26,1,0,-3,13.008797653958947,1.1633907179177907,0.6967275191295438,1.062497256203185,0.7925596364227309,0.3740053050397878,0.7499999999999999,0.49095550458872733,0.8956216318987243,0.3256686724783543,0.2011650856021522,0.10183628727486181,0.8181119993528665,0.34190231362467866,0.7225130890052356,0.4781705472243657,0.8549630960425233,0.17565687585854356,0.24121303522994975,0.0652665222655882,0.8176321855923806,0.15001179661981073,71.10375122189639,0.027246376811549622,-0.01600057953740086
2013,145,3208,3390,61,59,2,1,0,3,-5.5601173020527845,0.9493329256320798,0.7615213667467119,1.0673541341362294,0.7860597838440526,0.27254509018036066,0.6678571428571428,0.3975953961788705,0.8989065888399319,0.23141967630930813,0.20620972584233374,0.05696347727095121,0.7883428270971258,0.3114446529080675,0.7192660550458716,0.45308933299733684,0.8981808022236155,0.24342366724120915,0.18107768016991216,0.08531576057572597,0.9258379339496684,-0.01200399093190102,68.00836999022482,-0.051637760123948384,0.009237223612504564
2013,145,3174,3246,62,69,-7,0,0,4,-3.7073863636363633,1.0466895337827147,0.803348223708518,1.0240081904040157,0.7705785196657721,0.34729064039408863,0.737012987012987,0.4179603117295799,0.9125440194491228,0.1927478945657302,0.1839278655346069,0.07456515410017486,0.8752532119690102,0.3323170731707317,0.6985172981878089,0.42132107179472283,0.8967351296649373,0.2747551367408861,0.20551587003633454,0.10022327050134801,0.7227081812753705,-0.0820072421751559,69.34182054924241,0.024729326277485475,-0.00968463743579795
2013,146,3181,3304,53,45,8,1,0,-4,14.305443548387096,1.053291685959078,0.7438137930681838,0.973460783935405,0.8595470111758171,0.42168674698795183,0.7412587412587412,0.46102847856611134,0.861635618079654,0.18167035013403593,0.2316307834096715,0.08718314942437239,0.8138636823254295,0.31210191082802546,0.748046875,0.40364864923800936,0.8749522403686354,0.29312021904077334,0.2058761277668885,0.04313463231521895,0.851283469352032,-0.11144986890673741,70.46980846774193,0.05385475938939821,0.05877840299730652
2013,146,3124,3257,81,82,-1,0,0,-4,12.12215909090909,1.1248775060611853,0.7583991459769716,1.0100701001428536,0.7972448410469943,0.36054421768707484,0.6652110625909753,0.5163491392859937,0.8644126928978115,0.12423913871539505,0.1856321467170098,0.11054723465155404,0.8569537733488788,0.3087719298245614,0.6972176759410802,0.4377309582551634,0.8477318695775408,0.2520385877424757,0.2303071227687237,0.0653572230195585,0.7751310378583909,-0.12779944902708062,71.4127959280303,0.06432046409399717,-0.029831867732757034
2013,146,3242,3323,63,93,-30,0,0,11,-21.29375,0.9586554789709903,0.9416180871693947,1.0935445830442223,0.7791275442353239,0.31666666666666665,0.6903460837887067,0.4343244486469989,0.8257725123531231,0.22163283611352377,0.22687442375586656,0.061727632186409837,0.8612414818882549,0.3316708229426434,0.7972222222222223,0.4570965501123417,0.8718371483808453,0.1698349109624975,0.2117965954148537,0.0660461394095683,0.8020844192741179,0.05179792515102627,72.96291666666667,-0.03361694844565777,-0.044612913571038915
2013,146,3328,3397,59,74,-15,0,0,4,-7.564516129032258,0.9959007256909879,0.8995450296007093,1.0416385129173584,0.8655209580753823,0.36976047904191617,0.7332268370607029,0.42967359922227555,0.8090563004758125,0.2855141582062281,0.22143030858339913,0.05779259702551287,0.8754619261842399,0.36009174311926606,0.7607260726072608,0.4493303264910798,0.8654467154223472,0.1894925302481514,0.21191264632897844,0.06238337438718775,0.8807803218977152,0.0960216279580767,73.93802923387096,-0.011032018415311762,-0.035886079008734584
2013,147,3143,3208,65,62,3,1,1,-2,1.483870967741936,1.0231817201342543,0.8197482826541564,0.9493329256320798,0.7615213667467119,0.3034482758620689,0.618840579710145,0.42362826066291354,0.9064892205976053,0.20136642715174968,0.20249777951685538,0.045722699569880426,0.8006546221916956,0.27254509018036066,0.6678571428571428,0.3975953961788705,0.8989065888399319,0.23141967630930813,0.20620972584233374,0.05696347727095121,0.7883428270971258,-0.030053249157558443,69.88306451612902,0.006429728402288837,0.01598193025429151
2013,147,3163,3246,83,53,30,1,0,-1,13.019886363636367,1.1633907179177907,0.6967275191295438,1.0240081904040157,0.7705785196657721,0.3740053050397878,0.7499999999999999,0.49095550458872733,0.8956216318987243,0.3256686724783543,0.2011650856021522,0.10183628727486181,0.8181119993528665,0.3323170731707317,0.6985172981878089,0.42132107179472283,0.8967351296649373,0.2747551367408861,0.20551587003633454,0.10022327050134801,0.7227081812753705,0.05091353573746821,72.62818418560606,0.07470018007540463,-0.024944308551333116
2013,148,3257,3397,86,78,8,1,0,3,0.904233870967742,1.0100701001428536,0.7972448410469943,1.0416385129173584,0.8655209580753823,0.3087719298245614,0.6972176759410802,0.4377309582551634,0.8477318695775408,0.2520385877424757,0.2303071227687237,0.0653572230195585,0.7751310378583909,0.36009174311926606,0.7607260726072608,0.4493303264910798,0.8654467154223472,0.1894925302481514,0.21191264632897844,0.06238337438718775,0.8807803218977152,0.06254605749432426,72.76420110887096,-0.00608152436819237,0.014385465944181552
2013,148,3181,3323,76,87,-11,0,0,1,-0.5625,1.053291685959078,0.7438137930681838,1.0935445830442223,0.7791275442353239,0.42168674698795183,0.7412587412587412,0.46102847856611134,0.861635618079654,0.18167035013403593,0.2316307834096715,0.08718314942437239,0.8138636823254295,0.3316708229426434,0.7972222222222223,0.4570965501123417,0.8718371483808453,0.1698349109624975,0.2117965954148537,0.0660461394095683,0.8020844192741179,0.011835439171538426,72.8859375,0.015899400489902515,-0.0015775468485677013
2013,153,3163,3323,83,65,18,1,0,0,9.269886363636367,1.1633907179177907,0.6967275191295438,1.0935445830442223,0.7791275442353239,0.3740053050397878,0.7499999999999999,0.49095550458872733,0.8956216318987243,0.3256686724783543,0.2011650856021522,0.10183628727486181,0.8181119993528665,0.3316708229426434,0.7972222222222223,0.4570965501123417,0.8718371483808453,0.1698349109624975,0.2117965954148537,0.0660461394095683,0.8020844192741179,0.1558337615158568,72.31060606060606,0.04534505355039331,-0.029732386382927523
2013,153,3143,3257,57,64,-7,0,0,-3,-0.22681451612903203,1.0231817201342543,0.8197482826541564,1.0100701001428536,0.7972448410469943,0.3034482758620689,0.618840579710145,0.42362826066291354,0.9064892205976053,0.20136642715174968,0.20249777951685538,0.045722699569880426,0.8006546221916956,0.3087719298245614,0.6972176759410802,0.4377309582551634,0.8477318695775408,0.2520385877424757,0.2303071227687237,0.0653572230195585,0.7751310378583909,-0.05067216059072599,70.31097530241935,-0.0068948719599600805,-0.004010052844299006
2013,155,3163,3257,93,60,33,1,0,-4,17.394886363636367,1.1633907179177907,0.6967275191295438,1.0100701001428536,0.7972448410469943,0.3740053050397878,0.7499999999999999,0.49095550458872733,0.8956216318987243,0.3256686724783543,0.2011650856021522,0.10183628727486181,0.8181119993528665,0.3087719298245614,0.6972176759410802,0.4377309582551634,0.8477318695775408,0.2520385877424757,0.2303071227687237,0.0653572230195585,0.7751310378583909,0.07363008473587862,70.65787168560607,0.060731011713949734,-0.02151745885773082
2014,138,3113,3435,69,61,8,1,0,1,-0.6236559139784941,0.9594064096718167,0.8948631970160741,1.0091217847798624,0.9373110175977537,0.32771084337349393,0.6787564766839378,0.4183630323456181,0.807606639516462,0.18524333748231842,0.23082585577643122,0.03807161345211277,0.7834634430832681,0.4024691358024692,0.7444794952681387,0.4609656113102664,0.7821863042900336,0.18907674292794083,0.24222019824941154,0.014200763838636473,0.7905460354880103,-0.003833405445622412,71.755188172043,-0.019612832106440825,0.008347974803125768
2014,138,3124,3443,87,74,13,1,0,-13,12.774621212121211,1.1136370285622574,0.8128721945623661,1.0081163092180607,0.8835787357839345,0.33457943925233646,0.7276119402985074,0.44225116909421686,0.914589285660166,0.21484352359009043,0.16314620962914927,0.0689291492455101,0.8044205664525503,0.3333333333333333,0.724679029957204,0.4340845636941192,0.8321248660211263,0.21579220798826865,0.20503446049720095,0.0598514424627967,0.7818316204439137,-0.0009486843981782178,73.9587949810606,0.027870036589062896,0.014819897518180802
2014,138,3140,3301,72,57,15,1,0,7,-1.09375,0.998955634966015,0.8832104999704466,1.0925153411458546,0.9598783087370306,0.3567567567567568,0.7294117647058823,0.4366925473745002,0.7775255393718836,0.23968302722147936,0.2258024919804719,0.0968598378496405,0.8638237399231773,0.34306569343065696,0.7369281045751634,0.4540216436303032,0.8648691941943554,0.3102214021358694,0.20382177654673972,0.04542991011409918,0.8317298918549652,-0.07053837491439005,70.844921875,0.02349267136201505,-0.05391764928753773
2014,138,3143,3200,64,63,1,1,0,-3,-6.304166666666666,0.9396144029858274,0.8863230981190479,1.02402066939989,0.8414797978576706,0.27839643652561247,0.6606145251396648,0.4003639701719388,0.8463083228498063,0.20174495812675855,0.19853971179272586,0.0456397343355976,0.848354218030769,0.3596358118361153,0.7117516629711752,0.43993726416829004,0.8681542342714856,0.3144842581043414,0.20287262323018404,0.03812424953767413,0.8617423528573994,-0.11273929997758284,70.272890625,-0.030912699024504442,0.02099387326036528
2014,138,3177,3328,104,100,4,1,0,-3,4.213068181818182,1.0832874497528382,0.9149457277840269,1.0215586383102888,0.8924769345664161,0.35447761194029853,0.6741889985895627,0.4509373436557735,0.8707480836594329,0.31440864025532733,0.18702013721837468,0.04416333117131813,0.7661844079510856,0.32591414944356123,0.7428571428571429,0.43940483092022353,0.8000319700491625,0.26093398688596997,0.21242145896687845,0.05726742456410654,0.7867164127875397,0.05347465336935736,76.37573390151516,-0.025863577887041578,0.028567338134301345
2014,138,3181,3457,87,45,42,1,0,-13,6.645833333333332,1.0806888163577575,0.8710620688200585,0.9824238319691163,0.8429523383365922,0.40774487471526194,0.6604046242774566,0.4990476729488864,0.824894560473329,0.17981753523550195,0.234215139540385,0.09344120823914903,0.8599980352137636,0.28743961352657005,0.6957878315132605,0.42195081678937774,0.8759250726184921,0.1861340647348249,0.20055377601389776,0.07232882272925703,0.8749752548071441,-0.006316529499322959,72.2041074810606,0.0303281150822009,0.01191236816436303
2014,138,3199,3235,55,44,11,1,0,3,-2.8053763440860218,0.940372336532264,0.8656457906806126,1.063653064000744,0.9352156265522407,0.2889908256880734,0.6536731634182908,0.4305171731060261,0.8177977560931636,0.18741687804075152,0.2560645914937686,0.06074950586291269,0.7919743006344386,0.33709273182957394,0.8044776119402984,0.415907019971536,0.8151389422859386,0.3850244220912858,0.18501047303433837,0.05093054614866319,0.8563425045581761,-0.19760754405053427,72.21424731182796,0.011276539998080648,0.06769881508883369
2014,138,3246,3460,106,60,46,1,0,-11,5.424242424242424,1.0210121749211394,0.8685743428753032,1.0585414854217439,0.9559542639548994,0.33840304182509506,0.6695331695331695,0.4325161527861328,0.8569169994313749,0.20997646370917852,0.19826168794956864,0.06204493498165543,0.7725227381350543,0.32967032967032966,0.7228327228327228,0.4144596058629948,0.8806445329256194,0.3152405393848723,0.153022156011491,0.03609663372382592,0.769949267789178,-0.10526407567569376,79.13080018939394,0.03710516984406492,0.015870391383805083
2014,138,3201,3304,55,74,-19,0,0,9,-7.449462365591398,0.9705098245000107,0.9000885598897472,1.0639579055095214,0.889380302008678,0.3453996983408748,0.7422680412371134,0.40860865137717867,0.8169794034140997,0.30928929585984116,0.20962639050878232,0.043769031363999386,0.8335239074207333,0.3603305785123967,0.7925801011804385,0.44948717188869686,0.8456834329715905,0.27474613424827826,0.1826303108785758,0.0452630173217256,0.8632970803067662,0.0345431616115629,71.71301075268818,-0.022189859695404213,0.03594396100112213
2014,138,3323,3352,93,42,51,1,0,-15,19.96875,1.161913659974839,0.819850533544669,0.9857694890833038,0.9135547030100182,0.40648379052369077,0.7521739130434782,0.5144601806503235,0.858816703212586,0.16821456613065597,0.19317520238748143,0.06737650461476166,0.8261936167094349,0.3408695652173913,0.6781437125748503,0.41673690075312286,0.8492270184385743,0.25299113870416684,0.22657425857792,0.06134944847345668,0.8046022695424216,-0.08477657257351087,72.78203125,0.05450687199135518,0.017325516831645738
2014,138,3195,3329,60,61,-1,0,1,7,-0.2521994134897376,1.004585673659712,0.8555008553417855,0.9947127589714515,0.8506070616277794,0.3497942386831276,0.6666666666666666,0.4123819870953174,0.8264464333612989,0.4244607232417691,0.19062656577194403,0.07602843417279258,0.8052642949618479,0.3170731707317073,0.6832797427652733,0.4247133177500346,0.8687032803091771,0.20430931078154885,0.19604434430964565,0.04867596519284517,0.8157819582508016,0.22015141246022024,70.4988880742913,-0.012892616892875908,-0.039227762146168965
2014,138,3103,3345,55,84,-29,0,0,9,2.7541713014460507,1.0866119758222716,0.9637264156745207,1.0139188570399895,0.9294788369829807,0.3367875647668394,0.7768361581920904,0.4524511050867139,0.851571887074137,0.24420399417343683,0.19156956805928974,0.03886028396505781,0.8503107203661355,0.3805825242718447,0.7858293075684379,0.41849979191373676,0.8309742843365618,0.24171565574112946,0.21666495129793747,0.07454171222487593,0.8481388037086169,0.002488338432307363,74.97381813125696,0.0229143731467899,0.007886170028661543
2014,138,3385,3425,71,68,3,1,0,-1,2.077205882352941,0.9545402980720872,0.8954109336055863,0.9388976059676903,0.8974938767955818,0.34492753623188405,0.635846372688478,0.4337306650063317,0.8104844201594362,0.15412721427280762,0.21829226966690837,0.057902730282618935,0.8223307065242992,0.3422680412371134,0.6666666666666666,0.4126604151126127,0.8183103948405258,0.20197458319690306,0.21799016617876307,0.048442818368507126,0.8100305095633484,-0.04784736892409544,70.5409237132353,0.008240323165256025,1.679455315495293e-05
2014,138,3377,3390,62,81,-19,0,0,13,-16.733333333333334,1.0305137954275916,1.0179418058811835,1.1058625270203848,0.8499147672933227,0.3320388349514563,0.7533333333333333,0.4239400806784785,0.8236989618568746,0.23558254464797257,0.1999075584469195,0.042725166994270286,0.8416587610267959,0.37163375224416517,0.693200663349917,0.4747858196001378,0.8781647663720741,0.24734887780352074,0.17853415670955897,0.05954000404147668,0.8869362904224214,-0.011766333155548175,71.86497395833334,-0.06396829210788813,0.011769431341564163
2014,138,3151,3393,53,59,-6,0,0,5,4.512096774193548,1.0349503294971254,0.8276801605883256,1.0247354242181945,0.8815998762853139,0.3180952380952381,0.7272727272727273,0.45234759160649163,0.8645480841277918,0.24242690580811935,0.18695365659404645,0.08852073290230035,0.8022166655817686,0.31874145006839943,0.7280405405405405,0.3983751136592032,0.9115800856727919,0.33152406279515495,0.19386324263126073,0.07464203707890812,0.8162463389683505,-0.0890971569870356,69.95522933467743,0.027205117584495897,-0.08388057609849542
2014,138,3322,3397,46,70,-24,0,0,15,-14.436491935483872,0.9733589348913724,0.9489628708991475,1.0689845602372676,0.8632453951466628,0.32495164410058025,0.660958904109589,0.4268269410518914,0.8262674529972351,0.25540261500650147,0.19539569116007904,0.04329385010325785,0.8866936460838029,0.361244019138756,0.7095435684647303,0.4635201771086224,0.853186461939865,0.177734025267743,0.22370848604198942,0.05975510714500982,0.8621751819751574,0.07766858973875845,69.77317288306452,-0.034386446887597955,-0.04572092538006162
2014,139,3163,3341,87,44,43,1,0,-15,40.15749525616698,1.1811783527801085,0.6733256027597598,0.8544050870535979,0.912257462435542,0.36994219653179194,0.7591240875912408,0.5050009601680012,0.891025516114599,0.2923962115744146,0.16812307762187503,0.13623194277913206,0.866305449564686,0.2946236559139785,0.6987012987012987,0.35695396038241456,0.7992755756886345,0.19858339103254222,0.2342590595464938,0.0662318153391747,0.7809156140782455,0.09381282054187237,73.19250474383301,0.12166495905676833,-0.03245386811505874
2014,139,3173,3196,69,83,-14,0,0,-5,4.365591397849463,1.0200458868578075,0.9084023826579967,0.9833412493990596,0.9260967358841581,0.34435797665369655,0.7639097744360902,0.44856248811957405,0.8251834717014589,0.2144819566504417,0.211166675762119,0.06773531021233764,0.8437659707377219,0.32899628252788105,0.7096317280453257,0.44342347128739074,0.7866363505433877,0.22729407073567207,0.21908520625148273,0.04702649644697695,0.8186198169646655,-0.012812114085230364,78.20087365591398,0.012772482175481548,-0.017420410327380842
2014,139,3234,3265,87,65,22,1,0,-5,-3.6541889483065955,1.0609492228707196,0.9330044594589241,1.0743963176831686,0.8738072117201483,0.335243553008596,0.744055944055944,0.46352608750523283,0.8184284525757234,0.27852660533080537,0.19021863108547307,0.07780030331738166,0.8289563988519975,0.3767019667170953,0.7478991596638657,0.4695180700034262,0.7741234563826389,0.29845664292772295,0.18539930879876745,0.05102999507187086,0.855797813703377,-0.019930037596917582,70.97536764705882,-0.013362247791569415,0.04203116587581218
2014,139,3211,3241,63,72,-9,0,0,-5,-0.9090909090909065,1.0673094229655369,0.7900639509355794,1.0647120311611442,0.7720000335606689,0.3234265734265735,0.6847826086956521,0.43407814780068604,0.9268325917351811,0.2471768662821753,0.1853620164175548,0.08005592092905638,0.7450505010298749,0.33983739837398375,0.7356321839080461,0.42991959664874585,0.8770530800530497,0.263469548024312,0.21308515862752986,0.10395950402930133,0.7680485210965757,-0.01629268174213669,70.68939393939394,-0.009178767559080148,0.0034803603785806825
2014,139,3225,3257,42,88,-46,0,0,11,-7.48671726755218,1.0301053413869856,0.8627669403172009,1.05720592799297,0.8099127150835593,0.33008526187576126,0.7007168458781362,0.4146297907873477,0.8838358245546977,0.3684888432171486,0.16692259157448675,0.062359961926132544,0.8925413973182893,0.34850863422291994,0.6675567423230974,0.4544002510365847,0.8520426500656315,0.2515517227748556,0.2125535088989624,0.054549354629374054,0.7895236478871953,0.11693712044229299,73.22994544592031,-0.011756010721875931,-0.052758553545596665
2014,139,3210,3261,78,98,-20,0,0,3,3.548387096774193,1.013583261948334,0.9120818716794908,0.9648548663313976,0.8981800342140301,0.3189493433395872,0.6662125340599455,0.43281771686552994,0.8727071358689795,0.22096479996742874,0.21485072108025677,0.059344629985086945,0.7851329547373554,0.3477088948787062,0.7131901840490797,0.42236154220173117,0.8298963757523843,0.167203292900541,0.23562490804539313,0.06954821723299542,0.7888899112999643,0.05376150706688773,75.24758064516129,-0.0017562907512650439,0.005596131866121401
2014,139,3119,3268,52,90,-38,0,0,9,-13.494623655913976,1.0217978225405995,0.8862492310314825,1.133275650968549,0.8635612665440712,0.37093690248565964,0.7328990228013029,0.4126232981085875,0.8538784453303512,0.26365368546729856,0.19712231467464408,0.0489226406253853,0.7935113513242038,0.3611738148984198,0.7391304347826088,0.49163301267597276,0.8756712193673609,0.2034083380431343,0.20278335750405926,0.05151906141948137,0.8196787921498501,0.060245347424164264,68.82135752688171,-0.03562140999177277,-0.03561394567455167
2014,139,3214,3277,61,91,-30,0,0,7,5.578629032258064,0.9656879722868384,0.7634419137265649,1.0139058112722399,0.8813214459539396,0.30141287284144425,0.6204379562043796,0.3773699691763507,0.8980253039973424,0.27260000715198535,0.1912752266396936,0.08112664122197598,0.7940173308426566,0.34275618374558303,0.7116357504215852,0.44732254567462115,0.8307737217434162,0.25265601136416943,0.2167935271055768,0.07568903946510327,0.829887563768726,0.019943995787815916,72.90098286290323,-0.006161319511129082,0.056724756890689676
2014,139,3314,3404,60,58,2,1,0,-9,1.956989247311828,1.030162853973386,0.8440410938475852,1.1067513109816571,0.9422677227034306,0.32573289902280134,0.6670918367346939,0.4504492620209909,0.8337157772444135,0.24166236845516717,0.21962763929587537,0.0767128234739911,0.7902059693642243,0.3595933926302414,0.7493403693931399,0.4529955176942535,0.8354795303171156,0.3345198334431198,0.16194159741940173,0.045257438013236076,0.7637562058943473,-0.09285746498795264,77.42866568914957,0.040130497208015814,0.06859857558732019
2014,139,3292,3333,36,55,-19,0,0,-1,3.767992424242424,0.9943092144612357,0.8068030375402232,1.0144618566158727,0.8795403441071826,0.28183118741058655,0.6297662976629766,0.40308487240100327,0.8466270231256159,0.3113398567872937,0.2139027074949524,0.03325594609328336,0.8146805551325154,0.36879432624113473,0.654485049833887,0.43783503628804693,0.8232376260704679,0.3190438427521567,0.2357426153005093,0.09664415691679336,0.9139914339163187,-0.007703985964862992,68.76607481060606,-0.025335515673963083,0.02287909340275862
2014,139,3336,3455,62,56,6,1,0,-11,-5.478448275862069,0.9849098879460406,0.8782123491584839,1.028462984417294,0.8232498327902826,0.3170731707317073,0.7782485875706214,0.42012011098161506,0.8294462765556441,0.14780624355215868,0.21001803046653025,0.07690164222361756,0.8084540545438369,0.31263858093126384,0.6962406015037594,0.44677447057451836,0.8509133653942957,0.203467784603599,0.19278061190685147,0.08908756737876228,0.7355183522261964,-0.055661541051440305,73.36744342672415,-0.010752067714636548,-0.019129735849076734
2014,139,3169,3376,58,73,-15,0,0,15,-16.190524193548388,0.9558238745460853,0.9137972913347884,1.0723397026469978,0.8077099510094115,0.32724719101123595,0.688588007736944,0.398107492286151,0.8793147476873684,0.3104220644785948,0.21508614154359007,0.067279072037464,0.8323917984360366,0.3455056179775281,0.6682634730538922,0.48516234605612896,0.7772498929605397,0.16953865145692956,0.21239344853386885,0.12074111983141353,0.8764980892552441,0.1408834130216652,70.38650453629032,-0.06336431521516606,0.008437346485040798
2014,139,3208,3386,57,67,-10,0,0,-1,-0.516129032258065,0.9434224324624542,0.8389597866300085,1.0256216425739677,0.9004890380634402,0.2985611510791367,0.6247723132969034,0.4147171880465345,0.8625173745473755,0.257560728674769,0.22968126897009064,0.05250106621031648,0.7629800148311678,0.3490990990990991,0.8021390374331551,0.4372613685956072,0.857714925442108,0.20110744246634646,0.1737973010077363,0.05290918991862795,0.8408735795258871,0.05645328620842252,70.47177419354838,-0.010476005667938104,0.02131078494041927
2014,139,3335,3400,61,79,-18,0,0,7,-0.5892857142857135,0.9551000436498878,0.817629270700181,0.976014573003784,0.8430696618501741,0.3184855233853007,0.7065767284991569,0.4097416592698697,0.810498397647095,0.2351514984092052,0.2076509031840156,0.09074897692878377,0.9041020125810232,0.3651452282157676,0.6784,0.4349224167701557,0.8205488981915942,0.21073282618259973,0.2555420224200319,0.07175318179565374,0.8254921090469741,0.024418672226605487,69.88510044642857,-0.01049675386417065,-0.02654106375411558
2014,139,3315,3401,55,70,-15,0,0,11,-6.318965517241379,0.9608407517045344,0.889103661431207,0.9860845739073435,0.828024873521404,0.296969696969697,0.7271557271557272,0.4184909381725057,0.7693020489146201,0.1625645027026337,0.26409774453824364,0.0865216237811342,0.8441213560013274,0.30522088353413657,0.696875,0.45316200325775224,0.8391869427383267,0.10891250105677272,0.21848508671369715,0.0830516849308409,0.8372325762278624,0.05365200164586098,71.54278017241379,-0.0257527200985479,0.0017367147085527446
2014,139,3107,3452,61,76,-15,0,0,13,1.6714015151515156,1.0397359265053838,0.8044390884985072,1.051042869489223,0.8306438437202556,0.30678466076696165,0.6776034236804565,0.47419773005360344,0.8215451453229442,0.15525603110051941,0.24177926369068004,0.04488809181400038,0.7626704179045334,0.3310924369747899,0.6941457586618877,0.434434273570293,0.8295183346296084,0.25854905654567123,0.20257379693081623,0.079774646527219,0.8001155639287116,-0.10329302544515181,69.66078361742424,0.018278091863409784,0.01841914141139156
2014,140,3124,3143,75,56,19,1,0,-5,17.578787878787878,1.1136370285622574,0.8128721945623661,0.9396144029858274,0.8863230981190479,0.33457943925233646,0.7276119402985074,0.44225116909421686,0.914589285660166,0.21484352359009043,0.16314620962914927,0.0689291492455101,0.8044205664525503,0.27839643652561247,0.6606145251396648,0.4003639701719388,0.8463083228498063,0.20174495812675855,0.19853971179272586,0.0456397343355976,0.848354218030769,0.01309856546333188,75.2910606060606,0.03727853752181204,0.03837076385466198
2014,140,3140,3304,80,76,4,1,0,8,-4.016129032258064,0.998955634966015,0.8832104999704466,1.0639579055095214,0.889380302008678,0.3567567567567568,0.7294117647058823,0.4366925473745002,0.7775255393718836,0.23968302722147936,0.2258024919804719,0.0968598378496405,0.8638237399231773,0.3603305785123967,0.7925801011804385,0.44948717188869686,0.8456834329715905,0.27474613424827826,0.1826303108785758,0.0452630173217256,0.8632970803067662,-0.035063107026798906,71.80303679435484,0.014499800050369216,0.02242952625152206
2014,140,3177,3181,74,65,9,1,0,5,-3.1515151515151505,1.0832874497528382,0.9149457277840269,1.0806888163577575,0.8710620688200585,0.35447761194029853,0.6741889985895627,0.4509373436557735,0.8707480836594329,0.31440864025532733,0.18702013721837468,0.04416333117131813,0.7661844079510856,0.40774487471526194,0.6604046242774566,0.4990476729488864,0.824894560473329,0.17981753523550195,0.234215139540385,0.09344120823914903,0.8599980352137636,0.13459110501982538,75.79507575757576,-0.06148871758231855,-0.03662689653510176
2014,140,3246,3393,64,59,5,1,0,-3,3.387096774193548,1.0210121749211394,0.8685743428753032,1.0247354242181945,0.8815998762853139,0.33840304182509506,0.6695331695331695,0.4325161527861328,0.8569169994313749,0.20997646370917852,0.19826168794956864,0.06204493498165543,0.7725227381350543,0.31874145006839943,0.7280405405405405,0.3983751136592032,0.9115800856727919,0.33152406279515495,0.19386324263126073,0.07464203707890812,0.8162463389683505,-0.12154759908597643,75.43374495967743,0.00823657080773288,-0.030150969729705213
2014,140,3113,3323,67,84,-17,0,0,8,-20.91532258064516,0.9594064096718167,0.8948631970160741,1.161913659974839,0.819850533544669,0.32771084337349393,0.6787564766839378,0.4183630323456181,0.807606639516462,0.18524333748231842,0.23082585577643122,0.03807161345211277,0.7834634430832681,0.40648379052369077,0.7521739130434782,0.5144601806503235,0.858816703212586,0.16821456613065597,0.19317520238748143,0.06737650461476166,0.8261936167094349,0.017028771351662447,73.56232358870967,-0.07668669875983725,-0.012625089573445658
2014,140,3329,3345,73,66,7,1,0,1,4.850945494994439,0.9947127589714515,0.8506070616277794,1.0139188570399895,0.9294788369829807,0.3170731707317073,0.6832797427652733,0.4247133177500346,0.8687032803091771,0.20430931078154885,0.19604434430964565,0.04867596519284517,0.8157819582508016,0.3805825242718447,0.7858293075684379,0.41849979191373676,0.8309742843365618,0.24171565574112946,0.21666495129793747,0.07454171222487593,0.8481388037086169,-0.03740634495958062,72.36333426028921,0.02286961558999545,-0.0131358059814497
2014,140,3199,3390,44,63,-19,0,0,8,-11.338709677419356,0.940372336532264,0.8656457906806126,1.1058625270203848,0.8499147672933227,0.2889908256880734,0.6536731634182908,0.4305171731060261,0.8177977560931636,0.18741687804075152,0.2560645914937686,0.06074950586291269,0.7919743006344386,0.37163375224416517,0.693200663349917,0.4747858196001378,0.8781647663720741,0.24734887780352074,0.17853415670955897,0.05954000404147668,0.8869362904224214,-0.05993199976276922,72.80422127016129,-0.044968908842141775,0.04143073491635019
2014,140,3385,3397,51,67,-16,0,0,7,-10.65625,0.9545402980720872,0.8954109336055863,1.0689845602372676,0.8632453951466628,0.34492753623188405,0.635846372688478,0.4337306650063317,0.8104844201594362,0.15412721427280762,0.21829226966690837,0.057902730282618935,0.8223307065242992,0.361244019138756,0.7095435684647303,0.4635201771086224,0.853186461939865,0.177734025267743,0.22370848604198942,0.05975510714500982,0.8621751819751574,-0.02360681099493539,71.83359375,-0.02856413301633165,-0.043086204653025484
2014,141,3163,3386,91,52,39,1,0,-8,27.286527514231494,1.1811783527801085,0.6733256027597598,1.0256216425739677,0.9004890380634402,0.36994219653179194,0.7591240875912408,0.5050009601680012,0.891025516114599,0.2923962115744146,0.16812307762187503,0.13623194277913206,0.866305449564686,0.3490990990990991,0.8021390374331551,0.4372613685956072,0.857714925442108,0.20110744246634646,0.1737973010077363,0.05290918991862795,0.8408735795258871,0.09128876910806813,70.38161764705882,0.07265973454949742,0.00213516352177745
2014,141,3234,3257,53,83,-30,0,0,3,-9.38235294117647,1.0609492228707196,0.9330044594589241,1.05720592799297,0.8099127150835593,0.335243553008596,0.744055944055944,0.46352608750523283,0.8184284525757234,0.27852660533080537,0.19021863108547307,0.07780030331738166,0.8289563988519975,0.34850863422291994,0.6675567423230974,0.4544002510365847,0.8520426500656315,0.2515517227748556,0.2125535088989624,0.054549354629374054,0.7895236478871953,0.026974882555949764,74.46176470588236,-0.01064032498076889,-0.03752272771690157
2014,141,3261,3452,76,67,9,1,0,5,-10.194525904203324,0.9648548663313976,0.8981800342140301,1.051042869489223,0.8306438437202556,0.3477088948787062,0.7131901840490797,0.42236154220173117,0.8298963757523843,0.167203292900541,0.23562490804539313,0.06954821723299542,0.7888899112999643,0.3310924369747899,0.6941457586618877,0.434434273570293,0.8295183346296084,0.25854905654567123,0.20257379693081623,0.079774646527219,0.8001155639287116,-0.09134576364513022,71.173472629521,-0.02279599073492372,0.030149118759657534
2014,141,3268,3400,69,64,5,1,0,-1,11.458333333333332,1.133275650968549,0.8635612665440712,0.976014573003784,0.8430696618501741,0.3611738148984198,0.7391304347826088,0.49163301267597276,0.8756712193673609,0.2034083380431343,0.20278335750405926,0.05151906141948137,0.8196787921498501,0.3651452282157676,0.6784,0.4349224167701557,0.8205488981915942,0.21073282618259973,0.2555420224200319,0.07175318179565374,0.8254921090469741,-0.007324488139465429,72.39763020833334,0.00847532195902373,0.017436983644168236
2014,141,3277,3314,53,62,-9,0,0,1,-5.18279569892473,1.0139058112722399,0.8813214459539396,1.030162853973386,0.8440410938475852,0.34275618374558303,0.7116357504215852,0.44732254567462115,0.8307737217434162,0.25265601136416943,0.2167935271055768,0.07568903946510327,0.829887563768726,0.32573289902280134,0.6670918367346939,0.4504492620209909,0.8337157772444135,0.24166236845516717,0.21962763929587537,0.0767128234739911,0.7902059693642243,0.01099364290900226,75.48713343108506,-0.011286020628098137,-0.06120961749695175
2014,141,3196,3336,61,83,-22,0,0,8,-3.9288097886540596,0.9833412493990596,0.9260967358841581,0.9849098879460406,0.8782123491584839,0.32899628252788105,0.7096317280453257,0.44342347128739074,0.7866363505433877,0.22729407073567207,0.21908520625148273,0.04702649644697695,0.8186198169646655,0.3170731707317073,0.7782485875706214,0.42012011098161506,0.8294462765556441,0.14780624355215868,0.21001803046653025,0.07690164222361756,0.8084540545438369,0.07948782718351338,76.64318687430479,-0.005291602305643739,0.023444838009103686
2014,141,3333,3376,69,78,-9,0,0,8,-9.440524193548388,1.0144618566158727,0.8795403441071826,1.0723397026469978,0.8077099510094115,0.36879432624113473,0.654485049833887,0.43783503628804693,0.8232376260704679,0.3190438427521567,0.2357426153005093,0.09664415691679336,0.9139914339163187,0.3455056179775281,0.6682634730538922,0.48516234605612896,0.7772498929605397,0.16953865145692956,0.21239344853386885,0.12074111983141353,0.8764980892552441,0.14950519129522713,68.98611391129032,-0.027395287223634046,0.003243738012269848
2014,141,3241,3401,69,85,-16,0,0,8,9.083333333333332,1.0647120311611442,0.7720000335606689,0.9860845739073435,0.828024873521404,0.33983739837398375,0.7356321839080461,0.42991959664874585,0.8770530800530497,0.263469548024312,0.21308515862752986,0.10395950402930133,0.7680485210965757,0.30522088353413657,0.696875,0.45316200325775224,0.8391869427383267,0.10891250105677272,0.21848508671369715,0.0830516849308409,0.8372325762278624,0.15455704696753927,71.10804924242424,-0.001121031101777692,0.00556168844794469
2014,145,3124,3246,90,72,18,1,0,-1,9.212121212121211,1.1136370285622574,0.8128721945623661,1.0210121749211394,0.8685743428753032,0.33457943925233646,0.7276119402985074,0.44225116909421686,0.914589285660166,0.21484352359009043,0.16314620962914927,0.0689291492455101,0.8044205664525503,0.33840304182509506,0.6695331695331695,0.4325161527861328,0.8569169994313749,0.20997646370917852,0.19826168794956864,0.06204493498165543,0.7725227381350543,0.004867059880911906,77.23496685606061,0.029340435047682356,-0.0007503278496705512
2014,145,3140,3163,51,70,-19,0,0,11,-27.205882352941174,0.998955634966015,0.8832104999704466,1.1811783527801085,0.6733256027597598,0.3567567567567568,0.7294117647058823,0.4366925473745002,0.7775255393718836,0.23968302722147936,0.2258024919804719,0.0968598378496405,0.8638237399231773,0.36994219653179194,0.7591240875912408,0.5050009601680012,0.891025516114599,0.2923962115744146,0.16812307762187503,0.13623194277913206,0.866305449564686,-0.05271318435293523,71.14997702205883,-0.05824771755034247,-0.0160048564095695
2014,145,3323,3329,89,72,17,1,0,-4,14.463709677419354,1.161913659974839,0.819850533544669,0.9947127589714515,0.8506070616277794,0.40648379052369077,0.7521739130434782,0.5144601806503235,0.858816703212586,0.16821456613065597,0.19317520238748143,0.06737650461476166,0.8261936167094349,0.3170731707317073,0.6832797427652733,0.4247133177500346,0.8687032803091771,0.20430931078154885,0.19604434430964565,0.04867596519284517,0.8157819582508016,-0.03609474465089288,72.88087197580646,0.04135288130147691,0.026301397018233086
2014,145,3177,3401,65,84,-19,0,0,4,1.9318181818181817,1.0832874497528382,0.9149457277840269,0.9860845739073435,0.828024873521404,0.35447761194029853,0.6741889985895627,0.4509373436557735,0.8707480836594329,0.31440864025532733,0.18702013721837468,0.04416333117131813,0.7661844079510856,0.30522088353413657,0.696875,0.45316200325775224,0.8391869427383267,0.10891250105677272,0.21848508671369715,0.0830516849308409,0.8372325762278624,0.2054961391985546,74.50464015151516,-0.04262617961692872,-0.014665260761426602
2014,146,3257,3261,73,47,26,1,0,-4,13.680265654648956,1.05720592799297,0.8099127150835593,0.9648548663313976,0.8981800342140301,0.34850863422291994,0.6675567423230974,0.4544002510365847,0.8520426500656315,0.2515517227748556,0.2125535088989624,0.054549354629374054,0.7895236478871953,0.3477088948787062,0.7131901840490797,0.42236154220173117,0.8298963757523843,0.167203292900541,0.23562490804539313,0.06954821723299542,0.7888899112999643,0.0843484298743146,73.30494544592031,0.025532583005735077,-0.018227327188635956
2014,146,3268,3397,73,62,11,1,0,3,5.864583333333332,1.133275650968549,0.8635612665440712,1.0689845602372676,0.8632453951466628,0.3611738148984198,0.7391304347826088,0.49163301267597276,0.8756712193673609,0.2034083380431343,0.20278335750405926,0.05151906141948137,0.8196787921498501,0.361244019138756,0.7095435684647303,0.4635201771086224,0.853186461939865,0.177734025267743,0.22370848604198942,0.05975510714500982,0.8621751819751574,0.025674312775391284,73.59372395833333,0.005850355116580552,-0.01734942609953327
2014,146,3314,3376,65,58,7,1,0,3,-3.430107526881722,1.030162853973386,0.8440410938475852,1.0723397026469978,0.8077099510094115,0.32573289902280134,0.6670918367346939,0.4504492620209909,0.8337157772444135,0.24166236845516717,0.21962763929587537,0.0767128234739911,0.7902059693642243,0.3455056179775281,0.6682634730538922,0.48516234605612896,0.7772498929605397,0.16953865145692956,0.21239344853386885,0.12074111983141353,0.8764980892552441,0.07212371699823761,73.48632697947214,-0.029521818260209165,0.033210717689605596
2014,146,3336,3390,57,82,-25,0,0,1,-8.60344827586207,0.9849098879460406,0.8782123491584839,1.1058625270203848,0.8499147672933227,0.3170731707317073,0.7782485875706214,0.42012011098161506,0.8294462765556441,0.14780624355215868,0.21001803046653025,0.07690164222361756,0.8084540545438369,0.37163375224416517,0.693200663349917,0.4747858196001378,0.8781647663720741,0.24734887780352074,0.17853415670955897,0.05954000404147668,0.8869362904224214,-0.09954263425136206,73.75103717672414,-0.04097373651756231,-0.0002067526724125468
2014,147,3163,3401,69,54,15,1,0,-2,24.455882352941174,1.1811783527801085,0.6733256027597598,0.9860845739073435,0.828024873521404,0.36994219653179194,0.7591240875912408,0.5050009601680012,0.891025516114599,0.2923962115744146,0.16812307762187503,0.13623194277913206,0.866305449564686,0.30522088353413657,0.696875,0.45316200325775224,0.8391869427383267,0.10891250105677272,0.21848508671369715,0.0830516849308409,0.8372325762278624,0.18348371051764187,70.78474264705883,0.055011654901054974,-0.03210166647542989
2014,147,3124,3323,69,88,-19,0,0,1,-3.412878787878789,1.1136370285622574,0.8128721945623661,1.161913659974839,0.819850533544669,0.33457943925233646,0.7276119402985074,0.44225116909421686,0.914589285660166,0.21484352359009043,0.16314620962914927,0.0689291492455101,0.8044205664525503,0.40648379052369077,0.7521739130434782,0.5144601806503235,0.858816703212586,0.16821456613065597,0.19317520238748143,0.06737650461476166,0.8261936167094349,0.04662895745943446,75.0490293560606,-0.024769642291384397,-0.004494439265568362
2014,148,3257,3268,73,76,-3,0,0,-1,-2.362745098039216,1.05720592799297,0.8099127150835593,1.133275650968549,0.8635612665440712,0.34850863422291994,0.6675567423230974,0.4544002510365847,0.8520426500656315,0.2515517227748556,0.2125535088989624,0.054549354629374054,0.7895236478871953,0.3611738148984198,0.7391304347826088,0.49163301267597276,0.8756712193673609,0.2034083380431343,0.20278335750405926,0.05151906141948137,0.8196787921498501,0.048143384731721306,73.91098039215686,-0.012988978823676667,-0.0009897069542440518
2014,148,3314,3390,65,74,-9,0,0,2,-2.833333333333334,1.030162853973386,0.8440410938475852,1.1058625270203848,0.8499147672933227,0.32573289902280134,0.6670918367346939,0.4504492620209909,0.8337157772444135,0.24166236845516717,0.21962763929587537,0.0767128234739911,0.7902059693642243,0.37163375224416517,0.693200663349917,0.4747858196001378,0.8781647663720741,0.24734887780352074,0.17853415670955897,0.05954000404147668,0.8869362904224214,-0.0056865093483535745,74.41232244318182,-0.020756027081757555,0.04812443892114948
2014,153,3163,3390,75,56,19,1,0,-1,18.205882352941174,1.1811783527801085,0.6733256027597598,1.1058625270203848,0.8499147672933227,0.36994219653179194,0.7591240875912408,0.5050009601680012,0.891025516114599,0.2923962115744146,0.16812307762187503,0.13623194277913206,0.866305449564686,0.37163375224416517,0.693200663349917,0.4747858196001378,0.8781647663720741,0.24734887780352074,0.17853415670955897,0.05954000404147668,0.8869362904224214,0.045047333770893844,70.21325827205882,0.037922219885190844,0.00017250093063592153
2014,153,3268,3323,61,87,-26,0,0,3,-4.291666666666668,1.133275650968549,0.8635612665440712,1.161913659974839,0.819850533544669,0.3611738148984198,0.7391304347826088,0.49163301267597276,0.8756712193673609,0.2034083380431343,0.20278335750405926,0.05151906141948137,0.8196787921498501,0.40648379052369077,0.7521739130434782,0.5144601806503235,0.858816703212586,0.16821456613065597,0.19317520238748143,0.06737650461476166,0.8261936167094349,0.03519377191247833,73.94255208333334,-0.014351786315844384,-0.0001878283994912744
2014,155,3163,3323,79,58,21,1,0,0,10.080882352941174,1.1811783527801085,0.6733256027597598,1.161913659974839,0.819850533544669,0.36994219653179194,0.7591240875912408,0.5050009601680012,0.891025516114599,0.2923962115744146,0.16812307762187503,0.13623194277913206,0.866305449564686,0.40648379052369077,0.7521739130434782,0.5144601806503235,0.858816703212586,0.16821456613065597,0.19317520238748143,0.06737650461476166,0.8261936167094349,0.12418164544375862,72.31208639705883,0.03192809936571023,-0.03577925797460302
2015,137,3116,3321,57,55,2,1,0,3,-4.519354838709678,0.9153577950916915,0.8407799897234532,0.9745797766042544,0.8497685849899065,0.3034623217922607,0.6561014263074485,0.3755537074167206,0.8487885509044586,0.2495279169369326,0.20355185853193994,0.06292201552383128,0.8451894511930236,0.3446327683615819,0.7024647887323943,0.4374768125613972,0.8309429435520314,0.2332023702528558,0.2011862404588822,0.094250942869246,0.8341166111999246,0.01632554668407679,69.89219086021505,-0.025054192584469226,0.004843419502921553
2015,137,3124,3322,77,36,41,1,0,-13,23.942528735632184,1.0854953672338077,0.8185453406254659,0.9061881332064139,0.9458561670509577,0.3406940063091483,0.6953020134228188,0.48156021453624887,0.8651082314583874,0.13077712854789272,0.18890211002254767,0.09812096250232993,0.8107498415910754,0.30434782608695654,0.7250000000000001,0.3829576144160594,0.8154560484569847,0.300979220077067,0.19698977044444682,0.03426865878039334,0.885319369210004,-0.1702020915291743,69.81628787878788,0.07138634274177497,0.022748651067493464
2015,137,3143,3455,78,66,12,1,0,-9,-6.080492424242424,0.9533320601334576,0.8639392258865642,1.0015243833099465,0.7956958895957583,0.3130252100840336,0.6310344827586207,0.43877505327679994,0.835350100587338,0.2071783478989515,0.21126676411533882,0.06283888271821793,0.8510583389198362,0.30641821946169767,0.759009009009009,0.4353128418813672,0.889367562493383,0.2278191337120028,0.1985914996769152,0.07307800094105568,0.7705817186821378,-0.020640785813051288,68.4234375,0.0017262719883386901,-0.013216106452887733
2015,137,3173,3235,78,66,12,1,0,-3,5.602150537634409,1.035850373568564,0.8656866269217334,1.0268993173992769,0.9314232527931902,0.3762183235867447,0.7352941176470589,0.43946866345380886,0.8318304554431258,0.2255052097439434,0.21494545752398886,0.08471775364464713,0.8394379301832022,0.3402597402597402,0.7711069418386491,0.4049426864930645,0.8623760760268226,0.380663331926187,0.1844205327044612,0.05329554534836698,0.8951209963595718,-0.15515812218224362,70.51044354838709,0.0325444701946242,0.046189751800781886
2015,137,3177,3278,79,72,7,1,0,1,12.31534090909091,1.0921616752356542,0.8808842286388209,1.0001247653085392,0.957122818450296,0.35342185903983653,0.6595365418894831,0.4368259227382021,0.9436806633444763,0.373422959418845,0.15560928842611735,0.04670749234282584,0.7628643337351504,0.32006125574272587,0.7189014539579968,0.427541081249521,0.8585920767085826,0.2688157614145684,0.203291800104717,0.08385188731056609,0.9440553570184502,0.10460719800427659,77.74953835227274,-0.020330530275101066,-0.0010572948359273138
2015,137,3107,3181,52,54,-2,0,0,9,2.51108870967742,1.016759068578126,0.8219126841608528,0.9890446906408233,0.8333056513719694,0.2920353982300885,0.7023460410557185,0.48017560410973276,0.8029574696029396,0.1045370048709013,0.2454134700240339,0.035806355484480336,0.7372495776384402,0.3156682027649769,0.6849529780564263,0.44269518121200085,0.8368216737162569,0.19889574057137574,0.2545661397585286,0.10611161558402372,0.8621816741826686,-0.09435873570047444,69.83369455645162,-0.0019865408928145256,-0.014523076433829774
2015,137,3203,3211,69,82,-13,0,0,-5,4.129032258064516,0.9686262119610985,0.781775833797209,1.0257995075547093,0.8743102635474755,0.3138297872340426,0.680073126142596,0.4321852341189874,0.882107892719105,0.1604953388012689,0.23780657471798025,0.06502613876003101,0.7771772329525131,0.3525179856115108,0.7704654895666132,0.4354014934769631,0.8259475302610582,0.2577696866919153,0.24099108735528843,0.09554360683515344,0.8148538422653921,-0.0972743478906464,72.3508064516129,0.005340396917587531,-0.018698442119173042
2015,137,3110,3234,67,75,-8,0,0,11,-1.068548387096774,0.9724454129492283,0.872404695404774,1.0655948747305781,0.9705381327380436,0.3242630385487528,0.7244094488188977,0.4439389355167826,0.8225175000554997,0.2117316673362698,0.19571396126456808,0.05104178579818443,0.8429218381687757,0.39043209876543217,0.7252173913043478,0.45786926721650967,0.8532825314630148,0.2803663836528551,0.18289861566837706,0.0698250275815945,0.8475807398710268,-0.0686347163165853,70.1780745967742,0.013657057644660797,-0.03416950682623615
2015,137,3246,3398,97,52,45,1,0,-13,5.679166666666666,0.9402966647904748,0.8696380019092337,0.899879320545424,0.9019465045699893,0.28007889546351084,0.6707168894289186,0.39600580620420506,0.8487985501025735,0.20148250735864096,0.20950089065044744,0.0703604545404668,0.7717517672307861,0.28864059590316576,0.6158833063209076,0.38663478322850353,0.8577375434686608,0.24259635192107962,0.22333515299147344,0.053225403074896024,0.7519031001920633,-0.04111384456243866,77.06778645833333,0.004790588150037134,0.005516514059864641
2015,137,3274,3449,86,80,6,1,0,5,-1.895161290322581,0.9479813644247985,0.8430109599691377,1.050553176411067,0.914953061228818,0.3124042879019908,0.6730434782608696,0.39188856490802926,0.867160128892983,0.29965670358066715,0.20614691711888658,0.07677909328945035,0.7803356818148812,0.35443037974683544,0.7815384615384615,0.4279264130606857,0.8381377833105825,0.3106918293814792,0.16500113685928952,0.056313678316841906,0.8885491716047857,-0.011035125800812062,70.88268649193549,-0.019070344128099992,0.03884616594160828
2015,137,3280,3408,57,47,10,1,0,-7,10.3125,1.0004488417229926,0.7863301059115289,0.9334149547229023,0.8445020773215063,0.3399638336347197,0.7123115577889447,0.40139638266300276,0.8531758963342307,0.23584506918580866,0.22158576967225327,0.09212016587702464,0.7314710416219221,0.3227016885553471,0.6630824372759857,0.42223077123220587,0.8251389123512632,0.24199244069019324,0.2364744429374379,0.059629839650064784,0.8219373535739578,-0.0061473715043845745,71.53359375,-0.008102625860072488,0.02992888181909803
2015,137,3285,3323,43,77,-34,0,0,15,-13.996969696969696,0.976431303682619,0.8570681460591506,1.1160878167140693,0.8198176925162666,0.31523642732049034,0.7054409005628518,0.39602059159127745,0.8934200829270864,0.28320205684066924,0.18717511325468797,0.10204821582008564,0.8754213070968601,0.37819025522041766,0.7460992907801418,0.5001831630359982,0.835066946002341,0.17857843493909004,0.207264945306025,0.08155049445725175,0.8318414099912591,0.1046236219015792,69.93587121212121,-0.03791248780577883,-0.027848357175111693
2015,137,3333,3355,74,62,12,1,0,-11,4.654094827586206,1.0546481278054183,0.8292908545865723,1.0327564635849944,0.8809100619418654,0.37116564417177916,0.6813953488372093,0.45394296594663724,0.8707896843247591,0.32860369787401056,0.2056573885159292,0.09357830023283793,0.8928594626322661,0.36464088397790057,0.7791044776119403,0.42997911635211644,0.837553182735703,0.2433852985264037,0.2077354004094985,0.07234308964225372,0.7878766312398332,0.08521839934760686,69.45757004310344,0.034601350132166586,0.0027460856476259066
2015,137,3366,3376,48,81,-33,0,0,15,-21.830818965517242,0.8619423952449684,0.8497260593888909,1.0962733015175068,0.7703756425832314,0.23076923076923078,0.6369047619047619,0.408770415742403,0.8219443784539728,0.1654114472195408,0.2467090947323889,0.05939814780356503,0.7862372154821584,0.3490990990990991,0.6725925925925926,0.4782764440301673,0.8633448515461044,0.2027535513091432,0.2076001703014981,0.1143170450072785,0.8311028650041016,-0.037342104089602396,70.15944234913793,-0.056570756479474515,-0.005445790381078508
2015,137,3304,3393,69,72,-3,0,0,1,-2.5505376344086015,0.937024884819057,0.8504095534932098,0.9621019613527264,0.8316269646700352,0.29432624113475175,0.7453027139874739,0.4096396039225,0.8676074628789568,0.25639364138247533,0.18940524672022294,0.043274401393113546,0.8674773203715237,0.28425096030729835,0.6698564593301436,0.36936781002558866,0.9056412228832811,0.3620267052342886,0.1984787897633115,0.0882241394315637,0.7860732494891736,-0.10563306385181326,71.76630376344086,0.022690316329850524,-0.09145057636362508
2015,137,3400,3443,66,64,2,1,0,-7,-4.547794117647058,0.955784156687895,0.8280359684077504,1.0504935871324395,0.8480468322693209,0.3088235294117647,0.6862745098039216,0.4239486295569986,0.8461000809361954,0.17994996759565107,0.22672486282631363,0.08394423354529729,0.8041446994767677,0.3169014084507042,0.6813655761024182,0.45783518487446634,0.8599002463054942,0.2322358063046726,0.2040214259527917,0.06979986969104367,0.8236082811785996,-0.05228583870902154,71.92895220588235,-0.0007771508102304425,-0.049642316898109606
2015,138,3113,3325,74,55,19,1,0,-11,-2.01008064516129,1.0175124563769877,0.8475282012324539,1.0017406380059386,0.7883349590829326,0.35764705882352943,0.7092436974789916,0.43769975907812797,0.8605198373660558,0.2001648761381359,0.20854229128951918,0.04068143708247657,0.7890468428985858,0.3518072289156627,0.657937806873977,0.4120760949764651,0.8287941695817692,0.3843088431428306,0.19913478954196542,0.05467693212524817,0.7642710763083829,-0.18414396700469468,68.32791078629032,-0.026994540375858245,0.031207977235136353
2015,138,3114,3401,69,60,9,1,0,5,4.65625,0.999447881213268,0.7689755727419304,0.9632135349941209,0.82525972100007,0.375,0.6694078947368421,0.44927375222265264,0.8316130074548181,0.170190292921287,0.214448571540639,0.054200309214919556,0.7627535329037979,0.2980769230769231,0.6698412698412698,0.4390532501028456,0.8513179991859374,0.09505005319072901,0.20575271250397978,0.06685845533297834,0.8590380701128132,0.075140239730558,67.54765625,-0.0004970936035632034,0.0038863836750754333
2015,138,3163,3383,89,33,56,1,0,-15,41.87878787878788,1.265191275979835,0.670949432792379,0.9369690733020701,0.9245599054242607,0.40588235294117647,0.7189922480620154,0.5426835363017958,0.9132286394244404,0.29086109381573944,0.17220389363035962,0.1329259758768436,0.860369670354518,0.32565284178187404,0.7714285714285715,0.40967255019582705,0.8121142499189805,0.30567342132022174,0.2231402701921626,0.021719835503296706,0.8420923364033083,-0.014812327504482303,67.8310606060606,0.1271344487952044,0.059571107697958814
2015,138,3195,3329,75,67,8,1,0,-3,10.516129032258062,1.067647047259556,0.7806699294488658,0.95289483852489,0.8263220533440091,0.3526570048309179,0.7067137809187278,0.4352811366092937,0.8496533393830684,0.39991620099586944,0.17167356567785227,0.06964566876658247,0.7669412757389772,0.34277620396600567,0.642292490118577,0.4215832854411734,0.8816941986031226,0.16968562646071678,0.2071939328656653,0.07499487154127163,0.8327802157034959,0.23023057453515267,67.39032258064515,0.012005615258865676,-0.03853114773984612
2015,138,3106,3199,49,91,-42,0,0,13,-19.502164502164504,0.8324690144906317,0.8355211729214564,1.0384343762889439,0.7848245634658592,0.30979498861047833,0.6278713629402756,0.3628124621121126,0.7822203037526408,0.21603241892573313,0.2646120138147229,0.07843616495349774,0.812813720152412,0.35000000000000003,0.6404320987654321,0.4472882761666187,0.8763410086182052,0.23253079326816864,0.23427386822991136,0.06717192638777533,0.7614893395965073,-0.016498374342435507,72.9492288961039,-0.03746141131557407,-0.024639928823360302
2015,138,3140,3257,53,86,-33,0,0,11,-11.419354838709678,0.9843168092251284,0.9329074157136305,1.0140986573659285,0.8032586784312528,0.3566433566433566,0.7150259067357514,0.4334905022760736,0.8044698699577139,0.2655685647508241,0.2018260424823908,0.038350674867819,0.866049524043137,0.31978319783197834,0.6448736998514115,0.4425471080681029,0.8690197523340224,0.1670984035775812,0.2000333306366146,0.07000623421162933,0.7680262520410231,0.09847016117324286,70.96290322580646,-0.006554993288717725,-0.05241925015214033
2015,138,3268,3308,75,57,18,1,0,-15,13.090277777777779,1.1058139764027692,0.8441763135909202,0.9824897681471171,0.8859956597136419,0.33402922755741127,0.7515060240963856,0.47363978250634725,0.8719415684264019,0.20770232118416115,0.2127867529765174,0.05745563575109745,0.8296121776541953,0.3297709923664122,0.698989898989899,0.4130816916358894,0.8517498247505482,0.3327507089951609,0.2202487923114368,0.05817880414176103,0.7963039338658116,-0.12504838781099975,72.9894675925926,0.03622791371033346,0.014567032027321125
2015,138,3251,3314,65,71,-6,0,0,9,-0.96875,0.9973694591448847,0.84008521272399,0.982340758630834,0.8441088780737807,0.3024193548387097,0.7504078303425775,0.416593595904738,0.8636929758201551,0.2298713440289008,0.24016197257332383,0.0846577720273397,0.8139103988948383,0.31075110456553756,0.6628242074927954,0.4131625526247353,0.8620341381361524,0.27682959439702737,0.2003019500189225,0.0777013226658306,0.7995496975504024,-0.046958250368126564,72.48164062500001,0.014337488528604392,0.020924844663492648
2015,138,3241,3326,80,90,-10,0,0,7,7.017992424242424,1.0455843243071758,0.8142946872512825,1.0301072253762977,0.9066554858936483,0.35195530726256985,0.6991404011461319,0.4199398938879647,0.9020392966515646,0.23141018217231457,0.1887117564879594,0.07287708190231883,0.7878053594885097,0.3463087248322148,0.7264437689969605,0.43662496813862645,0.8561300160838131,0.2927973538804731,0.1770564800188361,0.09278034675640076,0.8808066749811705,-0.06138717170815855,75.31238162878788,0.0008400810887224663,0.018016795876197977
2015,138,3328,3346,111,84,27,1,0,-7,-9.141366223908918,0.984528722818759,0.9040709349924144,1.0573338227623823,0.8463472746744697,0.3470394736842105,0.6939721792890263,0.43043687817582466,0.8096563922437694,0.2625245234597535,0.2254619143302089,0.05079801517086144,0.7918760960168245,0.3530751708428246,0.7080491132332879,0.41473134304048914,0.8831792059044694,0.3481586764202573,0.1785713566404874,0.09803742632915569,0.8105238385436933,-0.08563415296050375,74.56995967741935,-0.005291396252952829,-0.003998005867268395
2015,138,3151,3338,40,51,-11,0,0,-3,6.30625,1.009587615450549,0.7967680600332973,0.9460900725855089,0.8535041350373643,0.33503401360544216,0.6681318681318681,0.4525469392733261,0.8496968956501323,0.29325201091211184,0.20986323331072554,0.11036557999268633,0.8380289675063021,0.31518151815181517,0.6947791164658634,0.3944638597414084,0.8788889114178546,0.28904754262157417,0.2024830944540609,0.09028160101171931,0.8626387484775673,0.004204468290537666,66.50174479166667,0.022627864799285025,-0.009455290895492241
2015,138,3343,3453,80,70,10,1,0,-1,10.996774193548386,1.0995417921512418,0.7428559830307431,1.0283921744599445,0.8196094100708716,0.40563991323210413,0.6827852998065764,0.4923842762824638,0.8519179914570021,0.22361455934549504,0.20826395420822902,0.08398694645513788,0.816951356752309,0.31671554252199413,0.6996402877697843,0.43971687870685644,0.8469226653888519,0.32418906860995783,0.20194249784049995,0.04881728445482306,0.7868003334272115,-0.10057450926446279,68.38001344086021,0.03869381568640362,-0.014077861304675254
2015,138,3353,3371,79,66,13,1,0,-1,-2.561094819159335,0.9414313546095099,0.8260023616896277,1.0145270712932382,0.8631961274178853,0.31162790697674414,0.696969696969697,0.4384269450292911,0.8700806061103912,0.0949288646484034,0.20902065130067907,0.08392276668008551,0.8012357067128049,0.33027522935779824,0.6692913385826772,0.4242476570319076,0.8951029804753923,0.2659554797574396,0.16248864352080036,0.058960892115983515,0.8397482846489739,-0.17102661510903622,73.87609970674487,0.01144059361085148,0.014197682615640028
2015,138,3261,3378,64,73,-9,0,0,5,-9.166666666666668,0.9051366965346009,0.86504510512575,1.018819882204038,0.8395495753385058,0.34397163120567376,0.656880733944954,0.40647563162324707,0.8516031300285984,0.13487245932618624,0.2437888459910294,0.044354326619377236,0.7541158857710504,0.3356643356643357,0.7245696400625978,0.4276427361302,0.8715799995378999,0.24704547715999794,0.2084025370946084,0.0779818943811255,0.8892180709414221,-0.1121730178338117,70.23162878787879,-0.033005699576528935,0.030453067751635365
2015,138,3169,3390,60,73,-13,0,0,9,-0.6098484848484844,0.9613573285520146,0.8308552528870904,1.0452521987200818,0.8912854580283065,0.32794117647058824,0.7214953271028037,0.39224620432745977,0.8878637607045081,0.3077334385742579,0.21010081243782733,0.048267187635131846,0.8141402120549931,0.3771043771043771,0.7137870855148343,0.4352034524330557,0.8758654769219372,0.27468755432321496,0.183695622773373,0.07552373323859213,0.9129482033895965,0.033045884251042934,67.99182054924242,-0.02660907688822345,-0.015509646738822824
2015,138,3129,3397,61,72,-11,0,0,13,-8.50625,0.9820960823259974,0.8868659520973244,1.0369751764632713,0.8108029018894434,0.3703703703703704,0.7129277566539923,0.40946884085057056,0.8478932691907096,0.31530876070045344,0.243624996234389,0.0743052648833177,0.8195932214408975,0.34467120181405897,0.7484177215189873,0.4336253389890091,0.8753961556468391,0.20046742163418868,0.20941160383509916,0.06673311305765801,0.8519456925160244,0.11484133906626476,70.33708333333334,-0.02346871715453369,-0.003859349618423047
2015,139,3116,3124,44,73,-29,0,0,8,-15.766666666666667,0.9153577950916915,0.8407799897234532,1.0854953672338077,0.8185453406254659,0.3034623217922607,0.6561014263074485,0.3755537074167206,0.8487885509044586,0.2495279169369326,0.20355185853193994,0.06292201552383128,0.8451894511930236,0.3406940063091483,0.6953020134228188,0.48156021453624887,0.8651082314583874,0.13077712854789272,0.18890211002254767,0.09812096250232993,0.8107498415910754,0.11875078838903988,69.71170454545454,-0.06092895103823276,-0.010053520895589418
2015,139,3173,3246,99,94,5,1,0,5,6.122983870967742,1.035850373568564,0.8656866269217334,0.9402966647904748,0.8696380019092337,0.3762183235867447,0.7352941176470589,0.43946866345380886,0.8318304554431258,0.2255052097439434,0.21494545752398886,0.08471775364464713,0.8394379301832022,0.28007889546351084,0.6707168894289186,0.39600580620420506,0.8487985501025735,0.20148250735864096,0.20950089065044744,0.0703604545404668,0.7717517672307861,0.024022702385302436,76.25739667338709,0.0448143737783544,-0.017207442002263762
2015,139,3181,3280,64,56,8,1,0,-1,-4.85483870967742,0.9890446906408233,0.8333056513719694,1.0004488417229926,0.7863301059115289,0.3156682027649769,0.6849529780564263,0.44269518121200085,0.8368216737162569,0.19889574057137574,0.2545661397585286,0.10611161558402372,0.8621816741826686,0.3399638336347197,0.7123115577889447,0.40139638266300276,0.8531758963342307,0.23584506918580866,0.22158576967225327,0.09212016587702464,0.7314710416219221,-0.036949328614432925,72.67978830645161,0.03386882776244704,-0.004190417055376927
2015,139,3211,3333,76,64,12,1,0,8,-5.052280311457174,1.0257995075547093,0.8743102635474755,1.0546481278054183,0.8292908545865723,0.3525179856115108,0.7704654895666132,0.4354014934769631,0.8259475302610582,0.2577696866919153,0.24099108735528843,0.09554360683515344,0.8148538422653921,0.37116564417177916,0.6813953488372093,0.45394296594663724,0.8707896843247591,0.32860369787401056,0.2056573885159292,0.09357830023283793,0.8928594626322661,-0.07083401118209526,69.05426863181313,-0.022765640705505186,0.045209159125906506
2015,139,3234,3274,88,70,18,1,0,-8,-0.16129032258064502,1.0655948747305781,0.9705381327380436,0.9479813644247985,0.8430109599691377,0.39043209876543217,0.7252173913043478,0.45786926721650967,0.8532825314630148,0.2803663836528551,0.18289861566837706,0.0698250275815945,0.8475807398710268,0.3124042879019908,0.6730434782608696,0.39188856490802926,0.867160128892983,0.29965670358066715,0.20614691711888658,0.07677909328945035,0.7803356818148812,-0.01929031992781205,72.79435483870967,0.01945982623010628,0.003441755707725813
2015,139,3177,3323,67,79,-12,0,0,8,-4.787878787878785,1.0921616752356542,0.8808842286388209,1.1160878167140693,0.8198176925162666,0.35342185903983653,0.6595365418894831,0.4368259227382021,0.9436806633444763,0.373422959418845,0.15560928842611735,0.04670749234282584,0.7628643337351504,0.37819025522041766,0.7460992907801418,0.5001831630359982,0.835066946002341,0.17857843493909004,0.207264945306025,0.08155049445725175,0.8318414099912591,0.19484452447975498,76.0810606060606,-0.06387613222220678,-0.013869724390656701
2015,139,3376,3393,97,68,29,1,0,-7,13.902083333333334,1.0962733015175068,0.7703756425832314,0.9621019613527264,0.8316269646700352,0.3490990990990991,0.6725925925925926,0.4782764440301673,0.8633448515461044,0.2027535513091432,0.2076001703014981,0.1143170450072785,0.8311028650041016,0.28425096030729835,0.6698564593301436,0.36936781002558866,0.9056412228832811,0.3620267052342886,0.1984787897633115,0.0882241394315637,0.7860732494891736,-0.1592731539251454,70.54330729166666,0.07261713721387542,-0.0007347310437479937
2015,139,3143,3400,70,73,-3,0,0,-1,-2.34375,0.9533320601334576,0.8639392258865642,0.955784156687895,0.8280359684077504,0.3130252100840336,0.6310344827586207,0.43877505327679994,0.835350100587338,0.2071783478989515,0.21126676411533882,0.06283888271821793,0.8510583389198362,0.3088235294117647,0.6862745098039216,0.4239486295569986,0.8461000809361954,0.17994996759565107,0.22672486282631363,0.08394423354529729,0.8041446994767677,0.027228380303300437,71.909375,-0.0012741766280532363,0.0037925339957018966
2015,140,3113,3114,57,54,3,1,0,-8,-1.9375,1.0175124563769877,0.8475282012324539,0.999447881213268,0.7689755727419304,0.35764705882352943,0.7092436974789916,0.43769975907812797,0.8605198373660558,0.2001648761381359,0.20854229128951918,0.04068143708247657,0.7890468428985858,0.375,0.6694078947368421,0.44927375222265264,0.8316130074548181,0.170190292921287,0.214448571540639,0.054200309214919556,0.7627535329037979,0.0299745832168489,66.006640625,-0.030627145845935788,-0.01669569599200038
2015,140,3163,3353,91,55,36,1,0,-7,33.318670576735094,1.265191275979835,0.670949432792379,0.9414313546095099,0.8260023616896277,0.40588235294117647,0.7189922480620154,0.5426835363017958,0.9132286394244404,0.29086109381573944,0.17220389363035962,0.1329259758768436,0.860369670354518,0.31162790697674414,0.696969696969697,0.4384269450292911,0.8700806061103912,0.0949288646484034,0.20902065130067907,0.08392276668008551,0.8012357067128049,0.19593222916733605,72.09541788856305,0.08580319782584217,0.012763495793104096
2015,140,3195,3199,47,65,-18,0,0,5,0.018572825024435247,1.067647047259556,0.7806699294488658,1.0384343762889439,0.7848245634658592,0.3526570048309179,0.7067137809187278,0.4352811366092937,0.8496533393830684,0.39991620099586944,0.17167356567785227,0.06964566876658247,0.7669412757389772,0.35000000000000003,0.6404320987654321,0.4472882761666187,0.8763410086182052,0.23253079326816864,0.23427386822991136,0.06717192638777533,0.7614893395965073,0.1673854077277008,70.12456011730205,-0.0016002490827183302,-0.07909065757687195
2015,140,3257,3378,60,52,8,1,0,-3,2.956989247311828,1.0140986573659285,0.8032586784312528,1.018819882204038,0.8395495753385058,0.31978319783197834,0.6448736998514115,0.4425471080681029,0.8690197523340224,0.1670984035775812,0.2000333306366146,0.07000623421162933,0.7680262520410231,0.3356643356643357,0.7245696400625978,0.4276427361302,0.8715799995378999,0.24704547715999794,0.2084025370946084,0.0779818943811255,0.8892180709414221,-0.07994707358241673,71.35804007820137,-0.006504693862284805,-0.005009367503770457
2015,140,3268,3343,85,70,15,1,0,-7,-5.587499999999999,1.1058139764027692,0.8441763135909202,1.0995417921512418,0.7428559830307431,0.33402922755741127,0.7515060240963856,0.47363978250634725,0.8719415684264019,0.20770232118416115,0.2127867529765174,0.05745563575109745,0.8296121776541953,0.40563991323210413,0.6827852998065764,0.4923842762824638,0.8519179914570021,0.22361455934549504,0.20826395420822902,0.08398694645513788,0.816951356752309,-0.015912238161333886,70.65229166666666,-0.035963453809518375,0.05749580652249986
2015,140,3314,3326,86,84,2,1,0,-1,1.2367424242424239,0.982340758630834,0.8441088780737807,1.0301072253762977,0.9066554858936483,0.31075110456553756,0.6628242074927954,0.4131625526247353,0.8620341381361524,0.27682959439702737,0.2003019500189225,0.0777013226658306,0.7995496975504024,0.3463087248322148,0.7264437689969605,0.43662496813862645,0.8561300160838131,0.2927973538804731,0.1770564800188361,0.09278034675640076,0.8808066749811705,-0.015967759483445754,77.62644412878788,-0.006124094830042781,0.0288829295316686
2015,140,3328,3390,76,86,-10,0,0,1,-3.4203323558162264,0.984528722818759,0.9040709349924144,1.0452521987200818,0.8912854580283065,0.3470394736842105,0.6939721792890263,0.43043687817582466,0.8096563922437694,0.2625245234597535,0.2254619143302089,0.05079801517086144,0.7918760960168245,0.3771043771043771,0.7137870855148343,0.4352034524330557,0.8758654769219372,0.27468755432321496,0.183695622773373,0.07552373323859213,0.9129482033895965,-0.012163030863461433,70.28795210166177,-0.02147858490506549,-0.005096688643547398
2015,140,3338,3397,67,77,-10,0,0,8,-9.80625,0.9460900725855089,0.8535041350373643,1.0369751764632713,0.8108029018894434,0.31518151815181517,0.6947791164658634,0.3944638597414084,0.8788889114178546,0.28904754262157417,0.2024830944540609,0.09028160101171931,0.8626387484775673,0.34467120181405897,0.7484177215189873,0.4336253389890091,0.8753961556468391,0.20046742163418868,0.20941160383509916,0.06673311305765801,0.8519456925160244,0.08858012098738549,69.56541666666666,-0.015844496329835533,-0.022503378344894576
2015,144,3124,3234,81,66,15,1,0,-1,13.473118279569894,1.0854953672338077,0.8185453406254659,1.0655948747305781,0.9705381327380436,0.3406940063091483,0.6953020134228188,0.48156021453624887,0.8651082314583874,0.13077712854789272,0.18890211002254767,0.09812096250232993,0.8107498415910754,0.39043209876543217,0.7252173913043478,0.45786926721650967,0.8532825314630148,0.2803663836528551,0.18289861566837706,0.0698250275815945,0.8475807398710268,-0.14958925510496238,74.30217497556207,0.0447937626217747,0.0019161658606622334
2015,144,3113,3199,65,66,-1,0,0,1,-6.475378787878789,1.0175124563769877,0.8475282012324539,1.0384343762889439,0.7848245634658592,0.35764705882352943,0.7092436974789916,0.43769975907812797,0.8605198373660558,0.2001648761381359,0.20854229128951918,0.04068143708247657,0.7890468428985858,0.35000000000000003,0.6404320987654321,0.4472882761666187,0.8763410086182052,0.23253079326816864,0.23427386822991136,0.06717192638777533,0.7614893395965073,-0.03236591713003273,69.74158380681818,-0.02949140772509168,-0.03541148018353568
2015,144,3323,3390,81,60,21,1,0,-3,12.212121212121211,1.1160878167140693,0.8198176925162666,1.0452521987200818,0.8912854580283065,0.37819025522041766,0.7460992907801418,0.5001831630359982,0.835066946002341,0.17857843493909004,0.207264945306025,0.08155049445725175,0.8318414099912591,0.3771043771043771,0.7137870855148343,0.4352034524330557,0.8758654769219372,0.27468755432321496,0.183695622773373,0.07552373323859213,0.9129482033895965,-0.09610911938412492,69.2280303030303,0.027482228325640512,0.00945315306137684
2015,144,3314,3376,65,67,-2,0,0,3,-12.15625,0.982340758630834,0.8441088780737807,1.0962733015175068,0.7703756425832314,0.31075110456553756,0.6628242074927954,0.4131625526247353,0.8620341381361524,0.27682959439702737,0.2003019500189225,0.0777013226658306,0.7995496975504024,0.3490990990990991,0.6725925925925926,0.4782764440301673,0.8633448515461044,0.2027535513091432,0.2076001703014981,0.1143170450072785,0.8311028650041016,0.07407604308788418,73.035546875,-0.04675087753907087,-0.01442908477170235
2015,145,3163,3400,105,54,51,1,0,-4,32.37310606060606,1.265191275979835,0.670949432792379,0.955784156687895,0.8280359684077504,0.40588235294117647,0.7189922480620154,0.5426835363017958,0.9132286394244404,0.29086109381573944,0.17220389363035962,0.1329259758768436,0.860369670354518,0.3088235294117647,0.6862745098039216,0.4239486295569986,0.8461000809361954,0.17994996759565107,0.22672486282631363,0.08394423354529729,0.8041446994767677,0.11091112622008836,71.21321022727273,0.08726435450466352,0.03279602723827513
2015,145,3173,3257,82,66,16,1,0,4,-3.35483870967742,1.035850373568564,0.8656866269217334,1.0140986573659285,0.8032586784312528,0.3762183235867447,0.7352941176470589,0.43946866345380886,0.8318304554431258,0.2255052097439434,0.21494545752398886,0.08471775364464713,0.8394379301832022,0.31978319783197834,0.6448736998514115,0.4425471080681029,0.8690197523340224,0.1670984035775812,0.2000333306366146,0.07000623421162933,0.7680262520410231,0.05840680616636218,72.88185483870967,0.011964885622107624,0.010003996927439252
2015,145,3181,3268,55,65,-10,0,0,3,-7.66733870967742,0.9890446906408233,0.8333056513719694,1.1058139764027692,0.8441763135909202,0.3156682027649769,0.6849529780564263,0.44269518121200085,0.8368216737162569,0.19889574057137574,0.2545661397585286,0.10611161558402372,0.8621816741826686,0.33402922755741127,0.7515060240963856,0.47363978250634725,0.8719415684264019,0.20770232118416115,0.2127867529765174,0.05745563575109745,0.8296121776541953,-0.008806580612785414,71.88760080645162,0.004658464147994146,0.0024654645045005807
2015,145,3211,3397,69,73,-4,0,1,9,-6.148185483870968,1.0257995075547093,0.8743102635474755,1.0369751764632713,0.8108029018894434,0.3525179856115108,0.7704654895666132,0.4354014934769631,0.8259475302610582,0.2577696866919153,0.24099108735528843,0.09554360683515344,0.8148538422653921,0.34467120181405897,0.7484177215189873,0.4336253389890091,0.8753961556468391,0.20046742163418868,0.20941160383509916,0.06673311305765801,0.8519456925160244,0.05730226505772662,69.21310483870968,-0.0030467472322746048,-0.007051847972586511
2015,146,3124,3323,68,77,-9,0,0,1,-1.0303030303030276,1.0854953672338077,0.8185453406254659,1.1160878167140693,0.8198176925162666,0.3406940063091483,0.6953020134228188,0.48156021453624887,0.8651082314583874,0.13077712854789272,0.18890211002254767,0.09812096250232993,0.8107498415910754,0.37819025522041766,0.7460992907801418,0.5001831630359982,0.835066946002341,0.17857843493909004,0.207264945306025,0.08155049445725175,0.8318414099912591,-0.04780130639119731,73.13257575757575,0.003414232243638682,-0.013086343253504884
2015,146,3199,3376,74,80,-6,0,0,1,-4.180871212121211,1.0384343762889439,0.7848245634658592,1.0962733015175068,0.7703756425832314,0.35000000000000003,0.6404320987654321,0.4472882761666187,0.8763410086182052,0.23253079326816864,0.23427386822991136,0.06717192638777533,0.7614893395965073,0.3490990990990991,0.6725925925925926,0.4782764440301673,0.8633448515461044,0.2027535513091432,0.2076001703014981,0.1143170450072785,0.8311028650041016,0.029777241959025452,70.94470880681818,-0.02852275843644303,0.0017136644622400832
2015,147,3163,3173,91,70,21,1,0,-6,30.12512218963832,1.265191275979835,0.670949432792379,1.035850373568564,0.8656866269217334,0.40588235294117647,0.7189922480620154,0.5426835363017958,0.9132286394244404,0.29086109381573944,0.17220389363035962,0.1329259758768436,0.860369670354518,0.3762183235867447,0.7352941176470589,0.43946866345380886,0.8318304554431258,0.2255052097439434,0.21494545752398886,0.08471775364464713,0.8394379301832022,0.06535588407179604,72.35146627565982,0.0806628845916057,0.005044513445771837
2015,147,3268,3397,58,48,10,1,0,-1,2.90625,1.1058139764027692,0.8441763135909202,1.0369751764632713,0.8108029018894434,0.33402922755741127,0.7515060240963856,0.47363978250634725,0.8719415684264019,0.20770232118416115,0.2127867529765174,0.05745563575109745,0.8296121776541953,0.34467120181405897,0.7484177215189873,0.4336253389890091,0.8753961556468391,0.20046742163418868,0.20941160383509916,0.06673311305765801,0.8519456925160244,0.007234899549972473,70.665625,0.011585665721555283,0.004926539701666011
2015,153,3163,3268,81,58,23,1,0,0,22.748106060606062,1.265191275979835,0.670949432792379,1.1058139764027692,0.8441763135909202,0.40588235294117647,0.7189922480620154,0.5426835363017958,0.9132286394244404,0.29086109381573944,0.17220389363035962,0.1329259758768436,0.860369670354518,0.33402922755741127,0.7515060240963856,0.47363978250634725,0.8719415684264019,0.20770232118416115,0.2127867529765174,0.05745563575109745,0.8296121776541953,0.08315877263157828,71.78664772727274,0.07775474775918212,-0.013269378068812343
2015,153,3323,3376,66,65,1,1,0,0,-1.2717803030303045,1.1160878167140693,0.8198176925162666,1.0962733015175068,0.7703756425832314,0.37819025522041766,0.7460992907801418,0.5001831630359982,0.835066946002341,0.17857843493909004,0.207264945306025,0.08155049445725175,0.8318414099912591,0.3490990990990991,0.6725925925925926,0.4782764440301673,0.8633448515461044,0.2027535513091432,0.2076001703014981,0.1143170450072785,0.8311028650041016,-0.02417511637005315,70.77917850378788,-0.0037821919111128977,-0.015548273132080515
2015,155,3163,3323,63,53,10,1,0,0,20.363636363636367,1.265191275979835,0.670949432792379,1.1160878167140693,0.8198176925162666,0.40588235294117647,0.7189922480620154,0.5426835363017958,0.9132286394244404,0.29086109381573944,0.17220389363035962,0.1329259758768436,0.860369670354518,0.37819025522041766,0.7460992907801418,0.5001831630359982,0.835066946002341,0.17857843493909004,0.207264945306025,0.08155049445725175,0.8318414099912591,0.1122826588766494,71.8935606060606,0.05801839550194565,0.004956092882790197
2016,137,3107,3196,61,59,2,1,0,7,9.977419354838709,1.0612875023515165,0.7828519420474912,0.9531637063651281,0.8613175754025323,0.29554655870445345,0.6898305084745763,0.49021091181799265,0.8508696936052379,0.11918290354405249,0.21735051509317588,0.048268322401999124,0.7580266189959616,0.31504424778761064,0.6676737160120846,0.4329191175305137,0.8115889441403862,0.23159321678384917,0.2627744974967379,0.07451224506483663,0.7697459786726935,-0.11241031323979668,74.21529569892473,0.04972197160139186,-0.04172748004551052
2016,137,3113,3308,74,52,22,1,0,-13,0.2937788018433185,0.9690535419163694,0.8153465691577989,0.9758294272566037,0.8469769669597943,0.32098765432098764,0.7227926078028748,0.4156222298062377,0.8729929240774482,0.2378099630321343,0.22372370865885857,0.04780851310951212,0.7802725587868217,0.33072100313479624,0.6831460674157304,0.4182962788412663,0.8586005223493672,0.3226870951648178,0.20953008857591576,0.07414464711398279,0.7943897680795652,-0.0848771321326835,68.39730702764976,-0.008622926668109376,0.015495852889364281
2016,137,3120,3385,68,57,11,1,0,1,-3.780241935483871,0.8803903102241699,0.8381765082369148,0.9618033837088209,0.8680653317015488,0.27061310782241016,0.6206896551724138,0.4158948881558244,0.8278360594423586,0.21644384057365962,0.2569993900704893,0.05578110401985853,0.7609280018822119,0.30063291139240506,0.6549413735343383,0.45431725438752524,0.8236381609894832,0.14164546959631638,0.20406640791369526,0.0645659557576905,0.8189023840004757,0.07479837097734324,70.03297631048386,-0.020090208920721886,0.05170861964777629
2016,137,3124,3225,89,59,30,1,0,-15,14.004743833017077,1.0693305091563547,0.739940241130582,1.0164015390641141,0.8736431729883164,0.3710691823899371,0.662568306010929,0.48782438558667374,0.8513181582557529,0.1293459476746871,0.2118256135242043,0.10226598987849661,0.8341891339601116,0.3701149425287356,0.7005444646098004,0.404392847541839,0.880716297341427,0.3819471952197359,0.18923330356553197,0.08141305700365269,0.8745878267905468,-0.2526012475450488,73.28384724857685,0.06439346514440364,0.01268927444436263
2016,137,3177,3241,97,67,30,1,0,-5,0.8664772727272734,1.0946495891362902,0.8828710050054571,0.9958311701237165,0.7771884690785921,0.34478672985781994,0.7054794520547945,0.45798591012626,0.928431220642198,0.34596089265644014,0.17822865219668,0.04444554699936062,0.7895818646973585,0.3091168091168091,0.7007042253521126,0.38623853593706053,0.9395431489732875,0.3149548815022575,0.18990472850452558,0.09996923152054302,0.8050980008689301,0.031006011154182667,71.98295454545456,-0.011257468207317378,-0.014754680760663441
2016,137,3203,3243,51,56,-5,0,0,-1,5.722916666666666,0.961922875348435,0.8323723955465844,0.9199411509473071,0.869177337987058,0.3153153153153153,0.6783831282952548,0.4141109972423026,0.9030243023050969,0.18559387640060543,0.2297139545973527,0.0783071773229157,0.8392325689991941,0.32817337461300305,0.6535580524344569,0.4112494019150805,0.7989592505719842,0.30500259742112945,0.21756162589737696,0.08078201868119993,0.8346161768609082,-0.11940872102052402,72.788046875,-0.0008604167455028566,0.04953136350224141
2016,137,3146,3257,60,87,-27,0,0,11,-3.6076388888888893,0.9972403373156821,0.8455365618992857,1.0268425889297845,0.84704992616414,0.346268656716418,0.7464212678936606,0.42123746870027634,0.8523215279295135,0.193270120449954,0.21714808106461092,0.06236787938003196,0.8192686150897897,0.3255395683453237,0.7157190635451505,0.4322039492280189,0.8786189675242094,0.24890537366042245,0.21935283629485705,0.05320748233420044,0.7598896893342689,-0.055635253210468444,66.85656828703705,0.00833240058875695,-0.018023526006865187
2016,137,3125,3277,60,74,-14,0,0,9,-1.5458333333333325,1.0693300015129916,0.9192447363220823,1.0173528175144626,0.859892053551863,0.37439222042139386,0.7189922480620156,0.4497069719195208,0.8738452662017296,0.2931793840222704,0.20963248663388442,0.0499905985508445,0.9164593135806675,0.30887372013651876,0.7692307692307693,0.43893143691607645,0.8424028212185648,0.24511585869017602,0.22830912115022364,0.07052842318850822,0.7775303898749082,0.048063525332094376,72.10752604166666,0.008473083518425129,0.017562726292813635
2016,137,3151,3280,50,60,-10,0,0,7,-10.61681329423265,0.9392139702690908,0.8485047129143585,0.9970152241761399,0.7783023010583634,0.30979498861047833,0.7121588089330024,0.4265598771024869,0.844490216100253,0.2303476593091182,0.22107780906213262,0.11891863544778032,0.8983333419734959,0.30639097744360905,0.730829420970266,0.40132391073737755,0.9039706229872089,0.22896588040489918,0.20667909806984452,0.08990810475015829,0.7464988698000273,0.0013817789042190332,66.07248289345064,0.012998994745309966,-0.053405167230692385
2016,137,3138,3326,69,88,-19,0,0,11,-11.197458455522971,0.8712963499950142,0.8419330145619136,1.1159911074672335,0.955531977030467,0.29803328290468983,0.6439688715953308,0.3698886922893919,0.876816620266012,0.2859291785179808,0.23609315305674947,0.058208462357712897,0.7773807777375675,0.3702664796633941,0.7652027027027027,0.47896827124614655,0.8573004625632922,0.29721699876619906,0.1708827693766915,0.07102998839850284,0.8626914582191141,-0.011287820248218283,73.98545943304008,-0.030490226730753966,0.013157856148102942
2016,137,3333,3407,73,31,42,1,0,-13,12.466666666666667,0.9966286398835317,0.777233285347368,0.9654042386779583,0.9366380871681218,0.36082474226804123,0.7337662337662337,0.44194067655294833,0.8467128318349898,0.2729787133175621,0.23182196849182435,0.10417977467628063,0.9096953511175087,0.3232323232323232,0.7492211838006232,0.4080269524595972,0.8384992122521732,0.2790135901583137,0.23109627131616106,0.05698630808166078,0.7690027673934694,-0.006034876840751546,74.64473958333332,0.07604857986794405,-0.02966399165423672
2016,137,3239,3376,41,77,-36,0,0,15,-7.90625,0.9302968947303344,0.7780760018053673,1.049825532014714,0.7971839892911953,0.30892448512585813,0.6335174953959484,0.41578641430450364,0.8412484790785402,0.21072057938270145,0.26310881150813625,0.07218137606802703,0.7782286109536758,0.3314176245210728,0.6701298701298701,0.4560981808167856,0.8132111203903791,0.2358705496560841,0.2077113400798369,0.09034269227560529,0.8469353437374675,-0.025149970273382644,69.68755208333334,-0.026330123064466082,0.015247086404336363
2016,137,3329,3382,54,65,-11,0,0,-3,-0.36666666666666714,0.9390862691385551,0.8257651099135618,0.9284330450219811,0.8173481860486093,0.27461139896373055,0.627151051625239,0.4207125045722215,0.8664874843460858,0.18744430575462787,0.21938304498928823,0.0784245867600629,0.8133624557098429,0.3320964749536178,0.7627906976744185,0.42844805030409405,0.796325839482682,0.2634265282496611,0.22456156470326719,0.07326046913482041,0.8482213858389156,-0.07598222249503325,69.14458333333334,-0.009457906063625954,0.06644680298139505
2016,137,3119,3393,56,73,-17,0,0,9,7.066666666666666,1.060783688348367,0.7570302695169941,0.9686040169494762,0.7928710739699856,0.4161849710982659,0.7060041407867494,0.4499980979626965,0.8688941846425638,0.26238451595832496,0.21118935582605583,0.08805874696529906,0.7930894186482212,0.2927835051546392,0.6678023850085179,0.37434788236097216,0.9246343781619457,0.40680726580077686,0.19099829380641678,0.09025336823801705,0.7349490140783345,-0.1444227498424519,70.374140625,0.061711772432918255,-0.022586237114652907
2016,137,3397,3453,59,53,6,1,0,-3,-7.5625,0.9191580368811589,0.8318363713629808,1.0114802750964076,0.792008257391491,0.2526539278131635,0.7009174311926606,0.4041031728453096,0.8682995864601304,0.20635355441002334,0.2286133144723118,0.07576105045177381,0.8244246688848741,0.32808398950131235,0.648471615720524,0.42605572825760046,0.8881331691927309,0.36395007920681144,0.20155587563723093,0.04978996655640447,0.746846142598658,-0.1575965247967881,68.241015625,-0.016233802515637163,0.042653809968586365
2016,137,3343,3452,65,74,-9,0,0,5,5.704545454545455,1.0743013794829697,0.8107353584829832,0.9904585128045804,0.8154285640247441,0.37367303609341823,0.7276190476190476,0.46554051089038107,0.8568542315664426,0.23813640737923142,0.22134303332152286,0.066594848105048,0.8403375410457705,0.3173076923076923,0.6617647058823529,0.44124154213668315,0.8304257364495738,0.26857116963684635,0.23430667005873823,0.10776939966165539,0.8331153767260877,-0.030434762257614933,70.8398133116883,0.016210349054980977,-0.016344250040007835
2016,138,3163,3352,101,49,52,1,0,-15,35.881048387096776,1.2306966011086455,0.6686407210830677,0.9216539809716536,0.8603582544265362,0.3644578313253012,0.7956043956043956,0.5250756397585665,0.9208152675811638,0.29336177826700643,0.16637513171343693,0.11243601986827009,0.8042252710375044,0.329073482428115,0.6778242677824268,0.391795505454895,0.8617036275190009,0.2973573275574505,0.22933260691314286,0.06380066195759482,0.7917833316842323,-0.003995549290444045,69.56374747983871,0.09260751935233558,-0.008850017487658013
2016,138,3182,3371,97,76,21,1,0,1,3.193548387096775,0.9884434997782088,0.8438712466099384,1.0119311411864147,0.90721394122547,0.33236574746008707,0.7335834896810506,0.40646834009629945,0.8768511932316815,0.307492414736714,0.19831378866990862,0.06556711793376567,0.8707857047692991,0.33174603174603173,0.7083333333333334,0.42562097142328276,0.8677391693500417,0.28077799280575055,0.18927384658151075,0.08604890529202418,0.8320149464046271,0.02671442193096346,72.20604838709677,-0.0001055976755925947,-0.0024095834481815404
2016,138,3199,3292,72,55,17,1,0,-7,8.254166666666666,1.0262392575448733,0.7937960647294758,1.0012849383869191,0.8723119553186317,0.3372365339578454,0.6797153024911031,0.4608915823460026,0.8509345346641815,0.1989398998653695,0.24171200633060064,0.05288330023612382,0.7504417880979465,0.3323029366306028,0.7192716236722306,0.42817635792910524,0.8156684334760624,0.2881889806899033,0.2314329141303155,0.05248470540550317,0.779700484948656,-0.08924908082453378,71.276640625,0.023995353593865343,0.012817392502205815
2016,138,3208,3231,58,62,-4,0,0,-1,6.0408602150537645,0.9406314055137565,0.7847485977099145,0.9919990046065839,0.9288247165370235,0.3210831721470019,0.6520833333333333,0.40198944150584215,0.8745459156942116,0.2533298747772443,0.22634800439483857,0.0691727641275617,0.803775434992097,0.3203125,0.7303703703703703,0.4350085237909818,0.8144537106496145,0.22947368267742535,0.19726841508544454,0.053570396675486145,0.8713656145121687,0.02385619209981893,70.35416666666666,0.017229914192975315,0.04204954394532501
2016,138,3246,3421,85,31,54,1,0,-11,4.6,1.0037858111294677,0.8344377110788183,1.0049152741130443,0.8656004242265959,0.3524804177545692,0.7067137809187279,0.4592328219997098,0.8358577286137813,0.17178620767099798,0.2166205014877009,0.06466017974694832,0.81777666261552,0.3240223463687151,0.6953846153846154,0.4125278741404793,0.8480764799149119,0.2681288040879829,0.21439781213817766,0.042821442406382304,0.8811616302086211,-0.09634259641698492,70.52666666666667,0.023482276111057243,-0.02364322289718024
2016,138,3233,3268,58,74,-16,0,0,13,-18.059714795008915,0.9038224484159554,0.8188784601342306,1.1432662856273188,0.8210820635437722,0.32127955493741306,0.6790123456790123,0.3827853768087477,0.8733190591797729,0.3066489356732369,0.23293034950325925,0.05038482495847217,0.8048329511299115,0.4037383177570094,0.7342908438061042,0.4990601047480606,0.8903950766405979,0.2203396707681604,0.21104432648763446,0.07395316556973798,0.856793057624303,0.08630926490507651,71.42718360071302,-0.060824474539244555,-0.014440791581628143
2016,138,3140,3281,69,78,-9,0,0,-3,-3.596774193548387,0.9857877271484768,0.8815253591506677,0.9763447187663604,0.8280768586566798,0.3712686567164179,0.7018633540372671,0.4227113594390773,0.8110528374949029,0.24613219908390607,0.2179892564340591,0.03991382832525379,0.8125654034889798,0.32407407407407407,0.7556390977443609,0.4316230619275826,0.7897204950693398,0.3123573014469527,0.25614666275177406,0.0657868003759675,0.8091282668941209,-0.0662251023630466,69.85575268817205,-0.01767244572402471,0.0073286293844039285
2016,138,3299,3323,61,95,-34,0,0,15,-15.017857142857142,0.8748428823683613,0.81976950271079,1.0848223838465898,0.822733053828911,0.3107822410147992,0.6608527131782946,0.37697672468994864,0.8384397344716206,0.23913296901196082,0.2476054665972615,0.028281398478349127,0.7778219931866123,0.4063157894736842,0.7087087087087087,0.49150414664452086,0.8169302642056502,0.20322905972876676,0.20021091953501932,0.08053403304832411,0.8264751385443765,0.03590390928319406,72.21930803571428,-0.05841730362411374,0.03909994822740748
2016,138,3328,3345,61,45,16,1,0,-5,1.806451612903225,0.9528099295746473,0.8378186444881957,0.9793115578449221,0.8708067223103803,0.315359477124183,0.7057851239669422,0.4191537961802792,0.8135998101512538,0.2669055178758473,0.22384265911513349,0.053090932596377385,0.7831595416050391,0.34032634032634035,0.7476979742173113,0.42825643742351127,0.849849229605946,0.1995831362786283,0.2089671901017796,0.08746513099456175,0.8237086715111296,0.06732238159721901,71.73064516129033,0.0025506011293556785,-0.029372996344143587
2016,138,3274,3355,71,74,-3,0,0,-7,-0.375,0.9873267307820695,0.8324519834698076,1.0154597203166196,0.8692662623904097,0.33868378812199035,0.6381322957198443,0.43151544539522785,0.8701786388161614,0.27304263804473633,0.2184894344364642,0.05789827842897142,0.8011654609537775,0.34332425068119893,0.7037037037037037,0.41544728351011256,0.9003952049593702,0.33448493591012607,0.1842389819353028,0.08067155271729823,0.8206632563076288,-0.06144229786538974,70.515625,0.006545604677306194,0.03502779187912952
2016,138,3161,3378,45,48,-3,0,0,5,4.260416666666666,1.0074177154003736,0.779154779147678,1.0229128115426063,0.8671078201150597,0.35205992509363293,0.713216957605985,0.4472421475925486,0.8698852436155273,0.26533351653002474,0.17522504975919617,0.05562479213091319,0.8258260034585309,0.34991423670668953,0.78369384359401,0.41575026260295617,0.8824403182883396,0.2525700257240781,0.17806681552765,0.051920728359291526,0.8616318226396449,0.012763490805946631,69.35596354166665,0.03993516502790195,-0.023305050449360487
2016,138,3362,3390,58,85,-27,0,0,9,-10.67741935483871,0.9809288058317912,0.9393766206449612,1.0013610315047337,0.8109348050051011,0.3734061930783242,0.7456,0.42526444728929247,0.7936946645368959,0.2510183536360701,0.22982399574218199,0.04970640903558141,0.8125063741268541,0.3580246913580247,0.6913123844731978,0.41993145995172937,0.8671811388929984,0.2720320592663787,0.21396796877246752,0.10454867282000846,0.8951199619301119,-0.021013705630308577,70.09805107526881,-0.03426548278621283,-0.035253792385779636
2016,138,3106,3400,42,86,-44,0,0,13,-11.0,0.8784610254173811,0.8156334395522258,0.9831723703913883,0.7762369620350471,0.27078891257995735,0.6827067669172933,0.3909224861410523,0.7693002990992118,0.22456122150229132,0.26179143994646215,0.08773330004355641,0.781828003636611,0.3287037037037037,0.6945736434108527,0.43732406815175134,0.8327878104443566,0.1874091964249763,0.22348752409109449,0.09447798972211624,0.7821690733977683,0.03715202507731502,71.98323006465517,-0.024159880957260293,-0.0029480856264458843
2016,138,3283,3401,65,74,-9,0,0,9,-2.4250000000000007,0.9734692633427009,0.8677920150422634,0.9914551220528954,0.8520769244375331,0.3166397415185784,0.7136363636363636,0.3980366708620674,0.8658758754401304,0.26806762510186566,0.20121812245826629,0.0586480829530021,0.8164312727298103,0.29113924050632906,0.7067796610169491,0.44527530585528025,0.8649042356995992,0.11017756975831146,0.2034863679077619,0.0634412611315149,0.8508499484848284,0.15789005534355421,71.73177083333334,-0.031834264094631026,-0.038870697753123684
2016,138,3218,3417,50,66,-16,0,0,11,-4.408266129032258,0.9500370669300466,0.8624270832171396,0.98407659540526,0.8501000491424927,0.3039832285115304,0.6949685534591195,0.4126115399921368,0.8198069339139763,0.2274961649009431,0.2450228725206469,0.054169296039617384,0.8416777038863599,0.33016627078384797,0.693815987933635,0.41757781838720404,0.8903804190012616,0.17422726967850985,0.19072581279065226,0.07525369630185592,0.8305138454665251,0.05326889522243325,72.13501764112902,-0.0012700762020981804,-0.02979161429811228
2016,138,3335,3449,53,65,-12,0,0,3,1.737268518518519,0.9675105114581043,0.8074810135178184,0.9897366184673341,0.8709674346210865,0.33140655105973027,0.6884875846501128,0.3844029180372527,0.9078537405075011,0.29658648258880443,0.16647658629096182,0.10726128122019209,0.898626481113106,0.3373134328358209,0.7842465753424658,0.4138297570776142,0.8408688438209082,0.2915780724592215,0.18171829233228032,0.05634080189491315,0.8913156179526496,0.005008410129582919,68.18831018518519,-0.006682235205606901,0.023974624818640877
2016,139,3120,3124,52,84,-32,0,0,8,-21.5853889943074,0.8803903102241699,0.8381765082369148,1.0693305091563547,0.739940241130582,0.27061310782241016,0.6206896551724138,0.4158948881558244,0.8278360594423586,0.21644384057365962,0.2569993900704893,0.05578110401985853,0.7609280018822119,0.3710691823899371,0.662568306010929,0.48782438558667374,0.8513181582557529,0.1293459476746871,0.2118256135242043,0.10226598987849661,0.8341891339601116,0.08709789289897252,71.48465370018975,-0.0642454398710654,0.030914863037624918
2016,139,3177,3257,73,72,1,1,0,3,3.5539772727272734,1.0946495891362902,0.8828710050054571,1.0268425889297845,0.84704992616414,0.34478672985781994,0.7054794520547945,0.45798591012626,0.928431220642198,0.34596089265644014,0.17822865219668,0.04444554699936062,0.7895818646973585,0.3255395683453237,0.7157190635451505,0.4322039492280189,0.8786189675242094,0.24890537366042245,0.21935283629485705,0.05320748233420044,0.7598896893342689,0.09705551899601769,71.87748579545456,-0.00029857449539533176,-0.0460909662711555
2016,139,3277,3280,72,74,-2,0,0,-1,-4.1268939393939394,1.0173528175144626,0.859892053551863,0.9970152241761399,0.7783023010583634,0.30887372013651876,0.7692307692307693,0.43893143691607645,0.8424028212185648,0.24511585869017602,0.22830912115022364,0.07052842318850822,0.7775303898749082,0.30639097744360905,0.730829420970266,0.40132391073737755,0.9039706229872089,0.22896588040489918,0.20667909806984452,0.08990810475015829,0.7464988698000273,0.01614997828527684,72.41987452651514,0.00968189507567807,-0.05221324949983552
2016,139,3326,3452,88,81,7,1,0,-3,-0.28739002932551294,1.1159911074672335,0.955531977030467,0.9904585128045804,0.8154285640247441,0.3702664796633941,0.7652027027027027,0.47896827124614655,0.8573004625632922,0.29721699876619906,0.1708827693766915,0.07102998839850284,0.8626914582191141,0.3173076923076923,0.6617647058823529,0.44124154213668315,0.8304257364495738,0.26857116963684635,0.23430667005873823,0.10776939966165539,0.8331153767260877,0.028645829129352707,74.32712609970673,-0.016291339179730968,-0.016688502697734475
2016,139,3333,3382,69,40,29,1,0,-8,7.533333333333333,0.9966286398835317,0.777233285347368,0.9284330450219811,0.8173481860486093,0.36082474226804123,0.7337662337662337,0.44194067655294833,0.8467128318349898,0.2729787133175621,0.23182196849182435,0.10417977467628063,0.9096953511175087,0.3320964749536178,0.7627906976744185,0.42844805030409405,0.796325839482682,0.2634265282496611,0.22456156470326719,0.07326046913482041,0.8482213858389156,0.009552185067901009,67.71640625,0.019595093885655612,0.05121402114119056
2016,139,3243,3376,47,73,-26,0,0,8,-13.972916666666666,0.9199411509473071,0.869177337987058,1.049825532014714,0.7971839892911953,0.32817337461300305,0.6535580524344569,0.4112494019150805,0.7989592505719842,0.30500259742112945,0.21756162589737696,0.08078201868119993,0.8346161768609082,0.3314176245210728,0.6701298701298701,0.4560981808167856,0.8132111203903791,0.2358705496560841,0.2077113400798369,0.09034269227560529,0.8469353437374675,0.06913204776504536,70.48296875,-0.03392250329024166,-0.04716573763906218
2016,139,3107,3393,59,76,-17,0,0,8,5.677419354838708,1.0612875023515165,0.7828519420474912,0.9686040169494762,0.7928710739699856,0.29554655870445345,0.6898305084745763,0.49021091181799265,0.8508696936052379,0.11918290354405249,0.21735051509317588,0.048268322401999124,0.7580266189959616,0.2927835051546392,0.6678023850085179,0.37434788236097216,0.9246343781619457,0.40680726580077686,0.19099829380641678,0.09025336823801705,0.7349490140783345,-0.2876243622567244,70.59151965725806,0.071095936516127,-0.018238327419752065
2016,139,3113,3397,64,75,-11,0,0,-5,2.195564516129032,0.9690535419163694,0.8153465691577989,0.9191580368811589,0.8318363713629808,0.32098765432098764,0.7227926078028748,0.4156222298062377,0.8729929240774482,0.2378099630321343,0.22372370865885857,0.04780851310951212,0.7802725587868217,0.2526539278131635,0.7009174311926606,0.4041031728453096,0.8682995864601304,0.20635355441002334,0.2286133144723118,0.07576105045177381,0.8244246688848741,0.031456408622110965,68.20338961693548,-0.010942693022253092,-0.008972550158203196
2016,140,3163,3182,97,51,46,1,0,-8,29.139112903225808,1.2306966011086455,0.6686407210830677,0.9884434997782088,0.8438712466099384,0.3644578313253012,0.7956043956043956,0.5250756397585665,0.9208152675811638,0.29336177826700643,0.16637513171343693,0.11243601986827009,0.8042252710375044,0.33236574746008707,0.7335834896810506,0.40646834009629945,0.8768511932316815,0.307492414736714,0.19831378866990862,0.06556711793376567,0.8707857047692991,-0.01413063646970758,71.6947958669355,0.07743962997858234,0.009866291796417959
2016,140,3199,3401,74,56,18,1,0,1,7.266666666666666,1.0262392575448733,0.7937960647294758,0.9914551220528954,0.8520769244375331,0.3372365339578454,0.6797153024911031,0.4608915823460026,0.8509345346641815,0.1989398998653695,0.24171200633060064,0.05288330023612382,0.7504417880979465,0.29113924050632906,0.7067796610169491,0.44527530585528025,0.8649042356995992,0.11017756975831146,0.2034863679077619,0.0634412611315149,0.8508499484848284,0.08876233010705804,71.95333333333333,0.0064296536701913265,-0.015722594305883963
2016,140,3246,3328,79,58,21,1,0,-3,5.1107526881720435,1.0037858111294677,0.8344377110788183,0.9528099295746473,0.8378186444881957,0.3524804177545692,0.7067137809187279,0.4592328219997098,0.8358577286137813,0.17178620767099798,0.2166205014877009,0.06466017974694832,0.81777666261552,0.315359477124183,0.7057851239669422,0.4191537961802792,0.8135998101512538,0.2669055178758473,0.22384265911513349,0.053090932596377385,0.7831595416050391,-0.09511931020484934,73.85569892473119,0.027022296285092673,0.031587630628658436
2016,140,3231,3323,70,87,-17,0,0,8,-14.899193548387096,0.9919990046065839,0.9288247165370235,1.0848223838465898,0.822733053828911,0.3203125,0.7303703703703703,0.4350085237909818,0.8144537106496145,0.22947368267742535,0.19726841508544454,0.053570396675486145,0.8713656145121687,0.4063157894736842,0.7087087087087087,0.49150414664452086,0.8169302642056502,0.20322905972876676,0.20021091953501932,0.08053403304832411,0.8264751385443765,0.02624462294865859,72.70859375,-0.05060888816382003,-0.006250871081029397
2016,140,3355,3390,65,66,-1,0,0,8,-2.86491935483871,1.0154597203166196,0.8692662623904097,1.0013610315047337,0.8109348050051011,0.34332425068119893,0.7037037037037037,0.41544728351011256,0.9003952049593702,0.33448493591012607,0.1842389819353028,0.08067155271729823,0.8206632563076288,0.3580246913580247,0.6913123844731978,0.41993145995172937,0.8671811388929984,0.2720320592663787,0.21396796877246752,0.10454867282000846,0.8951199619301119,0.06245287664374738,68.12174899193548,-0.02851632114597208,-0.04680972063039868
2016,140,3281,3400,55,73,-18,0,0,8,-4.5,0.9763447187663604,0.8280768586566798,0.9831723703913883,0.7762369620350471,0.32407407407407407,0.7556390977443609,0.4316230619275826,0.7897204950693398,0.3123573014469527,0.25614666275177406,0.0657868003759675,0.8091282668941209,0.3287037037037037,0.6945736434108527,0.43732406815175134,0.8327878104443566,0.1874091964249763,0.22348752409109449,0.09447798972211624,0.7821690733977683,0.12494810502197637,70.76544270833332,-0.006664923819866719,-0.012870462582738273
2016,140,3378,3417,67,72,-5,0,0,3,1.0625,1.0229128115426063,0.8671078201150597,0.98407659540526,0.8501000491424927,0.34991423670668953,0.78369384359401,0.41575026260295617,0.8824403182883396,0.2525700257240781,0.17806681552765,0.051920728359291526,0.8616318226396449,0.33016627078384797,0.693815987933635,0.41757781838720404,0.8903804190012616,0.17422726967850985,0.19072581279065226,0.07525369630185592,0.8305138454665251,0.07834275604556826,73.725,-0.005490140590685255,-0.06646759848327388
2016,140,3268,3449,65,74,-9,0,0,-5,15.249053030303031,1.1432662856273188,0.8210820635437722,0.9897366184673341,0.8709674346210865,0.4037383177570094,0.7342908438061042,0.4990601047480606,0.8903950766405979,0.2203396707681604,0.21104432648763446,0.07395316556973798,0.856793057624303,0.3373134328358209,0.7842465753424658,0.4138297570776142,0.8408688438209082,0.2915780724592215,0.18171829233228032,0.05634080189491315,0.8913156179526496,-0.0712384016910611,72.67736742424242,0.04302246282751576,0.06459450844908232
2016,144,3323,3390,84,90,-6,0,0,-3,5.44758064516129,1.0848223838465898,0.822733053828911,1.0013610315047337,0.8109348050051011,0.4063157894736842,0.7087087087087087,0.49150414664452086,0.8169302642056502,0.20322905972876676,0.20021091953501932,0.08053403304832411,0.8264751385443765,0.3580246913580247,0.6913123844731978,0.41993145995172937,0.8671811388929984,0.2720320592663787,0.21396796877246752,0.10454867282000846,0.8951199619301119,-0.06880299953761193,70.00456149193548,0.014789344628775958,-0.03953235025497903
2016,144,3376,3393,72,80,-8,0,0,-3,4.90625,1.049825532014714,0.7971839892911953,0.9686040169494762,0.7928710739699856,0.3314176245210728,0.6701298701298701,0.4560981808167856,0.8132111203903791,0.2358705496560841,0.2077113400798369,0.09034269227560529,0.8469353437374675,0.2927835051546392,0.6678023850085179,0.37434788236097216,0.9246343781619457,0.40680726580077686,0.19099829380641678,0.09025336823801705,0.7349490140783345,-0.17093671614469277,72.305859375,0.0636745234574827,-0.017356309878650777
2016,144,3326,3397,62,78,-16,0,0,-4,5.195564516129032,1.1159911074672335,0.955531977030467,0.9191580368811589,0.8318363713629808,0.3702664796633941,0.7652027027027027,0.47896827124614655,0.8573004625632922,0.29721699876619906,0.1708827693766915,0.07102998839850284,0.8626914582191141,0.2526539278131635,0.7009174311926606,0.4041031728453096,0.8682995864601304,0.20635355441002334,0.2286133144723118,0.07576105045177381,0.8244246688848741,0.09086344435617572,74.21750252016129,0.013419246277573293,-0.025207189375138772
2016,144,3246,3449,72,85,-13,0,0,-4,4.652083333333334,1.0037858111294677,0.8344377110788183,0.9897366184673341,0.8709674346210865,0.3524804177545692,0.7067137809187279,0.4592328219997098,0.8358577286137813,0.17178620767099798,0.2166205014877009,0.06466017974694832,0.81777666261552,0.3373134328358209,0.7842465753424658,0.4138297570776142,0.8408688438209082,0.2915780724592215,0.18171829233228032,0.05634080189491315,0.8913156179526496,-0.11979186478822354,72.77979166666667,0.017571288548106745,0.05255046736026325
2016,145,3124,3199,78,58,20,1,0,-4,7.550980392156863,1.0693305091563547,0.739940241130582,1.0262392575448733,0.7937960647294758,0.3710691823899371,0.662568306010929,0.48782438558667374,0.8513181582557529,0.1293459476746871,0.2118256135242043,0.10226598987849661,0.8341891339601116,0.3372365339578454,0.6797153024911031,0.4608915823460026,0.8509345346641815,0.1989398998653695,0.24171200633060064,0.05288330023612382,0.7504417880979465,-0.0695939521906824,72.48691176470588,0.039769536038005926,-0.020777088255016785
2016,145,3163,3280,98,38,60,1,0,-4,23.748106060606062,1.2306966011086455,0.6686407210830677,0.9970152241761399,0.7783023010583634,0.3644578313253012,0.7956043956043956,0.5250756397585665,0.9208152675811638,0.29336177826700643,0.16637513171343693,0.11243601986827009,0.8042252710375044,0.30639097744360905,0.730829420970266,0.40132391073737755,0.9039706229872089,0.22896588040489918,0.20667909806984452,0.08990810475015829,0.7464988698000273,0.06439589786210725,70.72534327651516,0.08256762803441448,-0.038972135103870875
2016,145,3177,3333,71,83,-12,0,0,4,0.7727272727272734,1.0946495891362902,0.8828710050054571,0.9966286398835317,0.777233285347368,0.34478672985781994,0.7054794520547945,0.45798591012626,0.928431220642198,0.34596089265644014,0.17822865219668,0.04444554699936062,0.7895818646973585,0.36082474226804123,0.7337662337662337,0.44194067655294833,0.8467128318349898,0.2729787133175621,0.23182196849182435,0.10417977467628063,0.9096953511175087,0.07298217933887802,70.39936079545456,-0.04951634337635563,0.002235595621882469
2016,145,3400,3417,72,64,8,1,0,-1,4.65625,0.9831723703913883,0.7762369620350471,0.98407659540526,0.8501000491424927,0.3287037037037037,0.6945736434108527,0.43732406815175134,0.8327878104443566,0.1874091964249763,0.22348752409109449,0.09447798972211624,0.7821690733977683,0.33016627078384797,0.693815987933635,0.41757781838720404,0.8903804190012616,0.17422726967850985,0.19072581279065226,0.07525369630185592,0.8305138454665251,0.013181926746466455,73.8640625,0.02002024822357701,-0.04022607052371163
2016,146,3393,3397,89,67,22,1,0,-3,5.9375,0.9686040169494762,0.7928710739699856,0.9191580368811589,0.8318363713629808,0.2927835051546392,0.6678023850085179,0.37434788236097216,0.9246343781619457,0.40680726580077686,0.19099829380641678,0.09025336823801705,0.7349490140783345,0.2526539278131635,0.7009174311926606,0.4041031728453096,0.8682995864601304,0.20635355441002334,0.2286133144723118,0.07576105045177381,0.8244246688848741,0.20045371139075352,72.4953125,-0.02653989420475128,0.008003500256893115
2016,146,3390,3449,76,85,-9,0,0,-3,4.89616935483871,1.0013610315047337,0.8109348050051011,0.9897366184673341,0.8709674346210865,0.3580246913580247,0.6913123844731978,0.41993145995172937,0.8671811388929984,0.2720320592663787,0.21396796877246752,0.10454867282000846,0.8951199619301119,0.3373134328358209,0.7842465753424658,0.4138297570776142,0.8408688438209082,0.2915780724592215,0.18171829233228032,0.05634080189491315,0.8913156179526496,-0.019546013192842826,69.3490927419355,0.022733324766347374,0.0655742739701638
2016,147,3163,3400,86,65,21,1,0,-1,24.6875,1.2306966011086455,0.6686407210830677,0.9831723703913883,0.7762369620350471,0.3644578313253012,0.7956043956043956,0.5250756397585665,0.9208152675811638,0.29336177826700643,0.16637513171343693,0.11243601986827009,0.8042252710375044,0.3287037037037037,0.6945736434108527,0.43732406815175134,0.8327878104443566,0.1874091964249763,0.22348752409109449,0.09447798972211624,0.7821690733977683,0.10595258184203013,71.6484375,0.05629626400038995,0.008904870638019147
2016,147,3124,3333,57,60,-3,0,0,-1,9.117647058823529,1.0693305091563547,0.739940241130582,0.9966286398835317,0.777233285347368,0.3710691823899371,0.662568306010929,0.48782438558667374,0.8513181582557529,0.1293459476746871,0.2118256135242043,0.10226598987849661,0.8341891339601116,0.36082474226804123,0.7337662337662337,0.44194067655294833,0.8467128318349898,0.2729787133175621,0.23182196849182435,0.10417977467628063,0.9096953511175087,-0.14363276564287503,69.73331801470587,0.019355607831904043,0.020619870035267884
2016,153,3163,3333,80,51,29,1,0,-1,24.1875,1.2306966011086455,0.6686407210830677,0.9966286398835317,0.777233285347368,0.3644578313253012,0.7956043956043956,0.5250756397585665,0.9208152675811638,0.29336177826700643,0.16637513171343693,0.11243601986827009,0.8042252710375044,0.36082474226804123,0.7337662337662337,0.44194067655294833,0.8467128318349898,0.2729787133175621,0.23182196849182435,0.10417977467628063,0.9096953511175087,0.020383064949444307,69.040234375,0.03770769265311663,0.020777794623424772
2016,153,3393,3449,80,59,21,1,0,-3,4.21875,0.9686040169494762,0.7928710739699856,0.9897366184673341,0.8709674346210865,0.2927835051546392,0.6678023850085179,0.37434788236097216,0.9246343781619457,0.40680726580077686,0.19099829380641678,0.09025336823801705,0.7349490140783345,0.3373134328358209,0.7842465753424658,0.4138297570776142,0.8408688438209082,0.2915780724592215,0.18171829233228032,0.05634080189491315,0.8913156179526496,0.11522919334155535,73.066015625,-0.03371373863806859,0.0728981980675606
2016,155,3163,3393,82,51,31,1,0,-3,26.6875,1.2306966011086455,0.6686407210830677,0.9686040169494762,0.7928710739699856,0.3644578313253012,0.7956043956043956,0.5250756397585665,0.9208152675811638,0.29336177826700643,0.16637513171343693,0.11243601986827009,0.8042252710375044,0.2927835051546392,0.6678023850085179,0.37434788236097216,0.9246343781619457,0.40680726580077686,0.19099829380641678,0.09025336823801705,0.7349490140783345,-0.11344548753377043,72.81171875,0.10839977062130035,-0.02579173317616512
2017,137,3113,3277,73,61,12,1,0,-1,-0.869959677419355,0.959157829158872,0.8658811713194374,1.0075115095728058,0.907638054761812,0.30532212885154064,0.6785109983079526,0.420350378526442,0.8511986332197349,0.1736377386737104,0.22938481772581285,0.06235599905314998,0.8112776500627978,0.36283185840707965,0.7436399217221135,0.4405120574353241,0.8410756292638323,0.290468058854541,0.21713724563079642,0.05867490602496824,0.8198047161712866,-0.11683032018083062,69.75941280241935,-0.021592590495761566,0.039147131077263975
2017,137,3166,3405,76,49,27,1,0,-3,-0.21458333333333357,1.0008355521958168,0.8881029008843195,0.938711745761699,0.8245980645681951,0.3416058394160584,0.7452380952380953,0.41312637688248965,0.8771939296787632,0.3471036145511819,0.1795611790778341,0.08397959617317943,0.8754640973353155,0.29174311926605506,0.6605374823196606,0.41575988666335884,0.8198757050134836,0.22631918406551066,0.21559305554389913,0.04260152108574954,0.782518355948436,0.12078443048567122,70.52018229166666,-0.007080680564345243,-0.04237838269305211
2017,137,3177,3320,88,67,21,1,0,-3,4.340175953079179,1.0622739980597946,0.877545331661288,0.9899628809224866,0.841721136758543,0.3276231263383298,0.6872509960159363,0.43352818249286074,0.9243977609353777,0.3726323704091639,0.17982602837788084,0.06185743509226676,0.7949117450599889,0.2967581047381546,0.7003968253968254,0.3887846776138049,0.9120902397973003,0.38242840514167137,0.17863650561457814,0.06580637363668057,0.7724783280157506,-0.009796034732507453,71.77328934506355,0.018984779186877465,0.0019456100744177363
2017,137,3199,3442,87,66,21,1,0,-11,12.006451612903223,1.0914838141328758,0.8006311886162107,1.0566931098013848,0.9180802879858058,0.3603411513859275,0.7092307692307692,0.4659777874243602,0.8763238719194171,0.20935284842749483,0.19825323876134426,0.07167698293847635,0.7648263905665332,0.3345410628019323,0.767361111111111,0.42144113929560106,0.8714988275841268,0.37303185640184267,0.1717132401901628,0.07155087090976804,0.823371948787541,-0.16367900797434784,73.42370967741935,0.037691532153156515,0.03213467989758767
2017,137,3125,3246,70,73,-3,0,0,9,3.903225806451614,1.1052806636321175,0.9253505384887178,1.0204907637593468,0.903497708376352,0.36661911554921545,0.7245409015025042,0.458515860651007,0.8638662945682354,0.323437213106054,0.19983853692193157,0.06896436712267319,0.895946172160604,0.3063583815028902,0.7491582491582492,0.4292056655527789,0.8633155133990713,0.24112576615608547,0.17377729682806667,0.04074170719789189,0.8411370179312315,0.08231144694996853,69.94637096774194,0.014887885002394352,0.0020580076994536345
2017,137,3137,3268,61,103,-42,0,0,11,-15.5,1.0016424318326096,0.8516680002531072,1.1869059645931868,0.8515294903717695,0.34262295081967215,0.7568493150684932,0.4425382920760416,0.7935626380198819,0.2840641728353374,0.23363215555332947,0.06420697604104379,0.8937595730955256,0.37340619307832423,0.710948905109489,0.5103591667259533,0.8855128970834343,0.22681580539530005,0.19711958541272162,0.07958234129756617,0.8153519453825793,0.05724836744003736,71.621484375,-0.01883141739027383,-0.06625730270723684
2017,137,3280,3407,110,69,41,1,0,-13,11.187878787878786,1.0804150376428703,0.8083285055586404,0.9667462473409372,0.8762330318868757,0.344,0.7193500738552437,0.45210803775610553,0.8793999486527034,0.21868282188514448,0.18935333080400896,0.0742785333514708,0.7369883989824237,0.3007915567282322,0.7409733124018838,0.39301325355038386,0.878167744652494,0.3018773555771637,0.23558909758833818,0.049483815253000815,0.7823786311099038,-0.08319453369201923,76.40920454545454,0.03079179887617456,-0.006715573163377453
2017,137,3281,3378,66,64,2,1,0,-5,-4.667338709677419,1.0013468241796644,0.9318894541493128,1.0336847373171827,0.9043643409341674,0.35473515248796145,0.8018018018018018,0.43766629735544355,0.7808965008017078,0.3025164191342808,0.239857737628953,0.05526945986305662,0.8677502522072418,0.3317901234567901,0.7425742574257426,0.43201494535366886,0.8889324283359964,0.295637168284367,0.1938382476097188,0.04493974775825074,0.8973659351058134,0.006879250849913809,67.54996219758064,0.007167969009727715,-0.009496297586341185
2017,137,3120,3301,48,62,-14,0,0,5,-10.240860215053765,0.9206268384133655,0.8885569664445049,1.0290145691956967,0.8450008256977716,0.2877813504823151,0.698076923076923,0.3775131791211059,0.8849339624720528,0.2958407280346794,0.19978713668450268,0.04894972430539101,0.740376597399368,0.336734693877551,0.6941176470588236,0.4208841368665349,0.8538142483270564,0.3310203414807186,0.19060987793474896,0.05289410227100612,0.8239154862938438,-0.035179613446039204,68.80504032258065,-0.04647171034833286,0.04698825258093353
2017,137,3323,3352,79,49,30,1,0,-15,11.566959921798631,1.1183457384651103,0.8705158823896966,0.920237571185573,0.8299808174768862,0.39375000000000004,0.7120141342756184,0.49440519902746083,0.8775033854172032,0.20562887179209044,0.1829223589091246,0.07615103610814629,0.826935600760084,0.3479052823315118,0.6645569620253164,0.41969409777707944,0.8204689997400184,0.259392763869508,0.24097263287711654,0.056127007784896814,0.7464770476200896,-0.05376389207741755,69.88822091886608,0.025017917166889614,0.01237371814810262
2017,137,3326,3443,70,63,7,1,0,-7,1.8049242424242422,1.0928485031480908,0.9096181831041715,1.1326405461136926,0.9277254703394421,0.3506311360448808,0.699859747545582,0.45658307840920925,0.8790140307084027,0.28317395804139506,0.17566139190189484,0.09342473364178401,0.8423189039062685,0.33477011494252873,0.7708674304418985,0.44200971981712983,0.923114511391382,0.31658301276666584,0.16221545191418035,0.0566349428166424,0.8100719394788838,-0.03340905472527078,72.90884232954545,0.03305703757948786,-0.042493343024057495
2017,137,3253,3333,55,56,-1,0,0,13,-9.803977272727273,0.9508132118562461,0.911963525515265,1.0045993413534358,0.8197832043658255,0.3273657289002558,0.6339285714285714,0.3899450311684266,0.8771096926180266,0.35272273757818584,0.20222892819893531,0.038468893905101116,0.7639692298221373,0.37758620689655176,0.6712062256809339,0.436847781619797,0.857123066908102,0.26763737681624905,0.22045861336157338,0.07870375353627716,0.921350625172493,0.08508536076193679,67.64621212121213,-0.060482363865672184,0.04908276204396028
2017,137,3345,3453,74,62,12,1,0,1,-10.832720588235293,0.977889214859916,0.8588201240874861,1.070198317440871,0.7830780624509815,0.33133732534930144,0.7001763668430335,0.4303981041295069,0.8572569993788133,0.21664547071330575,0.20689650135538057,0.08158312782595621,0.870635056260611,0.3524355300859599,0.680089485458613,0.4594292618131108,0.8792788461573959,0.3367706096046487,0.21119193124872004,0.05274838656020143,0.7696752543970582,-0.12012513889134296,66.65875459558822,-0.025306553977862356,0.011937729389694063
2017,137,3376,3421,90,40,50,1,0,-15,16.945564516129032,1.0945429626191194,0.8181622746478577,0.9779423490804667,0.9413948191838613,0.3333333333333333,0.7047075606276747,0.4714059869990582,0.8429432205335274,0.2241515743276458,0.18641449795819898,0.0970337101318968,0.8692524753715215,0.341948310139165,0.6479591836734694,0.4106419044180953,0.864092329448223,0.2418664490997301,0.20789848090883264,0.053522919761577775,0.8564515148020092,-0.017714874772084305,67.21748991935485,0.062278817751405424,0.021529321994076867
2017,137,3146,3400,50,78,-28,0,0,11,-0.62406947890819,1.0180840446932322,0.8417173385834731,1.0181751616000472,0.851401623361017,0.34456928838951306,0.6926503340757239,0.46554432502206716,0.8399981927253115,0.1584823041055445,0.21836938592453187,0.061996260975307756,0.8049867801534282,0.348314606741573,0.6633663366336634,0.44891582176834255,0.9094160343899674,0.15870182058660304,0.20650050372949777,0.09492299013397068,0.8046911449659736,-0.00021951648105852928,68.88044354838709,0.011854707486885885,-0.02429222679734333
2017,137,3189,3452,62,75,-13,0,0,5,-1.326704545454545,1.0029674243137707,0.856332618304248,1.015842267036448,0.8488701487247822,0.31758034026465026,0.6261127596439169,0.4279086991430314,0.8691170951284097,0.23498669008499434,0.21255237503676414,0.07313194666901442,0.8264216431900282,0.35614307931570766,0.7259380097879282,0.4441463377329822,0.8308297569493095,0.2668779961089633,0.2232158352691773,0.09829294722598732,0.8211210424714032,-0.031891306023968946,71.65793087121213,-0.0023608926884667314,0.0357967594153249
2017,138,3124,3411,119,30,89,1,0,-15,27.930596285434998,1.1797553785289792,0.7591413788837468,0.8754645194488249,0.8038135191274492,0.40618101545253865,0.6776750330250991,0.49519629723536607,0.9130086786317337,0.18359742392940973,0.1783807763525036,0.12941439850204353,0.8373504030980778,0.30170316301703165,0.6359712230215827,0.40760786008451017,0.7567162928451862,0.18763206317543463,0.27942314862277273,0.06389754720825565,0.8221297544233048,-0.004034639246024901,72.67592864125122,0.06622841094256826,0.011611859338856112
2017,138,3143,3261,55,52,3,1,0,1,0.32157258064516103,0.9717546860972048,0.9153906261372511,0.9286985286008379,0.877391471449647,0.30876494023904383,0.6600361663652803,0.4588353771083088,0.8156284385592036,0.22146743762304727,0.23042105055582177,0.07466803428426234,0.8919064006105528,0.24161073825503357,0.6656200941915228,0.4263693753027661,0.8419395901337333,0.07058977880789313,0.20890090444332876,0.054792587720351074,0.7539944850349725,0.15087765881515414,70.15389364919355,0.03783549367157962,-0.019981018735466594
2017,138,3107,3163,55,116,-61,0,0,15,-29.16733870967742,0.9051294602528649,0.8613855280698763,1.221194099465383,0.7616987138953433,0.31063829787234043,0.6861924686192468,0.420381947892389,0.8337650422853529,0.2099899642926252,0.27404021668508804,0.07868329411539327,0.7507385417840283,0.39502332814930013,0.7873134328358209,0.5224779815450203,0.8838941449071231,0.28359044174989606,0.17010127469895023,0.07972918790863714,0.8683309634565144,-0.07360047745727086,71.96129032258065,-0.07129848508037934,0.01719369216884803
2017,138,3181,3214,94,31,63,1,0,-13,15.5625,1.0372167510191739,0.7912148374584811,0.8508793720866573,0.8225704445684263,0.3881578947368421,0.743859649122807,0.47262949070403143,0.818826674446291,0.2020143577773321,0.2213201198441202,0.09068251157785649,0.8501367666097952,0.27708703374777977,0.6165951359084406,0.3517076398881836,0.8575854542362568,0.24470744086485946,0.20569474391756284,0.07668370195059894,0.7554764838243743,-0.04269308308752737,71.465234375,0.08329645878307917,-0.0037102451447976748
2017,138,3179,3243,54,67,-13,0,0,3,11.34173387096774,1.103639775423045,0.8827314782748609,0.9733120293872746,0.8905986063807418,0.3595505617977528,0.738404452690167,0.4833756958309388,0.8497883128564605,0.31238012564681655,0.20989265458898684,0.053980901953198386,0.84077021561055,0.3333333333333333,0.6803030303030303,0.41895711405606323,0.8218522011376772,0.2466451566525487,0.2108060076416368,0.07173435005439646,0.8620584629572606,0.06573496899426784,72.19974798387096,0.03297835299149654,0.0023500324770943104
2017,138,3151,3257,62,82,-20,0,0,9,-9.237191650853891,1.030730427011109,0.9428501143757076,1.0443076652673526,0.8401211445765658,0.3121869782971619,0.754880694143167,0.43578546507225,0.864622396230566,0.314022387221775,0.20121661612335148,0.10808822355549405,0.9141509421950503,0.3443396226415094,0.6956521739130436,0.4470688450521844,0.894333228595001,0.2629098654375061,0.20385470086772575,0.06165412303645262,0.8072303459547178,0.051112521784268894,66.54855313092979,-0.023565155212400768,-0.007238806197787495
2017,138,3195,3274,60,62,-2,0,0,9,4.79233870967742,1.0235072720700054,0.8126611651835186,1.0030340832336624,0.8720067803745585,0.32468879668049794,0.6718146718146718,0.41418214243430745,0.8758371157554103,0.4321185805634033,0.17783642278220743,0.03383052427133647,0.7397634696621002,0.3415492957746478,0.6672760511882998,0.4411338947957046,0.851866596287024,0.255607944422316,0.22001706718269654,0.06258083982115356,0.8051024341021895,0.1765106361410873,70.99997479838709,-0.011132906069784843,-0.07766302635064748
2017,138,3211,3328,62,75,-13,0,0,5,9.403225806451612,1.040622084611874,0.8253087725275111,0.9687682712654904,0.899319762916491,0.3333333333333333,0.7753743760399334,0.42980814333291795,0.8559664949741206,0.30026759228832867,0.21480795933502092,0.08297536399523095,0.8239684959143283,0.3333333333333333,0.7301587301587301,0.41499121386243765,0.8344777859888522,0.2528642734106305,0.2037508341663348,0.08864819130003747,0.8277403676075907,0.047403318877698164,72.92476058467741,0.02634557031110457,0.01718490657636429
2017,138,3332,3396,71,70,1,1,0,3,-3.4291300097751707,1.0256559466070938,0.9369931159138364,0.9986939029186783,0.8521683911930727,0.39644970414201186,0.7274549098196392,0.4505812227431394,0.8698798067731098,0.22130827650279558,0.2007362020237787,0.04729315745548671,0.8722051158423233,0.3277439024390244,0.7127468581687612,0.3948890328940021,0.9092198244439494,0.301443982755723,0.18990973034236108,0.05370823118341975,0.846981627307221,-0.0801357062529274,69.6812072336266,0.020789001673797602,-0.01385547195968817
2017,138,3266,3346,65,68,-3,0,0,-7,-2.575757575757576,1.0884384760684152,0.959620937100391,0.9482093071321818,0.7862192199770465,0.3416149068322981,0.730072463768116,0.4642628855722236,0.8906534088454219,0.2775228948849914,0.16409975460837553,0.030162685184078875,0.8784726008303859,0.3,0.7272727272727274,0.3854565231342123,0.8703213128993073,0.3139812424521557,0.20420166711955845,0.09303648973613671,0.7393744789614676,-0.03645834756716432,72.41647727272726,0.009995384420898479,-0.024719558245040574
2017,138,3308,3390,64,72,-8,0,0,13,-8.647186147186146,0.9824731957089362,0.8651186929142989,1.044929237591322,0.8155406961322132,0.34951456310679613,0.7161016949152542,0.42062697897496915,0.8530994255909258,0.2691513363473637,0.22417614073290507,0.07088543312547314,0.8020993922733896,0.3517857142857143,0.6872909698996655,0.44885287870816565,0.8716077828203681,0.2467433264204435,0.20084198863205568,0.0934620433959916,0.8807263433411469,0.022408009926920214,69.21699134199135,-0.03191197594201428,-0.00018991522826106166
2017,138,3235,3393,65,85,-20,0,0,1,-6.521505376344087,1.0425268884495817,0.9671203730546776,1.0481425139619427,0.8899226627350771,0.34236804564907275,0.7999999999999999,0.41633577232373603,0.8823716916738694,0.33039476957050806,0.17048910893247143,0.057112481356925864,0.8553152199719322,0.30108695652173917,0.7495881383855024,0.39996649390200417,0.9239772793149029,0.3932328897806204,0.18204407495853145,0.07621396039695075,0.7472190207593373,-0.06283812021011231,73.16283602150537,0.017734116099344777,-0.048587702413662504
2017,138,3173,3397,57,66,-9,0,0,7,-1.419354838709677,0.9645302025895878,0.8628611369593272,1.0143637239099872,0.9084090558195578,0.34477124183006536,0.6828478964401296,0.39580748288867107,0.8433516660896214,0.28696014289733707,0.22285705991295773,0.08507615332730822,0.8636826966305035,0.34579439252336447,0.7512355848434925,0.4353043470089737,0.8519460170291957,0.1966973537699201,0.1839984549303265,0.05991679244768413,0.9111247843440571,0.09026278912741698,70.90084677419355,-0.00022844231407070925,0.019963209118110337
2017,138,3335,3401,61,63,-2,0,0,7,1.3794642857142865,0.9726895597622052,0.8373653569245965,1.031627153890186,0.9270215508848748,0.3375680580762251,0.6771653543307086,0.3881870201148648,0.9290244028263325,0.31667091130030994,0.18519280980479702,0.10542812580728003,0.8857514933796079,0.3812316715542522,0.7693574958813838,0.44213397782457425,0.8576687942103746,0.15910324671574697,0.20826383086274322,0.050441711242342355,0.869076659214911,0.15756766458456298,64.68766741071428,0.003666917676011461,-0.01705955801083514
2017,138,3129,3417,56,83,-27,0,0,9,-4.668817204301075,0.9572481286531987,0.8864086186554737,1.0118297091462423,0.880490276603468,0.3302752293577982,0.7352941176470589,0.40087056563289997,0.8985841297195728,0.3044652229880874,0.19986154894923178,0.059227482019426715,0.8119249518461275,0.2921875,0.718849840255591,0.4077223187141619,0.9026124575965058,0.28161726873577775,0.16350846077978506,0.08502553712562695,0.8037828054528219,0.022847954252309677,72.31736559139785,-0.007047850732784577,-8.951171223625654e-05
2017,138,3286,3449,63,91,-28,0,0,11,-14.556034482758621,0.9662007042378566,0.8707157361978272,1.1700735636416582,0.8769505638448877,0.3303437967115097,0.7171903881700554,0.4038814435681244,0.8539294693926823,0.31065552055706463,0.21083346982474238,0.049684380317661446,0.8436496104212534,0.3811764705882353,0.7571644042232277,0.4723418723210584,0.8641268775163976,0.3668721354208844,0.1490426000363598,0.0474703917737136,0.8983161350668497,-0.05621661486381979,73.65141433189655,-0.03433688112219385,0.035039953593644646
2017,139,3199,3281,77,55,22,1,0,-3,17.161290322580644,1.0914838141328758,0.8006311886162107,1.0013468241796644,0.9318894541493128,0.3603411513859275,0.7092307692307692,0.4659777874243602,0.8763238719194171,0.20935284842749483,0.19825323876134426,0.07167698293847635,0.7648263905665332,0.35473515248796145,0.8018018018018018,0.43766629735544355,0.7808965008017078,0.3025164191342808,0.239857737628953,0.05526945986305662,0.8677502522072418,-0.09316357070678596,69.8125,0.01257664630597849,0.05019848500965807
2017,139,3268,3452,83,56,27,1,0,-3,12.892045454545455,1.1869059645931868,0.8515294903717695,1.015842267036448,0.8488701487247822,0.37340619307832423,0.710948905109489,0.5103591667259533,0.8855128970834343,0.22681580539530005,0.19711958541272162,0.07958234129756617,0.8153519453825793,0.35614307931570766,0.7259380097879282,0.4441463377329822,0.8308297569493095,0.2668779961089633,0.2232158352691773,0.09829294722598732,0.8211210424714032,-0.04006219071366324,74.48957149621212,0.021634306045970053,0.04220011991786876
2017,139,3177,3280,71,92,-21,0,0,5,-5.727272727272727,1.0622739980597946,0.877545331661288,1.0804150376428703,0.8083285055586404,0.3276231263383298,0.6872509960159363,0.43352818249286074,0.9243977609353777,0.3726323704091639,0.17982602837788084,0.06185743509226676,0.7949117450599889,0.344,0.7193500738552437,0.45210803775610553,0.8793999486527034,0.21868282188514448,0.18935333080400896,0.0742785333514708,0.7369883989824237,0.15394954852401943,72.57613636363635,-0.015539329350268971,-0.03218899855263202
2017,139,3323,3345,88,82,6,1,1,-8,10.388591800356505,1.1183457384651103,0.8705158823896966,0.977889214859916,0.8588201240874861,0.39375000000000004,0.7120141342756184,0.49440519902746083,0.8775033854172032,0.20562887179209044,0.1829223589091246,0.07615103610814629,0.826935600760084,0.33133732534930144,0.7001763668430335,0.4303981041295069,0.8572569993788133,0.21664547071330575,0.20689650135538057,0.08158312782595621,0.870635056260611,-0.011016598921215315,69.60500222816398,0.02481807053572349,-0.002755333680232397
2017,139,3246,3326,68,82,-14,0,0,-1,-7.368951612903226,1.0204907637593468,0.903497708376352,1.0928485031480908,0.9096181831041715,0.3063583815028902,0.7491582491582492,0.4292056655527789,0.8633155133990713,0.24112576615608547,0.17377729682806667,0.04074170719789189,0.8411370179312315,0.3506311360448808,0.699859747545582,0.45658307840920925,0.8790140307084027,0.28317395804139506,0.17566139190189484,0.09342473364178401,0.8423189039062685,-0.04204819188530959,74.33453881048388,-0.02864155528846346,-0.01577472434012217
2017,139,3166,3333,52,64,-12,0,0,5,-4.206060606060607,1.0008355521958168,0.8881029008843195,1.0045993413534358,0.8197832043658255,0.3416058394160584,0.7452380952380953,0.41312637688248965,0.8771939296787632,0.3471036145511819,0.1795611790778341,0.08397959617317943,0.8754640973353155,0.37758620689655176,0.6712062256809339,0.436847781619797,0.857123066908102,0.26763737681624905,0.22045861336157338,0.07870375353627716,0.921350625172493,0.07946623773493283,65.88787878787879,-0.03234528501626832,-0.03929009710167519
2017,139,3113,3376,68,71,-3,0,0,7,-13.096774193548388,0.959157829158872,0.8658811713194374,1.0945429626191194,0.8181622746478577,0.30532212885154064,0.6785109983079526,0.420350378526442,0.8511986332197349,0.1736377386737104,0.22938481772581285,0.06235599905314998,0.8112776500627978,0.3333333333333333,0.7047075606276747,0.4714059869990582,0.8429432205335274,0.2241515743276458,0.18641449795819898,0.0970337101318968,0.8692524753715215,-0.050513835653935385,67.8983870967742,-0.05570452191070285,-0.007132293207776863
2017,139,3301,3400,80,84,-4,0,0,3,0.11182795698924686,1.0290145691956967,0.8450008256977716,1.0181751616000472,0.851401623361017,0.336734693877551,0.6941176470588236,0.4208841368665349,0.8538142483270564,0.3310203414807186,0.19060987793474896,0.05289410227100612,0.8239154862938438,0.348314606741573,0.6633663366336634,0.44891582176834255,0.9094160343899674,0.15870182058660304,0.20650050372949777,0.09492299013397068,0.8046911449659736,0.1723185208941156,70.98044354838709,-0.015825107654720283,-0.04298028402395582
2017,140,3124,3143,86,46,40,1,0,-8,27.544507575757578,1.1797553785289792,0.7591413788837468,0.9717546860972048,0.9153906261372511,0.40618101545253865,0.6776750330250991,0.49519629723536607,0.9130086786317337,0.18359742392940973,0.1783807763525036,0.12941439850204353,0.8373504030980778,0.30876494023904383,0.6600361663652803,0.4588353771083088,0.8156284385592036,0.22146743762304727,0.23042105055582177,0.07466803428426234,0.8919064006105528,-0.037870013693637544,73.30240293560607,0.05178859071403308,0.02111405797622834
2017,140,3163,3393,94,64,30,1,0,-7,20.45766129032258,1.221194099465383,0.7616987138953433,1.0481425139619427,0.8899226627350771,0.39502332814930013,0.7873134328358209,0.5224779815450203,0.8838941449071231,0.28359044174989606,0.17010127469895023,0.07972918790863714,0.8683309634565144,0.30108695652173917,0.7495881383855024,0.39996649390200417,0.9239772793149029,0.3932328897806204,0.18204407495853145,0.07621396039695075,0.7472190207593373,-0.10964244803072432,73.2399193548387,0.10314081978376599,-0.0016069630303038318
2017,140,3257,3397,75,64,11,1,0,-1,6.882352941176471,1.0443076652673526,0.8401211445765658,1.0143637239099872,0.9084090558195578,0.3443396226415094,0.6956521739130436,0.4470688450521844,0.894333228595001,0.2629098654375061,0.20385470086772575,0.06165412303645262,0.8072303459547178,0.34579439252336447,0.7512355848434925,0.4353043470089737,0.8519460170291957,0.1966973537699201,0.1839984549303265,0.05991679244768413,0.9111247843440571,0.06621251166758602,72.18286764705883,0.015124125583593218,0.014200733487077621
2017,140,3181,3332,65,74,-9,0,0,-8,11.567234848484848,1.0372167510191739,0.7912148374584811,1.0256559466070938,0.9369931159138364,0.3881578947368421,0.743859649122807,0.47262949070403143,0.818826674446291,0.2020143577773321,0.2213201198441202,0.09068251157785649,0.8501367666097952,0.39644970414201186,0.7274549098196392,0.4505812227431394,0.8698798067731098,0.22130827650279558,0.2007362020237787,0.04729315745548671,0.8722051158423233,-0.019293918725463488,69.83738162878788,0.03907427653241863,6.750711342151661e-07
2017,140,3274,3346,78,85,-7,0,0,-8,-1.930596285434996,1.0030340832336624,0.8720067803745585,0.9482093071321818,0.7862192199770465,0.3415492957746478,0.6672760511882998,0.4411338947957046,0.851866596287024,0.255607944422316,0.22001706718269654,0.06258083982115356,0.8051024341021895,0.3,0.7272727272727274,0.3854565231342123,0.8703213128993073,0.3139812424521557,0.20420166711955845,0.09303648973613671,0.7393744789614676,-0.058373298029839704,72.02192082111436,0.008128987882105254,0.035841659717961494
2017,140,3243,3390,48,69,-21,0,0,5,-10.982007575757574,0.9733120293872746,0.8905986063807418,1.044929237591322,0.8155406961322132,0.3333333333333333,0.6803030303030303,0.41895711405606323,0.8218522011376772,0.2466451566525487,0.2108060076416368,0.07173435005439646,0.8620584629572606,0.3517857142857143,0.6872909698996655,0.44885287870816565,0.8716077828203681,0.2467433264204435,0.20084198863205568,0.0934620433959916,0.8807263433411469,-9.81697678947846e-05,69.48016098484848,-0.034665738155553905,-0.004767087019481586
2017,140,3401,3417,43,75,-32,0,0,1,-3.029233870967742,1.031627153890186,0.9270215508848748,1.0118297091462423,0.880490276603468,0.3812316715542522,0.7693574958813838,0.44213397782457425,0.8576687942103746,0.15910324671574697,0.20826383086274322,0.050441711242342355,0.869076659214911,0.2921875,0.718849840255591,0.4077223187141619,0.9026124575965058,0.28161726873577775,0.16350846077978506,0.08502553712562695,0.8037828054528219,-0.12251402202003078,70.2778603830645,0.005226894650486369,0.018921526609806172
2017,140,3328,3449,82,108,-26,0,0,3,-16.528225806451612,0.9687682712654904,0.899319762916491,1.1700735636416582,0.8769505638448877,0.3333333333333333,0.7301587301587301,0.41499121386243765,0.8344777859888522,0.2528642734106305,0.2037508341663348,0.08864819130003747,0.8277403676075907,0.3811764705882353,0.7571644042232277,0.4723418723210584,0.8641268775163976,0.3668721354208844,0.1490426000363598,0.0474703917737136,0.8983161350668497,-0.11400786201025392,74.41616683467743,-0.042633104918118614,0.03964164009454513
2017,144,3124,3257,97,63,34,1,0,-3,17.693404634581107,1.1797553785289792,0.7591413788837468,1.0443076652673526,0.8401211445765658,0.40618101545253865,0.6776750330250991,0.49519629723536607,0.9130086786317337,0.18359742392940973,0.1783807763525036,0.12941439850204353,0.8373504030980778,0.3443396226415094,0.6956521739130436,0.4470688450521844,0.894333228595001,0.2629098654375061,0.20385470086772575,0.06165412303645262,0.8072303459547178,-0.07931244150809638,73.14222370766488,0.05251510772120194,0.019199409904254394
2017,144,3280,3449,75,64,11,1,0,-1,-2.1704545454545467,1.0804150376428703,0.8083285055586404,1.1700735636416582,0.8769505638448877,0.344,0.7193500738552437,0.45210803775610553,0.8793999486527034,0.21868282188514448,0.18935333080400896,0.0742785333514708,0.7369883989824237,0.3811764705882353,0.7571644042232277,0.4723418723210584,0.8641268775163976,0.3668721354208844,0.1490426000363598,0.0474703917737136,0.8983161350668497,-0.14818931353573994,70.78594933712121,-0.02005680614638572,0.07358382827651766
2017,144,3323,3326,99,76,23,1,0,-4,2.649621212121211,1.1183457384651103,0.8705158823896966,1.0928485031480908,0.9096181831041715,0.39375000000000004,0.7120141342756184,0.49440519902746083,0.8775033854172032,0.20562887179209044,0.1829223589091246,0.07615103610814629,0.826935600760084,0.3506311360448808,0.699859747545582,0.45658307840920925,0.8790140307084027,0.28317395804139506,0.17566139190189484,0.09342473364178401,0.8423189039062685,-0.07754508624930462,75.02437263257576,0.009632618192836673,-0.0010841202725148102
2017,144,3390,3400,77,66,11,1,0,-1,4.220918866080154,1.044929237591322,0.8155406961322132,1.0181751616000472,0.851401623361017,0.3517857142857143,0.6872909698996655,0.44885287870816565,0.8716077828203681,0.2467433264204435,0.20084198863205568,0.0934620433959916,0.8807263433411469,0.348314606741573,0.6633663366336634,0.44891582176834255,0.9094160343899674,0.15870182058660304,0.20650050372949777,0.09492299013397068,0.8046911449659736,0.08804150583384046,70.74654203323558,0.01199720368819579,-0.02356188437381157
2017,145,3163,3417,86,71,15,1,0,-3,22.877016129032256,1.221194099465383,0.7616987138953433,1.0118297091462423,0.880490276603468,0.39502332814930013,0.7873134328358209,0.5224779815450203,0.8838941449071231,0.28359044174989606,0.17010127469895023,0.07972918790863714,0.8683309634565144,0.2921875,0.718849840255591,0.4077223187141619,0.9026124575965058,0.28161726873577775,0.16350846077978506,0.08502553712562695,0.8037828054528219,0.0019731730141183124,72.07903225806452,0.07913711727912476,0.020424746621514167
2017,145,3199,3333,66,53,13,1,0,1,9.53372434017595,1.0914838141328758,0.8006311886162107,1.0045993413534358,0.8197832043658255,0.3603411513859275,0.7092307692307692,0.4659777874243602,0.8763238719194171,0.20935284842749483,0.19825323876134426,0.07167698293847635,0.7648263905665332,0.37758620689655176,0.6712062256809339,0.436847781619797,0.857123066908102,0.26763737681624905,0.22045861336157338,0.07870375353627716,0.921350625172493,-0.058284528388754225,69.35992179863148,-0.005000284015495793,0.03942879806325361
2017,145,3268,3332,63,77,-14,0,0,-7,19.285984848484848,1.1869059645931868,0.8515294903717695,1.0256559466070938,0.9369931159138364,0.37340619307832423,0.710948905109489,0.5103591667259533,0.8855128970834343,0.22681580539530005,0.19711958541272162,0.07958234129756617,0.8153519453825793,0.39644970414201186,0.7274549098196392,0.4505812227431394,0.8698798067731098,0.22130827650279558,0.2007362020237787,0.04729315745548671,0.8722051158423233,0.005507528892504471,72.47214725378788,0.03166429088883582,0.023405554266827222
2017,145,3346,3376,58,100,-42,0,0,11,-7.682306940371456,0.9482093071321818,0.7862192199770465,1.0945429626191194,0.8181622746478577,0.3,0.7272727272727274,0.3854565231342123,0.8703213128993073,0.3139812424521557,0.20420166711955845,0.09303648973613671,0.7393744789614676,0.3333333333333333,0.7047075606276747,0.4714059869990582,0.8429432205335274,0.2241515743276458,0.18641449795819898,0.0970337101318968,0.8692524753715215,0.0898296681245099,70.78240469208211,-0.04455378731609999,-0.02735588833628333
2017,146,3124,3280,85,94,-9,0,1,-1,13.121212121212125,1.1797553785289792,0.7591413788837468,1.0804150376428703,0.8083285055586404,0.40618101545253865,0.6776750330250991,0.49519629723536607,0.9130086786317337,0.18359742392940973,0.1783807763525036,0.12941439850204353,0.8373504030980778,0.344,0.7193500738552437,0.45210803775610553,0.8793999486527034,0.21868282188514448,0.18935333080400896,0.0742785333514708,0.7369883989824237,-0.03508539795573476,72.04772727272726,0.0603109502616751,0.004523507109075231
2017,146,3323,3390,75,76,-1,0,0,-1,1.6363636363636367,1.1183457384651103,0.8705158823896966,1.044929237591322,0.8155406961322132,0.39375000000000004,0.7120141342756184,0.49440519902746083,0.8775033854172032,0.20562887179209044,0.1829223589091246,0.07615103610814629,0.826935600760084,0.3517857142857143,0.6872909698996655,0.44885287870816565,0.8716077828203681,0.2467433264204435,0.20084198863205568,0.0934620433959916,0.8807263433411469,-0.04111445462835306,69.89242424242425,-0.002374530748397885,-0.012977618001645319
2017,147,3163,3332,90,52,38,1,0,-9,26.660984848484848,1.221194099465383,0.7616987138953433,1.0256559466070938,0.9369931159138364,0.39502332814930013,0.7873134328358209,0.5224779815450203,0.8838941449071231,0.28359044174989606,0.17010127469895023,0.07972918790863714,0.8683309634565144,0.39644970414201186,0.7274549098196392,0.4505812227431394,0.8698798067731098,0.22130827650279558,0.2007362020237787,0.04729315745548671,0.8722051158423233,0.06228216524710048,70.11628787878789,0.06068152152902301,0.0070576489951502674
2017,147,3199,3376,64,71,-7,0,0,2,2.548387096774192,1.0914838141328758,0.8006311886162107,1.0945429626191194,0.8181622746478577,0.3603411513859275,0.7092307692307692,0.4659777874243602,0.8763238719194171,0.20935284842749483,0.19825323876134426,0.07167698293847635,0.7648263905665332,0.3333333333333333,0.7047075606276747,0.4714059869990582,0.8429432205335274,0.2241515743276458,0.18641449795819898,0.0970337101318968,0.8692524753715215,-0.014798725900150966,71.28588709677419,-0.016336919306633835,0.0063866339670992645
2017,151,3163,3280,64,66,-2,0,1,-1,13.357954545454547,1.221194099465383,0.7616987138953433,1.0804150376428703,0.8083285055586404,0.39502332814930013,0.7873134328358209,0.5224779815450203,0.8838941449071231,0.28359044174989606,0.17010127469895023,0.07972918790863714,0.8683309634565144,0.344,0.7193500738552437,0.45210803775610553,0.8793999486527034,0.21868282188514448,0.18935333080400896,0.0742785333514708,0.7369883989824237,0.06490761986475158,70.12462121212121,0.05748526016780914,-0.001524065800338592
2017,151,3376,3390,62,53,9,1,0,-1,2.6823069403714577,1.0945429626191194,0.8181622746478577,1.044929237591322,0.8155406961322132,0.3333333333333333,0.7047075606276747,0.4714059869990582,0.8429432205335274,0.2241515743276458,0.18641449795819898,0.0970337101318968,0.8692524753715215,0.3517857142857143,0.6872909698996655,0.44885287870816565,0.8716077828203681,0.2467433264204435,0.20084198863205568,0.0934620433959916,0.8807263433411469,-0.022591752092797707,69.23202590420333,0.005951454336832973,0.007731533958412973
2017,153,3280,3376,55,67,-12,0,0,1,0.19648093841642122,1.0804150376428703,0.8083285055586404,1.0945429626191194,0.8181622746478577,0.344,0.7193500738552437,0.45210803775610553,0.8793999486527034,0.21868282188514448,0.18935333080400896,0.0742785333514708,0.7369883989824237,0.3333333333333333,0.7047075606276747,0.4714059869990582,0.8429432205335274,0.2241515743276458,0.18641449795819898,0.0970337101318968,0.8692524753715215,-0.005468752442501307,69.42179863147604,-0.028187724618470078,0.0037615594553829235
2018,137,3124,3212,96,46,50,1,0,-13,30.78125,1.1767697725003685,0.7716164417989964,0.8848282875650791,0.8979817761185545,0.3778337531486146,0.7245696400625978,0.5136310152760712,0.8968966689671654,0.1686446753193554,0.18015993896819177,0.10852697828928105,0.8414492088582362,0.2777777777777778,0.6869009584664537,0.4016807633586669,0.8083162442690229,0.23277189209830712,0.23007717231858066,0.06261413488750972,0.8001370534730775,-0.06412721677895172,74.732421875,0.09672543837009351,-0.019503463291142387
2018,137,3177,3328,90,79,11,1,0,-7,8.745454545454546,1.0856897944576154,0.9235158978160926,0.9957647298444745,0.9507911132638245,0.3605072463768116,0.7354166666666667,0.4408990375045517,0.8973441473783966,0.43838595448727474,0.18330395216599452,0.041324183944023506,0.8223716580173913,0.3385964912280702,0.6891679748822606,0.44421980144330747,0.8158258189294476,0.24972847271661272,0.20376726003212217,0.07512978744193861,0.8228763529114592,0.18865748177066202,76.25806818181817,-0.010471056779172039,0.007472576897780914
2018,137,3129,3257,42,74,-32,0,0,15,-13.847058823529412,0.9866268305212446,0.9039688822034843,1.0884824377275055,0.81541130511444,0.3607085346215781,0.727906976744186,0.43028093414402174,0.8457090948195686,0.30138368375281516,0.23627157240975907,0.06459118458501617,0.8422251660429584,0.3827160493827161,0.7522768670309653,0.4781228184159424,0.8627410954170637,0.2382616878800461,0.19831171886666976,0.0625375837281967,0.7898071586575115,0.06312199587276907,69.48909313725491,-0.03349609111211416,0.024025614642199433
2018,137,3173,3266,65,84,-19,0,0,1,2.2413793103448274,1.0353332532623463,0.8591353865202758,1.0745532249512924,0.9304026831371344,0.3879310344827586,0.723021582733813,0.42950344023051484,0.8561454826790491,0.2815468930953303,0.18859626634148038,0.06706939665019254,0.8823512282830819,0.314540059347181,0.7097345132743362,0.45544371340890555,0.8972294793748701,0.28244046164576175,0.172392085936738,0.03922758854506717,0.8104590282717564,-0.0008935685504314339,73.00435075431034,0.029414969266831292,-0.02587385223767613
2018,137,3268,3343,77,57,20,1,0,-7,2.626077586206897,1.0934099043468746,0.8740613599618725,1.0155032283834733,0.8122191347020944,0.3883677298311445,0.7015873015873015,0.458037859717563,0.8925273325577391,0.2243124064370823,0.19144183063451603,0.06874566884320735,0.8355252516439213,0.3373287671232877,0.7499999999999999,0.43404088948621616,0.8727285354220891,0.3022386230748422,0.21422966399543342,0.08948848041020888,0.8242025919762547,-0.07792621663775992,70.26597521551724,0.0015781562302835672,0.04446059780078149
2018,137,3276,3294,75,61,14,1,0,-3,6.515120967741936,1.0629229832421077,0.8694227568936366,1.0128759999969206,0.9205913584146319,0.4015444015444015,0.7669172932330828,0.4705287036922088,0.8303166545304191,0.23538311421548433,0.22874393201088547,0.06035092847203306,0.8384515138999477,0.3567251461988304,0.7984031936127745,0.44806624042021087,0.8135875104856684,0.3089308929117091,0.19667878676929995,0.0587665586598304,0.8309876209181497,-0.07354777869622478,70.24628276209677,0.029517431051574006,0.05094857087748195
2018,137,3278,3453,89,77,12,1,0,3,-7.834677419354838,1.0999036388610914,0.9587069757243457,1.0213495434732531,0.7263388761516594,0.36666666666666664,0.7472868217054265,0.4332629685953602,0.9091542354418991,0.3127221201629508,0.1647513328182531,0.04864967700394371,0.8449773049768843,0.30935251798561153,0.6487025948103793,0.44751812308752986,0.8776556378068485,0.2743058945002673,0.19400643433664294,0.05248017140576313,0.7626472367006248,0.03841622566268349,70.65233114919354,-0.05765593704273608,0.04072201492006933
2018,137,3189,3301,35,62,-27,0,0,9,4.277217741935484,0.9653501128544197,0.7847703776792044,0.9686161705439195,0.831643378526738,0.3094262295081967,0.6661654135338346,0.4473932004624075,0.7980301210995256,0.2137042693702894,0.2411401700687901,0.06922386263231077,0.7948087128697483,0.3056,0.6642651296829971,0.4007704686237021,0.8457575864149283,0.2823419569553378,0.2092636047650499,0.07560287188114749,0.8183822095239187,-0.0686376875850484,71.53586189516129,0.0368861204043015,0.016826439726898457
2018,137,3169,3323,81,99,-18,0,0,15,-17.744318181818183,0.9232350036716026,0.9164830787583339,1.1349077118208049,0.8985616349518927,0.2647527910685805,0.697933227344992,0.4003103947385717,0.8386657596777809,0.2761330792544685,0.24372170917541733,0.07408943702148454,0.9040670956900274,0.36104513064133015,0.7435483870967742,0.5062197973728634,0.8728248559989267,0.1763494420167697,0.19275696667568556,0.050851953009962515,0.8728626681038346,0.09978363723769881,72.3798768939394,-0.043611297055573706,-0.026257969064654496
2018,137,3332,3370,88,45,43,1,0,-13,17.854779411764707,1.172266793919156,0.9055308880762715,0.96376231822783,0.947965924789334,0.40558510638297873,0.7570921985815602,0.4987927429819456,0.8698434000210191,0.31765339618331184,0.18686491740549038,0.06768989016908539,0.8740760961386349,0.3250414593698176,0.7242063492063492,0.4066625090937058,0.8844591246303108,0.26220042145061556,0.18778222436954303,0.044364201526681045,0.8675777805704926,0.05545297473269628,70.86691176470589,0.04867891896088977,0.028002902312730282
2018,137,3333,3443,82,58,24,1,0,-5,2.887096774193548,1.1038354164959236,0.8723709326953237,1.112849801236011,0.925593808806695,0.4057507987220447,0.6955307262569833,0.48725764045181746,0.8796751713918591,0.3131310647292981,0.2128386518970518,0.09635986616780215,0.9578216677549187,0.34552845528455284,0.7696000000000001,0.4298721853819839,0.9338072756978222,0.2345193410587986,0.16521906725963592,0.07020686563272113,0.834837379818556,0.07861172367049948,67.10365591397849,0.05869312934361687,-0.08376006404236136
2018,137,3299,3376,52,63,-11,0,0,13,-9.600215517241379,0.8609733713357834,0.7826113867144051,1.0735932914307915,0.8617450639671619,0.2585858585858586,0.6054313099041534,0.37662761944934775,0.8460984125706746,0.22669409948176222,0.2357124963568141,0.06587599635172,0.7617393048285365,0.34515366430260047,0.7005730659025788,0.4758422993616187,0.8393521692283796,0.18686661309022579,0.19457645045028657,0.10249795234172719,0.8846306280244922,0.03982748639153644,73.37400323275862,-0.04577570256815455,-0.0055981404371272525
2018,137,3251,3397,60,100,-40,0,0,11,-4.129032258064516,0.9864569378846147,0.8437664220405915,1.0181083876660189,0.8518447212494848,0.3115468409586057,0.6866267465069861,0.4364887065636746,0.8536193616373275,0.23061238833238787,0.24630193236377984,0.06942155665596107,0.7698838033513177,0.3104166666666667,0.707282913165266,0.4495262016233593,0.8287594730368067,0.20380179571482432,0.22016158695136948,0.06367277145505564,0.859570621118626,0.02681059261756355,70.14717741935485,-0.003862837804186836,0.023092022340670315
2018,137,3179,3401,76,89,-13,0,0,9,4.179924242424242,1.1299872144321124,0.93202442944773,1.0905400019802367,0.9485088606515373,0.37163814180929094,0.7714285714285715,0.4913478898143961,0.8343199604939353,0.35068226338064734,0.21325743918894632,0.05265981596196246,0.8849124010159961,0.35167464114832536,0.7787356321839082,0.45693297197830085,0.874228144074511,0.17917944677065684,0.19079100024128892,0.0552047893103858,0.8874442156755341,0.1715028166099905,71.90160984848484,0.023811933528811724,-0.022741919281624057
2018,137,3355,3437,74,81,-7,0,1,-1,9.27204301075269,1.1076079295821888,0.8796692055723704,1.0444570791239944,0.9280018446216459,0.3672086720867209,0.7879924953095684,0.4548089861831658,0.872698889336468,0.33530000477493477,0.18512528446444726,0.06465126911394802,0.8392833380646528,0.328732747804266,0.739010989010989,0.4329699751051247,0.8884572143644286,0.4143153003978119,0.150923542965265,0.06374101897669822,0.9351655383711923,-0.07901529562287712,67.47212365591398,0.012513986303318958,0.029566603858586116
2018,137,3143,3438,62,68,-6,0,0,-3,2.2903225806451615,1.0073852093596072,0.9558477483599886,0.9136246685254205,0.9007618015275118,0.3361344537815126,0.6891615541922291,0.4534812167824681,0.8574733088522078,0.22575422751375648,0.21675065050285994,0.05318166776267059,0.8983444600650641,0.34386617100371747,0.7188208616780045,0.4078215158863579,0.8338583289397479,0.25744448942867487,0.23844770553262223,0.06888429813852441,0.8571353059537687,-0.03169026191491839,68.20564516129033,0.017628134852734845,0.019768848808035644
2018,138,3113,3304,73,62,11,1,0,-3,5.231671554252198,1.0338939017230862,0.8735240181688341,0.9770023203314903,0.8944915792148571,0.3347457627118644,0.710204081632653,0.4434423950018234,0.9074388837071394,0.22069436438317533,0.17855220088199877,0.03321613094947355,0.8182453144156494,0.35123367198838895,0.6396761133603239,0.421968255871628,0.8609270149200365,0.3158938192479063,0.21397949169173694,0.08407718697442582,0.8569190427995887,-0.095199454864731,67.86691104594331,-0.012743209206410977,-0.013234048707719714
2018,138,3138,3378,102,79,23,1,0,5,0.009469696969697239,1.006344735854019,0.8224628436028728,1.0879540243073191,0.8972837055029902,0.33170731707317075,0.6945812807881774,0.43355478967872024,0.8711867954419007,0.24853390671461068,0.20616617120765568,0.07760869984610785,0.7772302291790132,0.3502475247524753,0.7636986301369864,0.4327843395935057,0.8937801584711791,0.3540767269728941,0.18200001578572864,0.049332098152888866,0.895218021446699,-0.10554282025828343,73.27456202651516,0.006931251700856289,0.029482687517619177
2018,138,3141,3261,78,69,9,1,0,5,5.885944700460829,1.1315606655676806,0.9803388928087554,0.956369803813666,0.8883097361246757,0.3820689655172414,0.7982758620689655,0.4719075777312363,0.8532649649017378,0.32177708235342656,0.2006293403771906,0.07100132788033095,0.9105234440907626,0.268370607028754,0.6152380952380953,0.42331929932649676,0.8861932215080687,0.16176932280275874,0.19492678903956784,0.06497791445673992,0.8038550581505524,0.16000775955066782,70.84252592165899,0.02240843094550199,-0.03612858331372515
2018,138,3163,3384,140,52,88,1,0,-15,27.9375,1.2130966491715516,0.717523795217387,0.9949443141045617,0.8885688766424298,0.3930197268588771,0.7718940936863544,0.5300827657233724,0.8921847165041757,0.28158256415701094,0.16833558585382108,0.08426960772869642,0.8414469812219724,0.31718898385565053,0.7292035398230089,0.40107362454375534,0.8798111569456349,0.408571962864533,0.20244769604357274,0.07499020017280197,0.7896386142239895,-0.12698939870752207,76.915625,0.10523587883100316,-0.017285919802545346
2018,138,3166,3234,76,70,6,1,0,5,-7.3892473118279565,1.0292477650359826,0.9808986031789887,1.0610951076828379,0.9138156713041042,0.3774928774928775,0.7706855791962175,0.4342224102003523,0.8582754816157212,0.34493528064680795,0.18108144569466203,0.06057348701941751,0.9071982482270984,0.35550935550935553,0.7675213675213676,0.49148552892876635,0.810772733258801,0.2093057745053896,0.21792474179196802,0.07693021168915831,0.9335132616106179,0.13562950614141836,71.05533602150538,-0.047972480534958895,-0.04564788593397784
2018,138,3125,3181,58,72,-14,0,0,7,4.833333333333334,1.1444327732919763,0.8804332521189492,1.025631017895802,0.8328218157924656,0.3641425389755011,0.7210144927536232,0.46430704876765333,0.8869600293377684,0.4012984156663609,0.18036021844729108,0.0646057282093603,0.9269959069501054,0.3904382470119522,0.6805845511482255,0.4583419529088541,0.8383580133922099,0.24801231714573937,0.22792691087847367,0.08416169363669761,0.8600936504345565,0.1532860985206215,67.62087121212122,-0.001007510910400633,-0.024537179503109074
2018,138,3195,3281,80,70,10,1,0,7,7.93548387096774,1.104924031972401,0.8584975064053277,1.0506755931752971,0.9033790786200662,0.36607142857142855,0.6930693069306931,0.4430150731354573,0.8748787168574846,0.46396920150142346,0.1764987754599537,0.03223430592885178,0.7706193868131826,0.37947122861586313,0.7566539923954372,0.46174549245633184,0.8069713852816995,0.31298106295263856,0.22262517234317747,0.06456787121015468,0.8931566887948453,0.1509881385487849,68.28588709677419,-0.030615645992359386,0.003305253062546032
2018,138,3114,3199,49,91,-42,0,0,11,-9.721774193548388,0.9317807112379497,0.8137064173786869,1.1125999689646884,0.8818590445378719,0.3032069970845481,0.7093821510297483,0.4306873871345804,0.8529640072088086,0.1674183077038639,0.22728235758653492,0.04253715761337906,0.7805752515472586,0.362012987012987,0.7283531409168081,0.45657858626428216,0.9053342743031495,0.2733166620818367,0.18304526141696187,0.06147572387767026,0.840170189904037,-0.10589835437797279,68.53257308467741,-0.006068149120714517,-0.016687699773449194
2018,138,3208,3273,68,63,5,1,0,-9,-5.79233870967742,0.9446837142445585,0.7955749913843221,1.058474874163922,0.8165267185631874,0.3065843621399177,0.6741803278688525,0.41936573137586225,0.8712472447321412,0.21756958228210502,0.20904031526246755,0.10478582246343572,0.7956176652197858,0.35147392290249435,0.7637231503579952,0.44068187060224395,0.9509377874739666,0.20551016644515616,0.13706348057274018,0.07063676430243457,0.7790364686826213,0.012059415836948861,69.369140625,0.007440262342594095,0.00983340096000035
2018,138,3280,3311,95,50,45,1,0,-15,26.406478578892372,1.1690526852247884,0.8067074680301746,0.8883508314768169,0.8972463200133421,0.39206349206349206,0.7378335949764521,0.4684837326592498,0.9148605224153041,0.27361342471211014,0.149841480476703,0.06877343827668014,0.7819795433928984,0.287593984962406,0.7244897959183674,0.3980232589388784,0.7802492612497229,0.2526649722929151,0.24079451055849183,0.04123311817367437,0.8142063220153648,0.02094845241919502,71.33729101358412,0.0393306119075611,0.015390381497266237
2018,138,3203,3326,45,87,-42,0,0,11,-11.407196969696969,0.9371202662652792,0.8947135522591275,1.1105271951307307,0.9354304317579232,0.31840796019900497,0.7660044150110376,0.3863977738461046,0.8746350007259677,0.29244642426018347,0.16852053840891829,0.06192478919072806,0.8265149493157037,0.3527950310559006,0.7378815080789947,0.4549977264415794,0.9237298517548872,0.31774259311121367,0.14993303501170985,0.07453506334919459,0.866953696655811,-0.0252961688510302,70.42385179924243,-0.03101799081707629,-0.027318321256322387
2018,138,3329,3393,84,57,27,1,0,1,3.3999999999999995,1.0533772816147065,0.9153739707521796,1.0251937720612707,0.9153337391746721,0.33280000000000004,0.7401812688821752,0.42493519099981203,0.8754649776491668,0.28012718375891305,0.15363717588364795,0.045802145525588735,0.8357238595975853,0.3139784946236559,0.7489270386266094,0.40788708001140533,0.8934740435743509,0.43010709586394547,0.2006826682569986,0.05563405679586424,0.8303959912705007,-0.14997991210503242,73.34666666666666,0.002270580968159186,-0.05489356835042092
2018,138,3274,3346,72,86,-14,0,0,-1,-6.386088709677419,0.9544385474816985,0.8450418864989857,1.011250786165029,0.8181910002822019,0.30303030303030304,0.6870967741935484,0.42855969863274856,0.8165468339105608,0.22944937130086795,0.23276646420271108,0.05837766226672106,0.7901650348901201,0.34538653366583544,0.7096114519427403,0.4101374385432622,0.9015438905582543,0.3514159863920709,0.1676593761554459,0.08018796609873594,0.7865070009301773,-0.12196661509120293,73.02193800403225,0.009057488390417645,0.03885492503678589
2018,138,3211,3390,68,82,-14,0,0,9,7.21875,1.0360745774343993,0.8443391716059342,0.9758835889744746,0.8795246929132917,0.29411764705882354,0.7325769854132901,0.43733177012321545,0.878250975012517,0.23764643577794725,0.1936753034090875,0.06130235802242112,0.8375899729385284,0.30896551724137933,0.6387096774193548,0.42155160144739656,0.8846764802871746,0.32606886749080244,0.2040423223787999,0.08748203375302734,0.8611233698856875,-0.08842243171285519,69.95234375,0.0025638351228592926,0.037003543610144685
2018,138,3263,3400,54,83,-29,0,0,13,-9.56875,0.9749386405649624,0.8482780836670003,1.0664764720552984,0.8503871208157011,0.32808022922636104,0.7280701754385965,0.41159281876232107,0.8911651481582014,0.35384888865011255,0.20951235306128552,0.03693625868373567,0.7968701838939574,0.3320754716981132,0.7044609665427509,0.4637615296315642,0.9075698036932058,0.21968384296599858,0.19094154109495812,0.0639797428777763,0.7913119910263879,0.13416504568411397,70.84630208333334,-0.019370074296129247,-0.013266336805285439
2018,138,3110,3417,60,71,-11,0,0,11,-5.70766129032258,0.9408749981748478,0.8403499105962572,1.0617566776285405,0.8880808251903486,0.3192982456140351,0.7495527728085868,0.4058722144731095,0.8268741547511671,0.2602668138915891,0.1880703050611718,0.050038645187285555,0.83267230194278,0.33274021352313166,0.7119266055045871,0.42605083854775855,0.94060330276278,0.2571847776404486,0.17986382580601648,0.07321557696612054,0.8182543124974111,0.0030820362511405075,69.48451360887097,0.005011457460983637,-0.07330386913874698
2018,139,3124,3276,80,58,22,1,0,-5,17.203629032258064,1.1767697725003685,0.7716164417989964,1.0629229832421077,0.8694227568936366,0.3778337531486146,0.7245696400625978,0.5136310152760712,0.8968966689671654,0.1686446753193554,0.18015993896819177,0.10852697828928105,0.8414492088582362,0.4015444015444015,0.7669172932330828,0.4705287036922088,0.8303166545304191,0.23538311421548433,0.22874393201088547,0.06035092847203306,0.8384515138999477,-0.06673843889612893,72.36425151209677,0.0516904741973962,-0.0022583894860791487
2018,139,3257,3266,90,72,18,1,0,-7,9.647058823529413,1.0884824377275055,0.81541130511444,1.0745532249512924,0.9304026831371344,0.3827160493827161,0.7522768670309653,0.4781228184159424,0.8627410954170637,0.2382616878800461,0.19831171886666976,0.0625375837281967,0.7898071586575115,0.314540059347181,0.7097345132743362,0.45544371340890555,0.8972294793748701,0.28244046164576175,0.172392085936738,0.03922758854506717,0.8104590282717564,-0.04417877376571566,72.62203584558824,0.04465454153160009,-0.0061547254088401004
2018,139,3268,3301,60,74,-14,0,0,1,6.6875,1.0934099043468746,0.8740613599618725,0.9686161705439195,0.831643378526738,0.3883677298311445,0.7015873015873015,0.458037859717563,0.8925273325577391,0.2243124064370823,0.19144183063451603,0.06874566884320735,0.8355252516439213,0.3056,0.6642651296829971,0.4007704686237021,0.8457575864149283,0.2823419569553378,0.2092636047650499,0.07560287188114749,0.8183822095239187,-0.05802955051825551,71.4046875,0.02357296948709897,0.056514507693024796
2018,139,3323,3437,98,72,26,1,0,-8,10.995833333333334,1.1349077118208049,0.8985616349518927,1.0444570791239944,0.9280018446216459,0.36104513064133015,0.7435483870967742,0.5062197973728634,0.8728248559989267,0.1763494420167697,0.19275696667568556,0.050851953009962515,0.8728626681038346,0.328732747804266,0.739010989010989,0.4329699751051247,0.8884572143644286,0.4143153003978119,0.150923542965265,0.06374101897669822,0.9351655383711923,-0.2379658583810422,69.49677083333333,0.033665875226028485,0.07924090379685644
2018,139,3278,3332,73,101,-28,0,0,8,-7.533206831119545,1.0999036388610914,0.9587069757243457,1.172266793919156,0.9055308880762715,0.36666666666666664,0.7472868217054265,0.4332629685953602,0.9091542354418991,0.3127221201629508,0.1647513328182531,0.04864967700394371,0.8449773049768843,0.40558510638297873,0.7570921985815602,0.4987927429819456,0.8698434000210191,0.31765339618331184,0.18686491740549038,0.06768989016908539,0.8740760961386349,-0.004931276020361031,73.65400853889943,-0.048594048211456964,-0.0069352547496471795
2018,139,3333,3397,66,59,7,1,0,3,2.435483870967742,1.1038354164959236,0.8723709326953237,1.0181083876660189,0.8518447212494848,0.4057507987220447,0.6955307262569833,0.48725764045181746,0.8796751713918591,0.3131310647292981,0.2128386518970518,0.09635986616780215,0.9578216677549187,0.3104166666666667,0.707282913165266,0.4495262016233593,0.8287594730368067,0.20380179571482432,0.22016158695136948,0.06367277145505564,0.859570621118626,0.10932926901447376,71.17260752688172,0.038287776071572355,-0.011569651825361404
2018,139,3376,3438,66,56,10,1,0,-8,14.434475806451612,1.0735932914307915,0.8617450639671619,0.9136246685254205,0.9007618015275118,0.34515366430260047,0.7005730659025788,0.4758422993616187,0.8393521692283796,0.18686661309022579,0.19457645045028657,0.10249795234172719,0.8846306280244922,0.34386617100371747,0.7188208616780045,0.4078215158863579,0.8338583289397479,0.25744448942867487,0.23844770553262223,0.06888429813852441,0.8571353059537687,-0.07057787633844909,69.31111391129033,0.04415681282901679,0.022579754003858032
2018,139,3177,3401,79,80,-1,0,0,1,2.787878787878787,1.0856897944576154,0.9235158978160926,1.0905400019802367,0.9485088606515373,0.3605072463768116,0.7354166666666667,0.4408990375045517,0.8973441473783966,0.43838595448727474,0.18330395216599452,0.041324183944023506,0.8223716580173913,0.35167464114832536,0.7787356321839082,0.45693297197830085,0.874228144074511,0.17917944677065684,0.19079100024128892,0.0552047893103858,0.8874442156755341,0.2592065077166179,73.63030303030303,-0.019447603285681736,-0.051006812922943734
2018,140,3138,3199,86,65,21,1,0,8,-3.784274193548388,1.006344735854019,0.8224628436028728,1.1125999689646884,0.8818590445378719,0.33170731707317075,0.6945812807881774,0.43355478967872024,0.8711867954419007,0.24853390671461068,0.20616617120765568,0.07760869984610785,0.7772302291790132,0.362012987012987,0.7283531409168081,0.45657858626428216,0.9053342743031495,0.2733166620818367,0.18304526141696187,0.06147572387767026,0.840170189904037,-0.024782755367226017,75.09038558467742,-0.003705812088626248,-0.005183254766110257
2018,140,3141,3326,95,78,17,1,0,8,-2.905180840664711,1.1315606655676806,0.9803388928087554,1.1105271951307307,0.9354304317579232,0.3820689655172414,0.7982758620689655,0.4719075777312363,0.8532649649017378,0.32177708235342656,0.2006293403771906,0.07100132788033095,0.9105234440907626,0.3527950310559006,0.7378815080789947,0.4549977264415794,0.9237298517548872,0.31774259311121367,0.14993303501170985,0.07453506334919459,0.866953696655811,0.004034489242212891,74.59400048875855,0.008184000144710213,0.001388863732922796
2018,140,3163,3346,71,46,25,1,0,-8,22.875,1.2130966491715516,0.717523795217387,1.011250786165029,0.8181910002822019,0.3930197268588771,0.7718940936863544,0.5300827657233724,0.8921847165041757,0.28158256415701094,0.16833558585382108,0.08426960772869642,0.8414469812219724,0.34538653366583544,0.7096114519427403,0.4101374385432622,0.9015438905582543,0.3514159863920709,0.1676593761554459,0.08018796609873594,0.7865070009301773,-0.06983342223505995,72.2578125,0.08614900127455216,0.029836146548353315
2018,140,3181,3208,66,40,26,1,0,1,2.188172043010754,1.025631017895802,0.8328218157924656,0.9446837142445585,0.7955749913843221,0.3904382470119522,0.6805845511482255,0.4583419529088541,0.8383580133922099,0.24801231714573937,0.22792691087847367,0.08416169363669761,0.8600936504345565,0.3065843621399177,0.6741803278688525,0.41936573137586225,0.8712472447321412,0.21756958228210502,0.20904031526246755,0.10478582246343572,0.7956176652197858,0.030442734863634358,69.60875000000001,0.01639070986196156,0.007073528152866215
2018,140,3280,3329,71,56,15,1,0,-8,15.269696969696971,1.1690526852247884,0.8067074680301746,1.0533772816147065,0.9153739707521796,0.39206349206349206,0.7378335949764521,0.4684837326592498,0.9148605224153041,0.27361342471211014,0.149841480476703,0.06877343827668014,0.7819795433928984,0.33280000000000004,0.7401812688821752,0.42493519099981203,0.8754649776491668,0.28012718375891305,0.15363717588364795,0.045802145525588735,0.8357238595975853,-0.006513759046802903,72.37984848484848,0.03392366182334422,0.043622953307844714
2018,140,3195,3390,70,90,-20,0,0,8,10.85282258064516,1.104924031972401,0.8584975064053277,0.9758835889744746,0.8795246929132917,0.36607142857142855,0.6930693069306931,0.4430150731354573,0.8748787168574846,0.46396920150142346,0.1764987754599537,0.03223430592885178,0.7706193868131826,0.30896551724137933,0.6387096774193548,0.42155160144739656,0.8846764802871746,0.32606886749080244,0.2040423223787999,0.08748203375302734,0.8611233698856875,0.13790033401062102,70.25056703629032,-0.012857687696955888,-0.0272546536062791
2018,140,3113,3400,65,85,-20,0,0,5,-6.059659090909092,1.0338939017230862,0.8735240181688341,1.0664764720552984,0.8503871208157011,0.3347457627118644,0.710204081632653,0.4434423950018234,0.9074388837071394,0.22069436438317533,0.17855220088199877,0.03321613094947355,0.8182453144156494,0.3320754716981132,0.7044609665427509,0.4637615296315642,0.9075698036932058,0.21968384296599858,0.19094154109495812,0.0639797428777763,0.7913119910263879,0.0010105214171767518,70.4683475378788,-0.01832367643302002,-0.019304812493313617
2018,140,3166,3417,64,86,-22,0,0,8,-9.711827956989247,1.0292477650359826,0.9808986031789887,1.0617566776285405,0.8880808251903486,0.3774928774928775,0.7706855791962175,0.4342224102003523,0.8582754816157212,0.34493528064680795,0.18108144569466203,0.06057348701941751,0.9071982482270984,0.33274021352313166,0.7119266055045871,0.42605083854775855,0.94060330276278,0.2571847776404486,0.17986382580601648,0.07321557696612054,0.8182543124974111,0.08775050300635934,69.11985215053764,-0.00830740522843687,-0.09073469153168923
2018,144,3257,3390,86,59,27,1,0,-3,13.209558823529413,1.0884824377275055,0.81541130511444,0.9758835889744746,0.8795246929132917,0.3827160493827161,0.7522768670309653,0.4781228184159424,0.8627410954170637,0.2382616878800461,0.19831171886666976,0.0625375837281967,0.7898071586575115,0.30896551724137933,0.6387096774193548,0.42155160144739656,0.8846764802871746,0.32606886749080244,0.2040423223787999,0.08748203375302734,0.8611233698856875,-0.08780717961075635,70.19234834558824,0.021424367106323894,-0.005310797833142478
2018,144,3280,3301,71,57,14,1,0,-3,16.709280303030305,1.1690526852247884,0.8067074680301746,0.9686161705439195,0.831643378526738,0.39206349206349206,0.7378335949764521,0.4684837326592498,0.9148605224153041,0.27361342471211014,0.149841480476703,0.06877343827668014,0.7819795433928984,0.3056,0.6642651296829971,0.4007704686237021,0.8457575864149283,0.2823419569553378,0.2092636047650499,0.07560287188114749,0.8183822095239187,-0.008728532243227671,69.68979640151515,0.0244659092305905,0.0352687666941478
2018,144,3124,3333,67,72,-5,0,0,-4,15.1875,1.1767697725003685,0.7716164417989964,1.1038354164959236,0.8723709326953237,0.3778337531486146,0.7245696400625978,0.5136310152760712,0.8968966689671654,0.1686446753193554,0.18015993896819177,0.10852697828928105,0.8414492088582362,0.4057507987220447,0.6955307262569833,0.48725764045181746,0.8796751713918591,0.3131310647292981,0.2128386518970518,0.09635986616780215,0.9578216677549187,-0.14448638940994268,70.07153645833333,0.025033406705045946,0.004065275406425095
2018,144,3400,3417,75,84,-9,0,0,-1,4.32358870967742,1.0664764720552984,0.8503871208157011,1.0617566776285405,0.8880808251903486,0.3320754716981132,0.7044609665427509,0.4637615296315642,0.9075698036932058,0.21968384296599858,0.19094154109495812,0.0639797428777763,0.7913119910263879,0.33274021352313166,0.7119266055045871,0.42605083854775855,0.94060330276278,0.2571847776404486,0.17986382580601648,0.07321557696612054,0.8182543124974111,-0.03750093467445004,73.10990423387096,0.010929080514437528,-0.039039199784146605
2018,145,3163,3181,72,59,13,1,0,-4,24.072916666666664,1.2130966491715516,0.717523795217387,1.025631017895802,0.8328218157924656,0.3930197268588771,0.7718940936863544,0.5300827657233724,0.8921847165041757,0.28158256415701094,0.16833558585382108,0.08426960772869642,0.8414469812219724,0.3904382470119522,0.6805845511482255,0.4583419529088541,0.8383580133922099,0.24801231714573937,0.22792691087847367,0.08416169363669761,0.8600936504345565,0.033570247011271565,70.259140625,0.04780871612324189,-0.017159826208808182
2018,145,3323,3401,90,84,6,1,0,-3,8.804924242424242,1.1349077118208049,0.8985616349518927,1.0905400019802367,0.9485088606515373,0.36104513064133015,0.7435483870967742,0.5062197973728634,0.8728248559989267,0.1763494420167697,0.19275696667568556,0.050851953009962515,0.8728626681038346,0.35167464114832536,0.7787356321839082,0.45693297197830085,0.874228144074511,0.17917944677065684,0.19079100024128892,0.0552047893103858,0.8874442156755341,-0.0028300047538871442,72.84692234848484,0.0341304255446544,-0.003306486495125105
2018,145,3141,3332,69,83,-14,0,0,9,-7.7590132827324485,1.1315606655676806,0.9803388928087554,1.172266793919156,0.9055308880762715,0.3820689655172414,0.7982758620689655,0.4719075777312363,0.8532649649017378,0.32177708235342656,0.2006293403771906,0.07100132788033095,0.9105234440907626,0.40558510638297873,0.7570921985815602,0.4987927429819456,0.8698434000210191,0.31765339618331184,0.18686491740549038,0.06768989016908539,0.8740760961386349,0.004123686170114715,71.23666982922201,-0.023216033393250513,-0.009994738569131023
2018,145,3138,3376,63,79,-16,0,0,9,-2.21875,1.006344735854019,0.8224628436028728,1.0735932914307915,0.8617450639671619,0.33170731707317075,0.6945812807881774,0.43355478967872024,0.8711867954419007,0.24853390671461068,0.20616617120765568,0.07760869984610785,0.7772302291790132,0.34515366430260047,0.7005730659025788,0.4758422993616187,0.8393521692283796,0.18686661309022579,0.19457645045028657,0.10249795234172719,0.8846306280244922,0.06166729362438489,74.09101562500001,-0.024512837559887424,-0.007379425534243089
2018,146,3257,3333,76,43,33,1,0,-5,4.147058823529413,1.0884824377275055,0.81541130511444,1.1038354164959236,0.8723709326953237,0.3827160493827161,0.7522768670309653,0.4781228184159424,0.8627410954170637,0.2382616878800461,0.19831171886666976,0.0625375837281967,0.7898071586575115,0.4057507987220447,0.6955307262569833,0.48725764045181746,0.8796751713918591,0.3131310647292981,0.2128386518970518,0.09635986616780215,0.9578216677549187,-0.07486937684925199,68.33575980392158,-0.01921177244251543,-0.010577649562543812
2018,146,3280,3417,89,73,16,1,0,-2,13.657869012707724,1.1690526852247884,0.8067074680301746,1.0617566776285405,0.8880808251903486,0.39206349206349206,0.7378335949764521,0.4684837326592498,0.9148605224153041,0.27361342471211014,0.149841480476703,0.06877343827668014,0.7819795433928984,0.33274021352313166,0.7119266055045871,0.42605083854775855,0.94060330276278,0.2571847776404486,0.17986382580601648,0.07321557696612054,0.8182543124974111,0.01642864707166153,70.34345063538612,0.01610634785231857,-0.03130862277958579
2018,147,3163,3376,94,65,29,1,0,-1,21.375,1.2130966491715516,0.717523795217387,1.0735932914307915,0.8617450639671619,0.3930197268588771,0.7718940936863544,0.5300827657233724,0.8921847165041757,0.28158256415701094,0.16833558585382108,0.08426960772869642,0.8414469812219724,0.34515366430260047,0.7005730659025788,0.4758422993616187,0.8393521692283796,0.18686661309022579,0.19457645045028657,0.10249795234172719,0.8846306280244922,0.09471595106678515,71.918359375,0.043777895602441386,-0.020046797294676177
2018,147,3323,3332,84,74,10,1,0,-1,-0.2610294117647065,1.1349077118208049,0.8985616349518927,1.172266793919156,0.9055308880762715,0.36104513064133015,0.7435483870967742,0.5062197973728634,0.8728248559989267,0.1763494420167697,0.19275696667568556,0.050851953009962515,0.8728626681038346,0.40558510638297873,0.7570921985815602,0.4987927429819456,0.8698434000210191,0.31765339618331184,0.18686491740549038,0.06768989016908539,0.8740760961386349,-0.14130395416654215,72.35284926470588,0.0037428575234488837,0.016210105646889184
2018,151,3257,3280,63,73,-10,0,1,0,-6.6559714795008915,1.0884824377275055,0.81541130511444,1.1690526852247884,0.8067074680301746,0.3827160493827161,0.7522768670309653,0.4781228184159424,0.8627410954170637,0.2382616878800461,0.19831171886666976,0.0625375837281967,0.7898071586575115,0.39206349206349206,0.7378335949764521,0.4684837326592498,0.9148605224153041,0.27361342471211014,0.149841480476703,0.06877343827668014,0.7819795433928984,-0.03535173683206405,70.12394162210339,0.015496180299775342,-0.01963063813932986
2018,151,3163,3323,89,91,-2,0,1,0,18.34375,1.2130966491715516,0.717523795217387,1.1349077118208049,0.8985616349518927,0.3930197268588771,0.7718940936863544,0.5300827657233724,0.8921847165041757,0.28158256415701094,0.16833558585382108,0.08426960772869642,0.8414469812219724,0.36104513064133015,0.7435483870967742,0.5062197973728634,0.8728248559989267,0.1763494420167697,0.19275696667568556,0.050851953009962515,0.8728626681038346,0.10523312214024125,73.948828125,0.041147504177466876,-0.0293706783340405
2018,153,3280,3323,58,61,-3,0,0,0,7.7405303030303045,1.1690526852247884,0.8067074680301746,1.1349077118208049,0.8985616349518927,0.39206349206349206,0.7378335949764521,0.4684837326592498,0.9148605224153041,0.27361342471211014,0.149841480476703,0.06877343827668014,0.7819795433928984,0.36104513064133015,0.7435483870967742,0.5062197973728634,0.8728248559989267,0.1763494420167697,0.19275696667568556,0.050851953009962515,0.8728626681038346,0.09726398269534045,72.43745265151514,-0.022172108139335456,-0.01820820622458097
2019,137,3113,3416,60,45,15,1,0,-7,2.0687499999999996,1.0150479421127223,0.8876390752814224,0.9069404896274276,0.810446726692946,0.31956912028725315,0.6718061674008811,0.4239010252049573,0.9091031564276093,0.28528756655154835,0.18834938052759773,0.054743528885095635,0.8277905965217234,0.3126760563380282,0.6578449905482041,0.41796987593521423,0.8349713616002705,0.1636651372803499,0.23148603595802394,0.055791639371609865,0.7776739909476061,0.12162242927119846,66.728671875,-0.017597497117284033,-0.022675285800108913
2019,137,3138,3353,82,71,11,1,0,3,3.016129032258065,1.029113578854518,0.8969050459984781,0.9551902202287715,0.8632833836009615,0.31337047353760444,0.7725947521865889,0.41437737160823485,0.8588066959406278,0.3043234567686275,0.201899251888357,0.04205723206079944,0.7924793278102251,0.2912087912087912,0.7283950617283951,0.41844591367783013,0.8508454003741822,0.26424626654305083,0.2356411843143095,0.08482103817247705,0.7597922030144189,0.04007719022557665,70.41307963709677,-0.013798814080093036,-0.004998264499630811
2019,137,3155,3377,79,66,13,1,0,1,-13.64516129032258,0.895907451341779,0.8663307833121522,1.0835806747752628,0.8458062394938538,0.35014836795252224,0.6611570247933884,0.4244561481592298,0.8054603284704354,0.14127941463777097,0.2568793751577581,0.06519673533577906,0.8086772878016155,0.35469448584202684,0.7972508591065292,0.4526185296380061,0.845185784950266,0.30886486609158903,0.1885065888502215,0.06770179757406683,0.7532999613392012,-0.16758545145381806,73.75524193548387,-0.019544720003024707,0.0635900958111042
2019,137,3163,3406,110,61,49,1,0,-13,26.53030303030303,1.1607950379442042,0.7771720489899708,0.915022046369856,0.8899119271233642,0.35955056179775285,0.7399650959860383,0.4935088170490341,0.8859597406274571,0.30473759643106185,0.16544386704323033,0.06748475246214405,0.8776207320146125,0.2813141683778234,0.671071953010279,0.3918090503510598,0.8513314974013262,0.20749300639065466,0.23723688386900532,0.10405759601379534,0.8127620707602788,0.0972445900404072,72.35477035984849,0.07152086951453329,-0.04608560795881311
2019,137,3137,3199,67,70,-3,0,0,7,7.185728250244379,1.04557865721767,0.8256726958338485,0.986331203220323,0.8767696448617129,0.3782668500687758,0.7379679144385026,0.46065578958603587,0.8110647742873216,0.317588632705341,0.2121280978757415,0.0782806150446718,0.8097859044884178,0.2797427652733119,0.736842105263158,0.41184055356776744,0.8916391452731883,0.2903668175217908,0.19585944862611093,0.06974968713925826,0.807528767962529,0.027221815183550213,69.42179863147605,0.05032178613132815,-0.03153680885165666
2019,137,3231,3400,69,65,4,1,0,3,-4.5625,0.9546745193701635,0.9001509600491133,1.0047127250522498,0.8863886549522022,0.35429769392033544,0.7458745874587459,0.42697476814038143,0.8073300028016448,0.2079511383323197,0.21218977617299287,0.05039870940420956,0.8212762474692209,0.3283261802575107,0.6981818181818182,0.4428429190832592,0.8666033969554273,0.20700640306155482,0.22952975911748816,0.04222489539401632,0.8671430502145219,0.0009447352707648848,71.1890625,-0.021012818962862556,-0.0698473516670507
2019,137,3234,3273,66,61,5,1,0,-13,5.75,1.1314296990751187,0.9537777512447025,0.9961088250477245,0.8912110991503713,0.34608030592734224,0.7765151515151515,0.5199957953279392,0.8368756686051072,0.23164877270519635,0.19177876762139842,0.058924832177967804,0.9127401831485116,0.336322869955157,0.6957605985037406,0.4377741700510247,0.9149019626971098,0.20640370598572894,0.16592102191498181,0.07174156859972328,0.8324425105009169,0.025245066719467413,69.410546875,0.03255240203192494,-0.0033536993836074114
2019,137,3257,3352,69,34,35,1,0,-15,10.91633064516129,1.1134473767765491,0.8511446163429435,0.9116203476354459,0.7968918703371125,0.3624823695345557,0.7509433962264151,0.4721426793758201,0.8814132749938481,0.31396152052723914,0.17468267050079112,0.07142550407840434,0.8209962801583779,0.33185185185185184,0.6581196581196581,0.3881145718248185,0.8546345818425312,0.31600592742313993,0.2339188045147742,0.059301088570708,0.7354169891191703,-0.0020444068959007966,69.77865423387098,0.03503124389608214,0.007288666593465831
2019,137,3266,3349,58,54,4,1,1,-7,7.724340175953079,1.119468383314953,0.8350893739921881,1.039289447664823,0.8216434189576678,0.37483085250338294,0.7285714285714285,0.4657309572343563,0.8820479003510382,0.3047718982899662,0.17553849239765587,0.048542203903510196,0.8302418642894638,0.3587140439932318,0.7439024390243902,0.46789933074459256,0.7978364068155074,0.29887451521123076,0.23360464588694924,0.0833629183507016,0.8906722660753107,0.005897383078735441,68.9383431085044,-0.01601494865271408,0.007553870048372935
2019,137,3195,3274,62,69,-7,0,0,9,7.300000000000001,1.0399041614032454,0.7942540932010932,1.0442859379431617,0.9039407660598356,0.3232016210739615,0.6851851851851852,0.42541726576797867,0.8809143597957098,0.46436064338713606,0.17450011684414152,0.05923749800702718,0.729791377178509,0.3620414673046252,0.6761904761904762,0.45238582651677645,0.8404172346915193,0.2752479819008314,0.22032961030892076,0.062165074248086184,0.8893266476155103,0.18911266148630468,71.09994791666666,-0.028142247621030514,-0.06866853233240705
2019,137,3243,3276,54,84,-30,0,0,1,-7.3125,0.9255496136430089,0.9133028089734339,1.003133735892541,0.8932674156551719,0.3011647254575707,0.7214532871972318,0.40735941808852116,0.8127438723641123,0.269284869294767,0.2148454952646876,0.07359135834223539,0.8614801517995773,0.3273542600896861,0.7003311258278145,0.4492905656510096,0.8422174583573544,0.19494896813751242,0.2248887170083614,0.061144498150929996,0.8068602630698157,0.07433590115725461,70.88203125000001,-0.012323501075503118,-0.009854011003955443
2019,137,3280,3380,103,46,57,1,0,-15,31.200892857142858,1.198109616400257,0.8158504620021201,0.8303872501180181,0.8715828545704066,0.38095238095238093,0.7329462989840348,0.4906476786074567,0.9256255421314533,0.19237304849007264,0.1755370537277079,0.09623648398782292,0.7793172607802379,0.2737306843267109,0.6195856873822975,0.3792825642839893,0.7945687786311357,0.23216952134010307,0.2605039272985713,0.04055547626468781,0.7232213797391481,-0.039796472850030434,71.03286830357143,0.07185519630366555,0.050404317104151386
2019,137,3179,3281,76,77,-1,0,1,3,5.250946969696969,1.0587953433877066,0.8869521773188442,1.0081597669844093,0.8905279765221226,0.35805626598465473,0.7641357027463651,0.4757136810186977,0.7929967618652656,0.32497962573217265,0.23309122202271956,0.04134409998111881,0.836792870024222,0.3629139072847682,0.7398523985239852,0.44992138716139424,0.7768895306563951,0.35127956432627805,0.24726429166059044,0.05478198887750231,0.8872165130332628,-0.0262999385941054,70.65588304924242,0.004454987921190867,-0.007028060966436378
2019,137,3332,3340,78,40,38,1,0,-13,10.793346774193548,1.2159481231084899,0.9238888534330518,0.9887050438177525,0.8486311460208698,0.41767068273092367,0.7655601659751037,0.5020833970781944,0.9122907466165835,0.33256923071256633,0.14376812067710845,0.04311473592369837,0.8751237332546415,0.34740882917466415,0.7992047713717693,0.4303269867725389,0.842086558860623,0.23447475560795084,0.2051693856728869,0.08560388889792626,0.8734304499980563,0.0980944751046155,70.80496471774194,0.01320688060464359,-0.005730346994647917
2019,137,3125,3376,52,74,-22,0,0,9,6.8604166666666675,1.109104964877499,0.8771493725684695,1.0419559317956792,0.9133830200412476,0.35875402792696026,0.6869070208728653,0.4518477083188663,0.8759227750768419,0.4264120147409805,0.1828058651495529,0.035224960974390714,0.892743398172881,0.3290676416819013,0.724025974025974,0.4356201283436783,0.8715969341772278,0.2514497514638693,0.1866738831069576,0.10210733485820021,0.8569237937532375,0.17496226327711123,70.50674479166666,0.02219701092423576,-0.05701068782015184
2019,137,3401,3460,84,61,23,1,0,-9,1.366935483870968,0.9838659655476331,0.8417899142586941,0.9779419435444004,0.865810519186292,0.316860465116279,0.7014705882352942,0.4372428989972582,0.8205985587486505,0.15904955010820412,0.21349183790624585,0.059960740393911534,0.8684134234061616,0.2822822822822823,0.6923076923076923,0.38547218524200727,0.948847223039373,0.2907100467990822,0.16489978980322242,0.05332531314365868,0.8325318960733225,-0.13166049669087806,70.8008316532258,0.02622981195075258,0.0021243418987740847
2019,138,3101,3124,38,95,-57,0,0,15,-19.544642857142858,1.0298702039132555,0.9505968028757873,1.110839174255992,0.7670436844336685,0.33484848484848484,0.7459677419354838,0.46850252097592116,0.7818573171116742,0.33666484414970393,0.2612967646125138,0.06058629951631257,0.8237409242438452,0.3707865168539326,0.6708860759493671,0.5015487618362048,0.8890377603770482,0.11651318738699404,0.18011450006358692,0.12253874394874179,0.8284035387917189,0.2201516567627099,71.12544642857142,-0.06312773546127537,0.023306079870339502
2019,138,3120,3140,64,73,-9,0,0,3,1.7817204301075265,1.0100215193431366,0.89809050119697,0.9960255864315939,0.9037118387603226,0.3185053380782918,0.7166361974405849,0.4220844750767282,0.8797468605604224,0.2635281712639522,0.1825883597842446,0.04390202112150428,0.7445376822388846,0.3450479233226837,0.7000000000000001,0.43032311034550613,0.8599411878422518,0.29066421336186576,0.1989609787761251,0.08072461787480698,0.855591426013673,-0.027136042097913537,70.29708333333333,-0.02802763195339608,0.027347115291740054
2019,138,3143,3314,92,72,20,1,0,-1,-0.7973790322580645,1.0523657280984446,1.0050333978054182,1.0204933481152547,0.9670838062816242,0.3528481012658228,0.7030651340996168,0.4437530923311103,0.8771490687394627,0.2963208216618062,0.1910782093888161,0.0588384081856963,0.8940406551959377,0.3303684879288437,0.7517857142857143,0.42296982720966847,0.8702192749669168,0.3355922325136601,0.18095881422479113,0.05624583010174888,0.8644602292465668,-0.03927141085185393,71.39233870967742,0.0022799586685230966,-0.01924702321466698
2019,138,3114,3211,51,68,-17,0,0,7,-9.805443548387096,0.9485988998096918,0.8594734106835941,1.055269169868915,0.8412258018189341,0.32999999999999996,0.7246376811594204,0.4330897687222454,0.8386454714465924,0.14975022592662418,0.21212306276694373,0.030623779314563594,0.789590187471638,0.37721518987341773,0.7649063032367973,0.45539775986723907,0.8658878836465517,0.177061886319865,0.19092049403929215,0.060529442714726454,0.8083942867609983,-0.027311660393240816,67.57166078629032,-0.023914890839278058,-0.004761828117175404
2019,138,3235,3308,97,61,36,1,0,-11,7.636363636363636,1.0612244272064713,0.8612652724687213,0.9417746444729985,0.843735001517589,0.3344788087056128,0.787878787878788,0.4443503697081794,0.8584685503284075,0.3568688167535256,0.18187668051067457,0.06957021427316845,0.8377233611827687,0.2916666666666667,0.7001733102253033,0.4164703574043459,0.8391200968211822,0.23293892867185784,0.2093956741982458,0.07743318762028628,0.8023892474722527,0.12392988808166777,75.0478409090909,0.014640767369828722,-0.03247216027296307
2019,138,3246,3343,82,77,5,1,0,-5,5.903225806451613,1.0030735064960994,0.8242619368641774,0.988316556700112,0.8733868439886663,0.3630252100840336,0.7467411545623835,0.41617312605244344,0.87875713486425,0.26808366249931387,0.18463448759190884,0.06829568912394429,0.7351092508343368,0.3231240428790199,0.7807933194154488,0.41864796045646774,0.8685299246583013,0.29410431842802637,0.19492271593644117,0.0879240871652985,0.8431286067419049,-0.0260206559287125,71.5741935483871,-0.009257452851517467,0.028202375652065292
2019,138,3268,3347,73,51,22,1,0,-11,4.993951612903226,1.049360367172224,0.8561732580750713,0.9204100528454391,0.792731695432768,0.36726546906187624,0.706081081081081,0.4652614599218236,0.8492101090966887,0.22012382598926453,0.2159483519230626,0.08535050835668646,0.8628163911405414,0.29050279329608936,0.6510500807754442,0.3822880393616503,0.8704109540927871,0.24845196504070746,0.19576283035435013,0.07213228913864554,0.8899353907109522,-0.028328139051442935,70.36743951612902,0.026531866934800696,0.024960949225404705
2019,138,3141,3277,87,88,-1,0,0,-1,6.913306451612903,1.1259584198168555,0.9192871243432126,1.0285033621885102,0.9235860363293937,0.38421052631578945,0.7718940936863544,0.4803829402998527,0.8764404154775001,0.33446172961190435,0.1933435218522975,0.04692536250537314,0.8631228576015367,0.367003367003367,0.7126050420168066,0.4384857419513492,0.8500186739564719,0.26155664875807705,0.19552532024758196,0.0614387761241921,0.7987195202583368,0.0729050808538273,72.09121723790322,0.030631225939733553,-0.0020096064643673195
2019,138,3177,3283,78,89,-11,0,0,-5,-1.4299242424242422,1.0746803574511654,0.9624591865049368,1.0016171726202512,0.8602692479883263,0.3342541436464089,0.7781753130590341,0.4229827791877063,0.8956808314015738,0.43453244779256767,0.18931358427521208,0.024299079216705634,0.7974682392205646,0.32574031890660593,0.6812688821752266,0.42816278402350155,0.8730560160819518,0.18773396976009274,0.19369225086162303,0.058325381911543205,0.7980218648668709,0.24679847803247493,74.42691761363636,-0.029600658305437677,0.007919282989831133
2019,138,3263,3301,51,63,-12,0,0,11,-0.995967741935484,1.0369720838487042,0.8791669854046543,1.0399928162441114,0.8717087073424754,0.3320659062103929,0.7322274881516587,0.4213247595791774,0.9068477686708108,0.38231365218191987,0.17361589658066656,0.05706324224283063,0.8143613024725254,0.3437037037037037,0.699812382739212,0.4465658043006021,0.8480889558621099,0.31689103398928076,0.20334320077426918,0.05859335007734146,0.9067635031672908,0.06542261819263911,66.82184979838709,-0.036979257279469824,0.022956902967146586
2019,138,3126,3323,50,92,-42,0,0,15,-23.586206896551722,0.8733129276159832,0.8546190145649653,1.169330438152126,0.8564344831136698,0.29914529914529914,0.6538461538461539,0.379078859303923,0.8085319260577687,0.22799076520963735,0.22395871421800634,0.04955899566208272,0.8506911015292051,0.36643026004728135,0.7342657342657342,0.5199143249917169,0.8690134545445095,0.16881348079892208,0.1884046064009099,0.07583707256945876,0.8865402729344467,0.059177284410715264,73.6480276907001,-0.06911117958037127,-0.05130875056721873
2019,138,3129,3333,75,80,-5,0,1,9,-6.6204301075268805,1.0260424935323003,0.895300925534107,1.1098467553646125,0.8878682488585651,0.344574780058651,0.7276595744680852,0.43827626398753844,0.8686011185105197,0.3146250479844484,0.19602459304929645,0.05971817027358833,0.7743291872089609,0.38816738816738816,0.7321428571428571,0.47826840019045735,0.8705914990126582,0.3276645769658245,0.18087123458098694,0.0575167817930658,0.9432939864118158,-0.013039528981376114,70.2638440860215,-0.05096233970912428,0.021074741513612105
2019,138,3346,3355,65,76,-11,0,0,5,-2.8125,0.9598965942600406,0.7569931353277632,1.1325712230771572,0.8856241829878025,0.28330995792426367,0.6702317290552585,0.38342319256808777,0.9088222147311376,0.3292300782619183,0.18451056582155348,0.07287836748479196,0.7419971913478134,0.37147102526002973,0.7483108108108109,0.48607215677705135,0.8536576343267458,0.29744284224815554,0.1807308720347853,0.05745952941086743,0.8285748980953557,0.031787236013762765,69.27617187499999,-0.04197254118927535,0.04138300527808281
2019,138,3390,3413,79,54,25,1,0,-13,-0.3333333333333339,1.0619664644921152,0.863332463368304,1.0304571865950753,0.819936433123393,0.35141800246609123,0.7112068965517241,0.45093369054407323,0.882883286191967,0.3617522009873895,0.18646951065852202,0.08601069866546401,0.8599622334197748,0.3602391629297459,0.7350597609561753,0.4447768037477486,0.8297480579058867,0.3258854341778126,0.19051589045155468,0.05837323128414829,0.8704424678829683,0.0358667668095769,69.70645833333333,-0.007319904356368978,0.010429297345222688
2019,138,3200,3393,49,70,-21,0,0,11,-3.7064393939393936,0.9794151111455491,0.8538379387307092,1.0412994250310494,0.9023388306757641,0.324905183312263,0.7356020942408377,0.396756285991092,0.9046567094391836,0.38737854902012814,0.18512782718999551,0.01885490640789721,0.821588747304283,0.3404494382022472,0.7426160337552743,0.4360462186914484,0.883025955523672,0.3705184914027011,0.21516793365654002,0.07489095395279977,0.8320064451901733,0.016860057617427038,68.43245738636364,-0.025205108164008116,-0.06948728000279436
2019,138,3397,3417,77,89,-12,0,0,5,0.940524193548387,1.006630661290744,0.9263548149603618,1.0334125732761077,0.9609926607333991,0.32665330661322645,0.7022375215146299,0.4313734749907296,0.8844716471291071,0.21599534283801244,0.21541979952333806,0.04884010395034974,0.8291166227424419,0.3069306930693069,0.7232289950576606,0.4229236753905513,0.9245422593372556,0.2222026515476489,0.18890923875209395,0.07018691491383437,0.8462596300564891,-0.006207308709636455,72.41042086693548,0.0032272801597759138,-0.02182626099705187
2019,139,3113,3274,57,55,2,1,0,1,-2.4000000000000004,1.0150479421127223,0.8876390752814224,1.0442859379431617,0.9039407660598356,0.31956912028725315,0.6718061674008811,0.4239010252049573,0.9091031564276093,0.28528756655154835,0.18834938052759773,0.054743528885095635,0.8277905965217234,0.3620414673046252,0.6761904761904762,0.45238582651677645,0.8404172346915193,0.2752479819008314,0.22032961030892076,0.062165074248086184,0.8893266476155103,0.01003958465071697,68.29078125000001,-0.036468177581929606,-0.03346426840445871
2019,139,3138,3163,72,84,-12,0,0,8,-18.53030303030303,1.029113578854518,0.8969050459984781,1.1607950379442042,0.7771720489899708,0.31337047353760444,0.7725947521865889,0.41437737160823485,0.8588066959406278,0.3043234567686275,0.201899251888357,0.04205723206079944,0.7924793278102251,0.35955056179775285,0.7399650959860383,0.4935088170490341,0.8859597406274571,0.30473759643106185,0.16544386704323033,0.06748475246214405,0.8776207320146125,-0.0004141396624343652,72.51687973484849,-0.06948054865840392,0.023902442949390035
2019,139,3234,3281,68,52,16,1,0,-5,4.219696969696969,1.1314296990751187,0.9537777512447025,1.0081597669844093,0.8905279765221226,0.34608030592734224,0.7765151515151515,0.5199957953279392,0.8368756686051072,0.23164877270519635,0.19177876762139842,0.058924832177967804,0.9127401831485116,0.3629139072847682,0.7398523985239852,0.44992138716139424,0.7768895306563951,0.35127956432627805,0.24726429166059044,0.05478198887750231,0.8872165130332628,-0.1196307916210817,68.13674242424243,0.018420425145217134,0.0016953360140758988
2019,139,3257,3276,71,50,21,1,0,-7,10.28125,1.1134473767765491,0.8511446163429435,1.003133735892541,0.8932674156551719,0.3624823695345557,0.7509433962264151,0.4721426793758201,0.8814132749938481,0.31396152052723914,0.17468267050079112,0.07142550407840434,0.8209962801583779,0.3273542600896861,0.7003311258278145,0.4492905656510096,0.8422174583573544,0.19494896813751242,0.2248887170083614,0.061144498150929996,0.8068602630698157,0.11901255238972672,71.33828125,0.020827982111836396,-0.001827775722929914
2019,139,3155,3280,61,85,-24,0,0,8,-25.730846774193548,0.895907451341779,0.8663307833121522,1.198109616400257,0.8158504620021201,0.35014836795252224,0.6611570247933884,0.4244561481592298,0.8054603284704354,0.14127941463777097,0.2568793751577581,0.06519673533577906,0.8086772878016155,0.38095238095238093,0.7329462989840348,0.4906476786074567,0.9256255421314533,0.19237304849007264,0.1755370537277079,0.09623648398782292,0.7793172607802379,-0.05109363385230167,74.38685735887097,-0.0384293239287975,-0.03401259978292981
2019,139,3231,3332,68,91,-23,0,0,8,-17.03125,0.9546745193701635,0.9001509600491133,1.2159481231084899,0.9238888534330518,0.35429769392033544,0.7458745874587459,0.42697476814038143,0.8073300028016448,0.2079511383323197,0.21218977617299287,0.05039870940420956,0.8212762474692209,0.41767068273092367,0.7655601659751037,0.5020833970781944,0.9122907466165835,0.33256923071256633,0.14376812067710845,0.04311473592369837,0.8751237332546415,-0.12461809238024663,71.04374999999999,-0.03669075689092033,-0.029574308105393743
2019,139,3199,3376,64,72,-8,0,0,1,-1.2978494623655905,0.986331203220323,0.8767696448617129,1.0419559317956792,0.9133830200412476,0.2797427652733119,0.736842105263158,0.41184055356776744,0.8916391452731883,0.2903668175217908,0.19585944862611093,0.06974968713925826,0.807528767962529,0.3290676416819013,0.724025974025974,0.4356201283436783,0.8715969341772278,0.2514497514638693,0.1866738831069576,0.10210733485820021,0.8569237937532375,0.0389170660579215,71.0488440860215,-0.02536498180923219,-0.027099170328584
2019,139,3266,3401,76,78,-2,0,0,1,11.530791788856305,1.119468383314953,0.8350893739921881,0.9838659655476331,0.8417899142586941,0.37483085250338294,0.7285714285714285,0.4657309572343563,0.8820479003510382,0.3047718982899662,0.17553849239765587,0.048542203903510196,0.8302418642894638,0.316860465116279,0.7014705882352942,0.4372428989972582,0.8205985587486505,0.15904955010820412,0.21349183790624585,0.059960740393911534,0.8684134234061616,0.14572234818176208,71.89479472140764,0.005297319411232293,-0.010753318052661776
2019,140,3124,3143,102,63,39,1,0,-7,22.453629032258064,1.110839174255992,0.7670436844336685,1.0523657280984446,1.0050333978054182,0.3707865168539326,0.6708860759493671,0.5015487618362048,0.8890377603770482,0.11651318738699404,0.18011450006358692,0.12253874394874179,0.8284035387917189,0.3528481012658228,0.7030651340996168,0.4437530923311103,0.8771490687394627,0.2963208216618062,0.1910782093888161,0.0588384081856963,0.8940406551959377,-0.17980763427481214,70.67671370967741,0.08655854510272476,0.008048913352735498
2019,140,3235,3283,60,69,-9,0,0,-8,4.782196969696969,1.0612244272064713,0.8612652724687213,1.0016171726202512,0.8602692479883263,0.3344788087056128,0.787878787878788,0.4443503697081794,0.8584685503284075,0.3568688167535256,0.18187668051067457,0.06957021427316845,0.8377233611827687,0.32574031890660593,0.6812688821752266,0.42816278402350155,0.8730560160819518,0.18773396976009274,0.19369225086162303,0.058325381911543205,0.7980218648668709,0.16913484699343287,73.71403882575757,0.020436591286883354,-0.0315896637935803
2019,140,3246,3301,57,72,-15,0,0,3,2.67741935483871,1.0030735064960994,0.8242619368641774,1.0399928162441114,0.8717087073424754,0.3630252100840336,0.7467411545623835,0.41617312605244344,0.87875713486425,0.26808366249931387,0.18463448759190884,0.06829568912394429,0.7351092508343368,0.3437037037037037,0.699812382739212,0.4465658043006021,0.8480889558621099,0.31689103398928076,0.20334320077426918,0.05859335007734146,0.9067635031672908,-0.04880737148996689,70.22983870967742,-0.03993037565007174,0.042408088930745325
2019,140,3277,3323,63,91,-28,0,0,8,-17.225806451612904,1.0285033621885102,0.9235860363293937,1.169330438152126,0.8564344831136698,0.367003367003367,0.7126050420168066,0.4384857419513492,0.8500186739564719,0.26155664875807705,0.19552532024758196,0.0614387761241921,0.7987195202583368,0.36643026004728135,0.7342657342657342,0.5199143249917169,0.8690134545445095,0.16881348079892208,0.1884046064009099,0.07583707256945876,0.8865402729344467,0.09274316795915497,74.54887585532747,-0.06256703320403978,-0.05757402966241376
2019,140,3211,3333,70,76,-6,0,0,1,-0.35584677419354804,1.055269169868915,0.8412258018189341,1.1098467553646125,0.8878682488585651,0.37721518987341773,0.7649063032367973,0.45539775986723907,0.8658878836465517,0.177061886319865,0.19092049403929215,0.060529442714726454,0.8083942867609983,0.38816738816738816,0.7321428571428571,0.47826840019045735,0.8705914990126582,0.3276645769658245,0.18087123458098694,0.0575167817930658,0.9432939864118158,-0.15060269064595952,69.01319304435484,-0.021031559952976342,0.03379150907436734
2019,140,3355,3393,75,64,11,1,0,3,7.21875,1.1325712230771572,0.8856241829878025,1.0412994250310494,0.9023388306757641,0.37147102526002973,0.7483108108108109,0.48607215677705135,0.8536576343267458,0.29744284224815554,0.1807308720347853,0.05745952941086743,0.8285748980953557,0.3404494382022472,0.7426160337552743,0.4360462186914484,0.883025955523672,0.3705184914027011,0.21516793365654002,0.07489095395279977,0.8320064451901733,-0.07307564915454556,72.84921875,0.03206714483793793,-0.06542967084459428
2019,140,3140,3390,63,72,-9,0,0,5,-7.548387096774194,0.9960255864315939,0.9037118387603226,1.0619664644921152,0.863332463368304,0.3450479233226837,0.7000000000000001,0.43032311034550613,0.8599411878422518,0.29066421336186576,0.1989609787761251,0.08072461787480698,0.855591426013673,0.35141800246609123,0.7112068965517241,0.45093369054407323,0.882883286191967,0.3617522009873895,0.18646951065852202,0.08601069866546401,0.8599622334197748,-0.07108798762552376,69.865625,-0.01615794745482685,0.024287354632082203
2019,140,3268,3417,80,85,-5,0,0,-3,9.03125,1.049360367172224,0.8561732580750713,1.0334125732761077,0.9609926607333991,0.36726546906187624,0.706081081081081,0.4652614599218236,0.8492101090966887,0.22012382598926453,0.2159483519230626,0.08535050835668646,0.8628163911405414,0.3069306930693069,0.7232289950576606,0.4229236753905513,0.9245422593372556,0.2222026515476489,0.18890923875209395,0.07018691491383437,0.8462596300564891,-0.002078825558384373,71.148828125,0.043236587646035884,-0.03806037663855888
2019,144,3163,3417,69,61,8,1,0,-4,22.87405303030303,1.1607950379442042,0.7771720489899708,1.0334125732761077,0.9609926607333991,0.35955056179775285,0.7399650959860383,0.4935088170490341,0.8859597406274571,0.30473759643106185,0.16544386704323033,0.06748475246214405,0.8776207320146125,0.3069306930693069,0.7232289950576606,0.4229236753905513,0.9245422593372556,0.2222026515476489,0.18890923875209395,0.07018691491383437,0.8462596300564891,0.08253494488341295,70.8993016098485,0.07234579088458898,-0.05452974016042378
2019,144,3257,3333,61,44,17,1,0,-3,3.206653225806452,1.1134473767765491,0.8511446163429435,1.1098467553646125,0.8878682488585651,0.3624823695345557,0.7509433962264151,0.4721426793758201,0.8814132749938481,0.31396152052723914,0.17468267050079112,0.07142550407840434,0.8209962801583779,0.38816738816738816,0.7321428571428571,0.47826840019045735,0.8705914990126582,0.3276645769658245,0.18087123458098694,0.0575167817930658,0.9432939864118158,-0.013703056438585381,69.49639616935484,-0.015149087320496524,0.0428323429065966
2019,144,3113,3280,53,76,-23,0,0,4,-20.24375,1.0150479421127223,0.8876390752814224,1.198109616400257,0.8158504620021201,0.31956912028725315,0.6718061674008811,0.4239010252049573,0.9091031564276093,0.28528756655154835,0.18834938052759773,0.054743528885095635,0.8277905965217234,0.38095238095238093,0.7329462989840348,0.4906476786074567,0.9256255421314533,0.19237304849007264,0.1755370537277079,0.09623648398782292,0.7793172607802379,0.09291451806147571,68.509921875,-0.04527836323449058,-0.07628448740478833
2019,144,3332,3355,63,53,10,1,0,-4,3.875,1.2159481231084899,0.9238888534330518,1.1325712230771572,0.8856241829878025,0.41767068273092367,0.7655601659751037,0.5020833970781944,0.9122907466165835,0.33256923071256633,0.14376812067710845,0.04311473592369837,0.8751237332546415,0.37147102526002973,0.7483108108108109,0.48607215677705135,0.8536576343267458,0.29744284224815554,0.1807308720347853,0.05745952941086743,0.8285748980953557,0.035126388464410796,70.36171875,-0.004767914829158781,0.02220939841704561
2019,145,3124,3376,93,68,25,1,0,-3,16.704166666666666,1.110839174255992,0.7670436844336685,1.0419559317956792,0.9133830200412476,0.3707865168539326,0.6708860759493671,0.5015487618362048,0.8890377603770482,0.11651318738699404,0.18011450006358692,0.12253874394874179,0.8284035387917189,0.3290676416819013,0.724025974025974,0.4356201283436783,0.8715969341772278,0.2514497514638693,0.1866738831069576,0.10210733485820021,0.8569237937532375,-0.13493656407687524,72.47354166666666,0.07201078120926047,-0.041301751518597496
2019,145,3234,3301,79,61,18,1,0,-1,1.379032258064516,1.1314296990751187,0.9537777512447025,1.0399928162441114,0.8717087073424754,0.34608030592734224,0.7765151515151515,0.5199957953279392,0.8368756686051072,0.23164877270519635,0.19177876762139842,0.058924832177967804,0.9127401831485116,0.3437037037037037,0.699812382739212,0.4465658043006021,0.8480889558621099,0.31689103398928076,0.20334320077426918,0.05859335007734146,0.9067635031672908,-0.08524226128408441,69.8741935483871,0.015450216979945974,0.023668380740152317
2019,145,3323,3401,87,80,7,1,0,-3,15.258064516129032,1.169330438152126,0.8564344831136698,0.9838659655476331,0.8417899142586941,0.36643026004728135,0.7342657342657342,0.5199143249917169,0.8690134545445095,0.16881348079892208,0.1884046064009099,0.07583707256945876,0.8865402729344467,0.316860465116279,0.7014705882352942,0.4372428989972582,0.8205985587486505,0.15904955010820412,0.21349183790624585,0.059960740393911534,0.8684134234061616,0.009763930690717959,73.00653714565004,0.0370386430061832,0.04693684362898953
2019,145,3283,3390,46,55,-9,0,0,9,-3.8125,1.0016171726202512,0.8602692479883263,1.0619664644921152,0.863332463368304,0.32574031890660593,0.6812688821752266,0.42816278402350155,0.8730560160819518,0.18773396976009274,0.19369225086162303,0.058325381911543205,0.7980218648668709,0.35141800246609123,0.7112068965517241,0.45093369054407323,0.882883286191967,0.3617522009873895,0.18646951065852202,0.08601069866546401,0.8599622334197748,-0.1740182312272968,71.71640625,-0.03291892034519789,0.018163535476346082
2019,146,3163,3257,80,73,7,1,0,1,9.436553030303031,1.1607950379442042,0.7771720489899708,1.1134473767765491,0.8511446163429435,0.35955056179775285,0.7399650959860383,0.4935088170490341,0.8859597406274571,0.30473759643106185,0.16544386704323033,0.06748475246214405,0.8776207320146125,0.3624823695345557,0.7509433962264151,0.4721426793758201,0.8814132749938481,0.31396152052723914,0.17468267050079112,0.07142550407840434,0.8209962801583779,-0.009223924096177283,70.85906723484848,0.03283165883732997,-0.014392263036681285
2019,146,3280,3332,84,88,-4,0,0,-1,6.9375,1.198109616400257,0.8158504620021201,1.2159481231084899,0.9238888534330518,0.38095238095238093,0.7329462989840348,0.4906476786074567,0.9256255421314533,0.19237304849007264,0.1755370537277079,0.09623648398782292,0.7793172607802379,0.41767068273092367,0.7655601659751037,0.5020833970781944,0.9122907466165835,0.33256923071256633,0.14376812067710845,0.04311473592369837,0.8751237332546415,-0.1401961822224937,70.816015625,0.0036878139606764115,0.07708975157809317
2019,147,3124,3234,85,53,32,1,0,-1,13.6875,1.110839174255992,0.7670436844336685,1.1314296990751187,0.9537777512447025,0.3707865168539326,0.6708860759493671,0.5015487618362048,0.8890377603770482,0.11651318738699404,0.18011450006358692,0.12253874394874179,0.8284035387917189,0.34608030592734224,0.7765151515151515,0.5199957953279392,0.8368756686051072,0.23164877270519635,0.19177876762139842,0.058924832177967804,0.9127401831485116,-0.11513558531820231,71.484375,0.03490563762402277,0.0030150735342303614
2019,147,3323,3390,84,68,16,1,0,-1,11.0,1.169330438152126,0.8564344831136698,1.0619664644921152,0.863332463368304,0.36643026004728135,0.7342657342657342,0.5199143249917169,0.8690134545445095,0.16881348079892208,0.1884046064009099,0.07583707256945876,0.8865402729344467,0.35141800246609123,0.7112068965517241,0.45093369054407323,0.882883286191967,0.3617522009873895,0.18646951065852202,0.08601069866546401,0.8599622334197748,-0.19293872018846744,73.17054924242424,0.02861994012145086,0.070655884427125
2019,151,3124,3332,72,67,5,1,0,-1,4.53125,1.110839174255992,0.7670436844336685,1.2159481231084899,0.9238888534330518,0.3707865168539326,0.6708860759493671,0.5015487618362048,0.8890377603770482,0.11651318738699404,0.18011450006358692,0.12253874394874179,0.8284035387917189,0.41767068273092367,0.7655601659751037,0.5020833970781944,0.9122907466165835,0.33256923071256633,0.14376812067710845,0.04311473592369837,0.8751237332546415,-0.2160560433255723,71.08046875,0.04439747853719811,0.007305276093425572
2019,151,3163,3323,76,81,-5,0,0,1,3.030303030303031,1.1607950379442042,0.7771720489899708,1.169330438152126,0.8564344831136698,0.35955056179775285,0.7399650959860383,0.4935088170490341,0.8859597406274571,0.30473759643106185,0.16544386704323033,0.06748475246214405,0.8776207320146125,0.36643026004728135,0.7342657342657342,0.5199143249917169,0.8690134545445095,0.16881348079892208,0.1884046064009099,0.07583707256945876,0.8865402729344467,0.13592411563213977,73.52727272727273,0.003580519761028189,-0.04887053234359395
2019,153,3124,3323,82,81,1,1,0,0,0.9375,1.110839174255992,0.7670436844336685,1.169330438152126,0.8564344831136698,0.3707865168539326,0.6708860759493671,0.5015487618362048,0.8890377603770482,0.11651318738699404,0.18011450006358692,0.12253874394874179,0.8284035387917189,0.36643026004728135,0.7342657342657342,0.5199143249917169,0.8690134545445095,0.16881348079892208,0.1884046064009099,0.07583707256945876,0.8865402729344467,-0.052300293411928045,74.15179924242423,0.020290357514227253,-0.050348478442894584
2021,139,3124,3238,101,52,49,1,0,-13,17.241545893719806,1.0696517810004802,0.7191157597439933,0.9512876564122964,0.8068342992183005,0.32517482517482516,0.7156308851224105,0.48422115430108037,0.8658216773856902,0.1390202145798568,0.21325564725195012,0.08224990722702759,0.7664827605562269,0.3620689655172414,0.6768642447418738,0.4264380535062239,0.7918000501757226,0.17521514850434372,0.23532114103905538,0.0678268173732945,0.819009046529663,-0.036194933924486916,74.50374396135265,0.04479935337073315,-0.01005059953389087
2021,139,3163,3219,102,59,43,1,0,-15,21.596923076923076,1.114524140242389,0.6909825567673411,0.9994717599891255,0.8540341283352355,0.34764826175869123,0.7123655913978494,0.5152951603969701,0.8556382831477524,0.265829624629287,0.19004439253638825,0.09981471031254129,0.8121458860866088,0.3623978201634877,0.7528089887640449,0.4309805714752027,0.7917954105111153,0.3933030487042584,0.18475949222507623,0.04721585685347074,0.8572900435989865,-0.12747342407497142,72.78428846153847,0.05744526541723105,0.048199563799038114
2021,139,3210,3372,54,52,2,1,1,-7,-24.490942028985508,0.9569453891572942,0.8911514608211296,1.0691573937131151,0.7065670354402639,0.3175355450236967,0.680722891566265,0.42462753003587866,0.8638276831882102,0.2649699886095309,0.17509819023443987,0.05559897721093417,0.8466872685247919,0.3581818181818182,0.6703786191536748,0.4881669193457006,0.8136021962450081,0.30504262623708484,0.21268881941534212,0.09517629254379949,0.7161581260719837,-0.04007263762755392,72.00101902173913,-0.06437439559785046,-0.0589534993671067
2021,139,3141,3234,72,87,-15,0,0,7,-2.034188034188034,1.0626857245262362,0.9977912962504333,1.1408148361654453,1.041317548039039,0.35470668485675305,0.771505376344086,0.46061423209393715,0.844795070795131,0.38474643349420556,0.18077070019850863,0.0394186778360348,0.8317774008722955,0.4043887147335423,0.7922077922077922,0.5184524392950051,0.8099531965877159,0.3119211907859482,0.18513562374091735,0.03959250219469829,0.8733018154173955,0.07282524270825735,74.78960113960113,-0.02245190532955893,-0.02026597940813646
2021,139,3226,3246,63,71,-8,0,0,9,4.845,0.9948832025307975,0.8147385889071611,1.015856104762542,0.9164943266305425,0.33707865168539325,0.7035928143712574,0.45704767508822836,0.8470610583628001,0.256862510848667,0.1959417402422785,0.059579265949514786,0.799572189618352,0.3481624758220503,0.7188328912466844,0.4342710164913485,0.8820164349655789,0.2880073130596943,0.16789590409086433,0.06481725642018726,0.8242393978234024,-0.031144802211027278,72.01504166666666,0.04062673261158756,-0.05213827614023703
2021,139,3195,3276,66,87,-21,0,0,5,11.862348178137651,1.0828870794511725,0.7889555942055467,1.0142571537277139,0.8908704280598457,0.33883388338833886,0.7163814180929097,0.4568499882715352,0.8491987159100141,0.4658851980196401,0.13993563765242464,0.06048765903591894,0.7508757735892851,0.29447852760736193,0.7400990099009901,0.4499593304739155,0.820410194697724,0.2324400081416611,0.2058358605021909,0.04324699240764665,0.8344917989207336,0.23344518987797902,74.68585526315789,0.00907620753761279,-0.10077189434625544
2021,139,3299,3301,58,79,-21,0,0,15,1.2272727272727266,0.9218108330272256,0.7017961471528071,1.0550051143882622,0.846515656919965,0.29042904290429045,0.7468879668049793,0.39336975818561537,0.8777120702749477,0.2627482463370993,0.21600983347907957,0.07005060633084353,0.7475647481169758,0.3579676674364896,0.7465181058495822,0.46773839268769085,0.8525063829700206,0.27013699723005635,0.1690608386764694,0.05016001236887215,0.8744165935865825,-0.007388750892957041,74.95200757575756,-0.021945405370487947,0.07757941523305417
2021,139,3329,3448,84,61,23,1,0,-1,10.208333333333334,0.9584351114057635,0.8303482711776115,0.9430015548448493,0.9630663583374064,0.3441860465116279,0.6709511568123393,0.43338090971825305,0.8651721247671481,0.22223848828262918,0.17307031241757856,0.1117729162919616,0.8325301614161643,0.32250580046403715,0.7404761904761905,0.41287959951753544,0.8270075411912651,0.2550768483804971,0.17894109429185998,0.03768652094614363,0.8832971975775158,-0.03283836009786792,72.41474358974358,0.039430431270773836,-0.013563207077128547
2021,139,3199,3333,59,83,-24,0,0,1,-0.5751633986928105,0.9019342584783401,0.899034983404012,1.007475471017029,0.9671884810213096,0.3205574912891986,0.7335526315789473,0.40683621405294784,0.8201368100976806,0.22009506753555344,0.20293235436995105,0.05966996940498573,0.8268046958233383,0.4126506024096385,0.7361563517915309,0.4554634962965931,0.7810861894649027,0.27513825140906817,0.19165365703785767,0.07497622989327098,0.9294275946878984,-0.05504318387351473,71.75433006535948,-0.03858627480806576,0.055704478616203035
2021,139,3273,3376,53,79,-26,0,0,15,-9.541666666666668,0.966374442334265,0.8442501088513268,1.0129024256389867,0.791461309058408,0.3383233532934132,0.7260273972602739,0.403334554644021,0.9233153015346404,0.19503879930408163,0.14332755260254812,0.074211745574613,0.7701090823138504,0.336283185840708,0.6707964601769911,0.4394981512006334,0.8686226253727874,0.1728862633592277,0.18299720316422038,0.11065830509191951,0.8385402494654015,0.022152535944853946,73.48297275641025,-0.03178047654253002,-0.002778924531410043
2021,139,3378,3450,57,53,4,1,0,-1,11.376811594202898,0.9584605364480704,0.7879238881694496,0.9042132361425458,0.9169057242117905,0.30343511450381677,0.7195121951219512,0.3710349627174347,0.8708440685371102,0.3656790577481592,0.19333629782092995,0.06758573077805123,0.814150291317073,0.31721470019342357,0.7261146496815286,0.38944504377208583,0.8516505914645999,0.3207445624246387,0.2024153397110182,0.0708853778085818,0.8265223338855653,0.04493449532352045,69.56356107660456,0.01567184177103964,0.027214185113806688
2021,139,3390,3430,87,44,43,1,0,-15,22.425925925925924,1.105449297172945,0.7432465547182899,0.8986274877482914,0.8559302802589168,0.3690095846645367,0.7194444444444444,0.4665395837773652,0.9130100406766958,0.32688198120818895,0.17229353823775298,0.09781030085698739,0.8129169125063003,0.2994011976047904,0.7066666666666667,0.41507490488263704,0.7832444790196134,0.27135725843104835,0.23539776173954272,0.06350534245654055,0.8516328018504775,0.0555247227771406,69.63425925925927,0.05212362464370046,0.03635544069207797
2021,139,3355,3393,55,72,-17,0,0,1,7.309523809523808,0.9955279671871659,0.8613228617354501,0.9560066111827726,0.9298324262240074,0.31547619047619047,0.7315175097276264,0.4281264567811068,0.7972562067961615,0.296643496865645,0.18823028851871704,0.060723772402317105,0.7932033629019971,0.29713114754098363,0.6844660194174756,0.41909081660859243,0.8221864223190656,0.30606027171233385,0.2130149691375375,0.10227449555510727,0.8460964761641,-0.009416774846688847,73.20133928571428,0.00655345149657105,-0.0610479438042677
2021,139,3292,3397,62,87,-25,0,0,11,-4.822463768115942,1.0106334716764607,0.9406597750299154,0.9750049330755691,0.8368108501304626,0.30578512396694213,0.6568047337278107,0.40081052897993463,0.8723731984965006,0.4117820081617798,0.14809646751917335,0.05096438920601498,0.8548746295383242,0.31764705882352945,0.7032085561497327,0.4418407398357462,0.8574580150098916,0.20025679383896686,0.21841656099280787,0.08526041253783277,0.8329644610448933,0.21152521432281293,73.82117300724639,-0.0426963066275145,-0.009994151154578357
2021,139,3266,3439,63,70,-7,0,0,3,1.3130434782608695,0.9899328759041977,0.8485985130590677,1.0028888872851511,0.8877004684699275,0.32098765432098764,0.7126760563380281,0.46003424431201856,0.8628816753819595,0.18168140492850493,0.20683021512143132,0.051924486566386194,0.8148797145945423,0.3629032258064516,0.7536231884057971,0.429423025560749,0.8324291437146425,0.36949925099194597,0.18429703425297123,0.06631383138541111,0.8264329531763148,-0.18781784606344104,72.29152173913045,0.016264212545329337,0.04322121289564029
2021,139,3250,3452,53,77,-24,0,0,9,-1.3042328042328037,0.9682372017088355,0.9030639058844828,0.981086064110408,0.8955974135529097,0.3448275862068966,0.7849999999999999,0.40379150168750694,0.8483794016639828,0.38683012171599346,0.15729985270180283,0.03439591480629602,0.8426574245808345,0.3503325942350333,0.7306930693069307,0.4391033414449953,0.8179779690502864,0.2264768197993508,0.1938335997263733,0.06542654196802054,0.8154510142025343,0.16035330191664265,74.69742063492063,-0.02014935369262494,-0.06459187184879794
2021,140,3104,3314,80,71,9,1,0,-3,-3.326956521739131,1.035497940646911,0.9644601859378115,0.9813712326663457,0.8912084169055885,0.3565217391304348,0.7546012269938651,0.4366579336922388,0.8221032327262191,0.31826113286127544,0.17707546897734705,0.037880244324254325,0.8780696167475287,0.3114754098360656,0.7208237986270023,0.4145198256434074,0.8661594795486818,0.27855976484201606,0.16911260832657615,0.053585727512657735,0.8341995475003234,0.039701368019259387,74.34495652173914,-0.014104789717186983,0.004088005739833367
2021,140,3112,3392,79,44,35,1,0,-11,0.9238095238095241,0.9364377109132911,0.7843502611383061,0.9115849387913523,0.7587481535817051,0.31842105263157894,0.7151335311572701,0.4073405796435245,0.8496714309806438,0.2556444853568986,0.17349728983273444,0.08334347354077963,0.7730215771796798,0.2671009771986971,0.6787878787878787,0.4138404490760024,0.8254409964173078,0.23029865704056213,0.22868305302447095,0.06952336052601132,0.7648703948528522,0.02534582831633647,68.84077380952381,-0.008868888997763114,-0.03672671751698586
2021,140,3125,3211,64,59,5,1,0,7,-4.256923076923076,1.0367238615313064,0.8525562900323176,1.0494622564842744,0.8114173423926534,0.3472,0.6972477064220183,0.4445483307920873,0.8745297497099704,0.36863844392884076,0.19426128827291386,0.05104034749984991,0.7847222008566355,0.3623853211009174,0.7533875338753387,0.4678351618051159,0.8602787436383091,0.24642221152787164,0.20976147456791988,0.056670219119953895,0.770924505904534,0.12221623240096913,68.07025,-0.01911039221194588,0.03652460235654387
2021,140,3140,3353,69,66,3,1,0,5,-8.369565217391305,0.9853043964292205,0.8515531532849008,1.0927994907977956,0.829541417512548,0.33263157894736844,0.7311827956989247,0.44901421953457005,0.8512804272304496,0.2962092177599967,0.19604298736766396,0.07482430771726441,0.8183568153738835,0.3638968481375358,0.7664233576642335,0.4689856751531236,0.8818983886481945,0.28129163544281693,0.18009306631250327,0.107557260099403,0.7459169582087176,0.014917582317179767,69.62065217391304,-0.0010933957110084158,-0.061424103460395285
2021,140,3180,3208,53,67,-14,0,0,11,-7.1573426573426575,0.9460649285132984,0.8627829080408826,0.9552605936206694,0.8020347399174212,0.3138173302107728,0.752,0.40344167112228924,0.8970224611190453,0.29908697945536744,0.16727590390549152,0.04567246907502944,0.8226715129670489,0.33512064343163533,0.7423887587822013,0.4423257013599576,0.8269818617847444,0.1906167937625927,0.21877813427676251,0.10619661756037109,0.7780364291239834,0.10847018569277475,70.3860576923077,-0.023163499656712383,0.040215941935077604
2021,140,3231,3433,63,32,31,1,0,-9,12.773913043478261,1.0297402240598905,0.8149075097503008,0.9245868452385263,0.8840635943750617,0.29461756373937675,0.7190265486725664,0.4582716910753363,0.8495926424860106,0.20633083675624314,0.1490754440824452,0.07743410562457051,0.8003525067344051,0.3215077605321508,0.7303370786516854,0.38163285219679155,0.8569915389206545,0.2591694207940256,0.1798422304737588,0.05410514080454748,0.8310932223689881,-0.052838584037782466,71.9879347826087,0.049242294604324,-0.05354514708100944
2021,140,3235,3277,79,75,4,1,0,-3,-0.9464882943143813,1.0315663651419151,0.9620690918513168,1.003431761214251,0.9215533859129647,0.3561643835616438,0.8310185185185185,0.42779664825600044,0.8333755448945073,0.37797683655388525,0.173771418133147,0.05539699717368567,0.8519750712593073,0.3311258278145695,0.672093023255814,0.4475154694787289,0.8357571360447736,0.26233176356404053,0.18666255295208006,0.06795097660638169,0.7695062685768133,0.11564507298984472,74.61714046822743,-0.006770657955216364,-0.041204578083326227
2021,140,3257,3265,74,43,31,1,0,-13,3.313186813186812,1.106074194647379,0.8548010056049485,0.95813262329505,0.7571291630397744,0.35144927536231885,0.7896174863387978,0.46799240690882926,0.9020507373124947,0.30161280447325195,0.16311368723281122,0.07972290004133484,0.8203809341729073,0.3342541436464089,0.6843853820598007,0.41779780810451694,0.8695939958145531,0.2600871906037407,0.1966060856929866,0.05747950527046099,0.8184448091296369,0.04152561386951126,68.79688644688645,0.007054408086940356,0.0024856666628183532
2021,140,3268,3291,98,45,53,1,0,-13,9.136363636363637,1.1912721175213141,0.9196975501529905,1.0048973460661248,0.8503377244821407,0.40665434380776344,0.7895752895752896,0.49393521153595815,0.8874317075850443,0.27033462382675566,0.15614873206074903,0.046856061753861505,0.8335315621978102,0.350844277673546,0.8025078369905956,0.42855242200028276,0.8520556073960068,0.33428601063575025,0.1989060913675935,0.0625613942769674,0.7947336681638177,-0.06395138680899459,74.74890734265733,0.0214409497577282,0.0526269593184272
2021,140,3283,3413,70,51,19,1,0,-7,2.284848484848485,0.9929411424214085,0.8191861091653618,0.9737031473982104,0.8166198674807298,0.2981530343007916,0.7352941176470589,0.42148724127935944,0.8807684974893852,0.24566551346313936,0.1776771191492862,0.06872338943560133,0.748313720052181,0.36562500000000003,0.7601809954751131,0.4331049702172724,0.7968865888497023,0.3192550952082561,0.19480712968454378,0.06025274762165013,0.9074682313883972,-0.07358958174511676,68.73969696969698,-0.03854453468595931,0.014055128114508375
2021,140,3321,3416,62,51,11,1,0,-3,-1.4543478260869565,0.9365766007676224,0.853978107378724,0.8662107236213084,0.7337065004073247,0.2621621621621622,0.6596194503171248,0.40190968084269824,0.8642402696170725,0.22188776027162066,0.1496457941297892,0.07244413747423668,0.7357054616631432,0.3480392156862745,0.6501377410468321,0.4155242261740285,0.7695904731415381,0.15248638283586238,0.25187904243798076,0.05750548407256788,0.7669895684171981,0.06940137743575828,70.15029891304347,-0.04894128189092528,-0.009350359560340582
2021,140,3332,3377,67,47,20,1,0,-5,-2.3933747412008284,1.0297665765411839,0.8679966465958099,1.0629493506748737,0.8472665559458938,0.3552036199095023,0.696969696969697,0.44381170064747283,0.8984662835767733,0.29747821862631507,0.16267612516604482,0.07122000889629806,0.8268151727142911,0.33769063180827885,0.7373271889400921,0.44755100502284223,0.8594973421072305,0.2831854844203291,0.15500699326787745,0.06335163744358464,0.7713383002068186,0.01429273420598598,70.58524844720498,-0.005168876791603549,0.023361084878288918
2021,140,3133,3400,62,81,-19,0,0,5,-2.481481481481482,0.987409491092239,0.9239816502329741,0.9526910267574367,0.8672067759146008,0.34797297297297297,0.7431192660550459,0.42031823594890366,0.8477518818943864,0.31067489172128465,0.17641881221918249,0.08319633835639767,0.834319449320158,0.3212669683257919,0.6987951807228916,0.40591589286349944,0.8752835720161483,0.22667697973596837,0.18582681997066355,0.06362585379323836,0.7394824973902855,0.08399791198531628,71.90092592592592,0.027775224518078123,-0.04862043139542782
2021,140,3401,3407,84,80,4,1,0,-13,3.08,1.0219708721858571,0.8249687515148659,0.9934854459804262,0.8587869155439091,0.3858520900321543,0.7253384912959381,0.4724766822360027,0.7982165194788364,0.17113966746081186,0.1975734300437584,0.0597131288457628,0.8151133024107599,0.32366071428571425,0.7341337907375644,0.4046837294692409,0.8984858599036144,0.21181318554360623,0.1842924034655768,0.05106916030278455,0.8111222616425846,-0.040673518082794374,79.31,0.037840308194393935,-0.057090524122792585
2021,140,3417,3461,69,48,21,1,0,-11,9.374741200828158,1.011073965695137,0.8291752915569585,0.9274268128490787,0.8666889820459717,0.3557692307692307,0.7275,0.40353288498722906,0.8938623719856766,0.278439011301213,0.16270789582882936,0.05006895410616309,0.7679713738683919,0.3326848249027237,0.6896551724137931,0.41221646081911223,0.8522150150836213,0.33597894212180185,0.1654323440679959,0.04311009758359402,0.8348911798153563,-0.057539930820588836,68.89697204968944,-0.00561825434725205,0.08847296330496812
2021,140,3116,3460,62,66,-4,0,0,-9,0.8000000000000007,1.0698376387439135,0.9612667082327471,0.947641682469063,0.8056055107787513,0.391566265060241,0.7351973684210527,0.45172531874967264,0.8162399658489479,0.3189571169793027,0.1313326650077914,0.04473968910215699,0.8207371067748691,0.2647058823529412,0.6058700209643607,0.4062895267372625,0.8906048291701824,0.22323936561979207,0.20774653379289568,0.07170596408333901,0.7691799214910218,0.0957177513595106,72.51372222222223,-0.016498431217674914,-0.0704885137516661
2021,141,3124,3439,90,48,42,1,0,-5,19.02415458937198,1.0696517810004802,0.7191157597439933,1.0028888872851511,0.8877004684699275,0.32517482517482516,0.7156308851224105,0.48422115430108037,0.8658216773856902,0.1390202145798568,0.21325564725195012,0.08224990722702759,0.7664827605562269,0.3629032258064516,0.7536231884057971,0.429423025560749,0.8324291437146425,0.36949925099194597,0.18429703425297123,0.06631383138541111,0.8264329531763148,-0.23047903641208917,74.57874396135266,0.06335651522134744,0.0708079983218769
2021,141,3163,3393,83,47,36,1,0,-7,28.662857142857142,1.114524140242389,0.6909825567673411,0.9560066111827726,0.9298324262240074,0.34764826175869123,0.7123655913978494,0.5152951603969701,0.8556382831477524,0.265829624629287,0.19004439253638825,0.09981471031254129,0.8121458860866088,0.29713114754098363,0.6844660194174756,0.41909081660859243,0.8221864223190656,0.30606027171233385,0.2130149691375375,0.10227449555510727,0.8460964761641,-0.040230647083046855,74.65638095238094,0.07947611350467687,-0.03345501446558263
2021,141,3210,3452,73,56,17,1,0,1,-2.301127214170692,0.9569453891572942,0.8911514608211296,0.981086064110408,0.8955974135529097,0.3175355450236967,0.680722891566265,0.42462753003587866,0.8638276831882102,0.2649699886095309,0.17509819023443987,0.05559897721093417,0.8466872685247919,0.3503325942350333,0.7306930693069307,0.4391033414449953,0.8179779690502864,0.2264768197993508,0.1938335997263733,0.06542654196802054,0.8154510142025343,0.03849316881018011,71.62723429951691,-0.004136150021390006,-0.0028980830997660245
2021,141,3234,3246,86,72,14,1,0,1,-1.1688888888888895,1.1408148361654453,1.041317548039039,1.015856104762542,0.9164943266305425,0.4043887147335423,0.7922077922077922,0.5184524392950051,0.8099531965877159,0.3119211907859482,0.18513562374091735,0.03959250219469829,0.8733018154173955,0.3481624758220503,0.7188328912466844,0.4342710164913485,0.8820164349655789,0.2880073130596943,0.16789590409086433,0.06481725642018726,0.8242393978234024,0.023913877726253918,74.04687037037036,0.022985563193521852,-0.03603104856863837
2021,141,3276,3397,70,55,15,1,0,3,0.6292906178489694,1.0142571537277139,0.8908704280598457,0.9750049330755691,0.8368108501304626,0.29447852760736193,0.7400990099009901,0.4499593304739155,0.820410194697724,0.2324400081416611,0.2058358605021909,0.04324699240764665,0.8344917989207336,0.31764705882352945,0.7032085561497327,0.4418407398357462,0.8574580150098916,0.20025679383896686,0.21841656099280787,0.08526041253783277,0.8329644610448933,0.032183214302694246,73.86275743707094,-0.010924772229801816,-0.014252243909682383
2021,141,3301,3378,79,67,12,1,0,-7,4.4393939393939394,1.0550051143882622,0.846515656919965,0.9584605364480704,0.7879238881694496,0.3579676674364896,0.7465181058495822,0.46773839268769085,0.8525063829700206,0.27013699723005635,0.1690608386764694,0.05016001236887215,0.8744165935865825,0.30343511450381677,0.7195121951219512,0.3710349627174347,0.8708440685371102,0.3656790577481592,0.19333629782092995,0.06758573077805123,0.814150291317073,-0.09554206051810282,70.85879329004328,0.04183568116275105,-0.06770869515550326
2021,141,3333,3376,42,59,-17,0,0,7,-16.147058823529413,1.007475471017029,0.9671884810213096,1.0129024256389867,0.791461309058408,0.4126506024096385,0.7361563517915309,0.4554634962965931,0.7810861894649027,0.27513825140906817,0.19165365703785767,0.07497622989327098,0.9294275946878984,0.336283185840708,0.6707964601769911,0.4394981512006334,0.8686226253727874,0.1728862633592277,0.18299720316422038,0.11065830509191951,0.8385402494654015,0.10225198804984048,73.35726809954751,0.0030692275753602116,-0.06727557372915327
2021,141,3329,3390,62,73,-11,0,0,7,-16.703703703703702,0.9584351114057635,0.8303482711776115,1.105449297172945,0.7432465547182899,0.3441860465116279,0.6709511568123393,0.43338090971825305,0.8651721247671481,0.22223848828262918,0.17307031241757856,0.1117729162919616,0.8325301614161643,0.3690095846645367,0.7194444444444444,0.4665395837773652,0.9130100406766958,0.32688198120818895,0.17229353823775298,0.09781030085698739,0.8129169125063003,-0.10464349292555977,72.51775284900285,-0.037581542388357536,-0.033673897460375524
2021,142,3112,3140,52,46,6,1,0,-8,0.3933747412008284,0.9364377109132911,0.7843502611383061,0.9853043964292205,0.8515531532849008,0.31842105263157894,0.7151335311572701,0.4073405796435245,0.8496714309806438,0.2556444853568986,0.17349728983273444,0.08334347354077963,0.7730215771796798,0.33263157894736844,0.7311827956989247,0.44901421953457005,0.8512804272304496,0.2962092177599967,0.19604298736766396,0.07482430771726441,0.8183568153738835,-0.0405647324030981,70.63017598343686,-0.025743267480852094,-0.028536886818421037
2021,142,3125,3231,48,70,-22,0,0,8,-2.8539130434782614,1.0367238615313064,0.8525562900323176,1.0297402240598905,0.8149075097503008,0.3472,0.6972477064220183,0.4445483307920873,0.8745297497099704,0.36863844392884076,0.19426128827291386,0.05104034749984991,0.7847222008566355,0.29461756373937675,0.7190265486725664,0.4582716910753363,0.8495926424860106,0.20633083675624314,0.1490754440824452,0.07743410562457051,0.8003525067344051,0.16230760717259762,71.1069347826087,-0.012214572152705605,0.09424586860974166
2021,142,3257,3321,62,53,9,1,0,-5,10.18896321070234,1.106074194647379,0.8548010056049485,0.9365766007676224,0.853978107378724,0.35144927536231885,0.7896174863387978,0.46799240690882926,0.9020507373124947,0.30161280447325195,0.16311368723281122,0.07972290004133484,0.8203809341729073,0.2621621621621622,0.6596194503171248,0.40190968084269824,0.8642402696170725,0.22188776027162066,0.1496457941297892,0.07244413747423668,0.7357054616631432,0.07972504420163129,72.0502508361204,0.05403208970854856,0.0076124667062434925
2021,142,3104,3268,64,100,-36,0,0,5,-16.240000000000002,1.035497940646911,0.9644601859378115,1.1912721175213141,0.9196975501529905,0.3565217391304348,0.7546012269938651,0.4366579336922388,0.8221032327262191,0.31826113286127544,0.17707546897734705,0.037880244324254325,0.8780696167475287,0.40665434380776344,0.7895752895752896,0.49393521153595815,0.8874317075850443,0.27033462382675566,0.15614873206074903,0.046856061753861505,0.8335315621978102,0.04792650903451978,74.57338461538461,-0.03747528271833145,-0.05604413038095124
2021,142,3283,3460,64,39,25,1,0,-8,3.618181818181819,0.9929411424214085,0.8191861091653618,0.947641682469063,0.8056055107787513,0.2981530343007916,0.7352941176470589,0.42148724127935944,0.8807684974893852,0.24566551346313936,0.1776771191492862,0.06872338943560133,0.748313720052181,0.2647058823529412,0.6058700209643607,0.4062895267372625,0.8906048291701824,0.22323936561979207,0.20774653379289568,0.07170596408333901,0.7691799214910218,0.02242614784334729,68.76536363636365,-0.010726072576940693,-0.0630670755215278
2021,142,3208,3332,50,57,-7,0,0,-3,-1.0915750915750912,0.9552605936206694,0.8020347399174212,1.0297665765411839,0.8679966465958099,0.33512064343163533,0.7423887587822013,0.4423257013599576,0.8269818617847444,0.1906167937625927,0.21877813427676251,0.10619661756037109,0.7780364291239834,0.3552036199095023,0.696969696969697,0.44381170064747283,0.8984662835767733,0.29747821862631507,0.16267612516604482,0.07122000889629806,0.8268151727142911,-0.10686142486372238,73.16641483516483,0.0016735004158427436,0.009035252377651681
2021,142,3400,3417,71,62,9,1,0,3,-6.735449735449736,0.9526910267574367,0.8672067759146008,1.011073965695137,0.8291752915569585,0.3212669683257919,0.6987951807228916,0.40591589286349944,0.8752835720161483,0.22667697973596837,0.18582681997066355,0.06362585379323836,0.7394824973902855,0.3557692307692307,0.7275,0.40353288498722906,0.8938623719856766,0.278439011301213,0.16270789582882936,0.05006895410616309,0.7679713738683919,-0.05176203156524464,72.1186507936508,-0.018964026425989378,-0.006692329120743912
2021,142,3235,3401,82,84,-2,0,1,5,-8.556923076923077,1.0315663651419151,0.9620690918513168,1.0219708721858571,0.8249687515148659,0.3561643835616438,0.8310185185185185,0.42779664825600044,0.8333755448945073,0.37797683655388525,0.173771418133147,0.05539699717368567,0.8519750712593073,0.3858520900321543,0.7253384912959381,0.4724766822360027,0.7982165194788364,0.17113966746081186,0.1975734300437584,0.0597131288457628,0.8151133024107599,0.2068371690930734,73.92842307692308,-0.04092184463068099,-0.028865241041795664
2021,145,3112,3401,74,59,15,1,0,1,-3.9561904761904767,0.9364377109132911,0.7843502611383061,1.0219708721858571,0.8249687515148659,0.31842105263157894,0.7151335311572701,0.4073405796435245,0.8496714309806438,0.2556444853568986,0.17349728983273444,0.08334347354077963,0.7730215771796798,0.3858520900321543,0.7253384912959381,0.4724766822360027,0.7982165194788364,0.17113966746081186,0.1975734300437584,0.0597131288457628,0.8151133024107599,0.08450481789608674,72.34852380952381,-0.026780762967826444,-0.01548269232606736
2021,145,3124,3276,78,75,3,1,1,-4,16.742690058479532,1.0696517810004802,0.7191157597439933,1.0142571537277139,0.8908704280598457,0.32517482517482516,0.7156308851224105,0.48422115430108037,0.8658216773856902,0.1390202145798568,0.21325564725195012,0.08224990722702759,0.7664827605562269,0.29447852760736193,0.7400990099009901,0.4499593304739155,0.820410194697724,0.2324400081416611,0.2058358605021909,0.04324699240764665,0.8344917989207336,-0.0934197935618043,74.95182748538011,0.053890781180791825,0.025540967147909432
2021,145,3163,3234,92,72,20,1,0,-4,25.40888888888889,1.114524140242389,0.6909825567673411,1.1408148361654453,1.041317548039039,0.34764826175869123,0.7123655913978494,0.5152951603969701,0.8556382831477524,0.265829624629287,0.19004439253638825,0.09981471031254129,0.8121458860866088,0.4043887147335423,0.7922077922077922,0.5184524392950051,0.8099531965877159,0.3119211907859482,0.18513562374091735,0.03959250219469829,0.8733018154173955,-0.04609156615666121,74.89937037037036,0.05662594931912979,-0.0019073314146977882
2021,145,3231,3301,73,70,3,1,0,3,-0.5988142292490117,1.0297402240598905,0.8149075097503008,1.0550051143882622,0.846515656919965,0.29461756373937675,0.7190265486725664,0.4582716910753363,0.8495926424860106,0.20633083675624314,0.1490754440824452,0.07743410562457051,0.8003525067344051,0.3579676674364896,0.7465181058495822,0.46773839268769085,0.8525063829700206,0.27013699723005635,0.1690608386764694,0.05016001236887215,0.8744165935865825,-0.06380616047381321,73.6832756916996,-0.012090443435702203,-0.01694293474917008
2021,146,3257,3332,60,42,18,1,0,-4,4.408424908424907,1.106074194647379,0.8548010056049485,1.0297665765411839,0.8679966465958099,0.35144927536231885,0.7896174863387978,0.46799240690882926,0.9020507373124947,0.30161280447325195,0.16311368723281122,0.07972290004133484,0.8203809341729073,0.3552036199095023,0.696969696969697,0.44381170064747283,0.8984662835767733,0.29747821862631507,0.16267612516604482,0.07122000889629806,0.8268151727142911,0.004134585846936878,70.87843406593407,0.014556093320299057,0.017722947590910865
2021,146,3210,3376,65,76,-11,0,0,4,-13.282608695652174,0.9569453891572942,0.8911514608211296,1.0129024256389867,0.791461309058408,0.3175355450236967,0.680722891566265,0.42462753003587866,0.8638276831882102,0.2649699886095309,0.17509819023443987,0.05559897721093417,0.8466872685247919,0.336283185840708,0.6707964601769911,0.4394981512006334,0.8686226253727874,0.1728862633592277,0.18299720316422038,0.11065830509191951,0.8385402494654015,0.09208372525030323,72.42878344481605,-0.026443408328849505,-0.043395190264964745
2021,146,3283,3390,62,89,-27,0,0,4,-13.885521885521884,0.9929411424214085,0.8191861091653618,1.105449297172945,0.7432465547182899,0.2981530343007916,0.7352941176470589,0.42148724127935944,0.8807684974893852,0.24566551346313936,0.1776771191492862,0.06872338943560133,0.748313720052181,0.3690095846645367,0.7194444444444444,0.4665395837773652,0.9130100406766958,0.32688198120818895,0.17229353823775298,0.09781030085698739,0.8129169125063003,-0.08121646774504959,70.59978956228957,-0.0560693667383223,-0.049757173274745825
2021,146,3268,3400,61,64,-3,0,0,-4,13.925925925925926,1.1912721175213141,0.9196975501529905,0.9526910267574367,0.8672067759146008,0.40665434380776344,0.7895752895752896,0.49393521153595815,0.8874317075850443,0.27033462382675566,0.15614873206074903,0.046856061753861505,0.8335315621978102,0.3212669683257919,0.6987951807228916,0.40591589286349944,0.8752835720161483,0.22667697973596837,0.18582681997066355,0.06362585379323836,0.7394824973902855,0.04365764409078729,74.87510683760684,0.052740709646293904,0.028512378187959708
2021,147,3112,3231,66,53,13,1,0,-1,-4.650103519668738,0.9364377109132911,0.7843502611383061,1.0297402240598905,0.8149075097503008,0.31842105263157894,0.7151335311572701,0.4073405796435245,0.8496714309806438,0.2556444853568986,0.17349728983273444,0.08334347354077963,0.7730215771796798,0.29461756373937675,0.7190265486725664,0.4582716910753363,0.8495926424860106,0.20633083675624314,0.1490754440824452,0.07743410562457051,0.8003525067344051,0.04931364860065546,72.67745859213251,-0.018619384490756286,0.015346416981200095
2021,147,3124,3163,67,69,-2,0,0,1,-4.408888888888889,1.0696517810004802,0.7191157597439933,1.114524140242389,0.6909825567673411,0.32517482517482516,0.7156308851224105,0.48422115430108037,0.8658216773856902,0.1390202145798568,0.21325564725195012,0.08224990722702759,0.7664827605562269,0.34764826175869123,0.7123655913978494,0.5152951603969701,0.8556382831477524,0.265829624629287,0.19004439253638825,0.09981471031254129,0.8121458860866088,-0.1268094100494302,74.91372222222222,-0.010181720652525594,0.03947973762279933
2021,148,3376,3400,62,34,28,1,0,-5,10.425925925925926,1.0129024256389867,0.791461309058408,0.9526910267574367,0.8672067759146008,0.336283185840708,0.6707964601769911,0.4394981512006334,0.8686226253727874,0.1728862633592277,0.18299720316422038,0.11065830509191951,0.8385402494654015,0.3212669683257919,0.6987951807228916,0.40591589286349944,0.8752835720161483,0.22667697973596837,0.18582681997066355,0.06362585379323836,0.7394824973902855,-0.05379071637674068,74.43904914529915,0.04720413125034095,0.006766676058601484
2021,148,3257,3390,63,78,-15,0,0,1,-8.81908831908832,1.106074194647379,0.8548010056049485,1.105449297172945,0.7432465547182899,0.35144927536231885,0.7896174863387978,0.46799240690882926,0.9020507373124947,0.30161280447325195,0.16311368723281122,0.07972290004133484,0.8203809341729073,0.3690095846645367,0.7194444444444444,0.4665395837773652,0.9130100406766958,0.32688198120818895,0.17229353823775298,0.09781030085698739,0.8129169125063003,-0.025269176734937004,70.96150284900284,-0.02470109958386113,0.0024240807699995592
2021,151,3112,3163,69,59,10,1,0,2,-20.996190476190478,0.9364377109132911,0.7843502611383061,1.114524140242389,0.6909825567673411,0.31842105263157894,0.7151335311572701,0.4073405796435245,0.8496714309806438,0.2556444853568986,0.17349728983273444,0.08334347354077963,0.7730215771796798,0.34764826175869123,0.7123655913978494,0.5152951603969701,0.8556382831477524,0.265829624629287,0.19004439253638825,0.09981471031254129,0.8121458860866088,-0.0101851392723884,72.4510238095238,-0.07165900472283315,-0.030635403232304403
2021,151,3376,3390,65,66,-1,0,0,0,-8.203703703703702,1.0129024256389867,0.791461309058408,1.105449297172945,0.7432465547182899,0.336283185840708,0.6707964601769911,0.4394981512006334,0.8686226253727874,0.1728862633592277,0.18299720316422038,0.11065830509191951,0.8385402494654015,0.3690095846645367,0.7194444444444444,0.4665395837773652,0.9130100406766958,0.32688198120818895,0.17229353823775298,0.09781030085698739,0.8129169125063003,-0.15399571784896127,73.31775284900284,-0.033664226951693965,0.008943717772494808
2021,153,3112,3390,53,54,-1,0,0,2,-15.179894179894179,0.9364377109132911,0.7843502611383061,1.105449297172945,0.7432465547182899,0.31842105263157894,0.7151335311572701,0.4073405796435245,0.8496714309806438,0.2556444853568986,0.17349728983273444,0.08334347354077963,0.7730215771796798,0.3690095846645367,0.7194444444444444,0.4665395837773652,0.9130100406766958,0.32688198120818895,0.17229353823775298,0.09781030085698739,0.8129169125063003,-0.07123749585129036,71.02294973544974,-0.04948903651647374,-0.049809804200267926
2022,135,3173,3177,88,57,31,1,0,0,0.7666666666666675,0.9351431258838186,0.787536074372399,1.0634480619543012,0.9539359057815113,0.3384321223709369,0.67816091954023,0.4001448683624825,0.8529232213437703,0.25118104454228246,0.1737500453436703,0.06914881473750696,0.8305269340022085,0.34538653366583544,0.7634854771784232,0.4522220303408261,0.9120067198347365,0.30394264497253054,0.1634213294883182,0.052652054408240265,0.8258490785461358,-0.05276160043024808,76.45463541666666,0.03133948266181408,-0.06413003920134819
2022,135,3224,3230,55,51,4,1,0,0,6.911375661375661,0.8560103223810704,0.817826371982574,0.82250774392645,0.8845152894167021,0.25146198830409355,0.6527999999999999,0.37295741662159093,0.8051223577360693,0.24248987408127426,0.22289773064949744,0.06850397449431068,0.7906171738910225,0.2579908675799087,0.700228832951945,0.37373233402974115,0.8064329986607575,0.23058282501567998,0.2290084259590213,0.05012799142615873,0.7868080276805718,0.011907049065594283,72.60497685185186,0.02345977039117758,0.011475990057167373
2022,136,3255,3291,74,70,4,1,0,0,3.889423076923077,0.9335348366444921,0.8807497260584942,0.905424303500737,0.8850116109453532,0.3104956268221574,0.7509025270758123,0.4203055785149481,0.8111618116208493,0.280790227767054,0.21588906688757314,0.07876775276947413,0.8013185993809001,0.35208711433756806,0.7287234042553191,0.41965114173234913,0.7719586415081747,0.3070454734775313,0.22960423723450654,0.0394239698019211,0.831118942931879,-0.026255245710477326,72.92133413461539,0.004621802874391678,0.05598636501929255
2022,136,3199,3283,50,61,-11,0,0,0,-5.8999999999999995,0.9260140305278789,0.8691459594601485,0.911543377291765,0.7827598136134036,0.31346578366445915,0.7020833333333333,0.43798139435910854,0.8031274666364675,0.21189973744713544,0.21628190662748567,0.07712791816722987,0.8279318535820258,0.267515923566879,0.7431506849315069,0.3733826621813984,0.8774193982495402,0.22093931200277706,0.17714680301048055,0.09237656125826495,0.7443314418837775,-0.00903957455564161,70.99000000000001,0.026125387750221996,-0.0016780188684979436
2022,137,3124,3218,89,49,40,1,0,-13,15.03239289446186,1.0611306963064717,0.8244381684059565,0.9344221167880052,0.8994712830807127,0.35023771790808245,0.7304075235109718,0.46027516946815344,0.839887180021412,0.2635734472310752,0.16999602213147424,0.0667739158597956,0.8099917184127537,0.3333333333333333,0.7054794520547946,0.40890049863419625,0.7715567754764557,0.308064198792148,0.20929360879578,0.05013986021335756,0.8257221667401259,-0.04449075156107285,70.98362068965517,0.03605566422871759,-0.007468761454482498
2022,137,3160,3166,74,84,-10,0,0,-3,-2.845977011494252,0.9348826557431902,0.817766038950322,1.0731125578660545,0.9096802348846149,0.30313588850174217,0.6823308270676691,0.41033652394223863,0.8243597338518618,0.27542569377420156,0.19752881819271959,0.06641017509793562,0.7749576051774686,0.3683559950556242,0.7267441860465117,0.4594550977065213,0.8742391172058581,0.4006477026664292,0.17791984561453905,0.050306987446879725,0.8209617002312772,-0.12522200889222762,69.8817816091954,-0.006230124924010205,0.01877872513455192
2022,137,3195,3439,84,81,3,1,0,7,4.660714285714285,1.0477311223100545,0.8103828144510582,1.0221547140010911,0.826638157104256,0.331945889698231,0.6469248291571753,0.438835520055813,0.859017098058233,0.47257210994893867,0.14290263120587982,0.060189827030349266,0.7628548543906543,0.3632760898282695,0.7588235294117647,0.4416145366791507,0.819417541760674,0.3439875911221022,0.18152333016573027,0.06090114180933598,0.8525856708109426,0.12858451882683647,71.02220982142858,-0.027297465467441273,-0.031169048656298548
2022,137,3173,3208,54,70,-16,0,0,5,0.6287356321839095,0.9351431258838186,0.787536074372399,0.9418262423709305,0.8054134468994014,0.3384321223709369,0.67816091954023,0.4001448683624825,0.8529232213437703,0.25118104454228246,0.1737500453436703,0.06914881473750696,0.8305269340022085,0.31309904153354634,0.7360178970917226,0.4342107840196665,0.8540656645370934,0.14613962888743026,0.2081307008863897,0.10508120691230512,0.7969310089610491,0.1050414156548522,71.84787356321839,-0.0035987720692908787,-0.045870496814406914
2022,137,3211,3304,68,55,13,1,0,1,-0.78125,1.0275604456602332,0.8261040463300928,1.0479273264503148,0.8559932202398569,0.35392320534223703,0.7721280602636534,0.4333572494170694,0.8575424701295796,0.2774872620937491,0.20856613888851427,0.07018252799028131,0.8284903674323393,0.3557312252964427,0.7214532871972318,0.4499389291578927,0.8495737534200909,0.31741868135748696,0.1835947085572363,0.062180303660636975,0.8120902731042612,-0.03993141926373789,71.074609375,-0.0022301145016679347,0.040269794528568936
2022,137,3229,3234,58,98,-40,0,0,13,-12.698924731182796,0.9607565871864071,0.9320391641523961,1.090201316819982,0.9164041498748079,0.34341252699784014,0.7546816479400749,0.44076731886324033,0.7872723079340069,0.22276317109716826,0.19347438722758767,0.0551156729044431,0.8404817800751859,0.35143769968051114,0.8410351201478742,0.5048442258029453,0.7927372933420463,0.26831339421491396,0.18643891116141903,0.04833204972280798,0.8581137227126855,-0.0455502231177457,72.19662634408601,-0.037425571405214464,-0.009980671940247599
2022,137,3235,3426,78,71,7,1,0,-11,9.199074074074074,1.058784206770713,0.8901733678757215,0.9382872917904138,0.8853203113555941,0.3894736842105263,0.8259187620889749,0.4354182078466042,0.8364200171930795,0.3667132876801307,0.17088084452811816,0.05907708449271595,0.8779157637799514,0.27648578811369506,0.6950354609929078,0.42897208948158316,0.8068269687322027,0.1917123544016818,0.18364368413505958,0.05559210206729336,0.8520426790896197,0.17500093327844887,73.54069733796297,0.007885131136559143,-0.036154051788796604
2022,137,3210,3242,58,77,-19,0,0,1,1.885428253615129,0.91107168831756,0.7739310927882899,0.9328975578916615,0.8355616026529478,0.312043795620438,0.6613995485327313,0.40550587529296755,0.847933150613747,0.26435339697255006,0.19908054338947018,0.0781922256043911,0.8326793385820386,0.3360995850622407,0.7545304777594728,0.4366022090181723,0.7523071653575083,0.21497343373008151,0.2205721004681182,0.08855108376592519,0.8364606679514425,0.049379963242468544,72.26774193548387,-0.0112265267536652,0.003035273372641867
2022,137,3107,3257,51,83,-32,0,0,15,-9.783092324805338,0.8937949743504019,0.7824044678465449,1.0177157978662814,0.7785465161239635,0.33027522935779813,0.6479591836734694,0.41064835245022013,0.8193618413523017,0.2797929838554523,0.24462175102602238,0.06955958685611241,0.8133354632586535,0.36550308008213556,0.7207446808510639,0.45547993011836135,0.8740718247173678,0.2364941230781175,0.1998738298055471,0.08343770069485115,0.7553116422086006,0.0432988607773348,66.99299221357063,-0.024464814357806564,0.01102040359274925
2022,137,3174,3268,71,102,-31,0,0,9,-2.7367816091954023,0.9604136221952632,0.8554983598403288,1.0474500750136786,0.9142011606528382,0.29411764705882354,0.7085427135678393,0.39197634290382855,0.9061442009948913,0.21446645222835403,0.17834509406884635,0.06076608625744668,0.8257067015701441,0.35714285714285715,0.7537593984962406,0.43267459426338745,0.8871931005694386,0.2526585499155892,0.17227473041381283,0.05450937500503361,0.8062751864321861,-0.038192097687235194,74.48027298850573,-0.0008178842557480803,-0.0033565565076070225
2022,137,3274,3378,78,66,12,1,0,-1,-4.15625,0.8688361537346062,0.8264804931796874,0.9071535546594169,0.8123922220770619,0.30141287284144425,0.6891304347826087,0.39949285780783517,0.8081264100080245,0.28174475747183503,0.22861683579336073,0.05896085899124209,0.7823704124353912,0.29553264604810997,0.722007722007722,0.38392378251670495,0.8559270205868336,0.2719359013693574,0.20075423620194546,0.06185102441046959,0.827556469420611,0.009808856102477614,68.71171875,-0.0018878948621355862,-0.013014566919295034
2022,137,3224,3376,21,79,-58,0,0,15,-16.22004608294931,0.8560103223810704,0.817826371982574,1.0162730685620538,0.7276612633999529,0.25146198830409355,0.6527999999999999,0.37295741662159093,0.8051223577360693,0.24248987408127426,0.22289773064949744,0.06850397449431068,0.7906171738910225,0.3162393162393162,0.6710963455149502,0.43801674898849213,0.8767274220852317,0.21690288306316874,0.19806597385746516,0.12914245711634906,0.8492895212764474,0.02558699101810552,73.05110887096774,-0.04405649097371095,-0.0011892237757523683
2022,137,3279,3377,61,75,-14,0,0,-3,-4.32258064516129,0.9382208948061,0.7953319381931165,1.0095400381914221,0.785058832635376,0.2696629213483146,0.668384879725086,0.4223398582062057,0.8549811947192042,0.16102609950184021,0.19068985400988703,0.084042750563368,0.7517187431927991,0.3282312925170068,0.7404921700223713,0.4387752996089878,0.8694269940144715,0.27605126975323246,0.15428660016343046,0.06609149312135877,0.7585316920803761,-0.11502517025139225,70.10927419354839,-0.01809893618675862,0.04448132801996185
2022,137,3286,3390,37,78,-41,0,0,15,-14.903225806451612,0.968447530471675,0.9414869014913557,1.0478646675934271,0.8047427437054412,0.3130081300813008,0.773109243697479,0.38596770595705904,0.8668535949559124,0.31984210482129727,0.15886604006882837,0.034758799355661854,0.8012279446154994,0.353870458135861,0.680473372781065,0.4510464894550359,0.8812222600235211,0.29248709428676056,0.1750789743755436,0.10367047651731166,0.8159744511591086,0.027355010534536706,71.13647933467742,-0.06497676309515499,-0.01231436698326327
2022,137,3193,3400,52,70,-18,0,0,13,-7.452620967741936,0.9742982056363266,0.8379903081828035,0.9893424241235688,0.7919749178695503,0.34386617100371747,0.7511961722488038,0.4240865327204032,0.862740677484474,0.2609456253811919,0.16206445919998091,0.0452136538650983,0.8244618981692176,0.3579676674364896,0.6992248062015504,0.43306811042237847,0.8453002016395609,0.18346117630822936,0.18737010445754732,0.07156960795751387,0.7054480655001578,0.07748444907296256,70.23448840725807,-0.0021182271042509693,-0.0460548480998374
2022,137,3116,3428,69,92,-23,0,0,3,-0.12903225806451601,0.9805599467892055,0.8852884536683999,1.0508792816557313,0.9298065072762423,0.3231552162849873,0.6730462519936204,0.4114083432879115,0.8429809746639397,0.3387728842143165,0.14488850064480793,0.08091874512022737,0.8272256928362309,0.3527272727272727,0.7820069204152249,0.43046408911763173,0.8320518138375876,0.3675101165410047,0.19279443947584993,0.04589327766331661,0.8214663394520479,-0.028737232326688178,73.76411290322581,0.003442683695064286,-0.03378936444313646
2022,138,3112,3424,72,67,5,1,0,-9,-0.05671296296296369,0.9868372078282035,0.8279275924893831,1.03112081836397,0.8797165576952692,0.34072580645161293,0.7076566125290022,0.4343449459777314,0.8451128231133761,0.2675281241376555,0.1754474192860453,0.07671264382657782,0.7367940353444303,0.3578767123287671,0.7400662251655629,0.4536000925529577,0.8308014137210643,0.24998603278247727,0.18686618207715422,0.03221483286106121,0.8439256318330113,0.017542091355178202,70.96730324074073,-0.005044600933706178,0.002004822152225083
2022,138,3125,3332,73,70,3,1,2,7,4.165517241379309,1.0224977818024175,0.8206176882344692,0.9943580206779264,0.8582414871481633,0.3284182305630027,0.69377990430622,0.435668692738653,0.8635573180641567,0.3810762855371826,0.18169456574273846,0.07899216993814193,0.801819525836801,0.33739130434782605,0.7137014314928425,0.4347073552319381,0.8526035536053388,0.2698748799740894,0.1783019793969484,0.06847907796010043,0.8207315759963565,0.11120140556309321,69.47728448275862,-0.004132716494073929,0.013186283335078763
2022,138,3163,3273,83,38,45,1,0,-13,11.255172413793105,1.0563388266558031,0.7729440624073749,0.9290241557455095,0.7829055158903427,0.34146341463414637,0.6968911917098446,0.49134133051287604,0.8483743651547734,0.29031693217874555,0.19199387264931203,0.08200457822292963,0.8222459216002745,0.36624203821656054,0.6948775055679287,0.4243901865068879,0.8481937935217663,0.1557863689705744,0.18219569040560232,0.07343734787306476,0.8097873714386689,0.13453056320817114,70.61747126436782,0.0344708501649762,-0.02549314902168276
2022,138,3150,3231,51,85,-34,0,0,11,-4.416129032258065,0.9002807129302943,0.829756102283573,0.9864136519817244,0.8537002468368632,0.29050279329608936,0.7256944444444444,0.392766207942142,0.8116084999650575,0.24585624098565934,0.19582680973738759,0.0777473819633196,0.8479523011256743,0.33111111111111113,0.7495462794918331,0.4527968039886369,0.80973247312835,0.20616759145898003,0.17542440912646254,0.05719080330928993,0.8258885303489188,0.039688649526679304,71.89219086021505,-0.006453759636441181,0.04886988852210378
2022,138,3243,3450,50,40,10,1,0,1,6.102335928809789,0.9249913405587967,0.8333800111767495,0.8897899729688893,0.8863196556311761,0.2864321608040201,0.7553398058252427,0.4131173941016619,0.8210902682564539,0.2678273510679795,0.18403651938199264,0.09102788100597296,0.7993263488015444,0.3216,0.7159420289855073,0.39235474517487745,0.8541933053267752,0.316850903371255,0.19712821824374147,0.07495565144843885,0.8205607191648252,-0.049023552303275486,70.31048387096774,0.019732238704534055,-0.03702383611382004
2022,138,3238,3261,77,83,-6,0,0,11,4.524137931034485,1.0255098825888302,0.8014767885033101,0.9897347519848435,0.8114235884546872,0.29975429975429974,0.6892265193370166,0.4462949227833951,0.8407993163170457,0.18202481423173567,0.19641641338726806,0.07733537712175066,0.8229251020466698,0.32362459546925565,0.6599326599326599,0.44749555179496014,0.8606369728718807,0.13805142987778143,0.17458175309424862,0.06485745052259893,0.8037765446251246,0.04397338435395423,76.09387931034483,0.012110233600307663,0.05121335526274118
2022,138,3110,3276,39,74,-35,0,0,11,-7.178571428571429,0.8794186279123357,0.8264500786670536,1.0120260139571167,0.8569008048059116,0.2735042735042735,0.7118279569892473,0.42568395323866715,0.7865885695552993,0.2221737831287361,0.21442961043912623,0.043414999325044196,0.8017684344084324,0.319047619047619,0.7548845470692718,0.45534716097755634,0.8099992633867422,0.20700909786729776,0.21251461815815467,0.04532707877122726,0.8128033539943786,0.015164685261438327,70.4617943548387,-0.01694498326591748,-0.04515944348373968
2022,138,3255,3301,68,96,-28,0,0,15,-15.03125,0.9335348366444921,0.8807497260584942,1.0682207973740308,0.8004705205115543,0.3104956268221574,0.7509025270758123,0.4203055785149481,0.8111618116208493,0.280790227767054,0.21588906688757314,0.07876775276947413,0.8013185993809001,0.36858475894245724,0.7555066079295154,0.46417104119032127,0.8769897105743091,0.2809382078856588,0.16921079482651277,0.05044565731347389,0.8523632848655693,-0.00014798011860484017,73.95,-0.04206908033523127,0.04834257987285584
2022,138,3314,3372,79,66,13,1,0,-7,1.8114942528735618,0.9642548087001422,0.7454986571030153,0.9792353082266366,0.7572003671495662,0.31086142322097376,0.7077464788732395,0.40681196429437344,0.869144649270128,0.24219289483871376,0.1708625100406969,0.06118700907581092,0.7929519796536824,0.32334384858044163,0.6970198675496689,0.4413948752148453,0.7937537952465686,0.2877584187408811,0.2065831039961761,0.07586120554244302,0.749701783420031,-0.04556552390216734,75.13224137931036,-0.011549149089089328,-0.02181826622991967
2022,138,3269,3323,78,89,-11,0,0,7,0.38333333333333286,1.0127726294932538,0.8608103923475563,0.9779977512177845,0.834867201468233,0.3260135135135135,0.6796116504854369,0.4405745605687771,0.880220040154205,0.26346995137535445,0.1844404475071712,0.04524361987526893,0.8240301477904689,0.31939163498098855,0.7130242825607065,0.4464434723837891,0.8495552128884446,0.23626497051454354,0.19279176018208108,0.08556725752824203,0.8289054613271817,0.027204980860810912,72.705390625,-0.00295254353878166,0.028813094278383522
2022,138,3283,3326,56,63,-7,0,0,5,-3.208045977011494,0.911543377291765,0.7827598136134036,1.0358057520286608,0.8676635625248829,0.267515923566879,0.7431506849315069,0.3733826621813984,0.8774193982495402,0.22093931200277706,0.17714680301048055,0.09237656125826495,0.7443314418837775,0.3777089783281734,0.731610337972167,0.46062041387940406,0.8301431565595191,0.29225658878219934,0.17259248494865248,0.05806673345940566,0.7893986629128447,-0.07131727677942229,73.57491379310346,-0.025428820481948722,0.03807574299905203
2022,138,3237,3328,72,78,-6,0,0,9,7.46875,1.0247402932371745,0.8115110427251316,0.9810641234199093,0.9126825252412821,0.36617405582922824,0.7443609022556391,0.46242361856543157,0.8224676581928082,0.31561149226002844,0.21126749743166787,0.05040243249549104,0.8474671129677919,0.3499420625724218,0.7640791476407914,0.4426393912620796,0.7776403959923971,0.3177242399225538,0.21949155746932927,0.04314032078709096,0.8150111052544416,-0.0021127476625253383,76.90786830357143,0.021737913028777367,-0.02035452355023515
2022,138,3246,3343,62,69,-7,0,0,-5,-10.848148148148146,0.9759556447336326,0.8945729526024403,0.9797439195021185,0.7256837929700407,0.3365019011406844,0.6967213114754099,0.4326606922651652,0.8575448577332893,0.2369901958850798,0.1811828401011821,0.09254014320860916,0.8368766683920938,0.3461538461538461,0.7480719794344474,0.4141422620396434,0.8899822559336373,0.2603747405699305,0.18287289518319266,0.0491559613113894,0.744967650623834,-0.023384544684850683,72.26472222222222,-0.020596956952985024,0.010300061405144278
2022,138,3138,3397,67,80,-13,0,0,9,0.10654936461387976,1.007026212617532,0.867326366134135,0.9215598170539675,0.8053288768323078,0.32409012131715775,0.7309562398703404,0.43254397382508886,0.8718585812508656,0.23143931431088915,0.1784143471188177,0.061769448594814966,0.8431462307696475,0.30357142857142855,0.640650406504065,0.4158498342902233,0.8382075202343812,0.19006390026507758,0.21974573341728731,0.09050977156989726,0.8590842674835973,0.041375414045811576,75.71234115347019,-0.014633990637580085,0.013108421837008222
2022,138,3196,3416,52,69,-17,0,0,3,-9.3110599078341,0.8953079256304488,0.844446743474782,0.9208949560387703,0.7199925006786182,0.3131868131868132,0.7365384615384616,0.4101928426234451,0.8111484937220806,0.22948812469848237,0.2135543736495546,0.05721334101850499,0.7810037679628752,0.31612903225806455,0.7155756207674944,0.4152611932609231,0.8432656962842264,0.16632393979709997,0.22233756758011053,0.0679275807700677,0.7758852747224865,0.0631641849013824,71.49606854838709,-0.03315564701832069,-0.05122341407750186
2022,138,3140,3437,57,61,-4,0,0,-5,14.908787541713012,1.075571409610835,0.8054184816139448,0.9491891476252002,0.877110295803498,0.33018867924528306,0.7555012224938875,0.46935745888129377,0.8855107572110361,0.3014299475320219,0.17258796034207904,0.08303695318989648,0.7931497634441628,0.31207598371777473,0.7662037037037037,0.4050363817999688,0.8482730191841407,0.345274907086911,0.17820619872260343,0.06589623333467977,0.8076049551025265,-0.043844959554889096,70.79217185761958,0.05858983856718547,0.06554165314145372
2022,139,3166,3234,64,62,2,1,0,8,-2.2873563218390807,1.0731125578660545,0.9096802348846149,1.090201316819982,0.9164041498748079,0.3683559950556242,0.7267441860465117,0.4594550977065213,0.8742391172058581,0.4006477026664292,0.17791984561453905,0.050306987446879725,0.8209617002312772,0.35143769968051114,0.8410351201478742,0.5048442258029453,0.7927372933420463,0.26831339421491396,0.18643891116141903,0.04833204972280798,0.8581137227126855,0.13233430845151523,73.68636494252874,-0.03430639665010082,0.007881006987767725
2022,139,3208,3235,44,67,-23,0,0,3,-2.987068965517242,0.9418262423709305,0.8054134468994014,1.058784206770713,0.8901733678757215,0.31309904153354634,0.7360178970917226,0.4342107840196665,0.8540656645370934,0.14613962888743026,0.2081307008863897,0.10508120691230512,0.7969310089610491,0.3894736842105263,0.8259187620889749,0.4354182078466042,0.8364200171930795,0.3667132876801307,0.17088084452811816,0.05907708449271595,0.8779157637799514,-0.2205736587927004,73.02644127155172,0.0060984846246252555,0.054881890382256326
2022,139,3211,3257,59,68,-9,0,0,8,-3.575431034482758,1.0275604456602332,0.8261040463300928,1.0177157978662814,0.7785465161239635,0.35392320534223703,0.7721280602636534,0.4333572494170694,0.8575424701295796,0.2774872620937491,0.20856613888851427,0.07018252799028131,0.8284903674323393,0.36550308008213556,0.7207446808510639,0.45547993011836135,0.8740718247173678,0.2364941230781175,0.1998738298055471,0.08343770069485115,0.7553116422086006,0.04099313901563156,69.05426993534482,-0.015355067685076662,0.0160487497296109
2022,139,3195,3268,65,89,-24,0,0,8,6.432266009852215,1.0477311223100545,0.8103828144510582,1.0474500750136786,0.9142011606528382,0.331945889698231,0.6469248291571753,0.438835520055813,0.859017098058233,0.47257210994893867,0.14290263120587982,0.060189827030349266,0.7628548543906543,0.35714285714285715,0.7537593984962406,0.43267459426338745,0.8871931005694386,0.2526585499155892,0.17227473041381283,0.05450937500503361,0.8062751864321861,0.21991356003334944,73.85149322660098,0.010055518127046303,-0.10977678674827068
2022,139,3274,3376,33,49,-16,0,0,7,-16.831653225806452,0.8688361537346062,0.8264804931796874,1.0162730685620538,0.7276612633999529,0.30141287284144425,0.6891304347826087,0.39949285780783517,0.8081264100080245,0.28174475747183503,0.22861683579336073,0.05896085899124209,0.7823704124353912,0.3162393162393162,0.6710963455149502,0.43801674898849213,0.8767274220852317,0.21690288306316874,0.19806597385746516,0.12914245711634906,0.8492895212764474,0.06484187440866629,70.41829637096774,-0.044612775268363214,-0.030845277498529167
2022,139,3124,3377,47,61,-14,0,0,-8,1.0312805474095796,1.0611306963064717,0.8244381684059565,1.0095400381914221,0.785058832635376,0.35023771790808245,0.7304075235109718,0.46027516946815344,0.839887180021412,0.2635734472310752,0.16999602213147424,0.0667739158597956,0.8099917184127537,0.3282312925170068,0.7404921700223713,0.4387752996089878,0.8694269940144715,0.27605126975323246,0.15428660016343046,0.06609149312135877,0.7585316920803761,-0.01247782252215729,70.76895161290324,0.010134381980230311,0.011110722873070467
2022,139,3242,3390,65,91,-26,0,0,7,-9.627363737486096,0.9328975578916615,0.8355616026529478,1.0478646675934271,0.8047427437054412,0.3360995850622407,0.7545304777594728,0.4366022090181723,0.7523071653575083,0.21497343373008151,0.2205721004681182,0.08855108376592519,0.8364606679514425,0.353870458135861,0.680473372781065,0.4510464894550359,0.8812222600235211,0.29248709428676056,0.1750789743755436,0.10367047651731166,0.8159744511591086,-0.07751366055667905,73.85483870967741,-0.012176182179120976,-0.043002150408324114
2022,139,3400,3428,78,56,22,1,0,-5,7.807459677419354,0.9893424241235688,0.7919749178695503,1.0508792816557313,0.9298065072762423,0.3579676674364896,0.6992248062015504,0.43306811042237847,0.8453002016395609,0.18346117630822936,0.18737010445754732,0.07156960795751387,0.7054480655001578,0.3527272727272727,0.7820069204152249,0.43046408911763173,0.8320518138375876,0.3675101165410047,0.19279443947584993,0.04589327766331661,0.8214663394520479,-0.18404894023277532,72.86352066532258,0.016454747360894195,0.008853898823655393
2022,140,3163,3416,52,47,5,1,0,-5,7.385714285714288,1.0563388266558031,0.7729440624073749,0.9208949560387703,0.7199925006786182,0.34146341463414637,0.6968911917098446,0.49134133051287604,0.8483743651547734,0.29031693217874555,0.19199387264931203,0.08200457822292963,0.8222459216002745,0.31612903225806455,0.7155756207674944,0.4152611932609231,0.8432656962842264,0.16632393979709997,0.22233756758011053,0.0679275807700677,0.7758852747224865,0.12399299238164557,68.62770833333333,0.0300663167143701,-0.06252461405914578
2022,140,3231,3343,56,55,1,1,0,-8,-7.914814814814813,0.9864136519817244,0.8537002468368632,0.9797439195021185,0.7256837929700407,0.33111111111111113,0.7495462794918331,0.4527968039886369,0.80973247312835,0.20616759145898003,0.17542440912646254,0.05719080330928993,0.8258885303489188,0.3461538461538461,0.7480719794344474,0.4141422620396434,0.8899822559336373,0.2603747405699305,0.18287289518319266,0.0491559613113894,0.744967650623834,-0.05420714911095045,71.54680555555555,-0.007995003675833279,-0.05560382279233833
2022,140,3276,3437,64,49,15,1,0,-8,6.501152073732719,1.0120260139571167,0.8569008048059116,0.9491891476252002,0.877110295803498,0.319047619047619,0.7548845470692718,0.45534716097755634,0.8099992633867422,0.20700909786729776,0.21251461815815467,0.04532707877122726,0.8128033539943786,0.31207598371777473,0.7662037037037037,0.4050363817999688,0.8482730191841407,0.345274907086911,0.17820619872260343,0.06589623333467977,0.8076049551025265,-0.13826580921961323,70.85413306451613,0.03578770886784732,0.06261407924241136
2022,140,3243,3301,57,89,-32,0,0,8,-12.827620967741936,0.9249913405587967,0.8333800111767495,1.0682207973740308,0.8004705205115543,0.2864321608040201,0.7553398058252427,0.4131173941016619,0.8210902682564539,0.2678273510679795,0.18403651938199264,0.09102788100597296,0.7993263488015444,0.36858475894245724,0.7555066079295154,0.46417104119032127,0.8769897105743091,0.2809382078856588,0.16921079482651277,0.05044565731347389,0.8523632848655693,-0.013110856817679317,71.83626512096774,-0.035995557322445526,-0.032968157632672246
2022,140,3112,3314,45,63,-18,0,0,-1,-7.3077905491698605,0.9868372078282035,0.8279275924893831,0.9642548087001422,0.7454986571030153,0.34072580645161293,0.7076566125290022,0.4343449459777314,0.8451128231133761,0.2675281241376555,0.1754474192860453,0.07671264382657782,0.7367940353444303,0.31086142322097376,0.7077464788732395,0.40681196429437344,0.869144649270128,0.24219289483871376,0.1708625100406969,0.06118700907581092,0.7929519796536824,0.02533522929894172,72.44548212005108,-0.005393804242848854,-0.01636149972889478
2022,140,3323,3328,108,64,44,1,0,1,3.085416666666667,0.9779977512177845,0.834867201468233,0.9810641234199093,0.9126825252412821,0.31939163498098855,0.7130242825607065,0.4464434723837891,0.8495552128884446,0.23626497051454354,0.19279176018208108,0.08556725752824203,0.8289054613271817,0.3499420625724218,0.7640791476407914,0.4426393912620796,0.7776403959923971,0.3177242399225538,0.21949155746932927,0.04314032078709096,0.8150111052544416,-0.08145926940801024,79.80617187499999,0.010311581867550601,-0.006002875415071829
2022,140,3261,3326,64,79,-15,0,0,-3,-0.04137931034482811,0.9897347519848435,0.8114235884546872,1.0358057520286608,0.8676635625248829,0.32362459546925565,0.6599326599326599,0.44749555179496014,0.8606369728718807,0.13805142987778143,0.17458175309424862,0.06485745052259893,0.8037765446251246,0.3777089783281734,0.731610337972167,0.46062041387940406,0.8301431565595191,0.29225658878219934,0.17259248494865248,0.05806673345940566,0.7893986629128447,-0.1542051589044179,75.38741379310346,0.010079518372158258,0.03484227724384592
2022,140,3125,3397,67,70,-3,0,0,8,4.223581757508342,1.0224977818024175,0.8206176882344692,0.9215598170539675,0.8053288768323078,0.3284182305630027,0.69377990430622,0.435668692738653,0.8635573180641567,0.3810762855371826,0.18169456574273846,0.07899216993814193,0.801819525836801,0.30357142857142855,0.640650406504065,0.4158498342902233,0.8382075202343812,0.19006390026507758,0.21974573341728731,0.09050977156989726,0.8590842674835973,0.191012385272105,71.85966351501668,-0.007639762554806306,-0.015126653410443835
2022,144,3166,3235,76,68,8,1,0,7,-1.7456896551724146,1.0731125578660545,0.9096802348846149,1.058784206770713,0.8901733678757215,0.3683559950556242,0.7267441860465117,0.4594550977065213,0.8742391172058581,0.4006477026664292,0.17791984561453905,0.050306987446879725,0.8209617002312772,0.3894736842105263,0.8259187620889749,0.4354182078466042,0.8364200171930795,0.3667132876801307,0.17088084452811816,0.05907708449271595,0.8779157637799514,0.03393441498629851,71.13118265086206,-0.0003452478959844463,0.019369544252294313
2022,144,3314,3376,61,69,-8,0,0,4,-1.2680756395995552,0.9642548087001422,0.7454986571030153,1.0162730685620538,0.7276612633999529,0.31086142322097376,0.7077464788732395,0.40681196429437344,0.869144649270128,0.24219289483871376,0.1708625100406969,0.06118700907581092,0.7929519796536824,0.3162393162393162,0.6710963455149502,0.43801674898849213,0.8767274220852317,0.21690288306316874,0.19806597385746516,0.12914245711634906,0.8492895212764474,0.025290011775545018,73.27772525027808,-0.02481131455764829,-0.03388335511613172
2022,144,3268,3390,66,72,-6,0,0,3,-5.799777530589543,1.0474500750136786,0.9142011606528382,1.0478646675934271,0.8047427437054412,0.35714285714285715,0.7537593984962406,0.43267459426338745,0.8871931005694386,0.2526585499155892,0.17227473041381283,0.05450937500503361,0.8062751864321861,0.353870458135861,0.680473372781065,0.4510464894550359,0.8812222600235211,0.29248709428676056,0.1750789743755436,0.10367047651731166,0.8159744511591086,-0.03982854437117134,72.41302836484982,-0.04696780926065014,0.027251002151465586
2022,144,3326,3400,63,66,-3,0,0,4,-2.7273706896551726,1.0358057520286608,0.8676635625248829,0.9893424241235688,0.7919749178695503,0.3777089783281734,0.731610337972167,0.46062041387940406,0.8301431565595191,0.29225658878219934,0.17259248494865248,0.05806673345940566,0.7893986629128447,0.3579676674364896,0.6992248062015504,0.43306811042237847,0.8453002016395609,0.18346117630822936,0.18737010445754732,0.07156960795751387,0.7054480655001578,0.10879541247396998,74.77827316810345,0.004173994207338216,-0.0601134638005133
2022,145,3163,3231,75,58,17,1,0,-1,10.700000000000001,1.0563388266558031,0.7729440624073749,0.9864136519817244,0.8537002468368632,0.34146341463414637,0.6968911917098446,0.49134133051287604,0.8483743651547734,0.29031693217874555,0.19199387264931203,0.08200457822292963,0.8222459216002745,0.33111111111111113,0.7495462794918331,0.4527968039886369,0.80973247312835,0.20616759145898003,0.17542440912646254,0.05719080330928993,0.8258885303489188,0.08414934071976551,71.90125,0.04523456073801024,0.02846900323529722
2022,145,3257,3397,76,64,12,1,0,-3,7.39599555061179,1.0177157978662814,0.7785465161239635,0.9215598170539675,0.8053288768323078,0.36550308008213556,0.7207446808510639,0.45547993011836135,0.8740718247173678,0.2364941230781175,0.1998738298055471,0.08343770069485115,0.7553116422086006,0.30357142857142855,0.640650406504065,0.4158498342902233,0.8382075202343812,0.19006390026507758,0.21974573341728731,0.09050977156989726,0.8590842674835973,0.046430222813039934,73.39500834260289,0.008197389310538705,-0.010147695879545893
2022,145,3276,3377,52,49,3,1,0,-7,-4.305299539170507,1.0120260139571167,0.8569008048059116,1.0095400381914221,0.785058832635376,0.319047619047619,0.7548845470692718,0.45534716097755634,0.8099992633867422,0.20700909786729776,0.21251461815815467,0.04532707877122726,0.8128033539943786,0.3282312925170068,0.7404921700223713,0.4387752996089878,0.8694269940144715,0.27605126975323246,0.15428660016343046,0.06609149312135877,0.7585316920803761,-0.0690421718859347,70.56582661290322,-0.005178168825236473,0.04964801987029166
2022,145,3301,3323,66,63,3,1,0,-4,8.977083333333333,1.0682207973740308,0.8004705205115543,0.9779977512177845,0.834867201468233,0.36858475894245724,0.7555066079295154,0.46417104119032127,0.8769897105743091,0.2809382078856588,0.16921079482651277,0.05044565731347389,0.8523632848655693,0.31939163498098855,0.7130242825607065,0.4464434723837891,0.8495552128884446,0.23626497051454354,0.19279176018208108,0.08556725752824203,0.8289054613271817,0.04467323737111528,73.04953125,0.025424307296145032,-0.003376912696960499
2022,146,3166,3376,50,80,-30,0,0,9,-8.233592880978867,1.0731125578660545,0.9096802348846149,1.0162730685620538,0.7276612633999529,0.3683559950556242,0.7267441860465117,0.4594550977065213,0.8742391172058581,0.4006477026664292,0.17791984561453905,0.050306987446879725,0.8209617002312772,0.3162393162393162,0.6710963455149502,0.43801674898849213,0.8767274220852317,0.21690288306316874,0.19806597385746516,0.12914245711634906,0.8492895212764474,0.18374481960326045,70.06393214682981,-0.03229453200041027,-0.056433216482345894
2022,146,3390,3400,59,50,9,1,0,-1,0.9344758064516121,1.0478646675934271,0.8047427437054412,0.9893424241235688,0.7919749178695503,0.353870458135861,0.680473372781065,0.4510464894550359,0.8812222600235211,0.29248709428676056,0.1750789743755436,0.10367047651731166,0.8159744511591086,0.3579676674364896,0.6992248062015504,0.43306811042237847,0.8453002016395609,0.18346117630822936,0.18737010445754732,0.07156960795751387,0.7054480655001578,0.1090259179785312,71.83569808467742,0.02610769369483662,-0.0064714615723803215
2022,147,3163,3301,91,87,4,1,2,1,1.2562500000000014,1.0563388266558031,0.7729440624073749,1.0682207973740308,0.8004705205115543,0.34146341463414637,0.6968911917098446,0.49134133051287604,0.8483743651547734,0.29031693217874555,0.19199387264931203,0.08200457822292963,0.8222459216002745,0.36858475894245724,0.7555066079295154,0.46417104119032127,0.8769897105743091,0.2809382078856588,0.16921079482651277,0.05044565731347389,0.8523632848655693,0.009378724293086727,71.11911458333333,0.016165464033178867,-0.004821367151261691
2022,147,3257,3276,62,50,12,1,0,-2,5.959359605911329,1.0177157978662814,0.7785465161239635,1.0120260139571167,0.8569008048059116,0.36550308008213556,0.7207446808510639,0.45547993011836135,0.8740718247173678,0.2364941230781175,0.1998738298055471,0.08343770069485115,0.7553116422086006,0.319047619047619,0.7548845470692718,0.45534716097755634,0.8099992633867422,0.20700909786729776,0.21251461815815467,0.04532707877122726,0.8128033539943786,0.02948502521081975,71.66325431034483,0.013905340973598246,-0.007517331025947538
2022,151,3163,3390,63,58,5,1,0,1,3.6967741935483893,1.0563388266558031,0.7729440624073749,1.0478646675934271,0.8047427437054412,0.34146341463414637,0.6968911917098446,0.49134133051287604,0.8483743651547734,0.29031693217874555,0.19199387264931203,0.08200457822292963,0.8222459216002745,0.353870458135861,0.680473372781065,0.4510464894550359,0.8812222600235211,0.29248709428676056,0.1750789743755436,0.10367047651731166,0.8159744511591086,-0.002170162108015017,70.54817204301075,0.02080817550206243,-0.03193205898874518
2022,151,3257,3376,59,72,-13,0,0,0,-2.474972191323694,1.0177157978662814,0.7785465161239635,1.0162730685620538,0.7276612633999529,0.36550308008213556,0.7207446808510639,0.45547993011836135,0.8740718247173678,0.2364941230781175,0.1998738298055471,0.08343770069485115,0.7553116422086006,0.3162393162393162,0.6710963455149502,0.43801674898849213,0.8767274220852317,0.21690288306316874,0.19806597385746516,0.12914245711634906,0.8492895212764474,0.019591240014948774,70.60186318131257,-0.00805888975560387,-0.020191902828839536
2022,153,3163,3376,49,64,-15,0,0,1,0.9870967741935495,1.0563388266558031,0.7729440624073749,1.0162730685620538,0.7276612633999529,0.34146341463414637,0.6968911917098446,0.49134133051287604,0.8483743651547734,0.29031693217874555,0.19199387264931203,0.08200457822292963,0.8222459216002745,0.3162393162393162,0.6710963455149502,0.43801674898849213,0.8767274220852317,0.21690288306316874,0.19806597385746516,0.12914245711634906,0.8492895212764474,0.07341404911557681,70.56631720430107,0.01663868699860671,-0.052000332548792993
2023,135,3228,3280,56,70,-14,0,0,0,-1.5623655913978496,1.0589503000764737,0.9020628261064529,0.969671121257386,0.8117781700537104,0.3775167785234899,0.7568181818181818,0.46095614076072394,0.8822207410650882,0.26930751121811797,0.1748057872032505,0.05562625529456876,0.8129742100435505,0.354251012145749,0.6623853211009174,0.4495478297952549,0.8080770579180288,0.22498319306895329,0.2133666829382616,0.08015520128531134,0.8195422956829561,0.04432431814916468,72.63877688172043,-0.014104552097517598,0.002921133169329959
2023,135,3357,3380,57,47,10,1,0,0,8.266666666666666,0.8631478281570417,0.8196532727760116,0.8231352429131046,0.8881037159124517,0.270223752151463,0.650375939849624,0.3821311499811318,0.8285207393767122,0.2683249718995175,0.20839797561760257,0.05668338653528406,0.7447448387146406,0.3340961098398169,0.5612052730696799,0.3729376769899403,0.8170495028773133,0.21238680949759345,0.1944017325304658,0.03505525114652503,0.731507292494986,0.055938162401924035,70.73208333333332,0.015961620126833775,-0.013896647423942587
2023,136,3345,3385,64,66,-2,0,0,0,-0.5827586206896544,0.9758424446186461,0.8935778500891991,0.9986616529062352,0.9065434655028817,0.32598425196850395,0.7714932126696833,0.4500186570344961,0.8008935494895123,0.3057171906091246,0.20135362925798697,0.05630547596793771,0.8203229921770676,0.35576923076923084,0.7636761487964989,0.4376047835366069,0.8313591321695425,0.26495544957086675,0.1950385298288603,0.07354903101479734,0.8801778914199349,0.04076174103825786,68.99004310344827,0.009149900541327805,-0.045711442966604066
2023,136,3284,3399,69,79,-10,0,0,0,-4.695043103448276,0.9177837834883393,0.9073720339600198,0.9979274332517722,0.9033306209574709,0.33153638814016173,0.7052631578947368,0.4150718644139279,0.797816705216672,0.3351647554661991,0.23997783709682988,0.06254510135751297,0.8501070707007946,0.3231597845601436,0.7595959595959595,0.42907991746826346,0.8393698600057762,0.28097340734321635,0.18630850698305673,0.044855940566258384,0.77722701412296,0.05419134812298276,68.97366648706897,-0.0070048593336455856,-0.01659823089263024
2023,137,3112,3452,75,62,13,1,0,-3,4.466666666666667,0.9896643982841064,0.8765309698368074,0.9028198241398679,0.8337086750182238,0.34004024144869216,0.6855123674911661,0.43728421550220203,0.8538410915354154,0.2219139168442178,0.16087083501748178,0.053702834119610056,0.7674094583495416,0.28345323741007195,0.7085953878406709,0.39408622762450707,0.8408836920384629,0.3173607468625075,0.17872434618215918,0.03761925329958556,0.7754046498977453,-0.09544683001828969,74.05708333333334,0.011698329641914251,0.0065972931306427784
2023,137,3199,3208,54,66,-12,0,0,-3,4.40625,1.0033347644134754,0.84851636279863,0.9369623424197351,0.8159174202760149,0.32748538011695905,0.7369165487977369,0.4278369049771531,0.8336411736890823,0.26894760062255,0.16473070844238924,0.0801556271404332,0.8524599230959496,0.2967032967032967,0.7018739352640545,0.43965497575504575,0.8119316480385914,0.15930614449719735,0.22010305898373653,0.058159034284436494,0.7532826223162276,0.10964145612535267,75.68203125,0.0020616366587938306,-0.036177591527563946
2023,137,3234,3368,95,43,52,1,0,-13,11.044642857142858,1.1204781227250276,0.9131178552158635,0.8951246373659733,0.8233267124352082,0.37157757496740546,0.7607361963190185,0.5106726070365405,0.7950941438172058,0.308016217243048,0.17715163444727805,0.039763957243481154,0.8271317838810972,0.29842931937172773,0.6801801801801802,0.40543152950137396,0.8368933197488172,0.19912802862426246,0.18126874456213304,0.06786192069497962,0.768990115598031,0.10888818861878555,73.37299107142857,0.04645962127296599,-0.016122692855058074
2023,137,3218,3261,50,73,-23,0,0,11,-25.366666666666667,0.8996702504591819,0.8843036061435634,1.107387729081082,0.767847433866432,0.2984441301272984,0.7096774193548387,0.39654288285668227,0.7912418310161727,0.3296622295719363,0.21024418011806043,0.04206545130402119,0.8135182261983133,0.3585746102449888,0.6990553306342779,0.47049468650554854,0.8598239646601546,0.1971281486256717,0.18593841615557463,0.08522467817544815,0.7911707503089527,0.1325340809462646,71.60986979166665,-0.05349322281713054,-0.07922858485108852
2023,137,3221,3268,61,93,-32,0,0,13,-3.35483870967742,0.9208220078321985,0.819771241246029,1.0268847892886377,0.8997244682568434,0.3227848101265823,0.7477272727272728,0.43196220843663397,0.7987986143614197,0.2278566774723139,0.21518080357271258,0.057549592226166124,0.8433503684080657,0.357504215851602,0.7899305555555555,0.44188893851025995,0.8449969871463674,0.24811750971691132,0.17128628923716532,0.051935049011280154,0.8053455517730957,-0.020260832244597432,72.26774193548387,0.016406503846509768,-0.035903247228317725
2023,137,3276,3424,71,59,12,1,0,-5,-3.963709677419354,1.0182521455725666,0.869712886467846,1.0739745460593992,0.863815808645618,0.3375912408759124,0.7753001715265867,0.46685224245305645,0.7884006884414315,0.24236763858234556,0.20858413390018496,0.04671737560392381,0.7811418522550282,0.3397745571658615,0.7663230240549829,0.4659820069109375,0.8488913077262648,0.2706245474604099,0.16967495170398175,0.03866300723841195,0.8189915109441686,-0.02825690887806437,72.76186995967743,-0.00807613915478711,0.008625767318078292
2023,137,3211,3279,48,71,-23,0,0,1,0.32862903225806406,1.0630994888712522,0.8710396360245015,0.9571890256011464,0.7819181438803295,0.4146341463414634,0.7913223140495868,0.4526273319285495,0.8532195443879792,0.28215562978643205,0.19806625996861016,0.053548935656506674,0.8177176338094193,0.294234592445328,0.6719022687609075,0.4252451891518109,0.8504070382641907,0.22662071941400957,0.19161089079215987,0.09318734753149874,0.7698944174536009,0.055534910372422475,70.32081653225808,-0.005132179530683123,0.01777342666505355
2023,137,3166,3280,66,81,-15,0,0,-5,-2.5,1.0532206434812992,0.902409942753248,0.969671121257386,0.8117781700537104,0.36493506493506495,0.747159090909091,0.44991556856487985,0.8751639280734657,0.38063424626591985,0.16459299449453105,0.04770627619165423,0.8393462877384589,0.354251012145749,0.6623853211009174,0.4495478297952549,0.8080770579180288,0.22498319306895329,0.2133666829382616,0.08015520128531134,0.8195422956829561,0.15565105319696657,70.66791666666667,-0.01980416934403717,-0.04172365848839554
2023,137,3323,3381,82,56,26,1,0,-11,15.166666666666666,1.0082147074054126,0.8029883657157999,0.9222731009615792,0.9003102662715609,0.317351598173516,0.7124802527646129,0.45937623131731814,0.8126814375760903,0.1978308535234187,0.20357155216291503,0.0760376105454512,0.8341911396647367,0.28979591836734697,0.7592233009708738,0.4353066422842749,0.7854613977878476,0.22324696469469238,0.2250063563084418,0.07539150310088649,0.8820985737268608,-0.02541611117127368,73.70500000000001,0.02053759819391343,0.026340997192580873
2023,137,3301,3343,63,64,-1,0,0,-3,-4.558755760368664,0.9764376241162948,0.8524227810839968,0.971200751887537,0.7740873148080942,0.31351351351351353,0.7173913043478259,0.43598558557474676,0.8487463777642064,0.24413140922287077,0.17329285163645042,0.06964501294811318,0.8427558811536143,0.31473214285714285,0.7036199095022624,0.423752590169581,0.865817094867802,0.23662785794136984,0.1837649562149028,0.06618889794958471,0.7644586524408038,0.007503551281500931,70.4189228110599,0.0014846561243605505,-0.025478432532199613
2023,137,3355,3425,62,57,5,1,1,1,9.42727272727273,1.0866612197187473,0.8276113061989724,0.9103826108785368,0.7802309317937177,0.3547400611620795,0.7182320441988951,0.48095094915288983,0.8092022587563502,0.2719436969598718,0.17740644566277736,0.06618005089951688,0.7958298351331176,0.3292035398230089,0.7318840579710145,0.38313163745492357,0.8334236328553382,0.2671746754791816,0.20101658651535365,0.09859659699219434,0.8395799003520298,0.004769021480690194,71.91545454545454,0.03862466557581179,-0.06900303255192941
2023,137,3313,3376,40,72,-32,0,0,15,-21.085685483870968,0.8465912970843141,0.7139771285366819,1.128421961093713,0.7041590031355061,0.24404761904761904,0.6611018363939899,0.38177037518560325,0.803702593965204,0.22989296296926728,0.23721642957599615,0.06730623934787597,0.7430295805615482,0.31473214285714285,0.696927374301676,0.47352255573308777,0.9046339145618117,0.19488544211958442,0.1711703364004849,0.15057404620800116,0.8217631538220882,0.035007520849682866,71.79430443548387,-0.04721868577981925,0.0009626598421508259
2023,137,3266,3378,65,67,-2,0,1,1,-4.654233870967742,0.9205076889581741,0.8266625640287701,1.0134352013187102,0.8492168407527346,0.308,0.7766233766233765,0.4080934863824513,0.876943432702648,0.22821041178298457,0.1848991579932523,0.051039384445147565,0.8100155495463813,0.35537190082644626,0.7308377896613191,0.45096830561106155,0.819306820333797,0.2699120905951553,0.2081395226919563,0.05706961551195612,0.837780385497468,-0.04170167881217074,70.24734122983871,-0.030432956932484045,-0.026301509863151162
2023,137,3357,3390,49,92,-43,0,0,15,-14.681818181818182,0.8631478281570417,0.8196532727760116,1.0841017527921764,0.8353957810827313,0.270223752151463,0.650375939849624,0.3821311499811318,0.8285207393767122,0.2683249718995175,0.20839797561760257,0.05668338653528406,0.7447448387146406,0.3483483483483483,0.7363945578231293,0.4568755397759981,0.8763982814483633,0.28772016112537036,0.1823581114257822,0.11300048379512113,0.8808120030191481,-0.01939518922585287,71.48136363636362,-0.06824971765049359,-0.030255577935901945
2023,137,3205,3428,77,103,-26,0,0,13,-6.369905956112854,1.0141535069367507,0.8659484178867015,1.1122357848366524,0.8844654747875692,0.3416320885200553,0.6973684210526316,0.43881880685706537,0.828475554635534,0.2891033821708743,0.1960460617890794,0.06021838358020721,0.7310416753084357,0.3562231759656653,0.7817258883248731,0.4834255351633672,0.8110225422450918,0.32270015343277,0.18100764487567705,0.05779070256798978,0.7984949116226724,-0.0335967712618957,75.58047283176595,-0.03454022895885711,0.04389043115759306
2023,137,3151,3439,33,58,-25,0,0,15,-11.584946236559139,0.9129788358937657,0.8571818283324085,1.0477301538528256,0.8257942515340181,0.3204633204633205,0.7697368421052632,0.4188108640762022,0.7743201240436247,0.26427538423478963,0.2018120867848733,0.0466280007085818,0.808593085034722,0.3488372093023256,0.7537878787878788,0.4532354415875081,0.8318981830422149,0.3203931452470106,0.18217278193603556,0.062094695953256174,0.8174476443247718,-0.05611776101222099,67.26967741935484,-0.024946741153275,-0.05845735087808085
2023,138,3104,3124,74,78,-4,0,0,3,0.8419354838709676,0.987615099159351,0.8485035629778445,0.9499044290776785,0.841897320366798,0.3803418803418804,0.7190265486725664,0.43831554561608466,0.8104335090565016,0.33497359326411363,0.21110350338985498,0.074222616322925,0.796215531838038,0.31384615384615383,0.6833976833976834,0.43101459209823517,0.8321663516393085,0.27630021487744616,0.1990515377304115,0.051155656823981245,0.7981280751687269,0.058673378386667474,73.21462365591398,-0.0009505882457468418,0.00379558388498491
2023,138,3160,3292,82,60,22,1,0,-5,-7.025201612903226,0.9715646681903326,0.8269549103303765,1.0619412258978862,0.8068657189398857,0.34442270058708413,0.690875232774674,0.4379722446548001,0.8290680246263095,0.2335750911134064,0.19777995711201576,0.044764780753499434,0.7891496302987783,0.3199498117942284,0.7844036697247706,0.4364506735067523,0.8279089966528614,0.35789191765576694,0.16786716383161437,0.073147019628122,0.7616805959113117,-0.12431682654236054,70.34049899193548,-0.005697357569853623,0.01387170838734475
2023,138,3163,3436,95,52,43,1,0,-13,8.784313725490195,1.0409058919789516,0.8022054947469621,0.956239231595596,0.8190907900184687,0.3623445825932505,0.7534965034965034,0.4898493954003266,0.7999758267597413,0.2271444381967569,0.2153465123833544,0.06655572589813932,0.8487355822846205,0.36610878661087864,0.6798029556650246,0.4325357823354029,0.837480031228649,0.24932120394462426,0.1936596635291502,0.06679717590956002,0.8462303108368171,-0.022176765747867366,68.48132352941175,0.0377485226383768,0.007385734595865112
2023,138,3181,3233,89,49,40,1,0,-11,3.35483870967742,0.9001677586288045,0.7473432515529481,0.9298829591237058,0.7845694181433889,0.3169164882226981,0.7103004291845494,0.41249231725042634,0.8233644609025916,0.21663605896408378,0.2141149998935449,0.09896392666089845,0.7646141474112956,0.4006514657980456,0.686084142394822,0.4759709703997935,0.7622686535259331,0.28225967831518567,0.2607726664494448,0.057324577787484135,0.8047307322952213,-0.06562361935110189,69.14124243951613,-0.027794238623034984,0.012465879641886501
2023,138,3195,3450,74,63,11,1,0,7,14.0,1.1040064244486631,0.8046882980172778,0.9559645303071163,0.8685747440185035,0.378698224852071,0.7120535714285714,0.4757704080700636,0.8395825097166171,0.4403398843063824,0.1619867245892511,0.04600814023860257,0.7840466271447938,0.33179012345679015,0.7316561844863732,0.43332235662684593,0.8250279406314499,0.2792632861242801,0.20491543659767394,0.0744776516509024,0.835913748455215,0.1610765981821023,70.08143939393939,0.016213976647930006,-0.04589686727340103
2023,138,3231,3399,77,47,30,1,0,-15,13.752873563218392,1.0974338429561759,0.8392110930574024,0.9979274332517722,0.9033306209574709,0.3711864406779661,0.7641843971631206,0.4993430312958082,0.8084456564922794,0.26613440481731593,0.16906371550846375,0.08261481155786897,0.7976504993436065,0.3231597845601436,0.7595959595959595,0.42907991746826346,0.8393698600057762,0.28097340734321635,0.18630850698305673,0.044855940566258384,0.77722701412296,-0.014839002525900424,71.44244252873563,0.04835428804277264,-0.0676585043707344
2023,138,3179,3257,81,83,-2,0,0,7,4.08349146110057,1.0325564289994797,0.8547314537383149,1.0018632041091506,0.8703456254908214,0.3351724137931035,0.7223140495867769,0.48076840484449207,0.776844341355325,0.3046083374354808,0.22167887168045308,0.08858711688859265,0.8477757728392521,0.34558823529411764,0.7530647985989493,0.44868412587954576,0.8420332433782058,0.2204702915814444,0.1993498485706579,0.06484045858140476,0.7788982527122605,0.08413804585403642,74.70670066413662,0.030245364600807623,-0.03711916894318912
2023,138,3274,3329,62,61,1,1,0,1,-0.440524193548387,0.9653982786588998,0.8736202540461265,1.01770020471158,0.9237328263453293,0.3095238095238095,0.721915285451197,0.43468828516147723,0.8289298293022388,0.2410744969341814,0.2059133971115921,0.04118795618911096,0.7843647356916529,0.36643356643356645,0.7050092764378478,0.45279749244040685,0.8279868209066199,0.30075060158344347,0.17142404154751892,0.04872982395159271,0.8494248374917619,-0.05967610464926207,73.65543094758064,-0.01198962098641243,0.03515331004536193
2023,138,3314,3385,61,59,2,1,0,-5,3.6096774193548384,0.9362635798729876,0.8069581412354693,0.9986616529062352,0.9065434655028817,0.3136288998357964,0.6727941176470589,0.41588720928649614,0.837018721064952,0.26534801876439296,0.19032313744907062,0.06568330856506693,0.7865764495378319,0.35576923076923084,0.7636761487964989,0.4376047835366069,0.8313591321695425,0.26495544957086675,0.1950385298288603,0.07354903101479734,0.8801778914199349,0.00039256919352620434,69.71092741935485,0.007418109175576892,-0.017263305115853445
2023,138,3241,3326,66,80,-14,0,0,11,-4.03125,0.9646726399083532,0.8452680238552377,1.0358960395211152,0.8800317661134611,0.3069016152716593,0.7183544303797469,0.4088383096929789,0.8309219192777655,0.2963837554030967,0.18793569770422788,0.046957336567538976,0.8287722625955575,0.34045584045584043,0.6954397394136808,0.4655545696258887,0.8282776967282915,0.28142808595215413,0.17216919089272015,0.058843051926866154,0.7728291616570329,0.014955669450942566,75.06015625,0.004082225836626763,0.011054392704588745
2023,138,3328,3339,85,63,22,1,0,-7,3.9054505005561735,1.0399098995923828,0.9382709101006607,0.977644139449457,0.9029337340770642,0.3575063613231552,0.7456445993031359,0.4536623822302135,0.8377167292096594,0.3124172874185856,0.2016983369877747,0.05242564728758662,0.8113019946923286,0.3284671532846715,0.7306889352818371,0.4561883826139347,0.7854996564550756,0.27222358003207286,0.22491596651899212,0.05040414327414208,0.8379501526001266,0.040193707386512734,75.66580923248054,0.00426678969787786,-0.026176348814361705
2023,138,3387,3397,50,95,-45,0,0,9,-9.735294117647058,0.9114112074424607,0.9161784789823267,1.0186219892222423,0.8895682067862595,0.2717557251908397,0.7728055077452667,0.40165640023797344,0.8388443713924498,0.25319100649600496,0.21982482651987031,0.08272576186323051,0.8296562544649595,0.3111888111888112,0.7148997134670486,0.4466586166554813,0.8480724198806068,0.22546705554810006,0.19938056252170894,0.0578592071915401,0.8274830341686534,0.02772395094790489,75.68419117647059,-0.02839904220814199,0.016269731265997844
2023,138,3187,3400,40,79,-39,0,0,9,-8.479779411764707,0.8464684137719083,0.7607768406086061,1.0043539441366611,0.7972209823285356,0.23354564755838642,0.6264204545454546,0.3796087284998846,0.8169046432945013,0.1991393983745182,0.21402107966589992,0.07786647296225929,0.7240678181232059,0.33975903614457836,0.6790123456790124,0.4464361122491467,0.8654070196015055,0.16779548074855494,0.2004230026236828,0.11220762142825333,0.7150725529463579,0.03134391762596325,73.91047794117648,-0.0304467650573641,0.021753773778208862
2023,138,3235,3405,73,80,-7,0,0,-7,0.23084677419354804,1.0250854002891596,0.8662936337190515,1.0447607856270036,0.8681242826134445,0.3329312424607961,0.8003565062388591,0.4253430575662795,0.8329354167479046,0.36238269010607593,0.17822286261468276,0.07069717876454971,0.8505098569419315,0.34039087947882735,0.784251968503937,0.4556706250440418,0.8050180745664953,0.27309831669343976,0.16996095706206832,0.03425832021173553,0.8182872808668071,0.08928437341263618,72.12276965725806,-0.009079416082834524,0.018520929415969833
2023,138,3170,3417,45,67,-22,0,0,9,1.2702205882352935,1.067931053325007,0.8965412337452756,0.9867915839487085,0.8705605473374715,0.38636363636363635,0.7360515021459227,0.47012063678311217,0.8135188049904742,0.36017835723105246,0.21574717332795446,0.06332640280913937,0.8337532410504709,0.30596026490066225,0.7754010695187166,0.3951399848105786,0.9031012840057182,0.3108038456921341,0.1705996087550925,0.07376224872231608,0.7783098915762184,0.049374511538918364,68.29554227941176,0.03769609226145526,-0.03318118809299564
2023,138,3156,3437,59,76,-17,0,0,9,4.7941176470588225,1.0047741195366324,0.7774338189871017,1.0508377444714416,0.8554463542837629,0.3495934959349593,0.7160493827160493,0.4284086245047484,0.8067119067900043,0.24479356529522042,0.1949950590177816,0.0652623269678912,0.8159891637123753,0.33333333333333337,0.7703252032520325,0.4424673560365061,0.8925650835902389,0.3039928709448095,0.14152942623373949,0.09900629448470277,0.8191791671284111,-0.05919930564958906,70.84485294117647,0.004712766690147363,0.019079205053402326
2023,139,3208,3234,66,74,-8,0,0,8,-7.46875,0.9369623424197351,0.8159174202760149,1.1204781227250276,0.9131178552158635,0.2967032967032967,0.7018739352640545,0.43965497575504575,0.8119316480385914,0.15930614449719735,0.22010305898373653,0.058159034284436494,0.7532826223162276,0.37157757496740546,0.7607361963190185,0.5106726070365405,0.7950941438172058,0.308016217243048,0.17715163444727805,0.039763957243481154,0.8271317838810972,-0.14871007274585066,74.914453125,-0.027770302651768053,0.08235535893702628
2023,139,3261,3276,66,42,24,1,0,-3,15.205376344086021,1.107387729081082,0.767847433866432,1.0182521455725666,0.869712886467846,0.3585746102449888,0.6990553306342779,0.47049468650554854,0.8598239646601546,0.1971281486256717,0.18593841615557463,0.08522467817544815,0.7911707503089527,0.3375912408759124,0.7753001715265867,0.46685224245305645,0.7884006884414315,0.24236763858234556,0.20858413390018496,0.04671737560392381,0.7811418522550282,-0.045239489956673845,74.62525537634409,0.02711652120319108,0.06324589086110444
2023,139,3112,3268,64,77,-13,0,0,5,-0.5301075268817215,0.9896643982841064,0.8765309698368074,1.0268847892886377,0.8997244682568434,0.34004024144869216,0.6855123674911661,0.43728421550220203,0.8538410915354154,0.2219139168442178,0.16087083501748178,0.053702834119610056,0.7674094583495416,0.357504215851602,0.7899305555555555,0.44188893851025995,0.8449969871463674,0.24811750971691132,0.17128628923716532,0.051935049011280154,0.8053455517730957,-0.026203592872693526,76.03782258064516,-0.002238054815000945,-0.015644738769173383
2023,139,3279,3390,54,49,5,1,0,7,-5.364613880742912,0.9571890256011464,0.7819181438803295,1.0841017527921764,0.8353957810827313,0.294234592445328,0.6719022687609075,0.4252451891518109,0.8504070382641907,0.22662071941400957,0.19161089079215987,0.09318734753149874,0.7698944174536009,0.3483483483483483,0.7363945578231293,0.4568755397759981,0.8763982814483633,0.28772016112537036,0.1823581114257822,0.11300048379512113,0.8808120030191481,-0.06109944171136078,71.41499266862171,-0.028026993479745355,-0.017237803956686726
2023,139,3280,3323,48,53,-5,0,0,8,-3.5666666666666664,0.969671121257386,0.8117781700537104,1.0082147074054126,0.8029883657157999,0.354251012145749,0.6623853211009174,0.4495478297952549,0.8080770579180288,0.22498319306895329,0.2133666829382616,0.08015520128531134,0.8195422956829561,0.317351598173516,0.7124802527646129,0.45937623131731814,0.8126814375760903,0.1978308535234187,0.20357155216291503,0.0760376105454512,0.8341911396647367,0.027152339545534587,73.87583333333333,-0.004598165235969509,-0.006872331100317486
2023,139,3376,3378,76,45,31,1,0,-7,18.625,1.128421961093713,0.7041590031355061,1.0134352013187102,0.8492168407527346,0.31473214285714285,0.696927374301676,0.47352255573308777,0.9046339145618117,0.19488544211958442,0.1711703364004849,0.15057404620800116,0.8217631538220882,0.35537190082644626,0.7308377896613191,0.45096830561106155,0.819306820333797,0.2699120905951553,0.2081395226919563,0.05706961551195612,0.837780385497468,-0.07502664847557089,71.196484375,0.04135434705720553,0.036739560289030915
2023,139,3343,3428,56,63,-7,0,0,8,-4.444581280788178,0.971200751887537,0.7740873148080942,1.1122357848366524,0.8844654747875692,0.31473214285714285,0.7036199095022624,0.423752590169581,0.865817094867802,0.23662785794136984,0.1837649562149028,0.06618889794958471,0.7644586524408038,0.3562231759656653,0.7817258883248731,0.4834255351633672,0.8110225422450918,0.32270015343277,0.18100764487567705,0.05779070256798978,0.7984949116226724,-0.08607229549140014,71.40631157635468,-0.013771711448354595,0.012420331034999177
2023,139,3355,3439,60,72,-12,0,0,8,3.6089931573802563,1.0866612197187473,0.8276113061989724,1.0477301538528256,0.8257942515340181,0.3547400611620795,0.7182320441988951,0.48095094915288983,0.8092022587563502,0.2719436969598718,0.17740644566277736,0.06618005089951688,0.7958298351331176,0.3488372093023256,0.7537878787878788,0.4532354415875081,0.8318981830422149,0.3203931452470106,0.18217278193603556,0.062094695953256174,0.8174476443247718,-0.04844944828713882,71.13846529814272,0.01685247720051114,-0.01911893217111127
2023,140,3160,3181,61,53,8,1,1,3,-2.161290322580646,0.9715646681903326,0.8269549103303765,0.9001677586288045,0.7473432515529481,0.34442270058708413,0.690875232774674,0.4379722446548001,0.8290680246263095,0.2335750911134064,0.19777995711201576,0.044764780753499434,0.7891496302987783,0.3169164882226981,0.7103004291845494,0.41249231725042634,0.8233644609025916,0.21663605896408378,0.2141149998935449,0.09896392666089845,0.7646141474112956,0.01693903214932263,70.49072580645161,-0.0005304934002258177,0.005194569223642698
2023,140,3124,3163,58,77,-19,0,0,5,-7.859582542694497,0.9499044290776785,0.841897320366798,1.0409058919789516,0.8022054947469621,0.31384615384615383,0.6833976833976834,0.43101459209823517,0.8321663516393085,0.27630021487744616,0.1990515377304115,0.051155656823981245,0.7981280751687269,0.3623445825932505,0.7534965034965034,0.4898493954003266,0.7999758267597413,0.2271444381967569,0.2153465123833544,0.06655572589813932,0.8487355822846205,0.04915577668068927,74.2701138519924,-0.047331522074908094,-0.005808191828815423
2023,140,3257,3400,73,51,22,1,0,1,-6.294117647058824,1.0018632041091506,0.8703456254908214,1.0043539441366611,0.7972209823285356,0.34558823529411764,0.7530647985989493,0.44868412587954576,0.8420332433782058,0.2204702915814444,0.1993498485706579,0.06484045858140476,0.7788982527122605,0.33975903614457836,0.6790123456790124,0.4464361122491467,0.8654070196015055,0.16779548074855494,0.2004230026236828,0.11220762142825333,0.7150725529463579,0.05267481083288947,72.77977941176471,-0.009298879151335704,-0.02259961880224426
2023,140,3231,3274,68,70,-2,0,0,-8,12.263440860215056,1.0974338429561759,0.8392110930574024,0.9653982786588998,0.8736202540461265,0.3711864406779661,0.7641843971631206,0.4993430312958082,0.8084456564922794,0.26613440481731593,0.16906371550846375,0.08261481155786897,0.7976504993436065,0.3095238095238095,0.721915285451197,0.43468828516147723,0.8289298293022388,0.2410744969341814,0.2059133971115921,0.04118795618911096,0.7843647356916529,0.02505990788313453,73.68045698924732,0.04630640099349376,-0.047399145264504394
2023,140,3314,3326,69,71,-2,0,0,3,-2.790322580645162,0.9362635798729876,0.8069581412354693,1.0358960395211152,0.8800317661134611,0.3136288998357964,0.6727941176470589,0.41588720928649614,0.837018721064952,0.26534801876439296,0.19032313744907062,0.06568330856506693,0.7865764495378319,0.34045584045584043,0.6954397394136808,0.4655545696258887,0.8282776967282915,0.28142808595215413,0.17216919089272015,0.058843051926866154,0.7728291616570329,-0.01608006718776117,75.95108366935484,0.006474584862818045,0.024445796193657943
2023,140,3397,3405,94,47,47,1,0,-8,-1.4797794117647065,1.0186219892222423,0.8895682067862595,1.0447607856270036,0.8681242826134445,0.3111888111888112,0.7148997134670486,0.4466586166554813,0.8480724198806068,0.22546705554810006,0.19938056252170894,0.0578592071915401,0.8274830341686534,0.34039087947882735,0.784251968503937,0.4556706250440418,0.8050180745664953,0.27309831669343976,0.16996095706206832,0.03425832021173553,0.8182872808668071,-0.04763126114533969,72.781640625,-0.002894775018678797,0.08630870332057494
2023,140,3328,3417,73,82,-9,0,0,1,0.5474383301707775,1.0399098995923828,0.9382709101006607,0.9867915839487085,0.8705605473374715,0.3575063613231552,0.7456445993031359,0.4536623822302135,0.8377167292096594,0.3124172874185856,0.2016983369877747,0.05242564728758662,0.8113019946923286,0.30596026490066225,0.7754010695187166,0.3951399848105786,0.9031012840057182,0.3108038456921341,0.1705996087550925,0.07376224872231608,0.7783098915762184,0.0016134417264515033,76.36708965844403,0.022062409302106234,-0.021158007964019232
2023,140,3195,3437,57,76,-19,0,0,8,7.9777183600713,1.1040064244486631,0.8046882980172778,1.0508377444714416,0.8554463542837629,0.378698224852071,0.7120535714285714,0.4757704080700636,0.8395825097166171,0.4403398843063824,0.1619867245892511,0.04600814023860257,0.7840466271447938,0.33333333333333337,0.7703252032520325,0.4424673560365061,0.8925650835902389,0.3039928709448095,0.14152942623373949,0.09900629448470277,0.8191791671284111,0.1363470133615729,68.77241532976828,0.008640046223789999,-0.03867745292816327
2023,144,3160,3234,77,87,-10,0,0,4,-5.993951612903226,0.9715646681903326,0.8269549103303765,1.1204781227250276,0.9131178552158635,0.34442270058708413,0.690875232774674,0.4379722446548001,0.8290680246263095,0.2335750911134064,0.19777995711201576,0.044764780753499434,0.7891496302987783,0.37157757496740546,0.7607361963190185,0.5106726070365405,0.7950941438172058,0.308016217243048,0.17715163444727805,0.039763957243481154,0.8271317838810972,-0.0744411261296416,74.62253024193548,-0.026249995500090884,0.04455347698338419
2023,144,3257,3279,72,62,10,1,0,-3,-2.9544592030360537,1.0018632041091506,0.8703456254908214,0.9571890256011464,0.7819181438803295,0.34558823529411764,0.7530647985989493,0.44868412587954576,0.8420332433782058,0.2204702915814444,0.1993498485706579,0.06484045858140476,0.7788982527122605,0.294234592445328,0.6719022687609075,0.4252451891518109,0.8504070382641907,0.22662071941400957,0.19161089079215987,0.09318734753149874,0.7698944174536009,-0.0061504278325651696,72.5260555028463,-0.010653252579441441,0.0057273389194334445
2023,144,3261,3428,66,63,3,1,0,1,8.814942528735632,1.107387729081082,0.767847433866432,1.1122357848366524,0.8844654747875692,0.3585746102449888,0.6990553306342779,0.47049468650554854,0.8598239646601546,0.1971281486256717,0.18593841615557463,0.08522467817544815,0.7911707503089527,0.3562231759656653,0.7817258883248731,0.4834255351633672,0.8110225422450918,0.32270015343277,0.18100764487567705,0.05779070256798978,0.7984949116226724,-0.12557200480709826,75.39369252873563,0.018093697794164643,0.0622183378805552
2023,144,3274,3437,70,65,5,1,0,5,-5.361480075901329,0.9653982786588998,0.8736202540461265,1.0508377444714416,0.8554463542837629,0.3095238095238095,0.721915285451197,0.43468828516147723,0.8289298293022388,0.2410744969341814,0.2059133971115921,0.04118795618911096,0.7843647356916529,0.33333333333333337,0.7703252032520325,0.4424673560365061,0.8925650835902389,0.3039928709448095,0.14152942623373949,0.09900629448470277,0.8191791671284111,-0.06291837401062808,70.2590844402277,-0.022648331035610703,0.0039954470031347
2023,145,3268,3323,76,59,17,1,0,-1,-5.903225806451612,1.0268847892886377,0.8997244682568434,1.0082147074054126,0.8029883657157999,0.357504215851602,0.7899305555555555,0.44188893851025995,0.8449969871463674,0.24811750971691132,0.17128628923716532,0.051935049011280154,0.8053455517730957,0.317351598173516,0.7124802527646129,0.45937623131731814,0.8126814375760903,0.1978308535234187,0.20357155216291503,0.0760376105454512,0.8341911396647367,0.050286656193492624,75.60157258064515,-0.03372818822202045,-0.0013055013650122849
2023,145,3163,3326,61,73,-12,0,0,-1,4.617647058823529,1.0409058919789516,0.8022054947469621,1.0358960395211152,0.8800317661134611,0.3623445825932505,0.7534965034965034,0.4898493954003266,0.7999758267597413,0.2271444381967569,0.2153465123833544,0.06655572589813932,0.8487355822846205,0.34045584045584043,0.6954397394136808,0.4655545696258887,0.8282776967282915,0.28142808595215413,0.17216919089272015,0.058843051926866154,0.7728291616570329,-0.054283647755397235,75.37522977941177,0.05055322785375205,0.019233339985739173
2023,145,3376,3417,59,43,16,1,0,-3,22.020220588235293,1.128421961093713,0.7041590031355061,0.9867915839487085,0.8705605473374715,0.31473214285714285,0.696927374301676,0.47352255573308777,0.9046339145618117,0.19488544211958442,0.1711703364004849,0.15057404620800116,0.8217631538220882,0.30596026490066225,0.7754010695187166,0.3951399848105786,0.9031012840057182,0.3108038456921341,0.1705996087550925,0.07376224872231608,0.7783098915762184,-0.11591840357254968,71.91663602941176,0.07634360697377318,0.01944432653610728
2023,145,3397,3439,64,73,-9,0,0,3,-5.775142314990513,1.0186219892222423,0.8895682067862595,1.0477301538528256,0.8257942515340181,0.3111888111888112,0.7148997134670486,0.4466586166554813,0.8480724198806068,0.22546705554810006,0.19938056252170894,0.0578592071915401,0.8274830341686534,0.3488372093023256,0.7537878787878788,0.4532354415875081,0.8318981830422149,0.3203931452470106,0.18217278193603556,0.062094695953256174,0.8174476443247718,-0.09492608969891056,72.14717741935485,-0.008453884185930849,0.056374130030728775
2023,146,3234,3257,97,83,14,1,0,-3,6.658088235294118,1.1204781227250276,0.9131178552158635,1.0018632041091506,0.8703456254908214,0.37157757496740546,0.7607361963190185,0.5106726070365405,0.7950941438172058,0.308016217243048,0.17715163444727805,0.039763957243481154,0.8271317838810972,0.34558823529411764,0.7530647985989493,0.44868412587954576,0.8420332433782058,0.2204702915814444,0.1993498485706579,0.06484045858140476,0.7788982527122605,0.0875459256616036,75.38648897058823,0.031153895419183675,-0.061944908017781075
2023,146,3261,3274,54,42,12,1,0,-6,19.463440860215055,1.107387729081082,0.767847433866432,0.9653982786588998,0.8736202540461265,0.3585746102449888,0.6990553306342779,0.47049468650554854,0.8598239646601546,0.1971281486256717,0.18593841615557463,0.08522467817544815,0.7911707503089527,0.3095238095238095,0.721915285451197,0.43468828516147723,0.8289298293022388,0.2410744969341814,0.2059133971115921,0.04118795618911096,0.7843647356916529,-0.043946348308509686,74.43170698924732,0.04702547889922215,0.05541598566913164
2023,147,3268,3376,75,86,-11,0,0,1,-20.246975806451612,1.0268847892886377,0.8997244682568434,1.128421961093713,0.7041590031355061,0.357504215851602,0.7899305555555555,0.44188893851025995,0.8449969871463674,0.24811750971691132,0.17128628923716532,0.051935049011280154,0.8053455517730957,0.31473214285714285,0.696927374301676,0.47352255573308777,0.9046339145618117,0.19488544211958442,0.1711703364004849,0.15057404620800116,0.8217631538220882,0.053232067597326904,74.77938508064516,-0.06574977732229043,-0.03069833442556491
2023,147,3326,3439,74,84,-10,0,0,2,-2.951612903225806,1.0358960395211152,0.8800317661134611,1.0477301538528256,0.8257942515340181,0.34045584045584043,0.6954397394136808,0.4655545696258887,0.8282776967282915,0.28142808595215413,0.17216919089272015,0.058843051926866154,0.7728291616570329,0.3488372093023256,0.7537878787878788,0.4532354415875081,0.8318981830422149,0.3203931452470106,0.18217278193603556,0.062094695953256174,0.8174476443247718,-0.0389650592948565,73.65108366935485,-0.0164284145278783,0.0019567976632327566
2023,151,3234,3376,77,73,4,1,0,1,-14.15625,1.1204781227250276,0.9131178552158635,1.128421961093713,0.7041590031355061,0.37157757496740546,0.7607361963190185,0.5106726070365405,0.7950941438172058,0.308016217243048,0.17715163444727805,0.039763957243481154,0.8271317838810972,0.31473214285714285,0.696927374301676,0.47352255573308777,0.9046339145618117,0.19488544211958442,0.1711703364004849,0.15057404620800116,0.8217631538220882,0.11313077512346359,75.27812499999999,-0.024287550724943374,-0.09261145589852793
2023,151,3261,3439,79,72,7,1,0,2,10.915053763440861,1.107387729081082,0.767847433866432,1.0477301538528256,0.8257942515340181,0.3585746102449888,0.6990553306342779,0.47049468650554854,0.8598239646601546,0.1971281486256717,0.18593841615557463,0.08522467817544815,0.7911707503089527,0.3488372093023256,0.7537878787878788,0.4532354415875081,0.8318981830422149,0.3203931452470106,0.18217278193603556,0.062094695953256174,0.8174476443247718,-0.12326499662133891,72.5425940860215,0.01980641568195529,0.07841115015910094
2023,153,3234,3261,85,102,-17,0,0,-1,-10.179166666666667,1.1204781227250276,0.9131178552158635,1.107387729081082,0.767847433866432,0.37157757496740546,0.7607361963190185,0.5106726070365405,0.7950941438172058,0.308016217243048,0.17715163444727805,0.039763957243481154,0.8271317838810972,0.3585746102449888,0.6990553306342779,0.47049468650554854,0.8598239646601546,0.1971281486256717,0.18593841615557463,0.08522467817544815,0.7911707503089527,0.1108880686173763,77.02197916666665,-0.000398897528080866,-0.10076311360426538
2024,135,3342,3357,49,42,7,1,0,0,-11.96774193548387,0.8338174910536498,0.8743702721534917,0.9450848279388935,0.8392631138090564,0.30379746835443033,0.6649874055415617,0.40431976296148975,0.7796057440705009,0.2627376161413255,0.24145134515030123,0.026108388285702454,0.8339985240348946,0.2871621621621621,0.6871609403254972,0.4092511373137234,0.8499755096346633,0.2712766784723694,0.17609965146626055,0.04166072948198099,0.7835137899879109,-0.0085390623310439,69.21370967741936,-0.0015704857287592855,-0.03676296183922678
2024,135,3162,3435,68,72,-4,0,0,0,5.790878754171302,1.0657206732634923,0.8932954838431849,0.953416796109556,0.8619405738006897,0.3281690140845071,0.7118997912317327,0.4549904240195511,0.8673039505854381,0.34246708491358185,0.20059869431358895,0.039779067532112286,0.8293699398748886,0.3237639553429027,0.7215686274509804,0.40876861614320775,0.8566328934425458,0.28173902193614464,0.19553694579533723,0.06121841550852984,0.7984088079877608,0.060728062977437214,71.70830088987765,0.024316230202260147,0.029233591073336895
2024,136,3112,3120,69,59,10,1,0,0,-3.941532258064516,0.948760696931867,0.8931186100825811,0.8919923247316155,0.7925429371487355,0.3143507972665148,0.7513812154696132,0.4402484194171024,0.8195068244710829,0.18697068673527534,0.18701892201155837,0.07013955759630414,0.7609673206854413,0.29024390243902437,0.7064846416382253,0.40553847343771215,0.8193632297753572,0.17785658241889477,0.19835368708142134,0.07217764592230821,0.7293679903798997,0.009114104316380572,74.13854586693549,-0.0060293149154552195,0.013616166010382513
2024,136,3221,3404,72,45,27,1,0,0,5.290322580645161,0.9277142205044013,0.8467188310520611,0.936335330702196,0.9358716785678002,0.32717190388170053,0.7322274881516587,0.3993840445585239,0.8711530166781075,0.2598979593004135,0.1798828943666009,0.06338483665934021,0.836315739134397,0.369140625,0.774390243902439,0.4412562588666632,0.7577602347817345,0.24353830536610674,0.230491810765652,0.05346952422565962,0.8601097038027593,0.016359653934306745,67.66370967741935,-0.004392172275628603,-0.009152362516735568
2024,137,3104,3199,82,74,8,1,0,-1,4.203598484848484,1.0080160831778868,0.8470091938840268,0.9861700846493849,0.8919313015449085,0.3490427098674521,0.7091503267973857,0.4349322491000027,0.8280117159793602,0.2914965893098482,0.19689029593506616,0.0781060286748704,0.8117596620329925,0.31382978723404253,0.7709677419354838,0.41604238810069205,0.86287103304706,0.28472691623877877,0.14203460851157604,0.0611950283779721,0.8878264750743609,0.006769673071069404,76.39588068181817,0.011325965958591033,0.04292551073645495
2024,137,3124,3435,80,63,17,1,0,-7,8.225806451612904,0.998553371869618,0.7959960357776878,0.953416796109556,0.8619405738006897,0.3342776203966006,0.7035490605427975,0.448232989798139,0.8435863814850171,0.30451867022400025,0.2110223292096796,0.04299579774193857,0.7647465219029465,0.3237639553429027,0.7215686274509804,0.40876861614320775,0.8566328934425458,0.28173902193614464,0.19553694579533723,0.06121841550852984,0.7984088079877608,0.022779648287855614,73.30282258064517,0.022801412234155716,-0.025757122239774333
2024,137,3160,3179,86,72,14,1,0,-7,-0.16413662239089177,1.021726865101859,0.8768743296427821,1.0512679037928425,0.9018865508074736,0.35775127768313464,0.728,0.4599414107507947,0.8399440165862253,0.25581290345897156,0.17982934191534464,0.05335600283832156,0.7723285660740878,0.33254156769596194,0.7738287560581583,0.49050248152759807,0.7835342849283877,0.3184593573454444,0.22114830519235296,0.07031747656979158,0.8372658891624559,-0.06264645388647283,75.7057756166983,-0.01212706597901042,-0.005113639564075068
2024,137,3181,3350,72,61,11,1,0,-3,-1.925996204933588,0.9537818653167586,0.8096516643039737,1.061391151694323,0.8627399193144976,0.3183453237410072,0.7587006960556846,0.4474950753582124,0.8182099411644199,0.2507255267133359,0.23491832361110004,0.10299880063222663,0.7793028078319973,0.3771289537712895,0.805607476635514,0.47417726795691617,0.7896264899286155,0.34930004422764693,0.1914074804155159,0.09481395304809583,0.8689089493665036,-0.09857451751431101,70.5799454459203,-0.014062794337433626,0.06088719833243661
2024,137,3235,3268,93,86,7,1,0,-3,1.612903225806452,1.0138027592231358,0.922700188482789,0.9912055685764225,0.9371706814952621,0.37499999999999994,0.7308488612836439,0.4658858913027758,0.801342834099315,0.3102885121804442,0.2147217662061501,0.04559760097707428,0.8743251756395529,0.35714285714285715,0.766566265060241,0.4413381583906938,0.8155221526089956,0.20078481639073315,0.19163919356870363,0.03823471083309014,0.831832528358082,0.10950369578971103,75.92792338709677,0.02788682825967065,-0.0561747179556058
2024,137,3243,3339,78,65,13,1,0,-9,10.722782258064516,0.9884205908348939,0.7854873692294392,0.8981242705106321,0.8516674219542699,0.3125948406676783,0.6927710843373494,0.4567787962388252,0.8245749192591434,0.2818705710252201,0.1870912718939122,0.09105826469670861,0.7927046021798606,0.31475409836065577,0.6892138939670933,0.42642284702701616,0.7677756970951358,0.2625086729916609,0.23047736202980426,0.09545497685785687,0.7908327826329358,0.0193618980335592,73.7991179435484,0.034053158346167955,-0.05542103036909418
2024,137,3261,3349,70,60,10,1,0,-11,19.575757575757578,1.083357709024425,0.788545222755215,0.9258295621806649,0.8683463692151415,0.3211009174311926,0.7494331065759637,0.4676035928882407,0.8406100997728021,0.16642762842786055,0.19079490940939037,0.0895491033745054,0.782468261835398,0.3158756137479542,0.7602862254025046,0.4037159641187476,0.8323350289412577,0.2550152779180855,0.1954901720969774,0.04932757280969439,0.7911862344363864,-0.08858764949022493,76.41628787878787,0.04842110417988288,0.04795159774162561
2024,137,3257,3292,69,71,-2,0,0,-5,-7.121212121212119,1.0184551803761688,0.8755943508478977,1.0649472941877427,0.8055577531541035,0.3231707317073171,0.7481146304675718,0.45319061199165195,0.8220859607335068,0.2070717519799706,0.20846952400237403,0.031718325344218534,0.7689318190028466,0.34993773349937735,0.7745454545454544,0.44082873779829423,0.8511839234354053,0.3607052674708921,0.16166007794786802,0.08636522961441803,0.8452390211494113,-0.1536335154909215,69.9875,-0.028695684214004202,0.03765462816801368
2024,137,3304,3401,61,59,2,1,0,-5,-1.0928641251221904,1.0129824393378528,0.8895661062174386,0.9410518497599024,0.8147400821512628,0.3373205741626794,0.7299651567944251,0.4259490115531324,0.8475816372335457,0.3490024828990265,0.18915938810388178,0.03528460624209009,0.8141991091652272,0.2792321116928447,0.6782786885245902,0.40962743157476333,0.8824849728426652,0.2526319058836649,0.18795049758336052,0.07307385143799913,0.7869418808637534,0.09637057701536161,72.77934995112415,-0.009457797558141356,-0.02584495012837884
2024,137,3277,3314,56,59,-3,0,0,1,9.36774193548387,1.1014121210609764,0.8995517919922983,0.9549300851564559,0.8529498504329301,0.3734776725304465,0.7367458866544789,0.48490118547086597,0.8301076203626166,0.32331126462245435,0.1514534274071694,0.05925134843487779,0.772464287432683,0.30570902394106814,0.6689895470383275,0.42191209740466634,0.8430668839807725,0.24101867205060193,0.1705524969732517,0.08053706417735097,0.7990268209903362,0.08229259257185242,74.10326612903225,0.005234451071354562,-0.039714660477292774
2024,137,3263,3326,57,80,-23,0,0,13,-7.719958202716824,0.9652194533499839,0.8567614808589588,1.0506865366350984,0.8417487436249687,0.3016270337922403,0.7475247524752476,0.4035151890399161,0.8942995786275835,0.3619326751755449,0.1706661016163483,0.04139809154866253,0.8008597009003777,0.3563579277864992,0.7122302158273381,0.4703083962116208,0.8196015177472021,0.28946286883357336,0.1741773675462722,0.060916233910424125,0.7466673161995023,0.07246980634197153,71.38735632183909,-0.03522507796149643,0.002836157072234058
2024,137,3186,3333,51,73,-22,0,0,11,-0.08770161290322598,0.9701857090628415,0.8013094923796613,1.0282628733564119,0.8539986806021189,0.3308931185944363,0.7523148148148148,0.412766001534248,0.8818882675766888,0.3032927689798169,0.1619064463299838,0.04491192227544008,0.7863457451172235,0.35916542473919527,0.7168141592920354,0.4650742319779982,0.8330793971548569,0.31313986989272163,0.1779899588473751,0.06899483406424216,0.9127557670916846,-0.00984710091290475,70.02247983870967,-0.03155742758795371,0.018458243503525984
2024,137,3342,3376,39,91,-52,0,0,15,-33.07258064516129,0.8338174910536498,0.8743702721534917,1.1215070563250746,0.7366011678949012,0.30379746835443033,0.6649874055415617,0.40431976296148975,0.7796057440705009,0.2627376161413255,0.24145134515030123,0.026108388285702454,0.8339985240348946,0.39655172413793105,0.6856677524429967,0.499254567289281,0.8719271038166452,0.2131086538859773,0.1714161916808244,0.12420792245282486,0.8413990638523907,0.049628962255348213,72.39594254032258,-0.0872917149592331,-0.04606572458138147
2024,137,3313,3390,50,79,-29,0,0,13,-4.3675464320625625,0.9439569442289264,0.7674776433998393,1.1005487157089684,0.8390297159888391,0.3211009174311927,0.7287128712871288,0.40223727442336754,0.8634440584354637,0.25010984008624476,0.18566950175656405,0.060459562110095844,0.7323980418693603,0.3492063492063492,0.7740667976424361,0.46525535598422624,0.8947392827130385,0.2988491956457134,0.1680483519645841,0.07795298223715853,0.8958467289081822,-0.04873935555946862,70.32448680351906,-0.033522985823675744,0.004876556011799704
2024,137,3180,3400,42,82,-40,0,0,15,-21.299632352941178,0.8912515649768982,0.8535267541912613,1.1018463480653409,0.7896757303573958,0.30638297872340425,0.7325581395348837,0.4045100710265403,0.8681887157054448,0.2281433300159578,0.19414149996625912,0.04023436730631388,0.8029394364053969,0.36363636363636365,0.7078804347826086,0.49623140957007894,0.8466961165651332,0.15029270479030557,0.17705392484482768,0.07936288268727432,0.7409180422085351,0.07785062522565223,69.09411764705882,-0.05392414264596479,-0.016939639936439432
2024,137,3267,3439,49,92,-43,0,0,9,-0.9645161290322584,1.016899616538992,0.8888463231824052,1.0729966780313247,0.8758039268519098,0.3404255319148936,0.6651162790697674,0.4258968361973172,0.8457851850624486,0.38085839235349794,0.19532378959963997,0.0426990093107497,0.7392311870306973,0.348314606741573,0.7678571428571428,0.45276101494342436,0.8903139764460919,0.36909101971298786,0.17466805199950683,0.09444482256699469,0.8467885244599507,0.011767372640510088,76.47775537634408,-0.050510649779317796,0.058398737145692436
2024,138,3163,3238,86,64,22,1,0,-11,12.529780564263325,1.0909743844785946,0.7842533702671156,0.9517433763873456,0.8072408525091951,0.3583460949464012,0.7553816046966733,0.4987842557039716,0.8423263165906663,0.2715824286264233,0.169138252336155,0.06531779212443603,0.8043885519712349,0.28435114503816794,0.7134751773049646,0.3902699151433473,0.8198263551694303,0.24943917330992119,0.2013545824293251,0.08802049429703045,0.8098803237256347,0.022143255316502103,72.78730407523511,0.04592413817996743,-0.08092337788112025
2024,138,3166,3424,87,73,14,1,0,-3,-10.064583333333333,1.0603899743919627,0.9036213973658449,1.1100000329030997,0.8162724187838123,0.35200000000000004,0.8246913580246913,0.44204086421356986,0.8714239337135578,0.3622065374738362,0.15262461131640467,0.0653087220031679,0.83873387304743,0.35795454545454547,0.7747933884297521,0.46139991201734054,0.9054030647915094,0.3081489726135708,0.1361213043946754,0.03923059387066812,0.8379689566961989,0.05405756486026536,70.30572916666667,-0.021148141064372683,0.0050590950930196055
2024,138,3211,3414,75,56,19,1,0,-9,13.050830889540565,1.1506215650498754,0.8603680267176652,0.9178062151237716,0.8078951743435868,0.40025575447570333,0.7971602434077079,0.4888847014189908,0.8724818186446021,0.33570059734672625,0.1815678022743056,0.059132722135723584,0.8163552612257076,0.260038240917782,0.7176015473887815,0.4026153176111581,0.8546635705215548,0.24484254947284742,0.20044583345340114,0.05143238232438691,0.7501512492663626,0.09085804787387883,69.76559139784946,0.03538845433490578,0.005008185275988231
2024,138,3193,3231,56,89,-33,0,0,9,1.229143492769742,1.006714426806035,0.7782156922676121,1.095557403460355,0.8849435649157339,0.32962962962962966,0.7060185185185185,0.4655048517761907,0.8077175890575627,0.36622982541540916,0.23208153900280265,0.04953138187548078,0.7495194935886711,0.4019933554817276,0.7331932773109243,0.5113378401802333,0.79990818982106,0.2884872189888961,0.1768898110578698,0.06763832088328635,0.8201332285366635,0.07774260642651304,72.08503893214683,-0.0023982237633712322,0.05593382417557524
2024,138,3221,3234,65,91,-26,0,0,15,-15.649071358748778,0.9277142205044013,0.8467188310520611,1.1695816844367422,0.9105581082755165,0.32717190388170053,0.7322274881516587,0.3993840445585239,0.8711530166781075,0.2598979593004135,0.1798828943666009,0.06338483665934021,0.836315739134397,0.38178096212896623,0.781733746130031,0.5037357346179402,0.8308944255729732,0.37491454579699,0.16851192550228344,0.05031276009087879,0.8391193360101352,-0.11501658649657653,73.24936461388074,-0.037440519766117675,-0.003725296026977132
2024,138,3242,3276,81,72,9,1,0,-1,-1.7321603128054743,0.9695372963204897,0.9025975712153509,0.9808798712068378,0.9011114610846152,0.328125,0.7142857142857142,0.44093281560454584,0.7903207781578254,0.23552420888281758,0.1842203923962245,0.07025998133962555,0.8322503698115263,0.353211009174312,0.7251461988304094,0.43076203667516183,0.8408850900940615,0.27941606596275687,0.20351411633949523,0.0419079085731003,0.7599969588938649,-0.043891857079939284,70.72900782013686,0.02100396234636709,-0.012978140259487736
2024,138,3266,3279,55,67,-12,0,0,3,1.0322580645161281,0.979078217484904,0.8332391619428978,0.9454457449330523,0.8120314697393307,0.3672014260249554,0.7631578947368421,0.44974783681080766,0.8294481837339153,0.2546455841709263,0.199352289890484,0.06840729484625582,0.7859764827577891,0.2644628099173554,0.6930693069306931,0.4171887501990926,0.8250115986193434,0.16117424047811352,0.20286808309465776,0.10436004918276857,0.780600525685709,0.09347134369281279,72.10282258064515,0.00702363086957708,-0.06810981984453157
2024,138,3151,3301,45,64,-19,0,0,11,-4.751515151515152,1.0097303280665695,0.8442597625090774,0.9855223675839546,0.8189091763212762,0.3698630136986301,0.7716049382716049,0.44485245295830134,0.8032580859849511,0.26718301317341736,0.17278630343863297,0.03922132241288247,0.8040457551524265,0.3235772357723577,0.7374392220421394,0.4299087393883642,0.8426976394361073,0.2494410748379083,0.16516524934486015,0.06714610405542296,0.8808340001054593,0.01774193833550905,69.01227272727272,-0.0038183704631578053,-0.022737192144098473
2024,138,3245,3323,67,81,-14,0,0,13,-12.889008620689655,0.9726241978009843,0.8939626666105913,1.0159333354579163,0.7882887386221915,0.31886477462437396,0.7210743801652892,0.4213805238348426,0.8536706318096212,0.2846767567633137,0.17957806082728406,0.06401442398724205,0.8136891948664035,0.34942084942084944,0.7667785234899329,0.4569146873265854,0.8343384723348605,0.20841886602237847,0.18061085910851107,0.07784718757251025,0.7960672890462673,0.07625789074093525,75.2223599137931,-0.027060267721299436,-0.012993763361086264
2024,138,3195,3328,70,73,-3,0,0,7,9.35483870967742,1.0560241217879287,0.8066421383085536,0.965305036857938,0.8706015966427711,0.30846325167037864,0.7071917808219178,0.43924875900174015,0.8343792011561796,0.4192164836107322,0.17414336298937694,0.0474518856923172,0.7386371123024935,0.31704260651629074,0.7040816326530612,0.42725131300180774,0.8517009894959436,0.32265635798002634,0.20028350116967067,0.056895294844189426,0.8087352467320656,0.09656012563070587,74.30887096774194,-0.001231658702204319,-0.011209164774106162
2024,138,3112,3393,69,74,-5,0,0,5,-4.8125,0.948760696931867,0.8931186100825811,1.0183419473900992,0.8866271497397697,0.3143507972665148,0.7513812154696132,0.4402484194171024,0.8195068244710829,0.18697068673527534,0.18701892201155837,0.07013955759630414,0.7609673206854413,0.32137285491419654,0.7398058252427183,0.4178099753863062,0.9003200821579161,0.29327381351748283,0.18772722201651057,0.07491026601629071,0.8392068506972324,-0.10630312678220749,73.386328125,-0.0014411255030427617,-0.055029288418372735
2024,138,3397,3453,92,63,29,1,0,-5,-10.11592741935484,0.9943098521613372,0.9164536762143688,1.0967903381948256,0.8507597695372034,0.31866464339908956,0.7474402730375427,0.43114141953517304,0.8394812503123149,0.279278085181668,0.19002028760442113,0.04648557345829213,0.9092367096844093,0.3392,0.7818181818181819,0.4778770965258801,0.857916518044126,0.2910369159180708,0.1498900345619491,0.038967137559235775,0.8100800228123803,-0.01175883073640277,71.77775957661291,-0.030939399173613436,0.042166907068232784
2024,138,3417,3465,84,55,29,1,0,-13,6.741935483870968,1.0450031444608487,0.8296814062173998,0.9920483518189864,0.8756052140405101,0.3287878787878788,0.744721689059501,0.45337185293146903,0.8685223615803545,0.2855910252316925,0.1963388214834677,0.08226039941081964,0.7749225150885949,0.32799145299145294,0.740916271721959,0.42309932892943086,0.8159030840948489,0.37044804323493535,0.1708448486248681,0.024091044646332015,0.8230576532971638,-0.08485701800324286,78.06693548387096,0.019617006931242353,0.05157227262754982
2024,138,3394,3425,55,87,-32,0,0,15,-6.886499402628434,0.8901965286428805,0.8152710577553826,1.0310437223019793,0.858225956992392,0.26369168356997974,0.6889279437609842,0.39890427638204784,0.7812177124634293,0.24923323171143646,0.22472747208996544,0.05634513134967653,0.8101888629078189,0.3556231003039514,0.7482876712328768,0.4288478965505647,0.8615880190784141,0.29405251778575914,0.16118570642924357,0.09826089221162823,0.8034460788433663,-0.04481928607432267,72.93149641577061,-0.001554856846598951,0.020359892256425427
2024,138,3355,3428,54,68,-14,0,0,7,-0.40000000000000036,1.0431432007732824,0.839403456832586,1.0654412040788324,0.8799680155644548,0.38661710037174724,0.7104316546762589,0.48103028627609784,0.7895450794637744,0.2550754836686487,0.2021933290355347,0.07009768045507488,0.8339893571056355,0.3566433566433566,0.7462311557788944,0.4651574007261736,0.8512433606319296,0.402464876154307,0.18444854467878702,0.037739862750085125,0.8119023485965057,-0.1473893924856583,70.9525,0.034676239117383656,-0.0014801258725847255
2024,138,3343,3452,53,63,-10,0,0,1,-3.1123470522803114,1.0404351526488693,0.8301810761555353,0.9926987360485691,0.7854035985548892,0.33256351039260973,0.7086614173228346,0.46016715056677093,0.9015002081929175,0.22223584875022379,0.18304030593427284,0.07287994171920725,0.7607710667830588,0.3244047619047619,0.7008264462809918,0.44920516893249224,0.8019032592146651,0.2909126652082921,0.1920162612865867,0.06458759236613651,0.7064312017316717,-0.06867681645806833,71.19193548387096,0.009636220443839494,0.02449525141745057
2024,139,3124,3439,75,72,3,1,0,1,2.129032258064516,0.998553371869618,0.7959960357776878,1.0729966780313247,0.8758039268519098,0.3342776203966006,0.7035490605427975,0.448232989798139,0.8435863814850171,0.30451867022400025,0.2110223292096796,0.04299579774193857,0.7647465219029465,0.348314606741573,0.7678571428571428,0.45276101494342436,0.8903139764460919,0.36909101971298786,0.17466805199950683,0.09444482256699469,0.8467885244599507,-0.0645723494889876,72.3342741935484,-0.010647729396940031,-0.0031415398533591876
2024,139,3160,3243,63,50,13,1,0,1,-2.787298387096774,1.021726865101859,0.8768743296427821,0.9884205908348939,0.7854873692294392,0.35775127768313464,0.728,0.4599414107507947,0.8399440165862253,0.25581290345897156,0.17982934191534464,0.05335600283832156,0.7723285660740878,0.3125948406676783,0.6927710843373494,0.4567787962388252,0.8245749192591434,0.2818705710252201,0.1870912718939122,0.09105826469670861,0.7927046021798606,-0.026057667566248555,73.32613407258066,-0.019967565708666035,0.010560225242653543
2024,139,3181,3326,75,63,12,1,0,5,-4.8509454949944395,0.9537818653167586,0.8096516643039737,1.0506865366350984,0.8417487436249687,0.3183453237410072,0.7587006960556846,0.4474950753582124,0.8182099411644199,0.2507255267133359,0.23491832361110004,0.10299880063222663,0.7793028078319973,0.3563579277864992,0.7122302158273381,0.4703083962116208,0.8196015177472021,0.28946286883357336,0.1741773675462722,0.060916233910424125,0.7466673161995023,-0.03873734212023744,74.00173804226918,0.008719902343029273,0.04731469900058333
2024,139,3261,3292,83,56,27,1,0,-8,6.575757575757578,1.083357709024425,0.788545222755215,1.0649472941877427,0.8055577531541035,0.3211009174311926,0.7494331065759637,0.4676035928882407,0.8406100997728021,0.16642762842786055,0.19079490940939037,0.0895491033745054,0.782468261835398,0.34993773349937735,0.7745454545454544,0.44082873779829423,0.8511839234354053,0.3607052674708921,0.16166007794786802,0.08636522961441803,0.8452390211494113,-0.19427763904303155,73.66969696969696,0.004991040883234044,0.06555557832696124
2024,139,3304,3333,51,61,-10,0,0,3,-2.8670576735092865,1.0129824393378528,0.8895661062174386,1.0282628733564119,0.8539986806021189,0.3373205741626794,0.7299651567944251,0.4259490115531324,0.8475816372335457,0.3490024828990265,0.18915938810388178,0.03528460624209009,0.8141991091652272,0.35916542473919527,0.7168141592920354,0.4650742319779982,0.8330793971548569,0.31313986989272163,0.1779899588473751,0.06899483406424216,0.9127557670916846,0.03586261300630489,71.05193059628543,-0.04292165490634947,0.03184381203114195
2024,139,3314,3376,41,88,-47,0,0,7,-22.717741935483872,0.9549300851564559,0.8529498504329301,1.1215070563250746,0.7366011678949012,0.30570902394106814,0.6689895470383275,0.42191209740466634,0.8430668839807725,0.24101867205060193,0.1705524969732517,0.08053706417735097,0.7990268209903362,0.39655172413793105,0.6856677524429967,0.499254567289281,0.8719271038166452,0.2131086538859773,0.1714161916808244,0.12420792245282486,0.8413990638523907,0.027910018164624628,74.47779737903227,-0.06880859176288207,-0.038705811696091885
2024,139,3235,3390,81,87,-6,0,0,5,-11.690127077223853,1.0138027592231358,0.922700188482789,1.1005487157089684,0.8390297159888391,0.37499999999999994,0.7308488612836439,0.4658858913027758,0.801342834099315,0.3102885121804442,0.2147217662061501,0.04559760097707428,0.8743251756395529,0.3492063492063492,0.7740667976424361,0.46525535598422624,0.8947392827130385,0.2988491956457134,0.1680483519645841,0.07795298223715853,0.8958467289081822,0.011439316534730792,71.91400293255131,-0.015259672915051259,-0.05658674816296261
2024,139,3104,3400,54,65,-11,0,0,7,-11.487132352941178,1.0080160831778868,0.8470091938840268,1.1018463480653409,0.7896757303573958,0.3490427098674521,0.7091503267973857,0.4349322491000027,0.8280117159793602,0.2914965893098482,0.19689029593506616,0.0781060286748704,0.8117596620329925,0.36363636363636365,0.7078804347826086,0.49623140957007894,0.8466961165651332,0.15029270479030557,0.17705392484482768,0.07936288268727432,0.7409180422085351,0.1412038845195426,73.20818014705881,-0.030577154044158616,0.003932281308085428
2024,140,3163,3393,72,64,8,1,0,-3,13.90909090909091,1.0909743844785946,0.7842533702671156,1.0183419473900992,0.8866271497397697,0.3583460949464012,0.7553816046966733,0.4987842557039716,0.8423263165906663,0.2715824286264233,0.169138252336155,0.06531779212443603,0.8043885519712349,0.32137285491419654,0.7398058252427183,0.4178099753863062,0.9003200821579161,0.29327381351748283,0.18772722201651057,0.07491026601629071,0.8392068506972324,-0.02169138489105954,73.16079545454545,0.06037461974854896,-0.0986750549610409
2024,140,3211,3428,77,66,11,1,0,-1,7.212121212121211,1.1506215650498754,0.8603680267176652,1.0654412040788324,0.8799680155644548,0.40025575447570333,0.7971602434077079,0.4888847014189908,0.8724818186446021,0.33570059734672625,0.1815678022743056,0.059132722135723584,0.8163552612257076,0.3566433566433566,0.7462311557788944,0.4651574007261736,0.8512433606319296,0.402464876154307,0.18444854467878702,0.037739862750085125,0.8119023485965057,-0.06676427880758073,71.03833333333333,0.021309882944490544,0.049599691532826395
2024,140,3231,3328,75,68,7,1,0,-1,7.480533926585095,1.095557403460355,0.8849435649157339,0.965305036857938,0.8706015966427711,0.4019933554817276,0.7331932773109243,0.5113378401802333,0.79990818982106,0.2884872189888961,0.1768898110578698,0.06763832088328635,0.8201332285366635,0.31704260651629074,0.7040816326530612,0.42725131300180774,0.8517009894959436,0.32265635798002634,0.20028350116967067,0.056895294844189426,0.8087352467320656,-0.03416913899113022,76.01326473859845,0.03581260897595462,-0.06303820709868069
2024,140,3234,3452,64,54,10,1,0,-7,4.068426197458454,1.1695816844367422,0.9105581082755165,0.9926987360485691,0.7854035985548892,0.38178096212896623,0.781733746130031,0.5037357346179402,0.8308944255729732,0.37491454579699,0.16851192550228344,0.05031276009087879,0.8391193360101352,0.3244047619047619,0.7008264462809918,0.44920516893249224,0.8019032592146651,0.2909126652082921,0.1920162612865867,0.06458759236613651,0.7064312017316717,0.0840018805886979,77.26428396871945,0.028401760475826876,-0.023047801899674925
2024,140,3301,3397,79,72,7,1,0,-3,7.527859237536657,0.9855223675839546,0.8189091763212762,0.9943098521613372,0.9164536762143688,0.3235772357723577,0.7374392220421394,0.4299087393883642,0.8426976394361073,0.2494410748379083,0.16516524934486015,0.06714610405542296,0.8808340001054593,0.31866464339908956,0.7474402730375427,0.43114141953517304,0.8394812503123149,0.279278085181668,0.19002028760442113,0.04648557345829213,0.9092367096844093,-0.029837010343759712,75.51557917888562,0.018834861857177143,-0.05519940890112551
2024,140,3279,3323,56,71,-15,0,0,5,-8.599798387096774,0.9454457449330523,0.8120314697393307,1.0159333354579163,0.7882887386221915,0.2644628099173554,0.6930693069306931,0.4171887501990926,0.8250115986193434,0.16117424047811352,0.20286808309465776,0.10436004918276857,0.780600525685709,0.34942084942084944,0.7667785234899329,0.4569146873265854,0.8343384723348605,0.20841886602237847,0.18061085910851107,0.07784718757251025,0.7960672890462673,-0.04724462554426495,75.4821068548387,-0.020923369331478425,0.027107335651624376
2024,140,3166,3417,63,67,-4,0,0,5,-6.001075268817205,1.0603899743919627,0.9036213973658449,1.0450031444608487,0.8296814062173998,0.35200000000000004,0.8246913580246913,0.44204086421356986,0.8714239337135578,0.3622065374738362,0.15262461131640467,0.0653087220031679,0.83873387304743,0.3287878787878788,0.744721689059501,0.45337185293146903,0.8685223615803545,0.2855910252316925,0.1963388214834677,0.08226039941081964,0.7749225150885949,0.07661551224214369,71.75799731182795,-0.02113223585082219,-0.04131025377443642
2024,140,3242,3425,55,73,-18,0,0,7,-8.096774193548388,0.9695372963204897,0.9025975712153509,1.0310437223019793,0.858225956992392,0.328125,0.7142857142857142,0.44093281560454584,0.7903207781578254,0.23552420888281758,0.1842203923962245,0.07025998133962555,0.8322503698115263,0.3556231003039514,0.7482876712328768,0.4288478965505647,0.8615880190784141,0.29405251778575914,0.16118570642924357,0.09826089221162823,0.8034460788433663,-0.058528308902941556,71.50040322580645,0.0023436204040078734,-0.0136779916758486
2024,144,3301,3390,77,67,10,1,0,1,-4.484848484848486,0.9855223675839546,0.8189091763212762,1.1005487157089684,0.8390297159888391,0.3235772357723577,0.7374392220421394,0.4299087393883642,0.8426976394361073,0.2494410748379083,0.16516524934486015,0.06714610405542296,0.8808340001054593,0.3492063492063492,0.7740667976424361,0.46525535598422624,0.8947392827130385,0.2988491956457134,0.1680483519645841,0.07795298223715853,0.8958467289081822,-0.04940812080780507,72.49772727272727,-0.0188535567404593,-0.05062665949385403
2024,144,3323,3333,65,70,-5,0,0,-1,6.599798387096774,1.0159333354579163,0.7882887386221915,1.0282628733564119,0.8539986806021189,0.34942084942084944,0.7667785234899329,0.4569146873265854,0.8343384723348605,0.20841886602237847,0.18061085910851107,0.07784718757251025,0.7960672890462673,0.35916542473919527,0.7168141592920354,0.4650742319779982,0.8330793971548569,0.31313986989272163,0.1779899588473751,0.06899483406424216,0.9127557670916846,-0.10472100387034317,73.78654233870967,-0.012747487103015709,0.043630090027820256
2024,144,3231,3376,75,79,-4,0,0,3,-14.301724137931034,1.095557403460355,0.8849435649157339,1.1215070563250746,0.7366011678949012,0.4019933554817276,0.7331932773109243,0.5113378401802333,0.79990818982106,0.2884872189888961,0.1768898110578698,0.06763832088328635,0.8201332285366635,0.39655172413793105,0.6856677524429967,0.499254567289281,0.8719271038166452,0.2131086538859773,0.1714161916808244,0.12420792245282486,0.8413990638523907,0.07537856510291882,74.58138469827585,-0.0367671437634467,-0.08493145007985531
2024,144,3211,3400,47,69,-22,0,0,3,-1.9937611408199665,1.1506215650498754,0.8603680267176652,1.1018463480653409,0.7896757303573958,0.40025575447570333,0.7971602434077079,0.4888847014189908,0.8724818186446021,0.33570059734672625,0.1815678022743056,0.059132722135723584,0.8163552612257076,0.36363636363636365,0.7078804347826086,0.49623140957007894,0.8466961165651332,0.15029270479030557,0.17705392484482768,0.07936288268727432,0.7409180422085351,0.18540789255642068,72.06495098039215,-0.011212500060437058,-0.008330203488647103
2024,145,3163,3181,53,45,8,1,0,-4,12.070381231671556,1.0909743844785946,0.7842533702671156,0.9537818653167586,0.8096516643039737,0.3583460949464012,0.7553816046966733,0.4987842557039716,0.8423263165906663,0.2715824286264233,0.169138252336155,0.06531779212443603,0.8043885519712349,0.3183453237410072,0.7587006960556846,0.4474950753582124,0.8182099411644199,0.2507255267133359,0.23491832361110004,0.10299880063222663,0.7793028078319973,0.020856901913087367,72.54809384164223,0.028984063847682096,-0.056518802058116546
2024,145,3160,3234,68,89,-21,0,0,4,-9.132942326490712,1.021726865101859,0.8768743296427821,1.1695816844367422,0.9105581082755165,0.35775127768313464,0.728,0.4599414107507947,0.8399440165862253,0.25581290345897156,0.17982934191534464,0.05335600283832156,0.7723285660740878,0.38178096212896623,0.781733746130031,0.5037357346179402,0.8308944255729732,0.37491454579699,0.16851192550228344,0.05031276009087879,0.8391193360101352,-0.11910164233801845,76.62113880742913,-0.023640519295423768,-0.012490281123795799
2024,145,3261,3417,78,69,9,1,0,1,7.18377321603128,1.083357709024425,0.788545222755215,1.0450031444608487,0.8296814062173998,0.3211009174311926,0.7494331065759637,0.4676035928882407,0.8406100997728021,0.16642762842786055,0.19079490940939037,0.0895491033745054,0.782468261835398,0.3287878787878788,0.744721689059501,0.45337185293146903,0.8685223615803545,0.2855910252316925,0.1963388214834677,0.08226039941081964,0.7749225150885949,-0.11916339680383195,77.06311094819159,0.008158707432012413,0.04698134555699407
2024,145,3124,3425,70,74,-4,0,0,4,2.67741935483871,0.998553371869618,0.7959960357776878,1.0310437223019793,0.858225956992392,0.3342776203966006,0.7035490605427975,0.448232989798139,0.8435863814850171,0.30451867022400025,0.2110223292096796,0.04299579774193857,0.7647465219029465,0.3556231003039514,0.7482876712328768,0.4288478965505647,0.8615880190784141,0.29405251778575914,0.16118570642924357,0.09826089221162823,0.8034460788433663,0.010466152438241116,73.67620967741937,0.007750091067410925,0.0030119719628555197
2024,146,3301,3400,76,66,10,1,0,2,-9.38770053475936,0.9855223675839546,0.8189091763212762,1.1018463480653409,0.7896757303573958,0.3235772357723577,0.7374392220421394,0.4299087393883642,0.8426976394361073,0.2494410748379083,0.16516524934486015,0.06714610405542296,0.8808340001054593,0.36363636363636365,0.7078804347826086,0.49623140957007894,0.8466961165651332,0.15029270479030557,0.17705392484482768,0.07936288268727432,0.7409180422085351,0.09914837004760274,74.10889037433154,-0.017428924494885423,-0.06243851238063658
2024,146,3333,3376,58,70,-12,0,0,2,-17.943548387096776,1.0282628733564119,0.8539986806021189,1.1215070563250746,0.7366011678949012,0.35916542473919527,0.7168141592920354,0.4650742319779982,0.8330793971548569,0.31313986989272163,0.1779899588473751,0.06899483406424216,0.9127557670916846,0.39655172413793105,0.6856677524429967,0.499254567289281,0.8719271038166452,0.2131086538859773,0.1714161916808244,0.12420792245282486,0.8413990638523907,0.10003121600674433,73.10763608870968,-0.036432528644709306,-0.06892888819472176
2024,147,3163,3425,80,73,7,1,0,2,10.392961876832846,1.0909743844785946,0.7842533702671156,1.0310437223019793,0.858225956992392,0.3583460949464012,0.7553816046966733,0.4987842557039716,0.8423263165906663,0.2715824286264233,0.169138252336155,0.06531779212443603,0.8043885519712349,0.3556231003039514,0.7482876712328768,0.4288478965505647,0.8615880190784141,0.29405251778575914,0.16118570642924357,0.09826089221162823,0.8034460788433663,-0.02247008915933585,72.91381964809383,0.04976496484005599,-0.01804371410997163
2024,147,3234,3261,94,87,7,1,0,-2,-3.2121212121212146,1.1695816844367422,0.9105581082755165,1.083357709024425,0.788545222755215,0.38178096212896623,0.781733746130031,0.5037357346179402,0.8308944255729732,0.37491454579699,0.16851192550228344,0.05031276009087879,0.8391193360101352,0.3211009174311926,0.7494331065759637,0.4676035928882407,0.8406100997728021,0.16642762842786055,0.19079490940939037,0.0895491033745054,0.782468261835398,0.20848691736912947,79.5878787878788,0.0014977607825196193,-0.07419874144306848
2024,151,3163,3234,69,71,-2,0,0,2,1.9696969696969724,1.0909743844785946,0.7842533702671156,1.1695816844367422,0.9105581082755165,0.3583460949464012,0.7553816046966733,0.4987842557039716,0.8423263165906663,0.2715824286264233,0.169138252336155,0.06531779212443603,0.8043885519712349,0.38178096212896623,0.781733746130031,0.5037357346179402,0.8308944255729732,0.37491454579699,0.16851192550228344,0.05031276009087879,0.8391193360101352,-0.10333211717056673,76.32689393939394,0.017570462654061703,-0.00731306164206913
2024,151,3301,3376,59,78,-19,0,0,2,-15.931818181818182,0.9855223675839546,0.8189091763212762,1.1215070563250746,0.7366011678949012,0.3235772357723577,0.7374392220421394,0.4299087393883642,0.8426976394361073,0.2494410748379083,0.16516524934486015,0.06714610405542296,0.8808340001054593,0.39655172413793105,0.6856677524429967,0.499254567289281,0.8719271038166452,0.2131086538859773,0.1714161916808244,0.12420792245282486,0.8413990638523907,0.03633242095193101,75.70305397727273,-0.05283003455603785,-0.06049132852713568
2024,153,3234,3376,75,87,-12,0,0,0,-8.810606060606062,1.1695816844367422,0.9105581082755165,1.1215070563250746,0.7366011678949012,0.38178096212896623,0.781733746130031,0.5037357346179402,0.8308944255729732,0.37491454579699,0.16851192550228344,0.05031276009087879,0.8391193360101352,0.39655172413793105,0.6856677524429967,0.499254567289281,0.8719271038166452,0.2131086538859773,0.1714161916808244,0.12420792245282486,0.8413990638523907,0.16180589191101272,78.04812973484849,-0.037943468891578624,-0.04425416274589
2025,135,3235,3343,68,63,5,1,0,0,0.18181818181818166,1.0456272660413504,0.9145909626948958,1.019401359562578,0.8513393171166312,0.36,0.7299382716049383,0.4741250597433406,0.7827565012440184,0.30711917998477944,0.1874212160159785,0.04971553957235983,0.8313044087156709,0.3453815261044177,0.7353760445682451,0.4691284871272966,0.8391361116068289,0.27257854111234925,0.21617562226793902,0.06991524807188786,0.8157395687187012,0.034540638872430196,69.688704004329,-0.006274238080121952,-0.08590984519866685
2025,135,3380,3471,68,56,12,1,0,0,-4.871212121212121,0.8441712502852612,0.8442555274060849,0.8669591928081202,0.818936901180979,0.29858657243816256,0.6570915619389587,0.36168902302508865,0.8319433365393174,0.26075307203845344,0.19165827763660484,0.05738698756356932,0.7198624360001965,0.2912912912912913,0.7046728971962617,0.38273030257760676,0.827308404506877,0.27660059685597044,0.19445519081532917,0.048569026320236575,0.7692021383966172,-0.015847524817517,70.63303740530303,-0.01632750647116893,0.024623645339834355
2025,136,3162,3449,63,60,3,1,0,0,6.834051724137931,1.0484608605183166,0.8531794186719833,1.0464472693530198,0.9203911151137791,0.3138075313807531,0.6197478991596638,0.4378260554345241,0.9046140697644276,0.35249971545606795,0.1818039914821654,0.03601943352534855,0.7874785792347632,0.3727810650887574,0.7904761904761904,0.47985619692706977,0.8571987314349967,0.30484725632743553,0.20371036775700888,0.0704501975388946,0.8453516397305962,0.04765245912863242,69.80728717672415,-0.017222351731201735,0.03732304496095529
2025,136,3219,3456,63,69,-6,0,0,0,11.889583333333334,0.922540286134127,0.8292616616695465,0.8408872357512701,0.9168077901565532,0.3054263565891473,0.7313131313131312,0.43369563699491304,0.7635282134761855,0.30328905363750536,0.21433438448291897,0.05884548897697391,0.7840217381014718,0.28549141965678626,0.7060240963855422,0.3911176617721422,0.8202165121847467,0.2743544097324914,0.21596003340523898,0.04998570414565785,0.8215237574898899,0.028934643905013935,72.11236979166667,0.03247060166386567,-0.021466219040004342
2025,137,3124,3213,73,60,13,1,0,-9,0.06433823529411598,1.039168917260725,0.8078465043994147,1.0478344666705286,0.8034292273011967,0.3471849865951742,0.6721044045676997,0.4512995192588119,0.8616183057625745,0.2922420403088051,0.1778378773856137,0.08309428620757692,0.7642265656971796,0.3741935483870968,0.7274509803921568,0.4863791093071079,0.8090836042123924,0.2681548607837929,0.20422883926020896,0.054381226111638994,0.7107539259968748,0.02408717952501216,73.78497242647059,-0.012157772304643544,0.0010356891391196665
2025,137,3181,3250,86,25,61,1,0,-13,4.914772727272727,1.0086900903573681,0.7940997350839892,0.9988536849558637,0.8307893014861011,0.3408304498269896,0.6884615384615385,0.449053882663283,0.870360449125632,0.2407605437102327,0.19902927084981223,0.07908728670173594,0.746299512891669,0.327741935483871,0.8107074569789675,0.44468706694456167,0.7824730803163612,0.34906887334534714,0.19996926179461746,0.04440677933778507,0.7725028794888009,-0.10830832963511444,71.3631747159091,0.009657801290585133,0.08174704357978085
2025,137,3231,3428,76,68,8,1,0,1,-7.374193548387097,0.9848232675961797,0.8939544373978663,1.045695882704029,0.8672776101969891,0.3669172932330827,0.7890466531440163,0.451107172968764,0.7761061416315607,0.30182829700204655,0.19311925276494815,0.0644161993075638,0.8105666847039555,0.3709677419354839,0.7552301255230125,0.46441807230938265,0.8029897014718278,0.36797912888918644,0.21278735741691318,0.05155728609849148,0.7848790776104685,-0.06615083188713988,72.39720430107528,-0.007601050714931279,-0.05143580773853479
2025,137,3193,3243,41,85,-44,0,0,7,-2.7917888563049864,1.0372661034196344,0.7837447378735665,1.097260974007957,0.8036880366103236,0.3353884093711467,0.7146666666666666,0.4646288409613606,0.8492088671817093,0.3758226642137763,0.1850174069675744,0.06903703226678408,0.7548659293568888,0.3883495145631068,0.7161016949152542,0.4890833965088559,0.8561777726107462,0.3034811358782296,0.1686640024063515,0.09424740534975586,0.8181749345103485,0.07234152833554669,70.93271016617791,-0.02016105552394909,-0.009746233771222412
2025,137,3246,3251,79,78,1,1,0,-9,4.679310344827586,1.028161499791658,0.8380720702951253,0.9920032955402068,0.8613656238908949,0.3168724279835391,0.782816229116945,0.45231242616989725,0.8484339262201637,0.34100853178833046,0.17459407990232953,0.10649119777989847,0.8643663329914905,0.36098310291858676,0.7599009900990098,0.44929648420426377,0.8198113452626621,0.31057412581860855,0.23349281169644354,0.08041600440234545,0.7975444528291527,0.03043440596972191,71.92577586206897,0.013756852116212859,-0.026548753172583983
2025,137,3257,3304,63,58,5,1,0,-3,-2.753024193548387,0.983322081902044,0.9233503270984352,1.0459257857099358,0.9439926130170381,0.31951640759930916,0.7134831460674157,0.43442088728865713,0.8523469610669252,0.2546235982262706,0.20510467506859142,0.03282964826782591,0.7596001769722649,0.3727144866385373,0.7394366197183099,0.450827588792505,0.834032585979201,0.3068465239988075,0.19056465700957495,0.051728375107300904,0.8359714395169794,-0.0522229257725369,73.2195564516129,-0.020648015785526108,0.05443421997231668
2025,137,3235,3276,74,80,-6,0,0,5,-2.2244318181818183,1.0456272660413504,0.9145909626948958,1.0217957600789118,0.8732141988319247,0.36,0.7299382716049383,0.4741250597433406,0.7827565012440184,0.30711917998477944,0.1874212160159785,0.04971553957235983,0.8313044087156709,0.3568215892053973,0.74822695035461,0.4551203751906323,0.8286382126844257,0.27373733514642135,0.19580229951557426,0.037414262442347745,0.773358081188398,0.0333818448383581,75.06169507575757,0.017933637005459746,-0.07009295651377623
2025,137,3123,3279,65,83,-18,0,0,7,-6.466666666666665,0.983426734319552,0.8411313538073052,1.0365534524093565,0.8041304280650842,0.3041168658698539,0.7360861759425493,0.4446500991652256,0.8063603898826948,0.3143715953841759,0.19410635585450386,0.07223828005492333,0.7850837964105974,0.30919765166340507,0.7040650406504065,0.44325993129529817,0.8677411261519801,0.23190243508570735,0.1801013103896752,0.08720895988795162,0.7168870619673009,0.08246916029846857,72.99564393939394,0.015803969899308434,-0.07444253789570354
2025,137,3323,3372,106,54,52,1,0,-11,9.736895161290324,1.076474916444434,0.7807783357212306,1.0094057030564558,0.8394014286337697,0.3951890034364261,0.772,0.48611076461061037,0.8450278115536022,0.23933019874855532,0.1924421304705348,0.08264428090568965,0.8105607085574023,0.3545568039950062,0.7333333333333333,0.4619710919468906,0.748085583063519,0.3316517423558145,0.23678572635059358,0.04984840229982687,0.8462223064142474,-0.0923215436072592,77.13634072580645,0.0206493560070391,-0.010077588084388411
2025,137,3286,3326,51,71,-20,0,0,9,-0.16236559139784923,0.9900476918515113,0.7910486772169238,1.0201250776460031,0.834419411674675,0.33791208791208793,0.7787934186471664,0.42372895155939233,0.8208961265101952,0.32411759221221464,0.19519243643819756,0.06743594362418938,0.7410982761793055,0.34086956521739126,0.6873949579831933,0.44950405009013283,0.8477365593309804,0.24995961156460395,0.15691338986690762,0.0707257801915548,0.7614162968114918,0.0741579806476107,74.7807123655914,-0.007618852457089154,0.02938350885030272
2025,137,3332,3435,77,73,4,1,1,3,-9.447916666666668,0.9452822782772125,0.884993144021186,1.0689852104089728,0.9031206412313699,0.3011811023622047,0.6974789915966386,0.4250432120008994,0.8486286818227069,0.2349825712780067,0.17711321996574395,0.04390885707913542,0.7964929747963402,0.3393124065769806,0.7837398373983739,0.4487981669587658,0.8720640065203978,0.26784835545188723,0.17402211879923024,0.04420727869215078,0.7953595904943319,-0.03286578417388053,75.06924479166666,0.003102034344013349,-0.0687735439181727
2025,137,3210,3350,49,74,-25,0,0,1,-2.5284090909090917,1.0501682998970565,0.8846009866699156,1.0806429824496453,0.8390890385991641,0.3207070707070707,0.7563218390804598,0.4445862226075112,0.9063011801327112,0.33726677025457225,0.15783973037217963,0.0415727663138813,0.8346073419813947,0.3830049261083744,0.7600896860986547,0.49100720804044234,0.799313188892314,0.3697540300030579,0.2039382829979275,0.06809243249559281,0.8512621798976806,-0.03248725974848565,69.98003077651515,-0.04422117157324501,0.023790513012027947
2025,137,3376,3399,108,48,60,1,0,-15,13.899686520376175,1.0935299192238952,0.7777053166601701,0.9906141955550569,0.8681560147360208,0.3275563258232236,0.765323992994746,0.46702144899740783,0.8976547616073591,0.23673720018935585,0.16107748719830897,0.09169419925838172,0.8355710372046251,0.3642276422764228,0.77,0.42660829462652394,0.7775979399443187,0.29541608731316055,0.22206543773946102,0.07670014225670854,0.7950574938391705,-0.0586788871238047,72.8064393939394,0.04764481316907798,0.03205925956825906
2025,137,3192,3395,51,73,-22,0,0,13,-8.627450980392156,1.0245865092362392,0.8357666707470628,1.1260763577694697,0.8311096882216528,0.34048640915593703,0.7634146341463415,0.4163526923943054,0.8892523757779999,0.3603866588823157,0.16996991869686276,0.027006011222728117,0.8433161544371133,0.37557603686635943,0.7489878542510122,0.4742474361848896,0.8721429929303671,0.36929127521436284,0.16613984811944568,0.10182512567128645,0.8236764015023027,-0.008904616332047144,66.9593137254902,-0.0342401188800604,0.01992306606742844
2025,137,3378,3397,66,101,-35,0,0,7,-11.22873900293255,0.946817947099559,0.8688414636278701,1.0617648600811538,0.8765511885707122,0.3391472868217054,0.705078125,0.4178945676631527,0.8578439662223384,0.22409029881335288,0.19245986970380413,0.05769999890442603,0.7993009197889165,0.32601880877742945,0.6888045540796963,0.4388316151986596,0.9103538249107725,0.3740825397541933,0.17147922517836586,0.05022215243569834,0.7429566942532994,-0.14999224094084043,75.93153714565004,0.006446885370369082,-0.02342316714183601
2025,137,3380,3417,46,84,-38,0,0,15,-21.71875,0.8441712502852612,0.8442555274060849,1.077134124138894,0.798126950515235,0.29858657243816256,0.6570915619389587,0.36168902302508865,0.8319433365393174,0.26075307203845344,0.19165827763660484,0.05738698756356932,0.7198624360001965,0.3269513991163476,0.7276341948310139,0.4799752840727518,0.8588605303242457,0.2917228600089841,0.20248229359784276,0.08901086698947151,0.8324333437033657,-0.030969787970530682,70.5546875,-0.07924863462032805,-0.014422063998986157
2025,138,3104,3453,81,67,14,1,0,-7,4.30141129032258,1.0525276256241967,0.834308667773859,1.0349766745797824,0.8599614660827153,0.3863636363636363,0.6858736059479553,0.4648835267966668,0.8361496408994618,0.3042138237742686,0.18510609777802522,0.07590069220414,0.8089339733236657,0.36,0.7901785714285714,0.4413919501815331,0.8664786239140099,0.2846899938409964,0.1611552250385742,0.03538688686970395,0.8131671177135025,0.019523829933272174,70.27792338709678,0.019644418170288058,0.02353740853558073
2025,138,3117,3163,34,103,-69,0,0,13,-22.70392156862745,0.9369971113749933,0.8672494623218658,1.1582671631817258,0.7453753557048781,0.324435318275154,0.6883365200764818,0.3855346541765628,0.8437724110797631,0.41603266434369013,0.20136618717285376,0.05782937515292804,0.7882088944828819,0.3769430051813471,0.7654639175257731,0.5120893009278659,0.8940021718720611,0.3253278157538954,0.1497068586777412,0.07195343572433932,0.7900638339558951,0.09070484858979472,74.09875,-0.09567748363696105,0.0456099682120687
2025,138,3199,3206,94,59,35,1,0,-5,0.25806451612903203,1.0801710292651314,0.8842058283897674,1.0373952773682855,0.8173420287104721,0.3470967741935484,0.7906197654941374,0.44411973726249,0.8806763391368483,0.3098929203653713,0.13605833078769167,0.08919938788011238,0.8211272459793446,0.36288998357963875,0.7248322147651006,0.425884433175572,0.86954348402891,0.2791825671579857,0.15603827150142763,0.07023271127727089,0.786853389158066,0.030710353207385632,75.28508064516129,-0.009554784302355679,-0.024750764893223143
2025,138,3166,3228,57,66,-9,0,0,1,-0.90625,1.047093410272094,0.9234767500741856,1.0175998455473836,0.8725072433338551,0.36716791979949875,0.8040345821325648,0.45253673364376534,0.87147941684013,0.3628417662105372,0.15495917178665602,0.04268877084010882,0.8354888468605448,0.344758064516129,0.7939068100358423,0.4349524030094519,0.8328564189215624,0.23722780033597496,0.16887065009126276,0.042377597647000415,0.8305416278348141,0.12561396587456225,69.61580729166667,-0.004410420292677797,-0.02140752972426052
2025,138,3234,3293,92,57,35,1,0,-5,-6.53125,1.00680291590933,0.883633888566253,1.1011496182693061,0.9237065634585022,0.34782608695652173,0.7213403880070547,0.4645427636169472,0.7932676654247103,0.2827318646181027,0.20706615383313853,0.057162070068425025,0.8021260347792905,0.35628415300546445,0.803680981595092,0.45741896808939503,0.8387036746419373,0.35904871439924607,0.16010639924632353,0.03451880996649557,0.800616592455397,-0.07631684978114339,76.812890625,0.02572833025989607,0.00850994118424342
2025,138,3261,3361,103,48,55,1,0,-11,12.319128787878789,1.0532246588534862,0.8300245965689612,0.9721631666730889,0.8671254132460876,0.33473684210526317,0.7329700272479565,0.45558250180735227,0.8713873103829708,0.18121624670468567,0.1825469673629986,0.0661985763060592,0.8056985831144484,0.34309623430962344,0.7514450867052023,0.43953631536636406,0.8291614017310778,0.21388599169190675,0.17932452138752222,0.060148429731697976,0.807991148119571,-0.03266974498722108,75.0047940340909,0.017125332400808657,0.07993558041684246
2025,138,3268,3313,82,69,13,1,0,-9,-5.772916666666667,1.0475432408752348,0.9233095038059744,0.9807789105524444,0.7754705444370943,0.35396518375241776,0.758569299552906,0.46771934702789947,0.7996003590615172,0.22649430057807904,0.21007302415053225,0.05998358546253488,0.8250355091540568,0.3231240428790199,0.7084148727984344,0.4318858194947521,0.8564968691639374,0.27776528981002757,0.19051618658808464,0.09864888002959002,0.7517396071752128,-0.05127098923194853,75.065078125,-0.004484646096811207,0.0076504498164108314
2025,138,3217,3277,50,64,-14,0,0,3,1.430952380952382,1.0221454467186417,0.7767819249062538,1.0271568901479085,0.8381649500673466,0.3081570996978852,0.7454068241469816,0.4259060118388078,0.9006937780331624,0.3477150916307604,0.1696767799860104,0.07407941188942367,0.7345406011387399,0.3365695792880259,0.7285491419656785,0.4483717251637585,0.8242728929747326,0.2681854167943012,0.19026184431546775,0.09148716849215087,0.7250672792291869,0.07952967483645923,72.87770833333333,0.0030182030726172426,0.014355384311177
2025,138,3143,3280,46,59,-13,0,0,-1,-3.1297348484848477,0.9963726153515938,0.8736008523621122,1.0160522935993943,0.854593254464225,0.35209580838323346,0.7209737827715355,0.45830476262065517,0.7833076386487711,0.340633878793418,0.23512966307118702,0.0531098625807943,0.8268591056629901,0.3302752293577982,0.7134502923976608,0.46220150043735686,0.8362300017107618,0.2718759808856092,0.22065838143643604,0.07559043974081987,0.7974952634026128,0.06875789790780878,74.70363399621212,-0.00760081291577519,-0.021322208824306244
2025,138,3301,3436,75,55,20,1,0,-13,1.71875,1.0241578032522947,0.8742506401423984,0.9986788495430198,0.830086673122647,0.32882882882882886,0.6828358208955224,0.4500706595276521,0.8701621710013965,0.2784596959075481,0.1542332858593158,0.06486085377269474,0.8644237185100204,0.33992094861660077,0.7031700288184438,0.4678271129562501,0.8434291761469485,0.2538629507767251,0.18029247999916947,0.073508105144674,0.795891251716679,0.024596745130822995,68.412890625,-0.007874141247597888,0.009631762574366598
2025,138,3314,3333,70,49,21,1,0,-11,12.098039215686276,0.9794838965133748,0.8112602522277224,0.9078710633656031,0.8890371769287566,0.3381770145310436,0.6692307692307692,0.42557979152341374,0.8639222994814955,0.3074372823925888,0.17533872958563199,0.06920435959050897,0.8055249678321268,0.292259083728278,0.7481060606060606,0.4085586670175246,0.7998903223455325,0.27918765716866484,0.21053652996361405,0.05827796890830605,0.8747428329979098,0.028249625223923935,70.56782531194295,0.014301773154738795,0.015676056769152513
2025,138,3195,3328,58,81,-23,0,0,11,0.8447580645161281,1.042319697077588,0.7950063429510897,1.0214985992394834,0.8327644926378998,0.3412073490813648,0.6636197440585009,0.4382989516882177,0.8517412738725875,0.36083100532304707,0.17018779695745243,0.03536882581773679,0.7760517507553586,0.32261904761904764,0.7181964573268921,0.46206706222288113,0.8149556995905795,0.31533463874963447,0.22036547218080538,0.0571074573505279,0.806493576433961,0.045496366573412605,75.92420614919354,-0.017006025070836706,-0.023073461057293243
2025,138,3329,3355,68,74,-6,0,0,-3,2.9419354838709673,1.0206449927621681,0.8065571605348749,1.0789338038319884,0.8793797265657327,0.33875338753387535,0.7068676716917923,0.4456326397308878,0.8174902852098399,0.3153167010455447,0.1968100982873469,0.06616812833908799,0.7952076942778753,0.3728,0.73046875,0.484814648556649,0.8178870546024093,0.2964882038852856,0.17671494980355454,0.06804395393573967,0.8242824751232782,0.01882849716025914,72.69862903225805,-0.009313391089699696,0.04568405008974219
2025,138,3400,3456,105,61,44,1,0,-15,28.185661764705884,1.071371574106048,0.7758217748300832,0.8408872357512701,0.9168077901565532,0.29649595687331537,0.7573333333333334,0.45940640638224167,0.8726749874496847,0.14961088815608148,0.17484338754685488,0.09880928335128726,0.7308152757970396,0.28549141965678626,0.7060240963855422,0.3911176617721422,0.8202165121847467,0.2743544097324914,0.21596003340523898,0.04998570414565785,0.8215237574898899,-0.12474352157640994,73.3659237132353,0.04970547735583003,0.062473217370064615
2025,138,3422,3425,25,71,-46,0,0,15,-14.427718040621267,0.9398521279516423,0.8291325096176843,1.053520950555541,0.7692818519372376,0.3228346456692914,0.7021739130434783,0.3976248056850771,0.8349750635448828,0.2888323805554689,0.19118487498558115,0.06330473593099846,0.7928119331613225,0.3242424242424243,0.7712121212121212,0.44274945806033467,0.8467098634701897,0.27645196563992336,0.18303062442562254,0.11570870419115849,0.7626587369605493,0.012380414915545535,71.40979689366786,-0.03561995629188475,-0.010711888643576972
2025,138,3162,3452,59,78,-19,0,0,5,-5.490545050055617,1.0484608605183166,0.8531794186719833,1.0247245654674035,0.7765792578938524,0.3138075313807531,0.6197478991596638,0.4378260554345241,0.9046140697644276,0.35249971545606795,0.1818039914821654,0.03601943352534855,0.7874785792347632,0.33136094674556216,0.7560975609756098,0.4509738863127718,0.8235881387416102,0.29679961180657777,0.20439216775610325,0.041510797232588305,0.7068284546243524,0.055700103649490185,72.10286429365962,-0.015001350934329583,0.03623077787314721
2025,139,3181,3332,59,53,6,1,0,-8,10.393939393939394,1.0086900903573681,0.7940997350839892,0.9452822782772125,0.884993144021186,0.3408304498269896,0.6884615384615385,0.449053882663283,0.870360449125632,0.2407605437102327,0.19902927084981223,0.07908728670173594,0.746299512891669,0.3011811023622047,0.6974789915966386,0.4250432120008994,0.8486286818227069,0.2349825712780067,0.17711321996574395,0.04390885707913542,0.7964929747963402,0.005777972432225997,72.64257575757576,0.01875712514943345,0.04163683177623434
2025,139,3243,3246,80,79,1,1,1,1,7.347962382445141,1.097260974007957,0.8036880366103236,1.028161499791658,0.8380720702951253,0.3883495145631068,0.7161016949152542,0.4890833965088559,0.8561777726107462,0.3034811358782296,0.1686640024063515,0.09424740534975586,0.8181749345103485,0.3168724279835391,0.782816229116945,0.45231242616989725,0.8484339262201637,0.34100853178833046,0.17459407990232953,0.10649119777989847,0.8643663329914905,-0.03752739591010085,72.93501828631139,0.014054778923064282,-0.019816779326885303
2025,139,3124,3279,63,69,-6,0,0,-1,0.503921568627451,1.039168917260725,0.8078465043994147,1.0365534524093565,0.8041304280650842,0.3471849865951742,0.6721044045676997,0.4512995192588119,0.8616183057625745,0.2922420403088051,0.1778378773856137,0.08309428620757692,0.7642265656971796,0.30919765166340507,0.7040650406504065,0.44325993129529817,0.8677411261519801,0.23190243508570735,0.1801013103896752,0.08720895988795162,0.7168870619673009,0.060339605223097725,74.21544117647059,0.017654056117119954,-0.034215481796286196
2025,139,3276,3323,55,76,-21,0,0,3,-10.174395161290324,1.0217957600789118,0.8732141988319247,1.076474916444434,0.7807783357212306,0.3568215892053973,0.74822695035461,0.4551203751906323,0.8286382126844257,0.27373733514642135,0.19580229951557426,0.037414262442347745,0.773358081188398,0.3951890034364261,0.772,0.48611076461061037,0.8450278115536022,0.23933019874855532,0.1924421304705348,0.08264428090568965,0.8105607085574023,0.03440713639786602,77.54884072580646,-0.03825865281326912,0.0020147927147962097
2025,139,3231,3376,53,64,-11,0,0,8,-16.501466275659823,0.9848232675961797,0.8939544373978663,1.0935299192238952,0.7777053166601701,0.3669172932330827,0.7890466531440163,0.451107172968764,0.7761061416315607,0.30182829700204655,0.19311925276494815,0.0644161993075638,0.8105666847039555,0.3275563258232236,0.765323992994746,0.46702144899740783,0.8976547616073591,0.23673720018935585,0.16107748719830897,0.09169419925838172,0.8355710372046251,0.06509109681269071,72.50281036168133,-0.03817372547829012,-0.11473589424124203
2025,139,3257,3395,70,85,-15,0,0,5,-15.39089184060721,0.983322081902044,0.9233503270984352,1.1260763577694697,0.8311096882216528,0.31951640759930916,0.7134831460674157,0.43442088728865713,0.8523469610669252,0.2546235982262706,0.20510467506859142,0.03282964826782591,0.7596001769722649,0.37557603686635943,0.7489878542510122,0.4742474361848896,0.8721429929303671,0.36929127521436284,0.16613984811944568,0.10182512567128645,0.8236764015023027,-0.11466767698809222,71.28095351043643,-0.05475619242282087,0.06401087937266525
2025,139,3326,3397,67,82,-15,0,0,-1,-1.7408602150537629,1.0201250776460031,0.834419411674675,1.0617648600811538,0.8765511885707122,0.34086956521739126,0.6873949579831933,0.44950405009013283,0.8477365593309804,0.24995961156460395,0.15691338986690762,0.0707257801915548,0.7614162968114918,0.32601880877742945,0.6888045540796963,0.4388316151986596,0.9103538249107725,0.3740825397541933,0.17147922517836586,0.05022215243569834,0.7429566942532994,-0.12412292818958937,79.46619623655914,0.022410495070260605,-0.05197287966710984
2025,139,3350,3417,67,84,-17,0,0,7,-5.877840909090908,1.0806429824496453,0.8390890385991641,1.077134124138894,0.798126950515235,0.3830049261083744,0.7600896860986547,0.49100720804044234,0.799313188892314,0.3697540300030579,0.2039382829979275,0.06809243249559281,0.8512621798976806,0.3269513991163476,0.7276341948310139,0.4799752840727518,0.8588605303242457,0.2917228600089841,0.20248229359784276,0.08901086698947151,0.8324333437033657,0.07803116999407378,69.89096827651515,-0.0084529628734199,-0.04670778544261278
2025,140,3163,3355,91,57,34,1,0,-8,15.170588235294115,1.1582671631817258,0.7453753557048781,1.0789338038319884,0.8793797265657327,0.3769430051813471,0.7654639175257731,0.5120893009278659,0.8940021718720611,0.3253278157538954,0.1497068586777412,0.07195343572433932,0.7900638339558951,0.3728,0.73046875,0.484814648556649,0.8178870546024093,0.2964882038852856,0.17671494980355454,0.06804395393573967,0.8242824751232782,0.028839611868609838,70.245,0.03367575427880842,0.026199122667687758
2025,140,3199,3261,71,101,-30,0,0,3,-2.755620723362661,1.0801710292651314,0.8842058283897674,1.0532246588534862,0.8300245965689612,0.3470967741935484,0.7906197654941374,0.44411973726249,0.8806763391368483,0.3098929203653713,0.13605833078769167,0.08919938788011238,0.8211272459793446,0.33473684210526317,0.7329700272479565,0.45558250180735227,0.8713873103829708,0.18121624670468567,0.1825469673629986,0.0661985763060592,0.8056985831144484,0.12867667366068564,80.24981671554252,-0.02746545914083931,-0.06513363115155335
2025,140,3104,3268,108,111,-3,0,2,1,5.011827956989247,1.0525276256241967,0.834308667773859,1.0475432408752348,0.9233095038059744,0.3863636363636363,0.6858736059479553,0.4648835267966668,0.8361496408994618,0.3042138237742686,0.18510609777802522,0.07590069220414,0.8089339733236657,0.35396518375241776,0.758569299552906,0.46771934702789947,0.7996003590615172,0.22649430057807904,0.21007302415053225,0.05998358546253488,0.8250355091540568,0.07771952319618955,75.39729838709678,0.015798880348921573,-0.02987034323585358
2025,140,3277,3301,49,83,-34,0,0,5,4.127083333333333,1.0271568901479085,0.8381649500673466,1.0241578032522947,0.8742506401423984,0.3365695792880259,0.7285491419656785,0.4483717251637585,0.8242728929747326,0.2681854167943012,0.19026184431546775,0.09148716849215087,0.7250672792291869,0.32882882882882886,0.6828358208955224,0.4500706595276521,0.8701621710013965,0.2784596959075481,0.1542332858593158,0.06486085377269474,0.8644237185100204,-0.010274279113246909,76.33395833333333,-0.007502736707436175,0.03372018693161527
2025,140,3314,3452,58,47,11,1,0,-3,-7.622390891840606,0.9794838965133748,0.8112602522277224,1.0247245654674035,0.7765792578938524,0.3381770145310436,0.6692307692307692,0.42557979152341374,0.8639222994814955,0.3074372823925888,0.17533872958563199,0.06920435959050897,0.8055249678321268,0.33136094674556216,0.7560975609756098,0.4509738863127718,0.8235881387416102,0.29679961180657777,0.20439216775610325,0.041510797232588305,0.7068284546243524,0.010637670586011005,73.10773244781784,0.0016305754790345572,-0.03675337077523744
2025,140,3234,3328,62,96,-34,0,0,3,-7.03125,1.00680291590933,0.883633888566253,1.0214985992394834,0.8327644926378998,0.34782608695652173,0.7213403880070547,0.4645427636169472,0.7932676654247103,0.2827318646181027,0.20706615383313853,0.057162070068425025,0.8021260347792905,0.32261904761904764,0.7181964573268921,0.46206706222288113,0.8149556995905795,0.31533463874963447,0.22036547218080538,0.0571074573505279,0.806493576433961,-0.032602774131531786,78.70781249999999,-0.010267986701835041,-0.03371405073376321
2025,140,3228,3400,48,65,-17,0,0,7,-13.529411764705884,1.0175998455473836,0.8725072433338551,1.071371574106048,0.7758217748300832,0.344758064516129,0.7939068100358423,0.4349524030094519,0.8328564189215624,0.23722780033597496,0.16887065009126276,0.042377597647000415,0.8305416278348141,0.29649595687331537,0.7573333333333334,0.45940640638224167,0.8726749874496847,0.14961088815608148,0.17484338754685488,0.09880928335128726,0.7308152757970396,0.08761691217989348,71.87313725490196,-0.0215233653335396,-0.08215803945563849
2025,140,3280,3425,59,96,-37,0,0,8,-9.331653225806452,1.0160522935993943,0.854593254464225,1.053520950555541,0.7692818519372376,0.3302752293577982,0.7134502923976608,0.46220150043735686,0.8362300017107618,0.2718759808856092,0.22065838143643604,0.07559043974081987,0.7974952634026128,0.3242424242424243,0.7712121212121212,0.44274945806033467,0.8467098634701897,0.27645196563992336,0.18303062442562254,0.11570870419115849,0.7626587369605493,-0.004575984754314144,76.29129284274194,-0.0010754041221743282,0.010517993882560361
2025,144,3181,3314,47,38,9,1,0,-1,2.9625668449197846,1.0086900903573681,0.7940997350839892,0.9794838965133748,0.8112602522277224,0.3408304498269896,0.6884615384615385,0.449053882663283,0.870360449125632,0.2407605437102327,0.19902927084981223,0.07908728670173594,0.746299512891669,0.3381770145310436,0.6692307692307692,0.42557979152341374,0.8639222994814955,0.3074372823925888,0.17533872958563199,0.06920435959050897,0.8055249678321268,-0.06667673868235607,72.75267379679144,-0.0007697499573067201,0.05611537104405562
2025,144,3261,3301,80,73,7,1,0,1,7.381628787878789,1.0532246588534862,0.8300245965689612,1.0241578032522947,0.8742506401423984,0.33473684210526317,0.7329700272479565,0.45558250180735227,0.8713873103829708,0.18121624670468567,0.1825469673629986,0.0661985763060592,0.8056985831144484,0.32882882882882886,0.6828358208955224,0.4500706595276521,0.8701621710013965,0.2784596959075481,0.1542332858593158,0.06486085377269474,0.8644237185100204,-0.09724344920286243,77.44346590909092,0.010479605856640373,0.07979817416782886
2025,144,3268,3376,67,71,-4,0,0,3,-12.093939393939394,1.0475432408752348,0.9233095038059744,1.0935299192238952,0.7777053166601701,0.35396518375241776,0.758569299552906,0.46771934702789947,0.7996003590615172,0.22649430057807904,0.21007302415053225,0.05998358546253488,0.8250355091540568,0.3275563258232236,0.765323992994746,0.46702144899740783,0.8976547616073591,0.23673720018935585,0.16107748719830897,0.09169419925838172,0.8355710372046251,-0.010242899611276807,74.9851893939394,-0.02817579710193141,-0.0010845013640442547
2025,144,3279,3417,62,76,-14,0,0,4,-3.502083333333335,1.0365534524093565,0.8041304280650842,1.077134124138894,0.798126950515235,0.30919765166340507,0.7040650406504065,0.44325993129529817,0.8677411261519801,0.23190243508570735,0.1801013103896752,0.08720895988795162,0.7168870619673009,0.3269513991163476,0.7276341948310139,0.4799752840727518,0.8588605303242457,0.2917228600089841,0.20248229359784276,0.08901086698947151,0.8324333437033657,-0.05982042492327677,73.183203125,-0.05032820105427199,0.004637230874557585
2025,145,3163,3328,82,59,23,1,0,-1,12.783088235294116,1.1582671631817258,0.7453753557048781,1.0214985992394834,0.8327644926378998,0.3769430051813471,0.7654639175257731,0.5120893009278659,0.8940021718720611,0.3253278157538954,0.1497068586777412,0.07195343572433932,0.7900638339558951,0.32261904761904764,0.7181964573268921,0.46206706222288113,0.8149556995905795,0.31533463874963447,0.22036547218080538,0.0571074573505279,0.806493576433961,0.009993177004260945,76.724609375,0.037688824896717044,-0.032460535996421735
2025,145,3323,3395,62,71,-9,0,0,1,2.2865275142315014,1.076474916444434,0.7807783357212306,1.1260763577694697,0.8311096882216528,0.3951890034364261,0.772,0.48611076461061037,0.8450278115536022,0.23933019874855532,0.1924421304705348,0.08264428090568965,0.8105607085574023,0.37557603686635943,0.7489878542510122,0.4742474361848896,0.8721429929303671,0.36929127521436284,0.16613984811944568,0.10182512567128645,0.8236764015023027,-0.1299610764658075,73.84305028462998,0.01075336842050173,0.01623926725369096
2025,145,3397,3400,59,67,-8,0,0,4,-6.255218216318788,1.0617648600811538,0.8765511885707122,1.071371574106048,0.7758217748300832,0.32601880877742945,0.6888045540796963,0.4388316151986596,0.9103538249107725,0.3740825397541933,0.17147922517836586,0.05022215243569834,0.7429566942532994,0.29649595687331537,0.7573333333333334,0.45940640638224167,0.8726749874496847,0.14961088815608148,0.17484338754685488,0.09880928335128726,0.7308152757970396,0.22447165159811183,77.72808349146109,-0.03756361699488653,-0.01603375233180304
2025,145,3243,3425,61,67,-6,0,0,4,-0.8856304985337253,1.097260974007957,0.8036880366103236,1.053520950555541,0.7692818519372376,0.3883495145631068,0.7161016949152542,0.4890833965088559,0.8561777726107462,0.3034811358782296,0.1686640024063515,0.09424740534975586,0.8181749345103485,0.3242424242424243,0.7712121212121212,0.44274945806033467,0.8467098634701897,0.27645196563992336,0.18303062442562254,0.11570870419115849,0.7626587369605493,0.027029170238306255,74.85811339198436,0.020592463811784867,-0.045497460236095244
2025,146,3181,3376,50,54,-4,0,0,1,-7.0,1.0086900903573681,0.7940997350839892,1.0935299192238952,0.7777053166601701,0.3408304498269896,0.6884615384615385,0.449053882663283,0.870360449125632,0.2407605437102327,0.19902927084981223,0.07908728670173594,0.746299512891669,0.3275563258232236,0.765323992994746,0.46702144899740783,0.8976547616073591,0.23673720018935585,0.16107748719830897,0.09169419925838172,0.8355710372046251,0.004023343520876854,73.3973484848485,-0.028580167899236064,0.0021482768610895375
2025,146,3261,3417,65,72,-7,0,0,2,-2.180871212121211,1.0532246588534862,0.8300245965689612,1.077134124138894,0.798126950515235,0.33473684210526317,0.7329700272479565,0.45558250180735227,0.8713873103829708,0.18121624670468567,0.1825469673629986,0.0661985763060592,0.8056985831144484,0.3269513991163476,0.7276341948310139,0.4799752840727518,0.8588605303242457,0.2917228600089841,0.20248229359784276,0.08901086698947151,0.8324333437033657,-0.11050661330429845,76.44854403409092,-0.023531571789505712,0.027379368390049952
2025,147,3163,3425,78,64,14,1,0,1,7.357685009487664,1.1582671631817258,0.7453753557048781,1.053520950555541,0.7692818519372376,0.3769430051813471,0.7654639175257731,0.5120893009278659,0.8940021718720611,0.3253278157538954,0.1497068586777412,0.07195343572433932,0.7900638339558951,0.3242424242424243,0.7712121212121212,0.44274945806033467,0.8467098634701897,0.27645196563992336,0.18303062442562254,0.11570870419115849,0.7626587369605493,0.04887585011397205,73.70887096774194,0.04081444583477567,-0.039738011154939246
2025,147,3395,3400,47,58,-11,0,0,1,-2.7352941176470615,1.1260763577694697,0.8311096882216528,1.071371574106048,0.7758217748300832,0.37557603686635943,0.7489878542510122,0.4742474361848896,0.8721429929303671,0.36929127521436284,0.16613984811944568,0.10182512567128645,0.8236764015023027,0.29649595687331537,0.7573333333333334,0.45940640638224167,0.8726749874496847,0.14961088815608148,0.17484338754685488,0.09880928335128726,0.7308152757970396,0.21968038705828136,71.21911764705882,0.012556411359955,-0.06657464761455789
2025,151,3163,3417,85,51,34,1,0,1,8.001838235294116,1.1582671631817258,0.7453753557048781,1.077134124138894,0.798126950515235,0.3769430051813471,0.7654639175257731,0.5120893009278659,0.8940021718720611,0.3253278157538954,0.1497068586777412,0.07195343572433932,0.7900638339558951,0.3269513991163476,0.7276341948310139,0.4799752840727518,0.8588605303242457,0.2917228600089841,0.20248229359784276,0.08901086698947151,0.8324333437033657,0.03360495574491129,71.48945312500001,0.015926633001272783,-0.056422836458619896
2025,151,3376,3400,74,57,17,1,0,0,-0.3021390374331574,1.0935299192238952,0.7777053166601701,1.071371574106048,0.7758217748300832,0.3275563258232236,0.765323992994746,0.46702144899740783,0.8976547616073591,0.23673720018935585,0.16107748719830897,0.09169419925838172,0.8355710372046251,0.29649595687331537,0.7573333333333334,0.45940640638224167,0.8726749874496847,0.14961088815608148,0.17484338754685488,0.09880928335128726,0.7308152757970396,0.08712631203327437,73.54540998217469,0.01923801837382444,-0.018450462876597018
2025,153,3163,3376,82,59,23,1,0,1,6.243315508021389,1.1582671631817258,0.7453753557048781,1.0935299192238952,0.7777053166601701,0.3769430051813471,0.7654639175257731,0.5120893009278659,0.8940021718720611,0.3253278157538954,0.1497068586777412,0.07195343572433932,0.7900638339558951,0.3275563258232236,0.765323992994746,0.46702144899740783,0.8976547616073591,0.23673720018935585,0.16107748719830897,0.09169419925838172,0.8355710372046251,0.08859061556453957,71.7814393939394,0.024403228772140795,-0.06525203846429695
