Season,DayNum,teamA,teamB,scoreA,scoreB,margin,result,NumOT,seed_dif,massey_rank_dif,avg_margin_dif,avg_eff_A,avg_opp_eff_A,avg_eff_B,avg_opp_eff_B,avg_thr_per_A,ft_per_A,avg_fg_per_A,avg_fg_a_per_A,avg_thr_a_per_A,avg_to_per_A,avg_blk_per_A,avg_opp_fg_a_per_A,avg_opp_fg_per_A,avg_opp_to_per_A,avg_thr_per_B,ft_per_B,avg_fg_per_B,avg_fg_a_per_B,avg_thr_a_per_B,avg_to_per_B,avg_blk_per_B,avg_opp_fg_a_per_B,avg_opp_fg_per_B,avg_opp_to_per_B,thr_a_per_dif,tempo_pred,pred_fg_per_dif,pred_or_per_dif
1985,136,1116,1234,63,54,9,1,0,1,,,,,,,,,,,,,,,,,,,,,,,,,,,,,,
1985,136,1120,1345,59,58,1,1,0,5,,,,,,,,,,,,,,,,,,,,,,,,,,,,,,
1985,136,1207,1250,68,43,25,1,0,-15,,,,,,,,,,,,,,,,,,,,,,,,,,,,,,
1985,136,1229,1425,58,55,3,1,0,1,,,,,,,,,,,,,,,,,,,,,,,,,,,,,,
1985,136,1242,1325,49,38,11,1,0,-11,,,,,,,,,,,,,,,,,,,,,,,,,,,,,,
1985,136,1246,1449,66,58,8,1,0,7,,,,,,,,,,,,,,,,,,,,,,,,,,,,,,
1985,136,1256,1338,78,54,24,1,0,-7,,,,,,,,,,,,,,,,,,,,,,,,,,,,,,
1985,136,1233,1260,58,59,-1,0,0,9,,,,,,,,,,,,,,,,,,,,,,,,,,,,,,
1985,136,1292,1314,57,76,-19,0,0,13,,,,,,,,,,,,,,,,,,,,,,,,,,,,,,
1985,136,1323,1333,79,70,9,1,0,-3,,,,,,,,,,,,,,,,,,,,,,,,,,,,,,
1985,136,1235,1326,64,75,-11,0,0,9,,,,,,,,,,,,,,,,,,,,,,,,,,,,,,
1985,136,1299,1328,83,96,-13,0,0,15,,,,,,,,,,,,,,,,,,,,,,,,,,,,,,
1985,136,1330,1374,68,85,-17,0,0,7,,,,,,,,,,,,,,,,,,,,,,,,,,,,,,
1985,136,1380,1385,59,83,-24,0,0,15,,,,,,,,,,,,,,,,,,,,,,,,,,,,,,
1985,136,1396,1439,60,57,3,1,0,-1,,,,,,,,,,,,,,,,,,,,,,,,,,,,,,
1985,136,1361,1424,80,85,-5,0,0,9,,,,,,,,,,,,,,,,,,,,,,,,,,,,,,
1985,137,1104,1112,50,41,9,1,0,-3,,,,,,,,,,,,,,,,,,,,,,,,,,,,,,
1985,137,1130,1403,55,53,2,1,0,5,,,,,,,,,,,,,,,,,,,,,,,,,,,,,,
1985,137,1181,1337,75,62,13,1,0,-11,,,,,,,,,,,,,,,,,,,,,,,,,,,,,,
1985,137,1208,1455,67,59,8,1,0,-5,,,,,,,,,,,,,,,,,,,,,,,,,,,,,,
1985,137,1210,1273,65,58,7,1,0,-13,,,,,,,,,,,,,,,,,,,,,,,,,,,,,,
1985,137,1228,1318,76,57,19,1,0,-11,,,,,,,,,,,,,,,,,,,,,,,,,,,,,,
1985,137,1268,1275,69,68,1,1,1,-7,,,,,,,,,,,,,,,,,,,,,,,,,,,,,,
1985,137,1272,1335,67,55,12,1,0,-13,,,,,,,,,,,,,,,,,,,,,,,,,,,,,,
1985,137,1192,1276,55,59,-4,0,0,15,,,,,,,,,,,,,,,,,,,,,,,,,,,,,,
1985,137,1261,1298,55,78,-23,0,0,-9,,,,,,,,,,,,,,,,,,,,,,,,,,,,,,
1985,137,1301,1305,65,56,9,1,0,-11,,,,,,,,,,,,,,,,,,,,,,,,,,,,,,
1985,137,1177,1393,65,70,-5,0,0,3,,,,,,,,,,,,,,,,,,,,,,,,,,,,,,
1985,137,1277,1412,68,70,-2,0,0,3,,,,,,,,,,,,,,,,,,,,,,,,,,,,,,
1985,137,1409,1431,75,79,-4,0,0,-5,,,,,,,,,,,,,,,,,,,,,,,,,,,,,,
1985,137,1267,1433,65,81,-16,0,0,13,,,,,,,,,,,,,,,,,,,,,,,,,,,,,,
1985,137,1173,1437,49,51,-2,0,0,1,,,,,,,,,,,,,,,,,,,,,,,,,,,,,,
1985,138,1120,1242,66,64,2,1,0,8,,,,,,,,,,,,,,,,,,,,,,,,,,,,,,
1985,138,1207,1396,63,46,17,1,0,-7,,,,,,,,,,,,,,,,,,,,,,,,,,,,,,
1985,138,1246,1424,64,61,3,1,0,8,,,,,,,,,,,,,,,,,,,,,,,,,,,,,,
1985,138,1256,1326,79,67,12,1,0,1,,,,,,,,,,,,,,,,,,,,,,,,,,,,,,
1985,138,1260,1374,70,57,13,1,0,-1,,,,,,,,,,,,,,,,,,,,,,,,,,,,,,
1985,138,1314,1323,60,58,2,1,0,-5,,,,,,,,,,,,,,,,,,,,,,,,,,,,,,
1985,138,1229,1328,69,75,-6,0,0,8,,,,,,,,,,,,,,,,,,,,,,,,,,,,,,
1985,138,1116,1385,65,68,-3,0,0,8,,,,,,,,,,,,,,,,,,,,,,,,,,,,,,
1985,139,1104,1433,63,59,4,1,0,5,,,,,,,,,,,,,,,,,,,,,,,,,,,,,,
1985,139,1130,1181,74,73,1,1,0,8,,,,,,,,,,,,,,,,,,,,,,,,,,,,,,
1985,139,1210,1393,70,53,17,1,0,-5,,,,,,,,,,,,,,,,,,,,,,,,,,,,,,
1985,139,1208,1228,58,74,-16,0,0,3,,,,,,,,,,,,,,,,,,,,,,,,,,,,,,
1985,139,1268,1298,64,59,5,1,0,-8,,,,,,,,,,,,,,,,,,,,,,,,,,,,,,
1985,139,1272,1412,67,66,1,1,1,-5,,,,,,,,,,,,,,,,,,,,,,,,,,,,,,
1985,139,1301,1431,86,73,13,1,0,-8,,,,,,,,,,,,,,,,,,,,,,,,,,,,,,
1985,139,1276,1437,55,59,-4,0,0,-7,,,,,,,,,,,,,,,,,,,,,,,,,,,,,,
1985,143,1207,1260,65,53,12,1,0,-3,,,,,,,,,,,,,,,,,,,,,,,,,,,,,,
1985,143,1210,1228,61,53,8,1,0,-1,,,,,,,,,,,,,,,,,,,,,,,,,,,,,,
1985,143,1130,1272,57,59,-2,0,0,9,,,,,,,,,,,,,,,,,,,,,,,,,,,,,,
1985,143,1256,1328,84,86,-2,0,1,4,,,,,,,,,,,,,,,,,,,,,,,,,,,,,,
1985,144,1104,1301,55,61,-6,0,0,4,,,,,,,,,,,,,,,,,,,,,,,,,,,,,,
1985,144,1120,1314,56,62,-6,0,0,9,,,,,,,,,,,,,,,,,,,,,,,,,,,,,,
1985,144,1246,1385,70,86,-16,0,0,11,,,,,,,,,,,,,,,,,,,,,,,,,,,,,,
1985,144,1268,1437,43,46,-3,0,0,-3,,,,,,,,,,,,,,,,,,,,,,,,,,,,,,
1985,145,1207,1210,60,54,6,1,0,-1,,,,,,,,,,,,,,,,,,,,,,,,,,,,,,
1985,145,1272,1328,63,61,2,1,0,1,,,,,,,,,,,,,,,,,,,,,,,,,,,,,,
1985,146,1301,1385,60,69,-9,0,0,2,,,,,,,,,,,,,,,,,,,,,,,,,,,,,,
1985,146,1314,1437,44,56,-12,0,0,-6,,,,,,,,,,,,,,,,,,,,,,,,,,,,,,
1985,152,1207,1385,77,59,18,1,0,0,,,,,,,,,,,,,,,,,,,,,,,,,,,,,,
1985,152,1272,1437,45,52,-7,0,0,-6,,,,,,,,,,,,,,,,,,,,,,,,,,,,,,
1985,154,1207,1437,64,66,-2,0,0,-7,,,,,,,,,,,,,,,,,,,,,,,,,,,,,,
1986,136,1133,1431,83,65,18,1,0,-3,,,,,,,,,,,,,,,,,,,,,,,,,,,,,,
1986,136,1177,1438,72,68,4,1,0,7,,,,,,,,,,,,,,,,,,,,,,,,,,,,,,
1986,136,1181,1290,85,78,7,1,0,-15,,,,,,,,,,,,,,,,,,,,,,,,,,,,,,
1986,136,1207,1403,70,64,6,1,0,-9,,,,,,,,,,,,,,,,,,,,,,,,,,,,,,
1986,136,1210,1265,68,53,15,1,0,-13,,,,,,,,,,,,,,,,,,,,,,,,,,,,,,
1986,136,1242,1299,71,46,25,1,0,-15,,,,,,,,,,,,,,,,,,,,,,,,,,,,,,
1986,136,1180,1257,73,93,-20,0,0,13,,,,,,,,,,,,,,,,,,,,,,,,,,,,,,
1986,136,1261,1345,94,87,7,1,1,5,,,,,,,,,,,,,,,,,,,,,,,,,,,,,,
1986,136,1123,1272,63,95,-32,0,0,11,,,,,,,,,,,,,,,,,,,,,,,,,,,,,,
1986,136,1277,1449,72,70,2,1,0,-7,,,,,,,,,,,,,,,,,,,,,,,,,,,,,,
1986,136,1314,1428,84,72,12,1,0,-11,,,,,,,,,,,,,,,,,,,,,,,,,,,,,,
1986,136,1318,1328,74,80,-6,0,0,9,,,,,,,,,,,,,,,,,,,,,,,,,,,,,,
1986,136,1330,1452,72,64,8,1,0,-1,,,,,,,,,,,,,,,,,,,,,,,,,,,,,,
1986,136,1239,1396,50,61,-11,0,1,-1,,,,,,,,,,,,,,,,,,,,,,,,,,,,,,
1986,136,1281,1412,64,66,-2,0,0,5,,,,,,,,,,,,,,,,,,,,,,,,,,,,,,
1986,136,1437,1439,71,62,9,1,0,3,,,,,,,,,,,,,,,,,,,,,,,,,,,,,,
1986,137,1104,1462,97,80,17,1,0,-7,,,,,,,,,,,,,,,,,,,,,,,,,,,,,,
1986,137,1114,1323,90,83,7,1,0,11,,,,,,,,,,,,,,,,,,,,,,,,,,,,,,
1986,137,1112,1120,63,73,-10,0,0,1,,,,,,,,,,,,,,,,,,,,,,,,,,,,,,
1986,137,1156,1231,83,79,4,1,0,11,,,,,,,,,,,,,,,,,,,,,,,,,,,,,,
1986,137,1193,1228,51,75,-24,0,0,9,,,,,,,,,,,,,,,,,,,,,,,,,,,,,,
1986,137,1235,1275,81,79,2,1,1,-3,,,,,,,,,,,,,,,,,,,,,,,,,,,,,,
1986,137,1172,1246,55,75,-20,0,0,15,,,,,,,,,,,,,,,,,,,,,,,,,,,,,,
1986,137,1268,1337,69,64,5,1,0,-7,,,,,,,,,,,,,,,,,,,,,,,,,,,,,,
1986,137,1103,1276,64,70,-6,0,0,13,,,,,,,,,,,,,,,,,,,,,,,,,,,,,,
1986,137,1298,1409,87,68,19,1,0,-3,,,,,,,,,,,,,,,,,,,,,,,,,,,,,,
1986,137,1234,1301,64,66,-2,0,0,5,,,,,,,,,,,,,,,,,,,,,,,,,,,,,,
1986,137,1286,1385,74,83,-9,0,0,15,,,,,,,,,,,,,,,,,,,,,,,,,,,,,,
1986,137,1350,1386,59,60,-1,0,0,5,,,,,,,,,,,,,,,,,,,,,,,,,,,,,,
1986,137,1135,1393,52,101,-49,0,0,13,,,,,,,,,,,,,,,,,,,,,,,,,,,,,,
1986,137,1419,1424,51,74,-23,0,0,9,,,,,,,,,,,,,,,,,,,,,,,,,,,,,,
1986,137,1304,1443,59,67,-8,0,0,1,,,,,,,,,,,,,,,,,,,,,,,,,,,,,,
1986,138,1177,1328,74,69,5,1,0,8,,,,,,,,,,,,,,,,,,,,,,,,,,,,,,
1986,138,1181,1330,89,61,28,1,0,-7,,,,,,,,,,,,,,,,,,,,,,,,,,,,,,
1986,138,1210,1437,66,61,5,1,0,-8,,,,,,,,,,,,,,,,,,,,,,,,,,,,,,
1986,138,1242,1396,65,43,22,1,0,-8,,,,,,,,,,,,,,,,,,,,,,,,,,,,,,
1986,138,1133,1257,68,82,-14,0,0,5,,,,,,,,,,,,,,,,,,,,,,,,,,,,,,
1986,138,1261,1272,83,81,2,1,0,8,,,,,,,,,,,,,,,,,,,,,,,,,,,,,,
1986,138,1207,1277,68,80,-12,0,0,-1,,,,,,,,,,,,,,,,,,,,,,,,,,,,,,
1986,138,1314,1412,77,59,18,1,0,-3,,,,,,,,,,,,,,,,,,,,,,,,,,,,,,
1986,139,1104,1228,58,56,2,1,0,1,,,,,,,,,,,,,,,,,,,,,,,,,,,,,,
1986,139,1120,1385,81,65,16,1,0,7,,,,,,,,,,,,,,,,,,,,,,,,,,,,,,
1986,139,1156,1386,75,69,6,1,0,8,,,,,,,,,,,,,,,,,,,,,,,,,,,,,,
1986,139,1235,1276,72,69,3,1,0,5,,,,,,,,,,,,,,,,,,,,,,,,,,,,,,
1986,139,1246,1443,71,64,7,1,0,-7,,,,,,,,,,,,,,,,,,,,,,,,,,,,,,
1986,139,1298,1393,97,85,12,1,0,5,,,,,,,,,,,,,,,,,,,,,,,,,,,,,,
1986,139,1114,1301,66,80,-14,0,1,8,,,,,,,,,,,,,,,,,,,,,,,,,,,,,,
1986,139,1268,1424,64,70,-6,0,0,1,,,,,,,,,,,,,,,,,,,,,,,,,,,,,,
1986,143,1120,1424,70,63,7,1,0,4,,,,,,,,,,,,,,,,,,,,,,,,,,,,,,
1986,143,1104,1246,63,68,-5,0,0,4,,,,,,,,,,,,,,,,,,,,,,,,,,,,,,
1986,143,1257,1314,94,79,15,1,0,-1,,,,,,,,,,,,,,,,,,,,,,,,,,,,,,
1986,143,1210,1261,64,70,-6,0,0,-9,,,,,,,,,,,,,,,,,,,,,,,,,,,,,,
1986,144,1177,1181,67,74,-7,0,0,11,,,,,,,,,,,,,,,,,,,,,,,,,,,,,,
1986,144,1242,1277,96,86,10,1,1,-4,,,,,,,,,,,,,,,,,,,,,,,,,,,,,,
1986,144,1156,1298,70,71,-1,0,0,7,,,,,,,,,,,,,,,,,,,,,,,,,,,,,,
1986,144,1235,1301,66,70,-4,0,0,1,,,,,,,,,,,,,,,,,,,,,,,,,,,,,,
1986,145,1120,1257,76,84,-8,0,0,6,,,,,,,,,,,,,,,,,,,,,,,,,,,,,,
1986,145,1246,1261,57,59,-2,0,0,-10,,,,,,,,,,,,,,,,,,,,,,,,,,,,,,
1986,146,1181,1298,71,50,21,1,0,-6,,,,,,,,,,,,,,,,,,,,,,,,,,,,,,
1986,146,1242,1301,75,67,8,1,0,-5,,,,,,,,,,,,,,,,,,,,,,,,,,,,,,
1986,152,1181,1242,71,67,4,1,0,0,,,,,,,,,,,,,,,,,,,,,,,,,,,,,,
1986,152,1257,1261,88,77,11,1,0,-9,,,,,,,,,,,,,,,,,,,,,,,,,,,,,,
1986,154,1181,1257,69,72,-3,0,0,-1,,,,,,,,,,,,,,,,,,,,,,,,,,,,,,
1987,136,1104,1299,88,71,17,1,0,-13,,,,,,,,,,,,,,,,,,,,,,,,,,,,,,
1987,136,1120,1360,62,61,1,1,0,-1,,,,,,,,,,,,,,,,,,,,,,,,,,,,,,
1987,136,1122,1228,68,67,1,1,0,11,,,,,,,,,,,,,,,,,,,,,,,,,,,,,,
1987,136,1181,1401,58,51,7,1,0,-7,,,,,,,,,,,,,,,,,,,,,,,,,,,,,,
1987,136,1193,1231,58,92,-34,0,0,15,,,,,,,,,,,,,,,,,,,,,,,,,,,,,,
1987,136,1208,1243,79,82,-3,0,1,-1,,,,,,,,,,,,,,,,,,,,,,,,,,,,,,
1987,136,1276,1298,97,82,15,1,0,1,,,,,,,,,,,,,,,,,,,,,,,,,,,,,,
1987,136,1140,1309,79,83,-4,0,0,3,,,,,,,,,,,,,,,,,,,,,,,,,,,,,,
1987,136,1314,1335,113,82,31,1,0,-15,,,,,,,,,,,,,,,,,,,,,,,,,,,,,,
1987,136,1292,1323,71,84,-13,0,0,7,,,,,,,,,,,,,,,,,,,,,,,,,,,,,,
1987,136,1344,1412,90,68,22,1,0,-5,,,,,,,,,,,,,,,,,,,,,,,,,,,,,,
1987,136,1267,1395,60,76,-16,0,0,9,,,,,,,,,,,,,,,,,,,,,,,,,,,,,,
1987,136,1141,1417,73,92,-19,0,0,9,,,,,,,,,,,,,,,,,,,,,,,,,,,,,,
1987,136,1226,1424,70,95,-25,0,0,15,,,,,,,,,,,,,,,,,,,,,,,,,,,,,,
1987,136,1438,1461,60,64,-4,0,0,-7,,,,,,,,,,,,,,,,,,,,,,,,,,,,,,
1987,136,1281,1462,69,70,-1,0,0,-9,,,,,,,,,,,,,,,,,,,,,,,,,,,,,,
1987,137,1177,1256,76,62,14,1,0,-11,,,,,,,,,,,,,,,,,,,,,,,,,,,,,,
1987,137,1196,1301,82,70,12,1,0,-5,,,,,,,,,,,,,,,,,,,,,,,,,,,,,,
1987,137,1137,1207,53,75,-22,0,0,15,,,,,,,,,,,,,,,,,,,,,,,,,,,,,,
1987,137,1234,1365,99,76,23,1,0,-13,,,,,,,,,,,,,,,,,,,,,,,,,,,,,,
1987,137,1222,1242,55,66,-11,0,0,7,,,,,,,,,,,,,,,,,,,,,,,,,,,,,,
1987,137,1210,1261,79,85,-6,0,0,-3,,,,,,,,,,,,,,,,,,,,,,,,,,,,,,
1987,137,1155,1283,60,65,-5,0,0,-9,,,,,,,,,,,,,,,,,,,,,,,,,,,,,,
1987,137,1246,1326,77,91,-14,0,0,-1,,,,,,,,,,,,,,,,,,,,,,,,,,,,,,
1987,137,1328,1409,74,69,5,1,0,-5,,,,,,,,,,,,,,,,,,,,,,,,,,,,,,
1987,137,1265,1338,68,93,-25,0,0,11,,,,,,,,,,,,,,,,,,,,,,,,,,,,,,
1987,137,1318,1345,95,104,-9,0,0,11,,,,,,,,,,,,,,,,,,,,,,,,,,,,,,
1987,137,1385,1455,57,55,2,1,0,-5,,,,,,,,,,,,,,,,,,,,,,,,,,,,,,
1987,137,1204,1393,73,79,-6,0,0,13,,,,,,,,,,,,,,,,,,,,,,,,,,,,,,
1987,137,1380,1396,56,75,-19,0,0,13,,,,,,,,,,,,,,,,,,,,,,,,,,,,,,
1987,137,1112,1431,91,98,-7,0,1,3,,,,,,,,,,,,,,,,,,,,,,,,,,,,,,
1987,137,1443,1452,64,62,2,1,0,3,,,,,,,,,,,,,,,,,,,,,,,,,,,,,,
1987,138,1104,1309,101,76,25,1,0,-5,,,,,,,,,,,,,,,,,,,,,,,,,,,,,,
1987,138,1181,1462,65,60,5,1,0,-8,,,,,,,,,,,,,,,,,,,,,,,,,,,,,,
1987,138,1120,1231,90,107,-17,0,0,7,,,,,,,,,,,,,,,,,,,,,,,,,,,,,,
1987,138,1276,1314,97,109,-12,0,0,8,,,,,,,,,,,,,,,,,,,,,,,,,,,,,,
1987,138,1323,1395,58,57,1,1,0,1,,,,,,,,,,,,,,,,,,,,,,,,,,,,,,
1987,138,1122,1344,87,90,-3,0,1,8,,,,,,,,,,,,,,,,,,,,,,,,,,,,,,
1987,138,1243,1424,61,80,-19,0,0,8,,,,,,,,,,,,,,,,,,,,,,,,,,,,,,
1987,138,1417,1461,68,78,-10,0,0,-8,,,,,,,,,,,,,,,,,,,,,,,,,,,,,,
1987,139,1177,1385,83,75,8,1,1,-3,,,,,,,,,,,,,,,,,,,,,,,,,,,,,,
1987,139,1196,1345,85,66,19,1,0,3,,,,,,,,,,,,,,,,,,,,,,,,,,,,,,
1987,139,1207,1326,82,79,3,1,0,-8,,,,,,,,,,,,,,,,,,,,,,,,,,,,,,
1987,139,1234,1431,84,82,2,1,0,-5,,,,,,,,,,,,,,,,,,,,,,,,,,,,,,
1987,139,1242,1283,67,63,4,1,0,-8,,,,,,,,,,,,,,,,,,,,,,,,,,,,,,
1987,139,1261,1396,72,62,10,1,0,8,,,,,,,,,,,,,,,,,,,,,,,,,,,,,,
1987,139,1328,1338,96,93,3,1,0,3,,,,,,,,,,,,,,,,,,,,,,,,,,,,,,
1987,139,1393,1443,104,86,18,1,0,-8,,,,,,,,,,,,,,,,,,,,,,,,,,,,,,
1987,143,1207,1242,70,57,13,1,0,-4,,,,,,,,,,,,,,,,,,,,,,,,,,,,,,
1987,143,1314,1323,74,68,6,1,0,-4,,,,,,,,,,,,,,,,,,,,,,,,,,,,,,
1987,143,1104,1344,82,103,-21,0,0,-4,,,,,,,,,,,,,,,,,,,,,,,,,,,,,,
1987,143,1196,1393,81,87,-6,0,0,4,,,,,,,,,,,,,,,,,,,,,,,,,,,,,,
1987,144,1181,1231,82,88,-6,0,0,4,,,,,,,,,,,,,,,,,,,,,,,,,,,,,,
1987,144,1234,1328,93,91,2,1,1,-4,,,,,,,,,,,,,,,,,,,,,,,,,,,,,,
1987,144,1177,1261,58,63,-5,0,0,-7,,,,,,,,,,,,,,,,,,,,,,,,,,,,,,
1987,144,1424,1461,92,78,14,1,0,-11,,,,,,,,,,,,,,,,,,,,,,,,,,,,,,
1987,145,1207,1344,73,88,-15,0,0,-5,,,,,,,,,,,,,,,,,,,,,,,,,,,,,,
1987,145,1314,1393,75,79,-4,0,0,-1,,,,,,,,,,,,,,,,,,,,,,,,,,,,,,
1987,146,1231,1261,77,76,1,1,0,-9,,,,,,,,,,,,,,,,,,,,,,,,,,,,,,
1987,146,1234,1424,81,84,-3,0,0,1,,,,,,,,,,,,,,,,,,,,,,,,,,,,,,
1987,152,1231,1424,97,93,4,1,0,0,,,,,,,,,,,,,,,,,,,,,,,,,,,,,,
1987,152,1344,1393,63,77,-14,0,0,4,,,,,,,,,,,,,,,,,,,,,,,,,,,,,,
1987,154,1231,1393,74,73,1,1,0,-1,,,,,,,,,,,,,,,,,,,,,,,,,,,,,,
1988,136,1120,1133,90,86,4,1,0,-1,,,,,,,,,,,,,,,,,,,,,,,,,,,,,,
1988,136,1140,1150,98,92,6,1,1,-9,,,,,,,,,,,,,,,,,,,,,,,,,,,,,,
1988,136,1177,1455,83,62,21,1,0,-7,,,,,,,,,,,,,,,,,,,,,,,,,,,,,,
1988,136,1131,1181,69,85,-16,0,0,13,,,,,,,,,,,,,,,,,,,,,,,,,,,,,,
1988,136,1196,1385,62,59,3,1,0,-5,,,,,,,,,,,,,,,,,,,,,,,,,,,,,,
1988,136,1243,1247,66,53,13,1,0,-9,,,,,,,,,,,,,,,,,,,,,,,,,,,,,,
1988,136,1257,1333,70,61,9,1,0,-7,,,,,,,,,,,,,,,,,,,,,,,,,,,,,,
1988,136,1258,1461,119,115,4,1,0,3,,,,,,,,,,,,,,,,,,,,,,,,,,,,,,
1988,136,1124,1272,60,75,-15,0,0,-1,,,,,,,,,,,,,,,,,,,,,,,,,,,,,,
1988,136,1129,1276,58,63,-5,0,0,11,,,,,,,,,,,,,,,,,,,,,,,,,,,,,,
1988,136,1314,1317,83,65,18,1,0,-13,,,,,,,,,,,,,,,,,,,,,,,,,,,,,,
1988,136,1151,1328,66,94,-28,0,0,15,,,,,,,,,,,,,,,,,,,,,,,,,,,,,,
1988,136,1192,1345,79,94,-15,0,0,15,,,,,,,,,,,,,,,,,,,,,,,,,,,,,,
1988,136,1281,1348,80,87,-7,0,0,-5,,,,,,,,,,,,,,,,,,,,,,,,,,,,,,
1988,136,1323,1374,75,83,-8,0,0,3,,,,,,,,,,,,,,,,,,,,,,,,,,,,,,
1988,136,1299,1393,55,69,-14,0,0,11,,,,,,,,,,,,,,,,,,,,,,,,,,,,,,
1988,137,1112,1165,90,50,40,1,0,-15,,,,,,,,,,,,,,,,,,,,,,,,,,,,,,
1988,137,1207,1261,66,63,3,1,0,-1,,,,,,,,,,,,,,,,,,,,,,,,,,,,,,
1988,137,1210,1235,90,78,12,1,0,-7,,,,,,,,,,,,,,,,,,,,,,,,,,,,,,
1988,137,1228,1427,81,72,9,1,0,-11,,,,,,,,,,,,,,,,,,,,,,,,,,,,,,
1988,137,1199,1234,98,102,-4,0,0,7,,,,,,,,,,,,,,,,,,,,,,,,,,,,,,
1988,137,1242,1462,85,72,13,1,0,-5,,,,,,,,,,,,,,,,,,,,,,,,,,,,,,
1988,137,1246,1380,99,84,15,1,0,-13,,,,,,,,,,,,,,,,,,,,,,,,,,,,,,
1988,137,1268,1364,92,82,10,1,0,-3,,,,,,,,,,,,,,,,,,,,,,,,,,,,,,
1988,137,1293,1301,78,75,3,1,0,11,,,,,,,,,,,,,,,,,,,,,,,,,,,,,,
1988,137,1185,1338,90,108,-18,0,0,13,,,,,,,,,,,,,,,,,,,,,,,,,,,,,,
1988,137,1231,1350,69,72,-3,0,0,-9,,,,,,,,,,,,,,,,,,,,,,,,,,,,,,
1988,137,1371,1431,80,64,16,1,0,-1,,,,,,,,,,,,,,,,,,,,,,,,,,,,,,
1988,137,1250,1396,73,87,-14,0,0,15,,,,,,,,,,,,,,,,,,,,,,,,,,,,,,
1988,137,1283,1424,50,54,-4,0,0,9,,,,,,,,,,,,,,,,,,,,,,,,,,,,,,
1988,137,1429,1435,77,80,-3,0,0,3,,,,,,,,,,,,,,,,,,,,,,,,,,,,,,
1988,137,1116,1437,74,82,-8,0,0,5,,,,,,,,,,,,,,,,,,,,,,,,,,,,,,
1988,138,1181,1374,94,79,15,1,0,-5,,,,,,,,,,,,,,,,,,,,,,,,,,,,,,
1988,138,1177,1243,58,66,-8,0,0,1,,,,,,,,,,,,,,,,,,,,,,,,,,,,,,
1988,138,1140,1257,76,97,-21,0,0,-1,,,,,,,,,,,,,,,,,,,,,,,,,,,,,,
1988,138,1196,1276,85,108,-23,0,0,3,,,,,,,,,,,,,,,,,,,,,,,,,,,,,,
1988,138,1258,1314,97,123,-26,0,0,8,,,,,,,,,,,,,,,,,,,,,,,,,,,,,,
1988,138,1120,1328,87,107,-20,0,0,7,,,,,,,,,,,,,,,,,,,,,,,,,,,,,,
1988,138,1272,1345,73,100,-27,0,0,8,,,,,,,,,,,,,,,,,,,,,,,,,,,,,,
1988,138,1348,1393,97,94,3,1,0,8,,,,,,,,,,,,,,,,,,,,,,,,,,,,,,
1988,139,1112,1371,84,55,29,1,0,-7,,,,,,,,,,,,,,,,,,,,,,,,,,,,,,
1988,139,1234,1424,104,86,18,1,0,1,,,,,,,,,,,,,,,,,,,,,,,,,,,,,,
1988,139,1242,1293,61,58,3,1,0,-8,,,,,,,,,,,,,,,,,,,,,,,,,,,,,,
1988,139,1246,1268,90,81,9,1,0,-5,,,,,,,,,,,,,,,,,,,,,,,,,,,,,,
1988,139,1210,1350,55,59,-4,0,0,-8,,,,,,,,,,,,,,,,,,,,,,,,,,,,,,
1988,139,1207,1396,53,74,-21,0,0,7,,,,,,,,,,,,,,,,,,,,,,,,,,,,,,
1988,139,1338,1435,74,80,-6,0,1,-5,,,,,,,,,,,,,,,,,,,,,,,,,,,,,,
1988,139,1228,1437,63,66,-3,0,0,-3,,,,,,,,,,,,,,,,,,,,,,,,,,,,,,
1988,143,1181,1348,73,72,1,1,0,-9,,,,,,,,,,,,,,,,,,,,,,,,,,,,,,
1988,143,1257,1328,98,108,-10,0,0,4,,,,,,,,,,,,,,,,,,,,,,,,,,,,,,
1988,143,1350,1396,47,69,-22,0,0,12,,,,,,,,,,,,,,,,,,,,,,,,,,,,,,
1988,143,1246,1437,74,80,-6,0,0,-4,,,,,,,,,,,,,,,,,,,,,,,,,,,,,,
1988,144,1112,1234,99,79,20,1,0,-4,,,,,,,,,,,,,,,,,,,,,,,,,,,,,,
1988,144,1242,1435,77,64,13,1,0,-1,,,,,,,,,,,,,,,,,,,,,,,,,,,,,,
1988,144,1243,1345,73,70,3,1,0,3,,,,,,,,,,,,,,,,,,,,,,,,,,,,,,
1988,144,1276,1314,69,78,-9,0,0,1,,,,,,,,,,,,,,,,,,,,,,,,,,,,,,
1988,145,1181,1396,63,53,10,1,0,1,,,,,,,,,,,,,,,,,,,,,,,,,,,,,,
1988,145,1328,1437,78,59,19,1,0,-5,,,,,,,,,,,,,,,,,,,,,,,,,,,,,,
1988,146,1112,1314,70,52,18,1,0,-1,,,,,,,,,,,,,,,,,,,,,,,,,,,,,,
1988,146,1242,1243,71,58,13,1,0,2,,,,,,,,,,,,,,,,,,,,,,,,,,,,,,
1988,152,1181,1242,59,66,-7,0,0,-4,,,,,,,,,,,,,,,,,,,,,,,,,,,,,,
1988,152,1112,1328,78,86,-8,0,0,0,,,,,,,,,,,,,,,,,,,,,,,,,,,,,,
1988,154,1242,1328,83,79,4,1,0,5,,,,,,,,,,,,,,,,,,,,,,,,,,,,,,
1989,136,1112,1352,94,60,34,1,0,-15,,,,,,,,,,,,,,,,,,,,,,,,,,,,,,
1989,136,1116,1258,120,101,19,1,0,-7,,,,,,,,,,,,,,,,,,,,,,,,,,,,,,
1989,136,1123,1338,68,64,4,1,0,1,,,,,,,,,,,,,,,,,,,,,,,,,,,,,,
1989,136,1155,1388,83,70,13,1,0,1,,,,,,,,,,,,,,,,,,,,,,,,,,,,,,
1989,136,1177,1272,66,63,3,1,0,7,,,,,,,,,,,,,,,,,,,,,,,,,,,,,,
1989,136,1181,1354,90,69,21,1,0,-13,,,,,,,,,,,,,,,,,,,,,,,,,,,,,,
1989,136,1228,1270,77,71,6,1,0,-15,,,,,,,,,,,,,,,,,,,,,,,,,,,,,,
1989,136,1247,1256,74,83,-9,0,0,-1,,,,,,,,,,,,,,,,,,,,,,,,,,,,,,
1989,136,1114,1257,71,76,-5,0,0,9,,,,,,,,,,,,,,,,,,,,,,,,,,,,,,
1989,136,1243,1278,75,86,-11,0,0,-5,,,,,,,,,,,,,,,,,,,,,,,,,,,,,,
1989,136,1199,1292,83,97,-14,0,0,-9,,,,,,,,,,,,,,,,,,,,,,,,,,,,,,
1989,136,1190,1328,71,72,-1,0,0,15,,,,,,,,,,,,,,,,,,,,,,,,,,,,,,
1989,136,1373,1390,80,78,2,1,0,11,,,,,,,,,,,,,,,,,,,,,,,,,,,,,,
1989,136,1225,1424,56,68,-12,0,0,9,,,,,,,,,,,,,,,,,,,,,,,,,,,,,,
1989,136,1344,1438,97,100,-3,0,0,7,,,,,,,,,,,,,,,,,,,,,,,,,,,,,,
1989,136,1397,1452,68,84,-16,0,0,3,,,,,,,,,,,,,,,,,,,,,,,,,,,,,,
1989,137,1161,1196,68,46,22,1,0,3,,,,,,,,,,,,,,,,,,,,,,,,,,,,,,
1989,137,1191,1333,94,90,4,1,1,5,,,,,,,,,,,,,,,,,,,,,,,,,,,,,,
1989,137,1207,1343,50,49,1,1,0,-15,,,,,,,,,,,,,,,,,,,,,,,,,,,,,,
1989,137,1206,1231,85,99,-14,0,0,13,,,,,,,,,,,,,,,,,,,,,,,,,,,,,,
1989,137,1234,1353,87,73,14,1,0,-9,,,,,,,,,,,,,,,,,,,,,,,,,,,,,,
1989,137,1276,1462,92,87,5,1,0,-11,,,,,,,,,,,,,,,,,,,,,,,,,,,,,,
1989,137,1166,1281,69,85,-16,0,0,11,,,,,,,,,,,,,,,,,,,,,,,,,,,,,,
1989,137,1301,1376,81,66,15,1,0,-7,,,,,,,,,,,,,,,,,,,,,,,,,,,,,,
1989,137,1314,1380,93,79,14,1,0,-13,,,,,,,,,,,,,,,,,,,,,,,,,,,,,,
1989,137,1323,1435,81,65,16,1,0,1,,,,,,,,,,,,,,,,,,,,,,,,,,,,,,
1989,137,1283,1371,51,60,-9,0,0,11,,,,,,,,,,,,,,,,,,,,,,,,,,,,,,
1989,137,1104,1375,84,86,-2,0,0,-5,,,,,,,,,,,,,,,,,,,,,,,,,,,,,,
1989,137,1137,1393,81,104,-23,0,0,13,,,,,,,,,,,,,,,,,,,,,,,,,,,,,,
1989,137,1210,1400,70,76,-6,0,0,-5,,,,,,,,,,,,,,,,,,,,,,,,,,,,,,
1989,137,1235,1417,74,84,-10,0,0,3,,,,,,,,,,,,,,,,,,,,,,,,,,,,,,
1989,137,1261,1431,74,85,-11,0,0,3,,,,,,,,,,,,,,,,,,,,,,,,,,,,,,
1989,138,1112,1155,94,68,26,1,0,-8,,,,,,,,,,,,,,,,,,,,,,,,,,,,,,
1989,138,1181,1452,70,63,7,1,0,-5,,,,,,,,,,,,,,,,,,,,,,,,,,,,,,
1989,138,1123,1228,60,72,-12,0,0,8,,,,,,,,,,,,,,,,,,,,,,,,,,,,,,
1989,138,1116,1257,84,93,-9,0,0,1,,,,,,,,,,,,,,,,,,,,,,,,,,,,,,
1989,138,1278,1373,80,67,13,1,0,-3,,,,,,,,,,,,,,,,,,,,,,,,,,,,,,
1989,138,1256,1328,81,124,-43,0,0,8,,,,,,,,,,,,,,,,,,,,,,,,,,,,,,
1989,138,1177,1424,70,85,-15,0,0,8,,,,,,,,,,,,,,,,,,,,,,,,,,,,,,
1989,138,1292,1438,88,104,-16,0,0,8,,,,,,,,,,,,,,,,,,,,,,,,,,,,,,
1989,139,1207,1323,81,74,7,1,0,-8,,,,,,,,,,,,,,,,,,,,,,,,,,,,,,
1989,139,1231,1431,92,69,23,1,0,-5,,,,,,,,,,,,,,,,,,,,,,,,,,,,,,
1989,139,1276,1375,91,82,9,1,0,-8,,,,,,,,,,,,,,,,,,,,,,,,,,,,,,
1989,139,1281,1400,108,89,19,1,0,-8,,,,,,,,,,,,,,,,,,,,,,,,,,,,,,
1989,139,1234,1301,96,102,-6,0,1,-1,,,,,,,,,,,,,,,,,,,,,,,,,,,,,,
1989,139,1314,1417,88,81,7,1,0,-5,,,,,,,,,,,,,,,,,,,,,,,,,,,,,,
1989,139,1191,1371,73,87,-14,0,0,8,,,,,,,,,,,,,,,,,,,,,,,,,,,,,,
1989,139,1161,1393,50,65,-15,0,0,8,,,,,,,,,,,,,,,,,,,,,,,,,,,,,,
1989,143,1276,1314,92,87,5,1,0,1,,,,,,,,,,,,,,,,,,,,,,,,,,,,,,
1989,143,1231,1371,65,78,-13,0,0,-1,,,,,,,,,,,,,,,,,,,,,,,,,,,,,,
1989,143,1112,1424,67,68,-1,0,0,-3,,,,,,,,,,,,,,,,,,,,,,,,,,,,,,
1989,143,1328,1438,80,86,-6,0,0,-4,,,,,,,,,,,,,,,,,,,,,,,,,,,,,,
1989,144,1181,1278,87,70,17,1,0,-9,,,,,,,,,,,,,,,,,,,,,,,,,,,,,,
1989,144,1207,1301,69,61,8,1,0,-4,,,,,,,,,,,,,,,,,,,,,,,,,,,,,,
1989,144,1228,1257,83,69,14,1,0,-3,,,,,,,,,,,,,,,,,,,,,,,,,,,,,,
1989,144,1281,1393,80,83,-3,0,0,1,,,,,,,,,,,,,,,,,,,,,,,,,,,,,,
1989,145,1276,1438,102,65,37,1,0,-2,,,,,,,,,,,,,,,,,,,,,,,,,,,,,,
1989,145,1371,1424,84,61,23,1,0,-1,,,,,,,,,,,,,,,,,,,,,,,,,,,,,,
1989,146,1181,1207,85,77,8,1,0,1,,,,,,,,,,,,,,,,,,,,,,,,,,,,,,
1989,146,1228,1393,89,86,3,1,0,-1,,,,,,,,,,,,,,,,,,,,,,,,,,,,,,
1989,152,1228,1276,81,83,-2,0,0,-2,,,,,,,,,,,,,,,,,,,,,,,,,,,,,,
1989,152,1181,1371,78,95,-17,0,0,-1,,,,,,,,,,,,,,,,,,,,,,,,,,,,,,
1989,154,1276,1371,80,79,1,1,1,0,,,,,,,,,,,,,,,,,,,,,,,,,,,,,,
1990,136,1116,1343,68,64,4,1,0,-9,,,,,,,,,,,,,,,,,,,,,,,,,,,,,,
1990,136,1123,1333,54,53,1,1,0,7,,,,,,,,,,,,,,,,,,,,,,,,,,,,,,
1990,136,1143,1231,65,63,2,1,0,1,,,,,,,,,,,,,,,,,,,,,,,,,,,,,,
1990,136,1140,1155,47,49,-2,0,0,7,,,,,,,,,,,,,,,,,,,,,,,,,,,,,,
1990,136,1131,1163,52,76,-24,0,0,15,,,,,,,,,,,,,,,,,,,,,,,,,,,,,,
1990,136,1173,1228,88,86,2,1,0,7,,,,,,,,,,,,,,,,,,,,,,,,,,,,,,
1990,136,1190,1210,83,99,-16,0,0,9,,,,,,,,,,,,,,,,,,,,,,,,,,,,,,
1990,136,1247,1379,79,63,16,1,0,-9,,,,,,,,,,,,,,,,,,,,,,,,,,,,,,
1990,136,1225,1257,59,78,-19,0,0,9,,,,,,,,,,,,,,,,,,,,,,,,,,,,,,
1990,136,1261,1437,70,63,7,1,0,-7,,,,,,,,,,,,,,,,,,,,,,,,,,,,,,
1990,136,1277,1293,75,71,4,1,1,-15,,,,,,,,,,,,,,,,,,,,,,,,,,,,,,
1990,136,1283,1314,70,83,-13,0,0,1,,,,,,,,,,,,,,,,,,,,,,,,,,,,,,
1990,136,1326,1344,84,83,1,1,1,-1,,,,,,,,,,,,,,,,,,,,,,,,,,,,,,
1990,136,1328,1406,77,68,9,1,0,-15,,,,,,,,,,,,,,,,,,,,,,,,,,,,,,
1990,136,1222,1364,66,70,-4,0,0,-1,,,,,,,,,,,,,,,,,,,,,,,,,,,,,,
1990,136,1114,1424,72,102,-30,0,0,15,,,,,,,,,,,,,,,,,,,,,,,,,,,,,,
1990,137,1104,1161,71,54,17,1,0,-3,,,,,,,,,,,,,,,,,,,,,,,,,,,,,,
1990,137,1112,1378,79,67,12,1,0,-13,,,,,,,,,,,,,,,,,,,,,,,,,,,,,,
1990,137,1181,1350,81,46,35,1,0,-11,,,,,,,,,,,,,,,,,,,,,,,,,,,,,,
1990,137,1207,1411,70,52,18,1,0,-11,,,,,,,,,,,,,,,,,,,,,,,,,,,,,,
1990,137,1242,1352,79,71,8,1,0,-13,,,,,,,,,,,,,,,,,,,,,,,,,,,,,,
1990,137,1258,1308,111,92,19,1,0,5,,,,,,,,,,,,,,,,,,,,,,,,,,,,,,
1990,137,1229,1276,70,76,-6,0,0,11,,,,,,,,,,,,,,,,,,,,,,,,,,,,,,
1990,137,1278,1431,64,61,3,1,1,-5,,,,,,,,,,,,,,,,,,,,,,,,,,,,,,
1990,137,1281,1320,71,74,-3,0,0,-11,,,,,,,,,,,,,,,,,,,,,,,,,,,,,,
1990,137,1345,1419,75,63,12,1,0,-13,,,,,,,,,,,,,,,,,,,,,,,,,,,,,,
1990,137,1385,1396,81,65,16,1,0,-5,,,,,,,,,,,,,,,,,,,,,,,,,,,,,,
1990,137,1164,1393,48,70,-22,0,0,13,,,,,,,,,,,,,,,,,,,,,,,,,,,,,,
1990,137,1208,1400,88,100,-12,0,0,-3,,,,,,,,,,,,,,,,,,,,,,,,,,,,,,
1990,137,1412,1417,56,68,-12,0,0,3,,,,,,,,,,,,,,,,,,,,,,,,,,,,,,
1990,137,1323,1438,67,75,-8,0,0,3,,,,,,,,,,,,,,,,,,,,,,,,,,,,,,
1990,137,1243,1462,79,87,-8,0,0,5,,,,,,,,,,,,,,,,,,,,,,,,,,,,,,
1990,138,1116,1173,86,84,2,1,0,-8,,,,,,,,,,,,,,,,,,,,,,,,,,,,,,
1990,138,1123,1257,62,60,2,1,0,8,,,,,,,,,,,,,,,,,,,,,,,,,,,,,,
1990,138,1155,1247,79,75,4,1,0,1,,,,,,,,,,,,,,,,,,,,,,,,,,,,,,
1990,138,1143,1163,54,74,-20,0,0,8,,,,,,,,,,,,,,,,,,,,,,,,,,,,,,
1990,138,1210,1261,94,91,3,1,0,-1,,,,,,,,,,,,,,,,,,,,,,,,,,,,,,
1990,138,1277,1364,62,58,4,1,0,-8,,,,,,,,,,,,,,,,,,,,,,,,,,,,,,
1990,138,1314,1328,79,77,2,1,0,7,,,,,,,,,,,,,,,,,,,,,,,,,,,,,,
1990,138,1326,1424,65,76,-11,0,0,7,,,,,,,,,,,,,,,,,,,,,,,,,,,,,,
1990,139,1104,1112,77,55,22,1,0,5,,,,,,,,,,,,,,,,,,,,,,,,,,,,,,
1990,139,1181,1385,76,72,4,1,0,-3,,,,,,,,,,,,,,,,,,,,,,,,,,,,,,
1990,139,1258,1276,149,115,34,1,0,8,,,,,,,,,,,,,,,,,,,,,,,,,,,,,,
1990,139,1278,1320,81,78,3,1,0,-8,,,,,,,,,,,,,,,,,,,,,,,,,,,,,,
1990,139,1393,1438,63,61,2,1,0,-5,,,,,,,,,,,,,,,,,,,,,,,,,,,,,,
1990,139,1345,1400,72,73,-1,0,0,-8,,,,,,,,,,,,,,,,,,,,,,,,,,,,,,
1990,139,1242,1417,70,71,-1,0,0,-5,,,,,,,,,,,,,,,,,,,,,,,,,,,,,,
1990,139,1207,1462,71,74,-3,0,0,-3,,,,,,,,,,,,,,,,,,,,,,,,,,,,,,
1990,143,1116,1314,96,73,23,1,0,-4,,,,,,,,,,,,,,,,,,,,,,,,,,,,,,
1990,143,1155,1163,70,71,-1,0,0,4,,,,,,,,,,,,,,,,,,,,,,,,,,,,,,
1990,143,1181,1417,90,81,9,1,0,-4,,,,,,,,,,,,,,,,,,,,,,,,,,,,,,
1990,143,1400,1462,102,89,13,1,0,4,,,,,,,,,,,,,,,,,,,,,,,,,,,,,,
1990,144,1210,1277,81,80,1,1,1,3,,,,,,,,,,,,,,,,,,,,,,,,,,,,,,
1990,144,1104,1258,60,62,-2,0,0,-4,,,,,,,,,,,,,,,,,,,,,,,,,,,,,,
1990,144,1278,1393,82,75,7,1,0,4,,,,,,,,,,,,,,,,,,,,,,,,,,,,,,
1990,144,1123,1424,67,69,-2,0,0,11,,,,,,,,,,,,,,,,,,,,,,,,,,,,,,
1990,145,1116,1400,88,85,3,1,0,-6,,,,,,,,,,,,,,,,,,,,,,,,,,,,,,
1990,145,1163,1181,78,79,-1,0,1,-2,,,,,,,,,,,,,,,,,,,,,,,,,,,,,,
1990,146,1210,1278,93,91,2,1,0,-2,,,,,,,,,,,,,,,,,,,,,,,,,,,,,,
1990,146,1258,1424,101,131,-30,0,0,10,,,,,,,,,,,,,,,,,,,,,,,,,,,,,,
1990,152,1116,1181,83,97,-14,0,0,1,,,,,,,,,,,,,,,,,,,,,,,,,,,,,,
1990,152,1210,1424,81,90,-9,0,0,3,,,,,,,,,,,,,,,,,,,,,,,,,,,,,,
1990,154,1181,1424,73,103,-30,0,0,2,,,,,,,,,,,,,,,,,,,,,,,,,,,,,,
1991,136,1112,1384,93,80,13,1,0,-13,,,,,,,,,,,,,,,,,,,,,,,,,,,,,,
1991,136,1140,1438,61,48,13,1,0,3,,,,,,,,,,,,,,,,,,,,,,,,,,,,,,
1991,136,1163,1261,79,62,17,1,0,5,,,,,,,,,,,,,,,,,,,,,,,,,,,,,,
1991,136,1166,1308,64,56,8,1,0,5,,,,,,,,,,,,,,,,,,,,,,,,,,,,,,
1991,136,1181,1419,102,73,29,1,0,-13,,,,,,,,,,,,,,,,,,,,,,,,,,,,,,
1991,136,1199,1425,75,72,3,1,0,-3,,,,,,,,,,,,,,,,,,,,,,,,,,,,,,
1991,136,1157,1231,69,79,-10,0,0,13,,,,,,,,,,,,,,,,,,,,,,,,,,,,,,
1991,136,1190,1234,73,76,-3,0,0,3,,,,,,,,,,,,,,,,,,,,,,,,,,,,,,
1991,136,1242,1309,55,49,6,1,0,-11,,,,,,,,,,,,,,,,,,,,,,,,,,,,,,
1991,136,1301,1379,114,85,29,1,0,-5,,,,,,,,,,,,,,,,,,,,,,,,,,,,,,
1991,136,1307,1329,54,67,-13,0,0,11,,,,,,,,,,,,,,,,,,,,,,,,,,,,,,
1991,136,1208,1338,68,76,-8,0,1,5,,,,,,,,,,,,,,,,,,,,,,,,,,,,,,
1991,136,1350,1393,73,69,4,1,0,13,,,,,,,,,,,,,,,,,,,,,,,,,,,,,,
1991,136,1337,1371,51,71,-20,0,0,11,,,,,,,,,,,,,,,,,,,,,,,,,,,,,,
1991,136,1345,1396,63,80,-17,0,0,-3,,,,,,,,,,,,,,,,,,,,,,,,,,,,,,
1991,136,1304,1462,84,89,-5,0,0,-11,,,,,,,,,,,,,,,,,,,,,,,,,,,,,,
1991,137,1104,1293,89,79,10,1,0,-9,,,,,,,,,,,,,,,,,,,,,,,,,,,,,,
1991,137,1113,1353,79,76,3,1,0,-1,,,,,,,,,,,,,,,,,,,,,,,,,,,,,,
1991,137,1116,1209,117,76,41,1,0,-15,,,,,,,,,,,,,,,,,,,,,,,,,,,,,,
1991,137,1185,1280,76,56,20,1,0,7,,,,,,,,,,,,,,,,,,,,,,,,,,,,,,
1991,137,1207,1435,70,60,10,1,0,-1,,,,,,,,,,,,,,,,,,,,,,,,,,,,,,
1991,137,1177,1210,70,87,-17,0,0,1,,,,,,,,,,,,,,,,,,,,,,,,,,,,,,
1991,137,1277,1453,60,58,2,1,0,-7,,,,,,,,,,,,,,,,,,,,,,,,,,,,,,
1991,137,1314,1318,101,66,35,1,0,-15,,,,,,,,,,,,,,,,,,,,,,,,,,,,,,
1991,137,1326,1406,97,86,11,1,0,-15,,,,,,,,,,,,,,,,,,,,,,,,,,,,,,
1991,137,1336,1417,74,69,5,1,0,9,,,,,,,,,,,,,,,,,,,,,,,,,,,,,,
1991,137,1296,1385,68,75,-7,0,0,9,,,,,,,,,,,,,,,,,,,,,,,,,,,,,,
1991,137,1389,1400,65,73,-8,0,0,7,,,,,,,,,,,,,,,,,,,,,,,,,,,,,,
1991,137,1285,1424,65,99,-34,0,0,15,,,,,,,,,,,,,,,,,,,,,,,,,,,,,,
1991,137,1375,1428,72,82,-10,0,0,9,,,,,,,,,,,,,,,,,,,,,,,,,,,,,,
1991,137,1343,1437,48,50,-2,0,0,-1,,,,,,,,,,,,,,,,,,,,,,,,,,,,,,
1991,137,1256,1448,65,71,-6,0,0,7,,,,,,,,,,,,,,,,,,,,,,,,,,,,,,
1991,138,1112,1140,76,61,15,1,0,-8,,,,,,,,,,,,,,,,,,,,,,,,,,,,,,
1991,138,1163,1462,66,50,16,1,0,-3,,,,,,,,,,,,,,,,,,,,,,,,,,,,,,
1991,138,1181,1234,85,70,15,1,0,-5,,,,,,,,,,,,,,,,,,,,,,,,,,,,,,
1991,138,1199,1231,60,82,-22,0,0,5,,,,,,,,,,,,,,,,,,,,,,,,,,,,,,
1991,138,1242,1338,77,66,11,1,0,-3,,,,,,,,,,,,,,,,,,,,,,,,,,,,,,
1991,138,1301,1329,64,73,-9,0,0,3,,,,,,,,,,,,,,,,,,,,,,,,,,,,,,
1991,138,1166,1371,69,81,-12,0,0,8,,,,,,,,,,,,,,,,,,,,,,,,,,,,,,
1991,138,1350,1396,64,77,-13,0,0,5,,,,,,,,,,,,,,,,,,,,,,,,,,,,,,
1991,139,1104,1448,96,88,8,1,0,-1,,,,,,,,,,,,,,,,,,,,,,,,,,,,,,
1991,139,1113,1116,90,97,-7,0,0,7,,,,,,,,,,,,,,,,,,,,,,,,,,,,,,
1991,139,1185,1336,71,68,3,1,1,-1,,,,,,,,,,,,,,,,,,,,,,,,,,,,,,
1991,139,1314,1437,84,69,15,1,0,-8,,,,,,,,,,,,,,,,,,,,,,,,,,,,,,
1991,139,1210,1326,61,65,-4,0,0,7,,,,,,,,,,,,,,,,,,,,,,,,,,,,,,
1991,139,1385,1400,84,76,8,1,0,-1,,,,,,,,,,,,,,,,,,,,,,,,,,,,,,
1991,139,1207,1424,54,62,-8,0,0,7,,,,,,,,,,,,,,,,,,,,,,,,,,,,,,
1991,139,1277,1428,84,85,-1,0,1,1,,,,,,,,,,,,,,,,,,,,,,,,,,,,,,
1991,143,1104,1116,70,93,-23,0,0,3,,,,,,,,,,,,,,,,,,,,,,,,,,,,,,
1991,143,1231,1242,65,83,-18,0,0,-1,,,,,,,,,,,,,,,,,,,,,,,,,,,,,,
1991,143,1112,1371,77,81,-4,0,0,-1,,,,,,,,,,,,,,,,,,,,,,,,,,,,,,
1991,143,1424,1428,83,66,17,1,0,-3,,,,,,,,,,,,,,,,,,,,,,,,,,,,,,
1991,144,1163,1181,67,81,-14,0,0,9,,,,,,,,,,,,,,,,,,,,,,,,,,,,,,
1991,144,1185,1314,67,93,-26,0,0,11,,,,,,,,,,,,,,,,,,,,,,,,,,,,,,
1991,144,1326,1385,74,91,-17,0,0,-3,,,,,,,,,,,,,,,,,,,,,,,,,,,,,,
1991,144,1329,1396,63,72,-9,0,1,-7,,,,,,,,,,,,,,,,,,,,,,,,,,,,,,
1991,145,1116,1242,81,93,-12,0,0,-2,,,,,,,,,,,,,,,,,,,,,,,,,,,,,,
1991,145,1371,1424,65,77,-12,0,0,2,,,,,,,,,,,,,,,,,,,,,,,,,,,,,,
1991,146,1181,1385,78,61,17,1,0,-2,,,,,,,,,,,,,,,,,,,,,,,,,,,,,,
1991,146,1314,1396,75,72,3,1,0,-9,,,,,,,,,,,,,,,,,,,,,,,,,,,,,,
1991,152,1181,1424,79,77,2,1,0,1,,,,,,,,,,,,,,,,,,,,,,,,,,,,,,
1991,152,1242,1314,79,73,6,1,0,2,,,,,,,,,,,,,,,,,,,,,,,,,,,,,,
1991,154,1181,1242,72,65,7,1,0,-1,,,,,,,,,,,,,,,,,,,,,,,,,,,,,,
1992,136,1104,1390,80,75,5,1,0,-7,,,,,,,,,,,,,,,,,,,,,,,,,,,,,,
1992,136,1116,1293,80,69,11,1,0,-11,,,,,,,,,,,,,,,,,,,,,,,,,,,,,,
1992,136,1163,1304,86,65,21,1,0,1,,,,,,,,,,,,,,,,,,,,,,,,,,,,,,
1992,136,1144,1181,56,82,-26,0,0,15,,,,,,,,,,,,,,,,,,,,,,,,,,,,,,
1992,136,1199,1285,78,68,10,1,0,-11,,,,,,,,,,,,,,,,,,,,,,,,,,,,,,
1992,136,1207,1378,75,60,15,1,0,-5,,,,,,,,,,,,,,,,,,,,,,,,,,,,,,
1992,136,1210,1222,65,60,5,1,0,-3,,,,,,,,,,,,,,,,,,,,,,,,,,,,,,
1992,136,1183,1231,55,94,-39,0,0,13,,,,,,,,,,,,,,,,,,,,,,,,,,,,,,
1992,136,1234,1400,98,92,6,1,0,1,,,,,,,,,,,,,,,,,,,,,,,,,,,,,,
1992,136,1140,1261,83,94,-11,0,0,3,,,,,,,,,,,,,,,,,,,,,,,,,,,,,,
1992,136,1272,1337,80,70,10,1,0,-5,,,,,,,,,,,,,,,,,,,,,,,,,,,,,,
1992,136,1281,1452,89,78,11,1,0,-7,,,,,,,,,,,,,,,,,,,,,,,,,,,,,,
1992,136,1275,1314,63,68,-5,0,0,9,,,,,,,,,,,,,,,,,,,,,,,,,,,,,,
1992,136,1290,1326,56,83,-27,0,0,15,,,,,,,,,,,,,,,,,,,,,,,,,,,,,,
1992,136,1247,1371,76,78,-2,0,0,9,,,,,,,,,,,,,,,,,,,,,,,,,,,,,,
1992,136,1419,1425,54,84,-30,0,0,13,,,,,,,,,,,,,,,,,,,,,,,,,,,,,,
1992,137,1153,1174,85,47,38,1,0,-9,,,,,,,,,,,,,,,,,,,,,,,,,,,,,,
1992,137,1112,1190,80,87,-7,0,0,-11,,,,,,,,,,,,,,,,,,,,,,,,,,,,,,
1992,137,1150,1235,74,76,-2,0,0,-3,,,,,,,,,,,,,,,,,,,,,,,,,,,,,,
1992,137,1224,1242,67,100,-33,0,0,15,,,,,,,,,,,,,,,,,,,,,,,,,,,,,,
1992,137,1246,1330,88,69,19,1,0,-13,,,,,,,,,,,,,,,,,,,,,,,,,,,,,,
1992,137,1257,1448,81,58,23,1,0,-1,,,,,,,,,,,,,,,,,,,,,,,,,,,,,,
1992,137,1200,1269,58,85,-27,0,0,11,,,,,,,,,,,,,,,,,,,,,,,,,,,,,,
1992,137,1276,1396,73,66,7,1,0,-5,,,,,,,,,,,,,,,,,,,,,,,,,,,,,,
1992,137,1277,1283,61,54,7,1,0,-7,,,,,,,,,,,,,,,,,,,,,,,,,,,,,,
1992,137,1177,1308,73,81,-8,0,0,-7,,,,,,,,,,,,,,,,,,,,,,,,,,,,,,
1992,137,1204,1329,73,100,-27,0,0,13,,,,,,,,,,,,,,,,,,,,,,,,,,,,,,
1992,137,1343,1393,43,51,-8,0,0,5,,,,,,,,,,,,,,,,,,,,,,,,,,,,,,
1992,137,1385,1408,57,61,-4,0,0,-3,,,,,,,,,,,,,,,,,,,,,,,,,,,,,,
1992,137,1352,1417,53,73,-20,0,0,15,,,,,,,,,,,,,,,,,,,,,,,,,,,,,,
1992,137,1328,1418,83,87,-4,0,0,-9,,,,,,,,,,,,,,,,,,,,,,,,,,,,,,
1992,137,1191,1431,50,55,-5,0,0,-1,,,,,,,,,,,,,,,,,,,,,,,,,,,,,,
1992,138,1181,1234,75,62,13,1,0,-8,,,,,,,,,,,,,,,,,,,,,,,,,,,,,,
1992,138,1199,1207,78,68,10,1,0,-3,,,,,,,,,,,,,,,,,,,,,,,,,,,,,,
1992,138,1210,1425,79,78,1,1,0,5,,,,,,,,,,,,,,,,,,,,,,,,,,,,,,
1992,138,1231,1261,89,79,10,1,0,-5,,,,,,,,,,,,,,,,,,,,,,,,,,,,,,
1992,138,1116,1272,80,82,-2,0,0,-3,,,,,,,,,,,,,,,,,,,,,,,,,,,,,,
1992,138,1104,1314,55,64,-9,0,0,1,,,,,,,,,,,,,,,,,,,,,,,,,,,,,,
1992,138,1163,1326,55,78,-23,0,0,8,,,,,,,,,,,,,,,,,,,,,,,,,,,,,,
1992,138,1281,1371,71,88,-17,0,0,1,,,,,,,,,,,,,,,,,,,,,,,,,,,,,,
1992,139,1153,1277,77,65,12,1,0,-1,,,,,,,,,,,,,,,,,,,,,,,,,,,,,,
1992,139,1235,1246,98,106,-8,0,0,8,,,,,,,,,,,,,,,,,,,,,,,,,,,,,,
1992,139,1269,1393,77,71,6,1,1,-3,,,,,,,,,,,,,,,,,,,,,,,,,,,,,,
1992,139,1190,1276,90,102,-12,0,0,8,,,,,,,,,,,,,,,,,,,,,,,,,,,,,,
1992,139,1308,1418,81,73,8,1,0,-1,,,,,,,,,,,,,,,,,,,,,,,,,,,,,,
1992,139,1329,1408,87,71,16,1,0,-8,,,,,,,,,,,,,,,,,,,,,,,,,,,,,,
1992,139,1257,1417,69,85,-16,0,0,7,,,,,,,,,,,,,,,,,,,,,,,,,,,,,,
1992,139,1242,1431,60,66,-6,0,0,-8,,,,,,,,,,,,,,,,,,,,,,,,,,,,,,
1992,143,1181,1371,81,69,12,1,0,-3,,,,,,,,,,,,,,,,,,,,,,,,,,,,,,
1992,143,1199,1231,74,85,-11,0,0,1,,,,,,,,,,,,,,,,,,,,,,,,,,,,,,
1992,143,1246,1269,87,77,10,1,0,-1,,,,,,,,,,,,,,,,,,,,,,,,,,,,,,
1992,143,1308,1417,78,85,-7,0,0,11,,,,,,,,,,,,,,,,,,,,,,,,,,,,,,
1992,144,1153,1431,69,67,2,1,0,-5,,,,,,,,,,,,,,,,,,,,,,,,,,,,,,
1992,144,1210,1272,79,83,-4,0,1,1,,,,,,,,,,,,,,,,,,,,,,,,,,,,,,
1992,144,1276,1329,75,72,3,1,0,4,,,,,,,,,,,,,,,,,,,,,,,,,,,,,,
1992,144,1314,1326,73,80,-7,0,0,3,,,,,,,,,,,,,,,,,,,,,,,,,,,,,,
1992,145,1181,1246,104,103,1,1,1,-1,,,,,,,,,,,,,,,,,,,,,,,,,,,,,,
1992,145,1231,1417,106,79,27,1,0,1,,,,,,,,,,,,,,,,,,,,,,,,,,,,,,
1992,146,1153,1272,88,57,31,1,0,-2,,,,,,,,,,,,,,,,,,,,,,,,,,,,,,
1992,146,1276,1326,75,71,4,1,1,5,,,,,,,,,,,,,,,,,,,,,,,,,,,,,,
1992,152,1181,1231,81,78,3,1,0,-1,,,,,,,,,,,,,,,,,,,,,,,,,,,,,,
1992,152,1153,1276,72,76,-4,0,0,-2,,,,,,,,,,,,,,,,,,,,,,,,,,,,,,
1992,154,1181,1276,71,51,20,1,0,-5,,,,,,,,,,,,,,,,,,,,,,,,,,,,,,
1993,136,1116,1221,94,64,30,1,0,-9,,,,,,,,,,,,,,,,,,,,,,,,,,,,,,
1993,136,1140,1374,80,71,9,1,0,-3,,,,,,,,,,,,,,,,,,,,,,,,,,,,,,
1993,136,1143,1261,66,64,2,1,0,-5,,,,,,,,,,,,,,,,,,,,,,,,,,,,,,
1993,136,1181,1356,105,70,35,1,0,-11,,,,,,,,,,,,,,,,,,,,,,,,,,,,,,
1993,136,1191,1199,70,82,-12,0,0,11,,,,,,,,,,,,,,,,,,,,,,,,,,,,,,
1993,136,1228,1253,75,72,3,1,0,-5,,,,,,,,,,,,,,,,,,,,,,,,,,,,,,
1993,136,1123,1242,72,94,-22,0,0,13,,,,,,,,,,,,,,,,,,,,,,,,,,,,,,
1993,136,1187,1314,65,85,-20,0,0,15,,,,,,,,,,,,,,,,,,,,,,,,,,,,,,
1993,136,1345,1348,68,74,-6,0,0,1,,,,,,,,,,,,,,,,,,,,,,,,,,,,,,
1993,136,1112,1365,61,64,-3,0,0,-13,,,,,,,,,,,,,,,,,,,,,,,,,,,,,,
1993,136,1371,1398,81,59,22,1,0,-13,,,,,,,,,,,,,,,,,,,,,,,,,,,,,,
1993,136,1385,1403,85,67,18,1,0,-7,,,,,,,,,,,,,,,,,,,,,,,,,,,,,,
1993,136,1281,1396,61,75,-14,0,0,3,,,,,,,,,,,,,,,,,,,,,,,,,,,,,,
1993,136,1243,1408,53,55,-2,0,0,-5,,,,,,,,,,,,,,,,,,,,,,,,,,,,,,
1993,136,1129,1435,72,92,-20,0,0,11,,,,,,,,,,,,,,,,,,,,,,,,,,,,,,
1993,136,1272,1443,52,55,-3,0,0,3,,,,,,,,,,,,,,,,,,,,,,,,,,,,,,
1993,137,1153,1164,93,66,27,1,0,-13,,,,,,,,,,,,,,,,,,,,,,,,,,,,,,
1993,137,1203,1307,82,68,14,1,0,7,,,,,,,,,,,,,,,,,,,,,,,,,,,,,,
1993,137,1231,1460,97,54,43,1,0,-15,,,,,,,,,,,,,,,,,,,,,,,,,,,,,,
1993,137,1234,1419,82,69,13,1,0,-9,,,,,,,,,,,,,,,,,,,,,,,,,,,,,,
1993,137,1246,1351,96,52,44,1,0,-15,,,,,,,,,,,,,,,,,,,,,,,,,,,,,,
1993,137,1174,1257,70,76,-6,0,0,9,,,,,,,,,,,,,,,,,,,,,,,,,,,,,,
1993,137,1269,1335,54,50,4,1,0,-11,,,,,,,,,,,,,,,,,,,,,,,,,,,,,,
1993,137,1157,1276,52,84,-32,0,0,15,,,,,,,,,,,,,,,,,,,,,,,,,,,,,,
1993,137,1304,1308,79,93,-14,0,0,3,,,,,,,,,,,,,,,,,,,,,,,,,,,,,,
1993,137,1266,1329,62,74,-12,0,0,7,,,,,,,,,,,,,,,,,,,,,,,,,,,,,,
1993,137,1210,1380,78,93,-15,0,0,-9,,,,,,,,,,,,,,,,,,,,,,,,,,,,,,
1993,137,1235,1417,70,81,-11,0,0,-1,,,,,,,,,,,,,,,,,,,,,,,,,,,,,,
1993,137,1338,1428,65,86,-21,0,0,1,,,,,,,,,,,,,,,,,,,,,,,,,,,,,,
1993,137,1264,1438,66,78,-12,0,0,5,,,,,,,,,,,,,,,,,,,,,,,,,,,,,,
1993,137,1151,1448,58,81,-23,0,0,7,,,,,,,,,,,,,,,,,,,,,,,,,,,,,,
1993,137,1309,1462,55,73,-18,0,0,-1,,,,,,,,,,,,,,,,,,,,,,,,,,,,,,
1993,138,1116,1385,80,74,6,1,0,-1,,,,,,,,,,,,,,,,,,,,,,,,,,,,,,
1993,138,1143,1181,82,77,5,1,0,3,,,,,,,,,,,,,,,,,,,,,,,,,,,,,,
1993,138,1199,1408,94,63,31,1,0,-8,,,,,,,,,,,,,,,,,,,,,,,,,,,,,,
1993,138,1140,1242,76,90,-14,0,0,5,,,,,,,,,,,,,,,,,,,,,,,,,,,,,,
1993,138,1314,1348,112,67,45,1,0,-7,,,,,,,,,,,,,,,,,,,,,,,,,,,,,,
1993,138,1365,1396,57,68,-11,0,0,8,,,,,,,,,,,,,,,,,,,,,,,,,,,,,,
1993,138,1228,1435,68,85,-17,0,0,3,,,,,,,,,,,,,,,,,,,,,,,,,,,,,,
1993,138,1371,1443,68,72,-4,0,0,-5,,,,,,,,,,,,,,,,,,,,,,,,,,,,,,
1993,139,1153,1308,92,55,37,1,0,-5,,,,,,,,,,,,,,,,,,,,,,,,,,,,,,
1993,139,1203,1380,90,80,10,1,0,-1,,,,,,,,,,,,,,,,,,,,,,,,,,,,,,
1993,139,1231,1462,73,70,3,1,0,-8,,,,,,,,,,,,,,,,,,,,,,,,,,,,,,
1993,139,1246,1428,83,62,21,1,0,-7,,,,,,,,,,,,,,,,,,,,,,,,,,,,,,
1993,139,1257,1329,78,63,15,1,0,-1,,,,,,,,,,,,,,,,,,,,,,,,,,,,,,
1993,139,1276,1417,86,84,2,1,1,-8,,,,,,,,,,,,,,,,,,,,,,,,,,,,,,
1993,139,1269,1438,56,71,-15,0,0,-3,,,,,,,,,,,,,,,,,,,,,,,,,,,,,,
1993,139,1234,1448,78,84,-6,0,0,-1,,,,,,,,,,,,,,,,,,,,,,,,,,,,,,
1993,143,1199,1443,81,78,3,1,1,-4,,,,,,,,,,,,,,,,,,,,,,,,,,,,,,
1993,143,1231,1257,82,69,13,1,0,-3,,,,,,,,,,,,,,,,,,,,,,,,,,,,,,
1993,143,1143,1242,76,93,-17,0,0,4,,,,,,,,,,,,,,,,,,,,,,,,,,,,,,
1993,143,1246,1448,103,69,34,1,0,-4,,,,,,,,,,,,,,,,,,,,,,,,,,,,,,
1993,144,1153,1438,71,54,17,1,0,-4,,,,,,,,,,,,,,,,,,,,,,,,,,,,,,
1993,144,1203,1276,64,72,-8,0,0,11,,,,,,,,,,,,,,,,,,,,,,,,,,,,,,
1993,144,1116,1314,74,80,-6,0,0,3,,,,,,,,,,,,,,,,,,,,,,,,,,,,,,
1993,144,1396,1435,67,59,8,1,0,4,,,,,,,,,,,,,,,,,,,,,,,,,,,,,,
1993,145,1231,1242,77,83,-6,0,0,-1,,,,,,,,,,,,,,,,,,,,,,,,,,,,,,
1993,145,1199,1246,81,106,-25,0,0,2,,,,,,,,,,,,,,,,,,,,,,,,,,,,,,
1993,146,1276,1396,77,72,5,1,0,-6,,,,,,,,,,,,,,,,,,,,,,,,,,,,,,
1993,146,1153,1314,68,75,-7,0,1,1,,,,,,,,,,,,,,,,,,,,,,,,,,,,,,
1993,152,1246,1276,78,81,-3,0,1,0,,,,,,,,,,,,,,,,,,,,,,,,,,,,,,
1993,152,1242,1314,68,78,-10,0,0,1,,,,,,,,,,,,,,,,,,,,,,,,,,,,,,
1993,154,1276,1314,71,77,-6,0,0,0,,,,,,,,,,,,,,,,,,,,,,,,,,,,,,
1994,136,1104,1344,76,70,6,1,0,1,,,,,,,,,,,,,,,,,,,,,,,,,,,,,,
1994,136,1163,1351,64,46,18,1,0,-13,,,,,,,,,,,,,,,,,,,,,,,,,,,,,,
1994,136,1196,1241,64,62,2,1,0,-11,,,,,,,,,,,,,,,,,,,,,,,,,,,,,,
1994,136,1203,1412,51,46,5,1,0,3,,,,,,,,,,,,,,,,,,,,,,,,,,,,,,
1994,136,1151,1242,73,102,-29,0,0,9,,,,,,,,,,,,,,,,,,,,,,,,,,,,,,
1994,136,1268,1387,74,66,8,1,0,3,,,,,,,,,,,,,,,,,,,,,,,,,,,,,,
1994,136,1269,1402,78,60,18,1,0,-13,,,,,,,,,,,,,,,,,,,,,,,,,,,,,,
1994,136,1276,1337,78,74,4,1,1,-11,,,,,,,,,,,,,,,,,,,,,,,,,,,,,,
1994,136,1281,1298,76,53,23,1,0,-15,,,,,,,,,,,,,,,,,,,,,,,,,,,,,,
1994,136,1304,1335,80,90,-10,0,0,-5,,,,,,,,,,,,,,,,,,,,,,,,,,,,,,
1994,136,1345,1416,98,67,31,1,0,-15,,,,,,,,,,,,,,,,,,,,,,,,,,,,,,
1994,136,1218,1393,78,92,-14,0,0,9,,,,,,,,,,,,,,,,,,,,,,,,,,,,,,
1994,136,1400,1443,91,77,14,1,0,-5,,,,,,,,,,,,,,,,,,,,,,,,,,,,,,
1994,136,1158,1448,58,68,-10,0,0,7,,,,,,,,,,,,,,,,,,,,,,,,,,,,,,
1994,136,1143,1453,57,61,-4,0,0,-7,,,,,,,,,,,,,,,,,,,,,,,,,,,,,,
1994,136,1153,1458,72,80,-8,0,0,-1,,,,,,,,,,,,,,,,,,,,,,,,,,,,,,
1994,137,1112,1259,81,55,26,1,0,-13,,,,,,,,,,,,,,,,,,,,,,,,,,,,,,
1994,137,1116,1299,94,79,15,1,0,-15,,,,,,,,,,,,,,,,,,,,,,,,,,,,,,
1994,137,1130,1450,67,64,3,1,0,1,,,,,,,,,,,,,,,,,,,,,,,,,,,,,,
1994,137,1181,1411,82,70,12,1,0,-13,,,,,,,,,,,,,,,,,,,,,,,,,,,,,,
1994,137,1207,1228,84,77,7,1,0,1,,,,,,,,,,,,,,,,,,,,,,,,,,,,,,
1994,137,1231,1325,84,72,12,1,0,-7,,,,,,,,,,,,,,,,,,,,,,,,,,,,,,
1994,137,1246,1398,83,70,13,1,0,-11,,,,,,,,,,,,,,,,,,,,,,,,,,,,,,
1994,137,1129,1257,58,67,-9,0,0,11,,,,,,,,,,,,,,,,,,,,,,,,,,,,,,
1994,137,1266,1418,81,59,22,1,0,-5,,,,,,,,,,,,,,,,,,,,,,,,,,,,,,
1994,137,1277,1371,84,73,11,1,0,-3,,,,,,,,,,,,,,,,,,,,,,,,,,,,,,
1994,137,1278,1356,74,60,14,1,0,-5,,,,,,,,,,,,,,,,,,,,,,,,,,,,,,
1994,137,1251,1314,51,71,-20,0,0,15,,,,,,,,,,,,,,,,,,,,,,,,,,,,,,
1994,137,1308,1329,55,65,-10,0,0,9,,,,,,,,,,,,,,,,,,,,,,,,,,,,,,
1994,137,1180,1396,39,61,-22,0,0,9,,,,,,,,,,,,,,,,,,,,,,,,,,,,,,
1994,137,1409,1417,112,102,10,1,0,7,,,,,,,,,,,,,,,,,,,,,,,,,,,,,,
1994,137,1307,1438,54,57,-3,0,0,3,,,,,,,,,,,,,,,,,,,,,,,,,,,,,,
1994,138,1163,1203,75,63,12,1,0,-8,,,,,,,,,,,,,,,,,,,,,,,,,,,,,,
1994,138,1196,1335,70,58,12,1,0,-8,,,,,,,,,,,,,,,,,,,,,,,,,,,,,,
1994,138,1242,1448,69,58,11,1,0,-1,,,,,,,,,,,,,,,,,,,,,,,,,,,,,,
1994,138,1268,1269,95,87,8,1,0,8,,,,,,,,,,,,,,,,,,,,,,,,,,,,,,
1994,138,1276,1400,84,79,5,1,0,-3,,,,,,,,,,,,,,,,,,,,,,,,,,,,,,
1994,138,1281,1458,109,96,13,1,0,-8,,,,,,,,,,,,,,,,,,,,,,,,,,,,,,
1994,138,1104,1345,73,83,-10,0,0,8,,,,,,,,,,,,,,,,,,,,,,,,,,,,,,
1994,138,1393,1453,64,59,5,1,0,-8,,,,,,,,,,,,,,,,,,,,,,,,,,,,,,
1994,139,1112,1438,71,58,13,1,0,-5,,,,,,,,,,,,,,,,,,,,,,,,,,,,,,
1994,139,1116,1207,85,73,12,1,0,-8,,,,,,,,,,,,,,,,,,,,,,,,,,,,,,
1994,139,1130,1314,75,72,3,1,0,8,,,,,,,,,,,,,,,,,,,,,,,,,,,,,,
1994,139,1181,1277,85,74,11,1,0,-5,,,,,,,,,,,,,,,,,,,,,,,,,,,,,,
1994,139,1231,1396,67,58,9,1,0,1,,,,,,,,,,,,,,,,,,,,,,,,,,,,,,
1994,139,1257,1278,60,55,5,1,0,-3,,,,,,,,,,,,,,,,,,,,,,,,,,,,,,
1994,139,1246,1266,63,75,-12,0,0,-3,,,,,,,,,,,,,,,,,,,,,,,,,,,,,,
1994,139,1329,1409,80,82,-2,0,0,-8,,,,,,,,,,,,,,,,,,,,,,,,,,,,,,
1994,143,1112,1257,82,70,12,1,0,-1,,,,,,,,,,,,,,,,,,,,,,,,,,,,,,
1994,143,1181,1266,59,49,10,1,0,-4,,,,,,,,,,,,,,,,,,,,,,,,,,,,,,
1994,143,1281,1393,98,88,10,1,1,-3,,,,,,,,,,,,,,,,,,,,,,,,,,,,,,
1994,143,1242,1345,78,83,-5,0,0,3,,,,,,,,,,,,,,,,,,,,,,,,,,,,,,
1994,144,1116,1409,103,84,19,1,0,-11,,,,,,,,,,,,,,,,,,,,,,,,,,,,,,
1994,144,1130,1231,77,68,9,1,0,4,,,,,,,,,,,,,,,,,,,,,,,,,,,,,,
1994,144,1163,1196,60,69,-9,0,1,-1,,,,,,,,,,,,,,,,,,,,,,,,,,,,,,
1994,144,1268,1276,71,78,-7,0,0,7,,,,,,,,,,,,,,,,,,,,,,,,,,,,,,
1994,145,1112,1281,92,72,20,1,0,1,,,,,,,,,,,,,,,,,,,,,,,,,,,,,,
1994,145,1181,1345,69,60,9,1,0,1,,,,,,,,,,,,,,,,,,,,,,,,,,,,,,
1994,146,1116,1276,76,68,8,1,0,-2,,,,,,,,,,,,,,,,,,,,,,,,,,,,,,
1994,146,1130,1196,66,74,-8,0,0,6,,,,,,,,,,,,,,,,,,,,,,,,,,,,,,
1994,152,1112,1116,82,91,-9,0,0,1,,,,,,,,,,,,,,,,,,,,,,,,,,,,,,
1994,152,1181,1196,70,65,5,1,0,-1,,,,,,,,,,,,,,,,,,,,,,,,,,,,,,
1994,154,1116,1181,76,72,4,1,0,-1,,,,,,,,,,,,,,,,,,,,,,,,,,,,,,
1995,136,1104,1335,91,85,6,1,1,-7,,,,,,,,,,,,,,,,,,,,,,,,,,,,,,
1995,136,1113,1123,81,66,15,1,0,-7,,,,,,,,,,,,,,,,,,,,,,,,,,,,,,
1995,136,1153,1396,77,71,6,1,0,-3,,,,,,,,,,,,,,,,,,,,,,,,,,,,,,
1995,136,1151,1163,71,100,-29,0,0,13,,,,,,,,,,,,,,,,,,,,,,,,,,,,,,
1995,136,1159,1242,68,82,-14,0,0,15,,,,,,,,,,,,,,,,,,,,,,,,,,,,,,
1995,136,1246,1291,113,67,46,1,0,-15,,,,,,,,,,,,,,,,,,,,,,,,,,,,,,
1995,136,1264,1328,77,67,10,1,0,9,,,,,,,,,,,,,,,,,,,,,,,,,,,,,,
1995,136,1211,1268,63,87,-24,0,0,11,,,,,,,,,,,,,,,,,,,,,,,,,,,,,,
1995,136,1112,1275,62,71,-9,0,0,-7,,,,,,,,,,,,,,,,,,,,,,,,,,,,,,
1995,136,1180,1329,49,73,-24,0,0,9,,,,,,,,,,,,,,,,,,,,,,,,,,,,,,
1995,136,1278,1387,61,64,-3,0,0,-1,,,,,,,,,,,,,,,,,,,,,,,,,,,,,,
1995,136,1332,1400,73,90,-17,0,0,-5,,,,,,,,,,,,,,,,,,,,,,,,,,,,,,
1995,136,1140,1408,70,76,-6,0,0,-1,,,,,,,,,,,,,,,,,,,,,,,,,,,,,,
1995,136,1311,1438,72,96,-24,0,0,9,,,,,,,,,,,,,,,,,,,,,,,,,,,,,,
1995,136,1276,1443,76,82,-6,0,0,1,,,,,,,,,,,,,,,,,,,,,,,,,,,,,,
1995,136,1299,1448,47,79,-32,0,0,15,,,,,,,,,,,,,,,,,,,,,,,,,,,,,,
1995,137,1116,1411,79,78,1,1,0,-13,,,,,,,,,,,,,,,,,,,,,,,,,,,,,,
1995,137,1207,1462,68,63,5,1,0,-5,,,,,,,,,,,,,,,,,,,,,,,,,,,,,,
1995,137,1196,1235,61,64,-3,0,0,3,,,,,,,,,,,,,,,,,,,,,,,,,,,,,,
1995,137,1269,1389,68,51,17,1,0,-13,,,,,,,,,,,,,,,,,,,,,,,,,,,,,,
1995,137,1257,1272,56,77,-21,0,0,5,,,,,,,,,,,,,,,,,,,,,,,,,,,,,,
1995,137,1280,1365,75,67,8,1,0,-7,,,,,,,,,,,,,,,,,,,,,,,,,,,,,,
1995,137,1231,1281,60,65,-5,0,0,1,,,,,,,,,,,,,,,,,,,,,,,,,,,,,,
1995,137,1293,1314,70,80,-10,0,0,13,,,,,,,,,,,,,,,,,,,,,,,,,,,,,,
1995,137,1330,1437,89,81,8,1,3,11,,,,,,,,,,,,,,,,,,,,,,,,,,,,,,
1995,137,1345,1453,49,48,1,1,0,-11,,,,,,,,,,,,,,,,,,,,,,,,,,,,,,
1995,137,1150,1390,68,70,-2,0,0,-3,,,,,,,,,,,,,,,,,,,,,,,,,,,,,,
1995,137,1356,1393,92,96,-4,0,0,3,,,,,,,,,,,,,,,,,,,,,,,,,,,,,,
1995,137,1228,1409,62,68,-6,0,0,5,,,,,,,,,,,,,,,,,,,,,,,,,,,,,,
1995,137,1198,1417,56,92,-36,0,0,15,,,,,,,,,,,,,,,,,,,,,,,,,,,,,,
1995,137,1253,1428,64,76,-12,0,0,9,,,,,,,,,,,,,,,,,,,,,,,,,,,,,,
1995,137,1277,1451,72,79,-7,0,0,-11,,,,,,,,,,,,,,,,,,,,,,,,,,,,,,
1995,138,1113,1264,64,54,10,1,0,-8,,,,,,,,,,,,,,,,,,,,,,,,,,,,,,
1995,138,1153,1163,91,96,-5,0,0,5,,,,,,,,,,,,,,,,,,,,,,,,,,,,,,
1995,138,1242,1443,75,70,5,1,0,-7,,,,,,,,,,,,,,,,,,,,,,,,,,,,,,
1995,138,1246,1408,82,60,22,1,0,-8,,,,,,,,,,,,,,,,,,,,,,,,,,,,,,
1995,138,1268,1400,82,68,14,1,0,-8,,,,,,,,,,,,,,,,,,,,,,,,,,,,,,
1995,138,1104,1329,52,66,-14,0,0,1,,,,,,,,,,,,,,,,,,,,,,,,,,,,,,
1995,138,1275,1438,54,60,-6,0,1,8,,,,,,,,,,,,,,,,,,,,,,,,,,,,,,
1995,138,1387,1448,59,64,-5,0,0,8,,,,,,,,,,,,,,,,,,,,,,,,,,,,,,
1995,139,1116,1393,96,94,2,1,1,-5,,,,,,,,,,,,,,,,,,,,,,,,,,,,,,
1995,139,1207,1451,53,51,2,1,0,-8,,,,,,,,,,,,,,,,,,,,,,,,,,,,,,
1995,139,1269,1390,75,53,22,1,0,-8,,,,,,,,,,,,,,,,,,,,,,,,,,,,,,
1995,139,1272,1345,75,73,2,1,0,3,,,,,,,,,,,,,,,,,,,,,,,,,,,,,,
1995,139,1280,1428,78,64,14,1,0,1,,,,,,,,,,,,,,,,,,,,,,,,,,,,,,
1995,139,1235,1314,51,73,-22,0,0,5,,,,,,,,,,,,,,,,,,,,,,,,,,,,,,
1995,139,1330,1409,52,64,-12,0,0,8,,,,,,,,,,,,,,,,,,,,,,,,,,,,,,
1995,139,1281,1417,74,75,-1,0,0,7,,,,,,,,,,,,,,,,,,,,,,,,,,,,,,
1995,143,1163,1268,99,89,10,1,0,-1,,,,,,,,,,,,,,,,,,,,,,,,,,,,,,
1995,143,1113,1246,73,97,-24,0,0,4,,,,,,,,,,,,,,,,,,,,,,,,,,,,,,
1995,143,1207,1314,64,74,-10,0,0,4,,,,,,,,,,,,,,,,,,,,,,,,,,,,,,
1995,143,1280,1417,67,86,-19,0,0,4,,,,,,,,,,,,,,,,,,,,,,,,,,,,,,
1995,144,1116,1272,96,91,5,1,1,-4,,,,,,,,,,,,,,,,,,,,,,,,,,,,,,
1995,144,1269,1409,76,51,25,1,0,-4,,,,,,,,,,,,,,,,,,,,,,,,,,,,,,
1995,144,1329,1448,71,66,5,1,0,3,,,,,,,,,,,,,,,,,,,,,,,,,,,,,,
1995,144,1242,1438,58,67,-9,0,0,-3,,,,,,,,,,,,,,,,,,,,,,,,,,,,,,
1995,145,1246,1314,61,74,-13,0,0,-1,,,,,,,,,,,,,,,,,,,,,,,,,,,,,,
1995,145,1163,1417,96,102,-6,0,0,1,,,,,,,,,,,,,,,,,,,,,,,,,,,,,,
1995,146,1116,1438,68,61,7,1,0,-2,,,,,,,,,,,,,,,,,,,,,,,,,,,,,,
1995,146,1269,1329,54,68,-14,0,0,-2,,,,,,,,,,,,,,,,,,,,,,,,,,,,,,
1995,152,1116,1314,75,68,7,1,0,0,,,,,,,,,,,,,,,,,,,,,,,,,,,,,,
1995,152,1329,1417,61,74,-13,0,0,3,,,,,,,,,,,,,,,,,,,,,,,,,,,,,,
1995,154,1116,1417,78,89,-11,0,0,1,,,,,,,,,,,,,,,,,,,,,,,,,,,,,,
1996,136,1116,1336,86,80,6,1,0,7,,,,,,,,,,,,,,,,,,,,,,,,,,,,,,
1996,136,1159,1163,59,68,-9,0,0,15,,,,,,,,,,,,,,,,,,,,,,,,,,,,,,
1996,136,1180,1272,75,63,12,1,0,7,,,,,,,,,,,,,,,,,,,,,,,,,,,,,,
1996,136,1181,1185,60,75,-15,0,0,-1,,,,,,,,,,,,,,,,,,,,,,,,,,,,,,
1996,136,1155,1208,74,81,-7,0,0,1,,,,,,,,,,,,,,,,,,,,,,,,,,,,,,
1996,136,1143,1235,64,74,-10,0,0,7,,,,,,,,,,,,,,,,,,,,,,,,,,,,,,
1996,136,1246,1363,110,72,38,1,0,-15,,,,,,,,,,,,,,,,,,,,,,,,,,,,,,
1996,136,1266,1284,68,44,24,1,0,-9,,,,,,,,,,,,,,,,,,,,,,,,,,,,,,
1996,136,1269,1416,92,70,22,1,0,-15,,,,,,,,,,,,,,,,,,,,,,,,,,,,,,
1996,136,1280,1433,58,51,7,1,0,-7,,,,,,,,,,,,,,,,,,,,,,,,,,,,,,
1996,136,1343,1417,43,41,2,1,0,9,,,,,,,,,,,,,,,,,,,,,,,,,,,,,,
1996,136,1345,1441,73,71,2,1,0,-15,,,,,,,,,,,,,,,,,,,,,,,,,,,,,,
1996,136,1133,1390,58,66,-8,0,0,-1,,,,,,,,,,,,,,,,,,,,,,,,,,,,,,
1996,136,1286,1393,55,88,-33,0,0,9,,,,,,,,,,,,,,,,,,,,,,,,,,,,,,
1996,136,1145,1428,43,72,-29,0,0,9,,,,,,,,,,,,,,,,,,,,,,,,,,,,,,
1996,136,1439,1453,61,48,13,1,0,1,,,,,,,,,,,,,,,,,,,,,,,,,,,,,,
1996,137,1112,1434,90,51,39,1,0,-11,,,,,,,,,,,,,,,,,,,,,,,,,,,,,,
1996,137,1130,1231,64,51,13,1,0,5,,,,,,,,,,,,,,,,,,,,,,,,,,,,,,
1996,137,1153,1422,66,61,5,1,0,-13,,,,,,,,,,,,,,,,,,,,,,,,,,,,,,
1996,137,1207,1290,93,56,37,1,0,-13,,,,,,,,,,,,,,,,,,,,,,,,,,,,,,
1996,137,1122,1210,79,90,-11,0,0,11,,,,,,,,,,,,,,,,,,,,,,,,,,,,,,
1996,137,1203,1234,79,81,-2,0,0,5,,,,,,,,,,,,,,,,,,,,,,,,,,,,,,
1996,137,1242,1354,92,54,38,1,0,-13,,,,,,,,,,,,,,,,,,,,,,,,,,,,,,
1996,137,1257,1409,82,80,2,1,1,-5,,,,,,,,,,,,,,,,,,,,,,,,,,,,,,
1996,137,1243,1307,48,69,-21,0,0,3,,,,,,,,,,,,,,,,,,,,,,,,,,,,,,
1996,137,1309,1314,62,83,-21,0,0,5,,,,,,,,,,,,,,,,,,,,,,,,,,,,,,
1996,137,1268,1365,79,91,-12,0,0,-3,,,,,,,,,,,,,,,,,,,,,,,,,,,,,,
1996,137,1328,1396,43,61,-18,0,0,3,,,,,,,,,,,,,,,,,,,,,,,,,,,,,,
1996,137,1276,1400,76,80,-4,0,0,-3,,,,,,,,,,,,,,,,,,,,,,,,,,,,,,
1996,137,1296,1403,73,74,-1,0,0,11,,,,,,,,,,,,,,,,,,,,,,,,,,,,,,
1996,137,1339,1437,58,92,-34,0,0,11,,,,,,,,,,,,,,,,,,,,,,,,,,,,,,
1996,137,1419,1448,50,62,-12,0,0,13,,,,,,,,,,,,,,,,,,,,,,,,,,,,,,
1996,138,1116,1266,65,56,9,1,0,8,,,,,,,,,,,,,,,,,,,,,,,,,,,,,,
1996,138,1163,1185,95,81,14,1,0,-8,,,,,,,,,,,,,,,,,,,,,,,,,,,,,,
1996,138,1208,1345,76,69,7,1,0,7,,,,,,,,,,,,,,,,,,,,,,,,,,,,,,
1996,138,1246,1439,84,60,24,1,0,-8,,,,,,,,,,,,,,,,,,,,,,,,,,,,,,
1996,138,1269,1390,79,74,5,1,0,-8,,,,,,,,,,,,,,,,,,,,,,,,,,,,,,
1996,138,1280,1343,63,41,22,1,0,-8,,,,,,,,,,,,,,,,,,,,,,,,,,,,,,
1996,138,1180,1393,58,69,-11,0,0,8,,,,,,,,,,,,,,,,,,,,,,,,,,,,,,
1996,138,1235,1428,67,73,-6,0,0,1,,,,,,,,,,,,,,,,,,,,,,,,,,,,,,
1996,139,1112,1234,87,73,14,1,0,-3,,,,,,,,,,,,,,,,,,,,,,,,,,,,,,
1996,139,1153,1396,78,65,13,1,0,-5,,,,,,,,,,,,,,,,,,,,,,,,,,,,,,
1996,139,1207,1307,73,62,11,1,0,-5,,,,,,,,,,,,,,,,,,,,,,,,,,,,,,
1996,139,1130,1210,89,103,-14,0,0,8,,,,,,,,,,,,,,,,,,,,,,,,,,,,,,
1996,139,1242,1365,76,51,25,1,0,-8,,,,,,,,,,,,,,,,,,,,,,,,,,,,,,
1996,139,1257,1437,68,64,4,1,0,3,,,,,,,,,,,,,,,,,,,,,,,,,,,,,,
1996,139,1314,1403,73,92,-19,0,0,3,,,,,,,,,,,,,,,,,,,,,,,,,,,,,,
1996,139,1400,1448,62,65,-3,0,0,8,,,,,,,,,,,,,,,,,,,,,,,,,,,,,,
1996,143,1207,1403,98,90,8,1,0,-1,,,,,,,,,,,,,,,,,,,,,,,,,,,,,,
1996,143,1246,1428,101,70,31,1,0,-3,,,,,,,,,,,,,,,,,,,,,,,,,,,,,,
1996,143,1116,1269,63,79,-16,0,0,11,,,,,,,,,,,,,,,,,,,,,,,,,,,,,,
1996,143,1257,1448,59,60,-1,0,0,4,,,,,,,,,,,,,,,,,,,,,,,,,,,,,,
1996,144,1153,1210,87,70,17,1,0,-1,,,,,,,,,,,,,,,,,,,,,,,,,,,,,,
1996,144,1112,1242,80,83,-3,0,0,1,,,,,,,,,,,,,,,,,,,,,,,,,,,,,,
1996,144,1163,1280,55,60,-5,0,0,-4,,,,,,,,,,,,,,,,,,,,,,,,,,,,,,
1996,144,1208,1393,81,83,-2,0,1,4,,,,,,,,,,,,,,,,,,,,,,,,,,,,,,
1996,145,1246,1448,83,63,20,1,0,-1,,,,,,,,,,,,,,,,,,,,,,,,,,,,,,
1996,145,1207,1269,62,86,-24,0,0,1,,,,,,,,,,,,,,,,,,,,,,,,,,,,,,
1996,146,1153,1280,63,73,-10,0,0,-3,,,,,,,,,,,,,,,,,,,,,,,,,,,,,,
1996,146,1242,1393,57,60,-3,0,0,-2,,,,,,,,,,,,,,,,,,,,,,,,,,,,,,
1996,152,1246,1269,81,74,7,1,0,0,,,,,,,,,,,,,,,,,,,,,,,,,,,,,,
1996,152,1280,1393,69,77,-8,0,0,1,,,,,,,,,,,,,,,,,,,,,,,,,,,,,,
1996,154,1246,1393,76,67,9,1,0,-3,,,,,,,,,,,,,,,,,,,,,,,,,,,,,,
1997,136,1112,1375,65,57,8,1,0,-9,,,,,,,,,,,,,,,,,,,,,,,,,,,,,,
1997,136,1130,1434,73,66,7,1,0,-7,,,,,,,,,,,,,,,,,,,,,,,,,,,,,,
1997,136,1143,1343,55,52,3,1,0,-7,,,,,,,,,,,,,,,,,,,,,,,,,,,,,,
1997,136,1139,1153,69,86,-17,0,0,11,,,,,,,,,,,,,,,,,,,,,,,,,,,,,,
1997,136,1158,1268,75,66,9,1,0,7,,,,,,,,,,,,,,,,,,,,,,,,,,,,,,
1997,136,1160,1231,80,62,18,1,0,1,,,,,,,,,,,,,,,,,,,,,,,,,,,,,,
1997,136,1234,1438,73,60,13,1,0,-1,,,,,,,,,,,,,,,,,,,,,,,,,,,,,,
1997,136,1229,1235,57,69,-12,0,0,5,,,,,,,,,,,,,,,,,,,,,,,,,,,,,,
1997,136,1238,1242,64,78,-14,0,0,15,,,,,,,,,,,,,,,,,,,,,,,,,,,,,,
1997,136,1246,1285,92,54,38,1,0,-15,,,,,,,,,,,,,,,,,,,,,,,,,,,,,,
1997,136,1193,1314,74,82,-8,0,0,15,,,,,,,,,,,,,,,,,,,,,,,,,,,,,,
1997,136,1345,1348,83,76,7,1,1,-1,,,,,,,,,,,,,,,,,,,,,,,,,,,,,,
1997,136,1334,1386,65,75,-10,0,0,9,,,,,,,,,,,,,,,,,,,,,,,,,,,,,,
1997,136,1149,1417,75,109,-34,0,0,13,,,,,,,,,,,,,,,,,,,,,,,,,,,,,,
1997,136,1254,1437,91,101,-10,0,0,9,,,,,,,,,,,,,,,,,,,,,,,,,,,,,,
1997,136,1435,1462,68,80,-12,0,0,3,,,,,,,,,,,,,,,,,,,,,,,,,,,,,,
1997,137,1150,1207,79,67,12,1,0,-3,,,,,,,,,,,,,,,,,,,,,,,,,,,,,,
1997,137,1151,1208,73,70,3,1,0,11,,,,,,,,,,,,,,,,,,,,,,,,,,,,,,
1997,137,1155,1275,68,56,12,1,0,-9,,,,,,,,,,,,,,,,,,,,,,,,,,,,,,
1997,137,1164,1376,78,65,13,1,0,13,,,,,,,,,,,,,,,,,,,,,,,,,,,,,,
1997,137,1181,1293,71,68,3,1,0,-13,,,,,,,,,,,,,,,,,,,,,,,,,,,,,,
1997,137,1228,1425,90,77,13,1,0,-5,,,,,,,,,,,,,,,,,,,,,,,,,,,,,,
1997,137,1257,1269,65,57,8,1,0,-5,,,,,,,,,,,,,,,,,,,,,,,,,,,,,,
1997,137,1278,1402,78,46,32,1,0,-15,,,,,,,,,,,,,,,,,,,,,,,,,,,,,,
1997,137,1307,1330,59,55,4,1,0,-11,,,,,,,,,,,,,,,,,,,,,,,,,,,,,,
1997,137,1266,1344,59,81,-22,0,0,-3,,,,,,,,,,,,,,,,,,,,,,,,,,,,,,
1997,137,1328,1390,67,80,-13,0,0,5,,,,,,,,,,,,,,,,,,,,,,,,,,,,,,
1997,137,1279,1396,40,62,-22,0,0,-1,,,,,,,,,,,,,,,,,,,,,,,,,,,,,,
1997,137,1400,1458,71,58,13,1,0,3,,,,,,,,,,,,,,,,,,,,,,,,,,,,,,
1997,137,1131,1409,52,81,-29,0,0,7,,,,,,,,,,,,,,,,,,,,,,,,,,,,,,
1997,137,1298,1428,61,75,-14,0,0,13,,,,,,,,,,,,,,,,,,,,,,,,,,,,,,
1997,137,1388,1448,46,68,-22,0,0,11,,,,,,,,,,,,,,,,,,,,,,,,,,,,,,
1997,138,1112,1158,73,69,4,1,0,-8,,,,,,,,,,,,,,,,,,,,,,,,,,,,,,
1997,138,1143,1437,75,68,7,1,0,1,,,,,,,,,,,,,,,,,,,,,,,,,,,,,,
1997,138,1153,1235,66,67,-1,0,0,-3,,,,,,,,,,,,,,,,,,,,,,,,,,,,,,
1997,138,1242,1345,75,61,14,1,0,-7,,,,,,,,,,,,,,,,,,,,,,,,,,,,,,
1997,138,1234,1246,69,75,-6,0,0,7,,,,,,,,,,,,,,,,,,,,,,,,,,,,,,
1997,138,1160,1314,56,73,-17,0,0,8,,,,,,,,,,,,,,,,,,,,,,,,,,,,,,
1997,138,1130,1386,77,81,-4,0,1,1,,,,,,,,,,,,,,,,,,,,,,,,,,,,,,
1997,138,1417,1462,96,83,13,1,0,-5,,,,,,,,,,,,,,,,,,,,,,,,,,,,,,
1997,139,1151,1228,75,63,12,1,0,8,,,,,,,,,,,,,,,,,,,,,,,,,,,,,,
1997,139,1155,1409,65,59,6,1,0,-1,,,,,,,,,,,,,,,,,,,,,,,,,,,,,,
1997,139,1257,1307,64,63,1,1,0,3,,,,,,,,,,,,,,,,,,,,,,,,,,,,,,
1997,139,1278,1396,76,57,19,1,0,-8,,,,,,,,,,,,,,,,,,,,,,,,,,,,,,
1997,139,1181,1344,87,98,-11,0,0,-8,,,,,,,,,,,,,,,,,,,,,,,,,,,,,,
1997,139,1390,1448,72,66,6,1,0,3,,,,,,,,,,,,,,,,,,,,,,,,,,,,,,
1997,139,1164,1400,81,82,-1,0,0,5,,,,,,,,,,,,,,,,,,,,,,,,,,,,,,
1997,139,1150,1428,58,77,-19,0,0,5,,,,,,,,,,,,,,,,,,,,,,,,,,,,,,
1997,143,1246,1386,83,68,15,1,0,-3,,,,,,,,,,,,,,,,,,,,,,,,,,,,,,
1997,143,1155,1278,84,90,-6,0,1,3,,,,,,,,,,,,,,,,,,,,,,,,,,,,,,
1997,143,1235,1417,73,74,-1,0,1,4,,,,,,,,,,,,,,,,,,,,,,,,,,,,,,
1997,143,1390,1428,77,82,-5,0,1,4,,,,,,,,,,,,,,,,,,,,,,,,,,,,,,
1997,144,1112,1242,85,82,3,1,0,3,,,,,,,,,,,,,,,,,,,,,,,,,,,,,,
1997,144,1257,1400,78,63,15,1,0,-4,,,,,,,,,,,,,,,,,,,,,,,,,,,,,,
1997,144,1143,1314,57,63,-6,0,0,4,,,,,,,,,,,,,,,,,,,,,,,,,,,,,,
1997,144,1151,1344,65,71,-6,0,0,4,,,,,,,,,,,,,,,,,,,,,,,,,,,,,,
1997,145,1246,1428,72,59,13,1,0,-1,,,,,,,,,,,,,,,,,,,,,,,,,,,,,,
1997,145,1278,1417,80,72,8,1,0,-1,,,,,,,,,,,,,,,,,,,,,,,,,,,,,,
1997,146,1112,1344,96,92,4,1,1,-6,,,,,,,,,,,,,,,,,,,,,,,,,,,,,,
1997,146,1257,1314,74,97,-23,0,0,5,,,,,,,,,,,,,,,,,,,,,,,,,,,,,,
1997,152,1112,1314,66,58,8,1,0,3,,,,,,,,,,,,,,,,,,,,,,,,,,,,,,
1997,152,1246,1278,78,69,9,1,0,0,,,,,,,,,,,,,,,,,,,,,,,,,,,,,,
1997,154,1112,1246,84,79,5,1,1,3,,,,,,,,,,,,,,,,,,,,,,,,,,,,,,
1998,136,1112,1311,99,60,39,1,0,-15,,,,,,,,,,,,,,,,,,,,,,,,,,,,,,
1998,136,1116,1304,74,65,9,1,0,-5,,,,,,,,,,,,,,,,,,,,,,,,,,,,,,
1998,136,1150,1227,77,62,15,1,0,-1,,,,,,,,,,,,,,,,,,,,,,,,,,,,,,
1998,136,1153,1319,65,62,3,1,0,-13,,,,,,,,,,,,,,,,,,,,,,,,,,,,,,
1998,136,1163,1192,93,85,8,1,0,-13,,,,,,,,,,,,,,,,,,,,,,,,,,,,,,
1998,136,1228,1375,64,51,13,1,0,-7,,,,,,,,,,,,,,,,,,,,,,,,,,,,,,
1998,136,1229,1397,82,81,1,1,1,1,,,,,,,,,,,,,,,,,,,,,,,,,,,,,,
1998,136,1231,1328,94,87,7,1,1,-3,,,,,,,,,,,,,,,,,,,,,,,,,,,,,,
1998,136,1268,1429,82,68,14,1,0,-9,,,,,,,,,,,,,,,,,,,,,,,,,,,,,,
1998,136,1185,1277,71,83,-12,0,0,9,,,,,,,,,,,,,,,,,,,,,,,,,,,,,,
1998,136,1298,1314,52,88,-36,0,0,15,,,,,,,,,,,,,,,,,,,,,,,,,,,,,,
1998,136,1343,1424,69,57,12,1,0,-7,,,,,,,,,,,,,,,,,,,,,,,,,,,,,,
1998,136,1350,1376,62,61,1,1,0,11,,,,,,,,,,,,,,,,,,,,,,,,,,,,,,
1998,136,1362,1428,68,85,-17,0,0,11,,,,,,,,,,,,,,,,,,,,,,,,,,,,,,
1998,136,1449,1462,69,68,1,1,0,5,,,,,,,,,,,,,,,,,,,,,,,,,,,,,,
1998,136,1396,1452,52,82,-30,0,0,-3,,,,,,,,,,,,,,,,,,,,,,,,,,,,,,
1998,137,1178,1385,66,64,2,1,0,3,,,,,,,,,,,,,,,,,,,,,,,,,,,,,,
1998,137,1181,1347,99,63,36,1,0,-15,,,,,,,,,,,,,,,,,,,,,,,,,,,,,,
1998,137,1199,1395,96,87,9,1,0,7,,,,,,,,,,,,,,,,,,,,,,,,,,,,,,
1998,137,1242,1341,110,52,58,1,0,-15,,,,,,,,,,,,,,,,,,,,,,,,,,,,,,
1998,137,1246,1354,82,67,15,1,0,-13,,,,,,,,,,,,,,,,,,,,,,,,,,,,,,
1998,137,1172,1276,61,80,-19,0,0,11,,,,,,,,,,,,,,,,,,,,,,,,,,,,,,
1998,137,1139,1307,62,79,-17,0,0,9,,,,,,,,,,,,,,,,,,,,,,,,,,,,,,
1998,137,1203,1329,59,74,-15,0,0,1,,,,,,,,,,,,,,,,,,,,,,,,,,,,,,
1998,137,1174,1345,56,95,-39,0,0,13,,,,,,,,,,,,,,,,,,,,,,,,,,,,,,
1998,137,1293,1348,74,97,-23,0,0,1,,,,,,,,,,,,,,,,,,,,,,,,,,,,,,
1998,137,1269,1387,46,51,-5,0,0,-3,,,,,,,,,,,,,,,,,,,,,,,,,,,,,,
1998,137,1158,1390,57,67,-10,0,0,11,,,,,,,,,,,,,,,,,,,,,,,,,,,,,,
1998,137,1233,1393,61,63,-2,0,0,7,,,,,,,,,,,,,,,,,,,,,,,,,,,,,,
1998,137,1274,1417,62,65,-3,0,0,5,,,,,,,,,,,,,,,,,,,,,,,,,,,,,,
1998,137,1279,1434,69,70,-1,0,0,-9,,,,,,,,,,,,,,,,,,,,,,,,,,,,,,
1998,137,1155,1444,72,75,-3,0,0,-5,,,,,,,,,,,,,,,,,,,,,,,,,,,,,,
1998,138,1112,1229,82,49,33,1,0,-8,,,,,,,,,,,,,,,,,,,,,,,,,,,,,,
1998,138,1163,1231,78,68,10,1,0,-5,,,,,,,,,,,,,,,,,,,,,,,,,,,,,,
1998,138,1228,1268,61,67,-6,0,0,1,,,,,,,,,,,,,,,,,,,,,,,,,,,,,,
1998,138,1277,1343,63,56,7,1,0,-1,,,,,,,,,,,,,,,,,,,,,,,,,,,,,,
1998,138,1150,1314,83,93,-10,0,1,7,,,,,,,,,,,,,,,,,,,,,,,,,,,,,,
1998,138,1116,1428,69,75,-6,0,0,3,,,,,,,,,,,,,,,,,,,,,,,,,,,,,,
1998,138,1350,1449,66,81,-15,0,0,3,,,,,,,,,,,,,,,,,,,,,,,,,,,,,,
1998,138,1153,1452,74,75,-1,0,0,-8,,,,,,,,,,,,,,,,,,,,,,,,,,,,,,
1998,139,1181,1329,79,73,6,1,0,-7,,,,,,,,,,,,,,,,,,,,,,,,,,,,,,
1998,139,1246,1387,88,61,27,1,0,-8,,,,,,,,,,,,,,,,,,,,,,,,,,,,,,
1998,139,1178,1345,65,80,-15,0,0,8,,,,,,,,,,,,,,,,,,,,,,,,,,,,,,
1998,139,1242,1348,75,80,-5,0,0,-7,,,,,,,,,,,,,,,,,,,,,,,,,,,,,,
1998,139,1390,1444,83,65,18,1,0,-8,,,,,,,,,,,,,,,,,,,,,,,,,,,,,,
1998,139,1307,1393,46,56,-10,0,0,-1,,,,,,,,,,,,,,,,,,,,,,,,,,,,,,
1998,139,1276,1417,82,85,-3,0,0,-3,,,,,,,,,,,,,,,,,,,,,,,,,,,,,,
1998,139,1199,1434,77,83,-6,0,1,-1,,,,,,,,,,,,,,,,,,,,,,,,,,,,,,
1998,143,1112,1268,87,79,8,1,0,-3,,,,,,,,,,,,,,,,,,,,,,,,,,,,,,
1998,143,1163,1449,75,74,1,1,0,-9,,,,,,,,,,,,,,,,,,,,,,,,,,,,,,
1998,143,1277,1314,58,73,-15,0,0,3,,,,,,,,,,,,,,,,,,,,,,,,,,,,,,
1998,143,1428,1452,65,62,3,1,0,-7,,,,,,,,,,,,,,,,,,,,,,,,,,,,,,
1998,144,1181,1393,80,67,13,1,0,-4,,,,,,,,,,,,,,,,,,,,,,,,,,,,,,
1998,144,1246,1417,94,68,26,1,0,-4,,,,,,,,,,,,,,,,,,,,,,,,,,,,,,
1998,144,1348,1434,74,68,6,1,0,-5,,,,,,,,,,,,,,,,,,,,,,,,,,,,,,
1998,144,1345,1390,59,67,-8,0,0,-1,,,,,,,,,,,,,,,,,,,,,,,,,,,,,,
1998,145,1163,1314,64,75,-11,0,0,1,,,,,,,,,,,,,,,,,,,,,,,,,,,,,,
1998,145,1112,1428,51,76,-25,0,0,-2,,,,,,,,,,,,,,,,,,,,,,,,,,,,,,
1998,146,1181,1246,84,86,-2,0,0,-1,,,,,,,,,,,,,,,,,,,,,,,,,,,,,,
1998,146,1348,1390,77,79,-2,0,0,5,,,,,,,,,,,,,,,,,,,,,,,,,,,,,,
1998,152,1246,1390,86,85,1,1,1,-1,,,,,,,,,,,,,,,,,,,,,,,,,,,,,,
1998,152,1314,1428,59,65,-6,0,0,-2,,,,,,,,,,,,,,,,,,,,,,,,,,,,,,
1998,154,1246,1428,78,69,9,1,0,-1,,,,,,,,,,,,,,,,,,,,,,,,,,,,,,
1999,136,1116,1373,94,80,14,1,0,-9,,,,,,,,,,,,,,,,,,,,,,,,,,,,,,
1999,136,1120,1457,80,41,39,1,0,-15,,,,,,,,,,,,,,,,,,,,,,,,,,,,,,
1999,136,1163,1427,91,66,25,1,0,-15,,,,,,,,,,,,,,,,,,,,,,,,,,,,,,
1999,136,1166,1257,62,58,4,1,0,3,,,,,,,,,,,,,,,,,,,,,,,,,,,,,,
1999,136,1178,1417,56,53,3,1,0,7,,,,,,,,,,,,,,,,,,,,,,,,,,,,,,
1999,136,1196,1335,75,61,14,1,0,-5,,,,,,,,,,,,,,,,,,,,,,,,,,,,,,
1999,136,1211,1278,75,63,12,1,0,3,,,,,,,,,,,,,,,,,,,,,,,,,,,,,,
1999,136,1203,1231,88,108,-20,0,0,5,,,,,,,,,,,,,,,,,,,,,,,,,,,,,,
1999,136,1234,1412,77,64,13,1,0,-7,,,,,,,,,,,,,,,,,,,,,,,,,,,,,,
1999,136,1268,1434,82,60,22,1,0,-13,,,,,,,,,,,,,,,,,,,,,,,,,,,,,,
1999,136,1281,1307,59,61,-2,0,0,-1,,,,,,,,,,,,,,,,,,,,,,,,,,,,,,
1999,136,1293,1326,58,72,-14,0,0,9,,,,,,,,,,,,,,,,,,,,,,,,,,,,,,
1999,136,1329,1393,69,61,8,1,0,1,,,,,,,,,,,,,,,,,,,,,,,,,,,,,,
1999,136,1359,1385,43,69,-26,0,0,11,,,,,,,,,,,,,,,,,,,,,,,,,,,,,,
1999,136,1108,1390,57,69,-12,0,0,13,,,,,,,,,,,,,,,,,,,,,,,,,,,,,,
1999,136,1314,1451,74,76,-2,0,0,-11,,,,,,,,,,,,,,,,,,,,,,,,,,,,,,
1999,137,1150,1348,81,70,11,1,1,-7,,,,,,,,,,,,,,,,,,,,,,,,,,,,,,
1999,137,1153,1206,72,48,24,1,0,-11,,,,,,,,,,,,,,,,,,,,,,,,,,,,,,
1999,137,1181,1197,99,58,41,1,0,-15,,,,,,,,,,,,,,,,,,,,,,,,,,,,,,
1999,137,1191,1242,74,95,-21,0,0,5,,,,,,,,,,,,,,,,,,,,,,,,,,,,,,
1999,137,1246,1308,82,60,22,1,0,-11,,,,,,,,,,,,,,,,,,,,,,,,,,,,,,
1999,137,1248,1274,54,75,-21,0,0,13,,,,,,,,,,,,,,,,,,,,,,,,,,,,,,
1999,137,1275,1449,59,58,1,1,0,3,,,,,,,,,,,,,,,,,,,,,,,,,,,,,,
1999,137,1277,1291,76,53,23,1,0,-15,,,,,,,,,,,,,,,,,,,,,,,,,,,,,,
1999,137,1279,1437,72,70,2,1,0,1,,,,,,,,,,,,,,,,,,,,,,,,,,,,,,
1999,137,1283,1458,43,32,11,1,0,7,,,,,,,,,,,,,,,,,,,,,,,,,,,,,,
1999,137,1112,1328,60,61,-1,0,0,-9,,,,,,,,,,,,,,,,,,,,,,,,,,,,,,
1999,137,1345,1400,58,54,4,1,0,3,,,,,,,,,,,,,,,,,,,,,,,,,,,,,,
1999,137,1245,1396,54,61,-7,0,0,5,,,,,,,,,,,,,,,,,,,,,,,,,,,,,,
1999,137,1174,1397,52,62,-10,0,0,9,,,,,,,,,,,,,,,,,,,,,,,,,,,,,,
1999,137,1158,1409,53,62,-9,0,0,-1,,,,,,,,,,,,,,,,,,,,,,,,,,,,,,
1999,137,1117,1428,58,80,-22,0,0,13,,,,,,,,,,,,,,,,,,,,,,,,,,,,,,
1999,138,1120,1329,81,74,7,1,0,-8,,,,,,,,,,,,,,,,,,,,,,,,,,,,,,
1999,138,1163,1307,78,56,22,1,0,-8,,,,,,,,,,,,,,,,,,,,,,,,,,,,,,
1999,138,1196,1451,82,74,8,1,1,-8,,,,,,,,,,,,,,,,,,,,,,,,,,,,,,
1999,138,1211,1390,82,74,8,1,0,8,,,,,,,,,,,,,,,,,,,,,,,,,,,,,,
1999,138,1116,1234,72,82,-10,0,0,-1,,,,,,,,,,,,,,,,,,,,,,,,,,,,,,
1999,138,1166,1268,63,75,-12,0,0,8,,,,,,,,,,,,,,,,,,,,,,,,,,,,,,
1999,138,1178,1326,44,75,-31,0,0,8,,,,,,,,,,,,,,,,,,,,,,,,,,,,,,
1999,138,1231,1385,61,86,-25,0,0,3,,,,,,,,,,,,,,,,,,,,,,,,,,,,,,
1999,139,1181,1409,97,56,41,1,0,-8,,,,,,,,,,,,,,,,,,,,,,,,,,,,,,
1999,139,1242,1246,88,92,-4,0,1,3,,,,,,,,,,,,,,,,,,,,,,,,,,,,,,
1999,139,1275,1428,66,58,8,1,0,8,,,,,,,,,,,,,,,,,,,,,,,,,,,,,,
1999,139,1277,1279,74,66,8,1,0,-8,,,,,,,,,,,,,,,,,,,,,,,,,,,,,,
1999,139,1283,1397,81,51,30,1,0,8,,,,,,,,,,,,,,,,,,,,,,,,,,,,,,
1999,139,1150,1328,72,85,-13,0,0,-8,,,,,,,,,,,,,,,,,,,,,,,,,,,,,,
1999,139,1274,1345,63,73,-10,0,0,-8,,,,,,,,,,,,,,,,,,,,,,,,,,,,,,
1999,139,1153,1396,54,64,-10,0,0,-3,,,,,,,,,,,,,,,,,,,,,,,,,,,,,,
1999,143,1163,1234,78,68,10,1,0,-4,,,,,,,,,,,,,,,,,,,,,,,,,,,,,,
1999,143,1196,1211,72,73,-1,0,0,-4,,,,,,,,,,,,,,,,,,,,,,,,,,,,,,
1999,143,1120,1326,64,72,-8,0,0,-3,,,,,,,,,,,,,,,,,,,,,,,,,,,,,,
1999,143,1268,1385,62,76,-14,0,0,-1,,,,,,,,,,,,,,,,,,,,,,,,,,,,,,
1999,144,1181,1283,78,61,17,1,0,-11,,,,,,,,,,,,,,,,,,,,,,,,,,,,,,
1999,144,1246,1275,58,43,15,1,0,-7,,,,,,,,,,,,,,,,,,,,,,,,,,,,,,
1999,144,1277,1328,54,46,8,1,0,-12,,,,,,,,,,,,,,,,,,,,,,,,,,,,,,
1999,144,1345,1396,55,77,-22,0,0,4,,,,,,,,,,,,,,,,,,,,,,,,,,,,,,
1999,145,1163,1211,67,62,5,1,0,-9,,,,,,,,,,,,,,,,,,,,,,,,,,,,,,
1999,145,1326,1385,77,74,3,1,0,1,,,,,,,,,,,,,,,,,,,,,,,,,,,,,,
1999,146,1181,1396,85,64,21,1,0,-5,,,,,,,,,,,,,,,,,,,,,,,,,,,,,,
1999,146,1246,1277,66,73,-7,0,0,2,,,,,,,,,,,,,,,,,,,,,,,,,,,,,,
1999,152,1163,1326,64,58,6,1,0,-3,,,,,,,,,,,,,,,,,,,,,,,,,,,,,,
1999,152,1181,1277,68,62,6,1,0,0,,,,,,,,,,,,,,,,,,,,,,,,,,,,,,
1999,154,1163,1181,77,74,3,1,0,0,,,,,,,,,,,,,,,,,,,,,,,,,,,,,,
2000,136,1112,1238,71,47,24,1,0,-15,,,,,,,,,,,,,,,,,,,,,,,,,,,,,,
2000,136,1120,1166,72,69,3,1,0,-3,,,,,,,,,,,,,,,,,,,,,,,,,,,,,,
2000,136,1211,1257,77,66,11,1,0,3,,,,,,,,,,,,,,,,,,,,,,,,,,,,,,
2000,136,1148,1235,78,88,-10,0,0,13,,,,,,,,,,,,,,,,,,,,,,,,,,,,,,
2000,136,1246,1382,85,80,5,1,2,-7,,,,,,,,,,,,,,,,,,,,,,,,,,,,,,
2000,136,1261,1369,64,61,3,1,0,-9,,,,,,,,,,,,,,,,,,,,,,,,,,,,,,
2000,136,1233,1268,59,74,-15,0,0,11,,,,,,,,,,,,,,,,,,,,,,,,,,,,,,
2000,136,1277,1434,65,38,27,1,0,-15,,,,,,,,,,,,,,,,,,,,,,,,,,,,,,
2000,136,1328,1457,74,50,24,1,0,-11,,,,,,,,,,,,,,,,,,,,,,,,,,,,,,
2000,136,1173,1345,61,62,-1,0,0,5,,,,,,,,,,,,,,,,,,,,,,,,,,,,,,
2000,136,1319,1385,56,61,-5,0,0,13,,,,,,,,,,,,,,,,,,,,,,,,,,,,,,
2000,136,1359,1393,65,79,-14,0,0,9,,,,,,,,,,,,,,,,,,,,,,,,,,,,,,
2000,136,1232,1400,61,77,-16,0,0,7,,,,,,,,,,,,,,,,,,,,,,,,,,,,,,
2000,136,1123,1417,57,65,-8,0,0,5,,,,,,,,,,,,,,,,,,,,,,,,,,,,,,
2000,136,1387,1428,45,48,-3,0,0,1,,,,,,,,,,,,,,,,,,,,,,,,,,,,,,
2000,136,1201,1458,56,66,-10,0,0,1,,,,,,,,,,,,,,,,,,,,,,,,,,,,,,
2000,137,1153,1423,64,47,17,1,0,-13,,,,,,,,,,,,,,,,,,,,,,,,,,,,,,
2000,137,1163,1429,75,67,8,1,0,-7,,,,,,,,,,,,,,,,,,,,,,,,,,,,,,
2000,137,1181,1249,82,55,27,1,0,-15,,,,,,,,,,,,,,,,,,,,,,,,,,,,,,
2000,137,1139,1196,68,69,-1,0,1,7,,,,,,,,,,,,,,,,,,,,,,,,,,,,,,
2000,137,1228,1335,68,58,10,1,0,-9,,,,,,,,,,,,,,,,,,,,,,,,,,,,,,
2000,137,1177,1242,77,81,-4,0,1,1,,,,,,,,,,,,,,,,,,,,,,,,,,,,,,
2000,137,1116,1274,71,75,-4,0,0,5,,,,,,,,,,,,,,,,,,,,,,,,,,,,,,
2000,137,1281,1314,70,84,-14,0,0,1,,,,,,,,,,,,,,,,,,,,,,,,,,,,,,
2000,137,1111,1326,61,87,-26,0,0,11,,,,,,,,,,,,,,,,,,,,,,,,,,,,,,
2000,137,1220,1329,66,86,-20,0,0,11,,,,,,,,,,,,,,,,,,,,,,,,,,,,,,
2000,137,1231,1337,57,77,-20,0,0,-5,,,,,,,,,,,,,,,,,,,,,,,,,,,,,,
2000,137,1332,1371,71,72,-1,0,1,-3,,,,,,,,,,,,,,,,,,,,,,,,,,,,,,
2000,137,1354,1390,65,84,-19,0,0,15,,,,,,,,,,,,,,,,,,,,,,,,,,,,,,
2000,137,1248,1396,47,73,-26,0,0,13,,,,,,,,,,,,,,,,,,,,,,,,,,,,,,
2000,137,1397,1418,63,58,5,1,0,-9,,,,,,,,,,,,,,,,,,,,,,,,,,,,,,
2000,137,1409,1424,89,62,27,1,0,-3,,,,,,,,,,,,,,,,,,,,,,,,,,,,,,
2000,138,1211,1385,82,76,6,1,0,8,,,,,,,,,,,,,,,,,,,,,,,,,,,,,,
2000,138,1120,1235,60,79,-19,0,0,5,,,,,,,,,,,,,,,,,,,,,,,,,,,,,,
2000,138,1261,1400,72,67,5,1,0,-1,,,,,,,,,,,,,,,,,,,,,,,,,,,,,,
2000,138,1277,1428,73,61,12,1,0,-7,,,,,,,,,,,,,,,,,,,,,,,,,,,,,,
2000,138,1328,1345,62,66,-4,0,0,-3,,,,,,,,,,,,,,,,,,,,,,,,,,,,,,
2000,138,1246,1393,50,52,-2,0,0,1,,,,,,,,,,,,,,,,,,,,,,,,,,,,,,
2000,138,1268,1417,70,105,-35,0,0,-3,,,,,,,,,,,,,,,,,,,,,,,,,,,,,,
2000,138,1112,1458,59,66,-7,0,0,-7,,,,,,,,,,,,,,,,,,,,,,,,,,,,,,
2000,139,1181,1242,69,64,5,1,0,-7,,,,,,,,,,,,,,,,,,,,,,,,,,,,,,
2000,139,1196,1228,93,76,17,1,0,1,,,,,,,,,,,,,,,,,,,,,,,,,,,,,,
2000,139,1274,1326,75,62,13,1,0,3,,,,,,,,,,,,,,,,,,,,,,,,,,,,,,
2000,139,1314,1390,60,53,7,1,0,7,,,,,,,,,,,,,,,,,,,,,,,,,,,,,,
2000,139,1329,1337,75,67,8,1,0,-8,,,,,,,,,,,,,,,,,,,,,,,,,,,,,,
2000,139,1371,1396,67,65,2,1,1,8,,,,,,,,,,,,,,,,,,,,,,,,,,,,,,
2000,139,1163,1397,51,65,-14,0,0,1,,,,,,,,,,,,,,,,,,,,,,,,,,,,,,
2000,139,1153,1409,61,69,-8,0,0,-5,,,,,,,,,,,,,,,,,,,,,,,,,,,,,,
2000,143,1235,1417,80,56,24,1,0,-4,,,,,,,,,,,,,,,,,,,,,,,,,,,,,,
2000,143,1277,1393,75,58,17,1,0,-3,,,,,,,,,,,,,,,,,,,,,,,,,,,,,,
2000,143,1211,1345,66,75,-9,0,0,4,,,,,,,,,,,,,,,,,,,,,,,,,,,,,,
2000,143,1261,1458,48,61,-13,0,0,-4,,,,,,,,,,,,,,,,,,,,,,,,,,,,,,
2000,144,1181,1196,78,87,-9,0,0,-4,,,,,,,,,,,,,,,,,,,,,,,,,,,,,,
2000,144,1314,1397,74,69,5,1,0,4,,,,,,,,,,,,,,,,,,,,,,,,,,,,,,
2000,144,1329,1371,68,66,2,1,0,-7,,,,,,,,,,,,,,,,,,,,,,,,,,,,,,
2000,144,1274,1409,71,80,-9,0,0,-1,,,,,,,,,,,,,,,,,,,,,,,,,,,,,,
2000,145,1235,1277,64,75,-11,0,0,1,,,,,,,,,,,,,,,,,,,,,,,,,,,,,,
2000,145,1345,1458,60,64,-4,0,0,-2,,,,,,,,,,,,,,,,,,,,,,,,,,,,,,
2000,146,1196,1329,77,65,12,1,0,2,,,,,,,,,,,,,,,,,,,,,,,,,,,,,,
2000,146,1314,1409,59,55,4,1,0,1,,,,,,,,,,,,,,,,,,,,,,,,,,,,,,
2000,152,1196,1314,71,59,12,1,0,-3,,,,,,,,,,,,,,,,,,,,,,,,,,,,,,
2000,152,1277,1458,53,41,12,1,0,-7,,,,,,,,,,,,,,,,,,,,,,,,,,,,,,
2000,154,1196,1277,76,89,-13,0,0,4,,,,,,,,,,,,,,,,,,,,,,,,,,,,,,
2001,134,1322,1457,71,67,4,1,0,0,,,,,,,,,,,,,,,,,,,,,,,,,,,,,,
2001,136,1130,1381,68,65,3,1,0,-11,,,,,,,,,,,,,,,,,,,,,,,,,,,,,,
2001,136,1140,1153,59,84,-25,0,0,7,,,,,,,,,,,,,,,,,,,,,,,,,,,,,,
2001,136,1181,1284,95,52,43,1,0,-15,,,,,,,,,,,,,,,,,,,,,,,,,,,,,,
2001,136,1116,1207,61,63,-2,0,0,-3,,,,,,,,,,,,,,,,,,,,,,,,,,,,,,
2001,136,1209,1458,50,49,1,1,0,5,,,,,,,,,,,,,,,,,,,,,,,,,,,,,,
2001,136,1214,1235,58,57,1,1,0,13,,,,,,,,,,,,,,,,,,,,,,,,,,,,,,
2001,136,1166,1234,56,69,-13,0,0,3,,,,,,,,,,,,,,,,,,,,,,,,,,,,,,
2001,136,1231,1245,73,77,-4,0,0,-9,,,,,,,,,,,,,,,,,,,,,,,,,,,,,,
2001,136,1221,1246,68,72,-4,0,0,13,,,,,,,,,,,,,,,,,,,,,,,,,,,,,,
2001,136,1206,1268,80,83,-3,0,0,11,,,,,,,,,,,,,,,,,,,,,,,,,,,,,,
2001,136,1208,1281,68,70,-2,0,0,-1,,,,,,,,,,,,,,,,,,,,,,,,,,,,,,
2001,136,1210,1386,62,66,-4,0,0,-1,,,,,,,,,,,,,,,,,,,,,,,,,,,,,,
2001,136,1390,1422,89,60,29,1,0,-15,,,,,,,,,,,,,,,,,,,,,,,,,,,,,,
2001,136,1220,1417,48,61,-13,0,0,9,,,,,,,,,,,,,,,,,,,,,,,,,,,,,,
2001,136,1329,1425,54,69,-15,0,0,5,,,,,,,,,,,,,,,,,,,,,,,,,,,,,,
2001,136,1326,1429,68,77,-9,0,1,-7,,,,,,,,,,,,,,,,,,,,,,,,,,,,,,
2001,137,1112,1183,101,76,25,1,0,-13,,,,,,,,,,,,,,,,,,,,,,,,,,,,,,
2001,137,1139,1448,79,63,16,1,0,3,,,,,,,,,,,,,,,,,,,,,,,,,,,,,,
2001,137,1150,1397,70,63,7,1,0,1,,,,,,,,,,,,,,,,,,,,,,,,,,,,,,
2001,137,1196,1443,69,56,13,1,0,-11,,,,,,,,,,,,,,,,,,,,,,,,,,,,,,
2001,137,1143,1201,70,82,-12,0,0,-1,,,,,,,,,,,,,,,,,,,,,,,,,,,,,,
2001,137,1211,1438,86,85,1,1,0,7,,,,,,,,,,,,,,,,,,,,,,,,,,,,,,
2001,137,1228,1322,96,54,42,1,0,-15,,,,,,,,,,,,,,,,,,,,,,,,,,,,,,
2001,137,1232,1328,70,68,2,1,1,9,,,,,,,,,,,,,,,,,,,,,,,,,,,,,,
2001,137,1169,1242,75,99,-24,0,0,9,,,,,,,,,,,,,,,,,,,,,,,,,,,,,,
2001,137,1106,1277,35,69,-34,0,0,15,,,,,,,,,,,,,,,,,,,,,,,,,,,,,,
2001,137,1233,1279,70,72,-2,0,0,11,,,,,,,,,,,,,,,,,,,,,,,,,,,,,,
2001,137,1314,1343,70,48,22,1,0,-13,,,,,,,,,,,,,,,,,,,,,,,,,,,,,,
2001,137,1323,1462,83,71,12,1,0,-5,,,,,,,,,,,,,,,,,,,,,,,,,,,,,,
2001,137,1336,1344,69,59,10,1,0,-3,,,,,,,,,,,,,,,,,,,,,,,,,,,,,,
2001,137,1218,1393,69,79,-10,0,0,7,,,,,,,,,,,,,,,,,,,,,,,,,,,,,,
2001,137,1396,1400,79,65,14,1,0,5,,,,,,,,,,,,,,,,,,,,,,,,,,,,,,
2001,138,1153,1245,66,43,23,1,0,-8,,,,,,,,,,,,,,,,,,,,,,,,,,,,,,
2001,138,1181,1281,94,81,13,1,0,-8,,,,,,,,,,,,,,,,,,,,,,,,,,,,,,
2001,138,1207,1214,76,57,19,1,0,-5,,,,,,,,,,,,,,,,,,,,,,,,,,,,,,
2001,138,1234,1246,79,92,-13,0,0,5,,,,,,,,,,,,,,,,,,,,,,,,,,,,,,
2001,138,1209,1268,60,79,-19,0,0,8,,,,,,,,,,,,,,,,,,,,,,,,,,,,,,
2001,138,1386,1390,83,90,-7,0,0,8,,,,,,,,,,,,,,,,,,,,,,,,,,,,,,
2001,138,1417,1429,75,50,25,1,0,-8,,,,,,,,,,,,,,,,,,,,,,,,,,,,,,
2001,138,1130,1425,71,74,-3,0,0,-3,,,,,,,,,,,,,,,,,,,,,,,,,,,,,,
2001,139,1112,1139,73,52,21,1,0,-8,,,,,,,,,,,,,,,,,,,,,,,,,,,,,,
2001,139,1211,1232,85,68,17,1,0,-1,,,,,,,,,,,,,,,,,,,,,,,,,,,,,,
2001,139,1150,1228,61,79,-18,0,0,8,,,,,,,,,,,,,,,,,,,,,,,,,,,,,,
2001,139,1242,1393,87,58,29,1,0,-1,,,,,,,,,,,,,,,,,,,,,,,,,,,,,,
2001,139,1201,1277,65,81,-16,0,0,8,,,,,,,,,,,,,,,,,,,,,,,,,,,,,,
2001,139,1279,1323,59,56,3,1,0,-3,,,,,,,,,,,,,,,,,,,,,,,,,,,,,,
2001,139,1314,1336,74,82,-8,0,0,-5,,,,,,,,,,,,,,,,,,,,,,,,,,,,,,
2001,139,1196,1396,54,75,-21,0,0,-8,,,,,,,,,,,,,,,,,,,,,,,,,,,,,,
2001,143,1181,1417,76,63,13,1,0,-3,,,,,,,,,,,,,,,,,,,,,,,,,,,,,,
2001,143,1207,1268,66,76,-10,0,0,7,,,,,,,,,,,,,,,,,,,,,,,,,,,,,,
2001,143,1153,1390,65,78,-13,0,0,4,,,,,,,,,,,,,,,,,,,,,,,,,,,,,,
2001,143,1246,1425,76,80,-4,0,0,-4,,,,,,,,,,,,,,,,,,,,,,,,,,,,,,
2001,144,1112,1279,66,56,10,1,0,-1,,,,,,,,,,,,,,,,,,,,,,,,,,,,,,
2001,144,1228,1242,80,64,16,1,0,-3,,,,,,,,,,,,,,,,,,,,,,,,,,,,,,
2001,144,1211,1277,62,77,-15,0,0,11,,,,,,,,,,,,,,,,,,,,,,,,,,,,,,
2001,144,1336,1396,72,84,-12,0,0,-4,,,,,,,,,,,,,,,,,,,,,,,,,,,,,,
2001,145,1181,1425,79,69,10,1,0,-5,,,,,,,,,,,,,,,,,,,,,,,,,,,,,,
2001,145,1268,1390,87,73,14,1,0,2,,,,,,,,,,,,,,,,,,,,,,,,,,,,,,
2001,146,1112,1228,87,81,6,1,0,1,,,,,,,,,,,,,,,,,,,,,,,,,,,,,,
2001,146,1277,1396,69,62,7,1,0,-10,,,,,,,,,,,,,,,,,,,,,,,,,,,,,,
2001,152,1112,1277,80,61,19,1,0,1,,,,,,,,,,,,,,,,,,,,,,,,,,,,,,
2001,152,1181,1268,95,84,11,1,0,-2,,,,,,,,,,,,,,,,,,,,,,,,,,,,,,
2001,154,1112,1181,72,82,-10,0,0,1,,,,,,,,,,,,,,,,,,,,,,,,,,,,,,
2002,134,1108,1373,77,81,-4,0,0,0,,,,,,,,,,,,,,,,,,,,,,,,,,,,,,
2002,136,1104,1194,86,78,8,1,0,-13,,,,,,,,,,,,,,,,,,,,,,,,,,,,,,
2002,136,1112,1364,86,81,5,1,0,-11,,,,,,,,,,,,,,,,,,,,,,,,,,,,,,
2002,136,1181,1457,84,37,47,1,0,-15,,,,,,,,,,,,,,,,,,,,,,,,,,,,,,
2002,136,1231,1428,75,56,19,1,0,-7,,,,,,,,,,,,,,,,,,,,,,,,,,,,,,
2002,136,1221,1242,59,70,-11,0,0,15,,,,,,,,,,,,,,,,,,,,,,,,,,,,,,
2002,136,1245,1329,69,61,8,1,0,3,,,,,,,,,,,,,,,,,,,,,,,,,,,,,,
2002,136,1246,1434,83,68,15,1,0,-9,,,,,,,,,,,,,,,,,,,,,,,,,,,,,,
2002,136,1274,1281,80,93,-13,0,0,-7,,,,,,,,,,,,,,,,,,,,,,,,,,,,,,
2002,136,1150,1323,63,82,-19,0,0,1,,,,,,,,,,,,,,,,,,,,,,,,,,,,,,
2002,136,1172,1326,64,69,-5,0,0,9,,,,,,,,,,,,,,,,,,,,,,,,,,,,,,
2002,136,1285,1332,62,81,-19,0,0,13,,,,,,,,,,,,,,,,,,,,,,,,,,,,,,
2002,136,1390,1443,84,68,16,1,0,-1,,,,,,,,,,,,,,,,,,,,,,,,,,,,,,
2002,136,1266,1409,69,71,-2,0,0,-7,,,,,,,,,,,,,,,,,,,,,,,,,,,,,,
2002,136,1423,1425,93,89,4,1,1,9,,,,,,,,,,,,,,,,,,,,,,,,,,,,,,
2002,136,1337,1448,74,83,-9,0,0,3,,,,,,,,,,,,,,,,,,,,,,,,,,,,,,
2002,136,1211,1461,66,73,-7,0,0,-5,,,,,,,,,,,,,,,,,,,,,,,,,,,,,,
2002,137,1143,1335,82,75,7,1,0,-5,,,,,,,,,,,,,,,,,,,,,,,,,,,,,,
2002,137,1131,1153,52,90,-38,0,0,15,,,,,,,,,,,,,,,,,,,,,,,,,,,,,,
2002,137,1163,1214,78,67,11,1,0,-13,,,,,,,,,,,,,,,,,,,,,,,,,,,,,,
2002,137,1166,1196,83,82,1,1,2,7,,,,,,,,,,,,,,,,,,,,,,,,,,,,,,
2002,137,1208,1293,85,68,17,1,0,-11,,,,,,,,,,,,,,,,,,,,,,,,,,,,,,
2002,137,1228,1361,93,64,29,1,0,-9,,,,,,,,,,,,,,,,,,,,,,,,,,,,,,
2002,137,1268,1373,85,70,15,1,0,-15,,,,,,,,,,,,,,,,,,,,,,,,,,,,,,
2002,137,1270,1280,58,70,-12,0,0,11,,,,,,,,,,,,,,,,,,,,,,,,,,,,,,
2002,137,1277,1301,58,69,-11,0,0,3,,,,,,,,,,,,,,,,,,,,,,,,,,,,,,
2002,137,1227,1328,63,71,-8,0,0,13,,,,,,,,,,,,,,,,,,,,,,,,,,,,,,
2002,137,1148,1338,54,71,-17,0,0,11,,,,,,,,,,,,,,,,,,,,,,,,,,,,,,
2002,137,1356,1403,76,68,8,1,0,5,,,,,,,,,,,,,,,,,,,,,,,,,,,,,,
2002,137,1130,1400,57,70,-13,0,0,5,,,,,,,,,,,,,,,,,,,,,,,,,,,,,,
2002,137,1279,1417,58,80,-22,0,0,1,,,,,,,,,,,,,,,,,,,,,,,,,,,,,,
2002,137,1385,1458,70,80,-10,0,0,1,,,,,,,,,,,,,,,,,,,,,,,,,,,,,,
2002,137,1218,1462,58,70,-12,0,0,3,,,,,,,,,,,,,,,,,,,,,,,,,,,,,,
2002,138,1112,1461,68,60,8,1,0,-8,,,,,,,,,,,,,,,,,,,,,,,,,,,,,,
2002,138,1181,1323,84,77,7,1,0,-7,,,,,,,,,,,,,,,,,,,,,,,,,,,,,,
2002,138,1231,1423,76,67,9,1,0,-8,,,,,,,,,,,,,,,,,,,,,,,,,,,,,,
2002,138,1242,1390,86,63,23,1,0,-7,,,,,,,,,,,,,,,,,,,,,,,,,,,,,,
2002,138,1104,1245,58,71,-13,0,0,-8,,,,,,,,,,,,,,,,,,,,,,,,,,,,,,
2002,138,1246,1409,87,82,5,1,0,-8,,,,,,,,,,,,,,,,,,,,,,,,,,,,,,
2002,138,1281,1326,83,67,16,1,0,8,,,,,,,,,,,,,,,,,,,,,,,,,,,,,,
2002,138,1332,1448,92,87,5,1,0,-5,,,,,,,,,,,,,,,,,,,,,,,,,,,,,,
2002,139,1163,1301,77,74,3,1,0,-5,,,,,,,,,,,,,,,,,,,,,,,,,,,,,,
2002,139,1166,1228,60,72,-12,0,0,8,,,,,,,,,,,,,,,,,,,,,,,,,,,,,,
2002,139,1268,1458,87,57,30,1,0,-7,,,,,,,,,,,,,,,,,,,,,,,,,,,,,,
2002,139,1328,1462,78,65,13,1,0,-5,,,,,,,,,,,,,,,,,,,,,,,,,,,,,,
2002,139,1143,1338,50,63,-13,0,0,3,,,,,,,,,,,,,,,,,,,,,,,,,,,,,,
2002,139,1208,1356,75,77,-2,0,0,-8,,,,,,,,,,,,,,,,,,,,,,,,,,,,,,
2002,139,1280,1400,64,68,-4,0,0,-3,,,,,,,,,,,,,,,,,,,,,,,,,,,,,,
2002,139,1153,1417,101,105,-4,0,2,-7,,,,,,,,,,,,,,,,,,,,,,,,,,,,,,
2002,143,1181,1231,73,74,-1,0,0,-4,,,,,,,,,,,,,,,,,,,,,,,,,,,,,,
2002,143,1245,1338,78,73,5,1,1,7,,,,,,,,,,,,,,,,,,,,,,,,,,,,,,
2002,143,1281,1417,82,73,9,1,0,4,,,,,,,,,,,,,,,,,,,,,,,,,,,,,,
2002,143,1112,1328,67,88,-21,0,0,1,,,,,,,,,,,,,,,,,,,,,,,,,,,,,,
2002,144,1163,1356,71,59,12,1,0,-9,,,,,,,,,,,,,,,,,,,,,,,,,,,,,,
2002,144,1228,1242,69,73,-4,0,0,3,,,,,,,,,,,,,,,,,,,,,,,,,,,,,,
2002,144,1246,1268,68,78,-10,0,0,3,,,,,,,,,,,,,,,,,,,,,,,,,,,,,,
2002,144,1332,1400,72,70,2,1,0,-4,,,,,,,,,,,,,,,,,,,,,,,,,,,,,,
2002,145,1231,1245,81,69,12,1,0,-5,,,,,,,,,,,,,,,,,,,,,,,,,,,,,,
2002,145,1281,1328,75,81,-6,0,0,10,,,,,,,,,,,,,,,,,,,,,,,,,,,,,,
2002,146,1242,1332,104,86,18,1,0,-1,,,,,,,,,,,,,,,,,,,,,,,,,,,,,,
2002,146,1163,1268,82,90,-8,0,0,1,,,,,,,,,,,,,,,,,,,,,,,,,,,,,,
2002,152,1231,1328,73,64,9,1,0,3,,,,,,,,,,,,,,,,,,,,,,,,,,,,,,
2002,152,1242,1268,88,97,-9,0,0,0,,,,,,,,,,,,,,,,,,,,,,,,,,,,,,
2002,154,1231,1268,52,64,-12,0,0,4,,,,,,,,,,,,,,,,,,,,,,,,,,,,,,
2003,134,1411,1421,84,92,-8,0,1,0,,9.208045977011494,1.0289975127956608,0.9911013905561961,1.01102556985153,1.1089012882927316,0.3207207207207207,0.6199524940617577,0.44889159956588204,0.7837914298735457,0.2613953044632311,0.21514327725792212,0.03778786523264876,0.8436680639425435,0.4287467823746502,0.19985448517562593,0.36015325670498083,0.7627677100494235,0.4327684296107408,0.8044212920579902,0.2562053992706006,0.22810099939329784,0.04966704919674919,0.8642216441748647,0.45405669239976143,0.18143595424065398,0.005189905192630517,70.6656896551724,0.020716539990126237,-0.021577527213752834
2003,136,1112,1436,80,51,29,1,0,-15,,10.30911330049261,1.1062362621769137,0.917822112656041,1.0263471741120982,0.9579883005882535,0.3505338078291815,0.7014285714285714,0.46356260622590056,0.8529799301423274,0.2591595065692778,0.19013001641891286,0.06534802329632207,0.8455066890193109,0.4083307176189575,0.2174618632374565,0.34075723830734966,0.6578483245149912,0.44637204493637384,0.8449244026971009,0.23312698906368892,0.2128634350672258,0.054187664421222116,0.8390493285062047,0.4135142930766906,0.1941568714411981,0.026032517505588854,71.72450738916257,0.011187068373629871,0.03317413314767492
2003,136,1113,1272,84,71,13,1,0,3,,-1.8965517241379315,1.0923105544618177,0.9875144242793753,1.0549407982206789,0.9339927664632053,0.31780821917808216,0.6697368421052632,0.4816798952814811,0.8181758269358782,0.18117081119639486,0.2006485998980819,0.07439328981368908,0.7957443286773057,0.4477797771120063,0.22270790632608098,0.3487972508591065,0.6536144578313252,0.43945740965322166,0.8523055939033061,0.2855264182595984,0.19412461753731675,0.08867247170885822,0.8226382320827331,0.4056909521514071,0.2132617381033057,-0.10435560706320354,70.12758620689655,6.68303338300924e-05,0.015615879687219336
2003,136,1141,1166,79,73,6,1,0,5,,-8.805642633228839,1.0955759931936497,1.0138301619538301,1.1382369240256531,0.9309024072454336,0.3807692307692308,0.7657534246575342,0.5063490902598006,0.7282663843739059,0.2500030869761362,0.25291291718292197,0.06856024104037738,0.8026377198256863,0.4588638473942948,0.2223660398404928,0.3890532544378698,0.6928895612708018,0.49830857274951307,0.8295210878852352,0.2954028219189822,0.19256356758842275,0.08029665257981271,0.8013248443717351,0.4312880549414597,0.24422030836764802,-0.04539973494284599,70.87775600835946,-0.009767637471273793,0.01970091465312962
2003,136,1143,1301,76,74,2,1,1,-1,,0.32413793103448274,1.0522702201909626,0.9870883049162897,1.0720284619662492,1.0102751841540831,0.3765182186234818,0.6855123674911661,0.4687409113875391,0.8302073962290987,0.2402941405711792,0.19837387720156394,0.047279269094656844,0.8310020496181804,0.4369524307036496,0.2101948638518177,0.3540740740740741,0.7703583061889252,0.45850711130400307,0.7933143345641084,0.33711198613182886,0.2099404053020475,0.05602523333318435,0.7921770006263268,0.44338397577628574,0.21800207804009114,-0.09681784556064965,69.2237643678161,0.008332672578086064,0.0015356153889843904
2003,136,1140,1163,53,58,-5,0,0,7,,0.14086021505376323,1.1068226037784747,0.9547340918704516,1.0818831310220454,0.973841095774217,0.384,0.7530040053404541,0.4711515465239159,0.782041727624418,0.24720411231803766,0.20973762554171038,0.04811565826622685,0.771067051967404,0.40997100983414697,0.21808550412231226,0.386411889596603,0.67420814479638,0.4748870469257539,0.8418292318549897,0.21338900836579022,0.2156055452586406,0.11768374692326392,0.8920859263697581,0.3834259064636633,0.18230155418011004,0.03381510395224743,69.66823924731183,-0.01514030188616089,-0.0555414177192064
2003,136,1161,1181,57,67,-10,0,0,11,,-10.233333333333333,1.0721805931494943,1.0676505389202056,1.1115210659318404,0.9649371927112438,0.3631123919308358,0.7005494505494506,0.5078932197899461,0.7567910695661034,0.16918938795359437,0.2340784607674696,0.07498870586977252,0.8426982636710992,0.45587749196587185,0.1777678423672543,0.35598705501618116,0.7090261282660332,0.4595602761155692,0.8166585997862447,0.279188952857694,0.19055082779694701,0.08887822842813412,0.7836476995762119,0.44065187926426835,0.2419844969076821,-0.10999956490409965,71.44583333333333,0.01655366548638665,-0.014010821519314431
2003,136,1153,1211,69,74,-5,0,0,-1,,-3.049539170506913,1.0273426885057215,0.946504105075984,1.1039740693392364,0.9735072695502176,0.3424908424908425,0.6898839137645109,0.4057677155368548,0.8735838816694813,0.30110136522784403,0.15965761055383834,0.07933304104512473,0.8185211899880744,0.3991177123463375,0.20948933462180624,0.3756345177664974,0.7212041884816753,0.4707508138972465,0.7962779423948352,0.2754541316456719,0.2080513015355613,0.06425365222408005,0.8034264159307798,0.4235262506209117,0.213358726032041,0.025647233582172135,67.57164458525347,-0.02028728004290875,0.005520851655874015
2003,136,1228,1443,65,60,5,1,0,-9,,7.355913978494623,1.105310964965115,0.9064771816997,1.064491379272105,0.9536950097179315,0.368595041322314,0.7225130890052356,0.484964417287028,0.8178392588301279,0.2934521877308516,0.19144472165674753,0.05690479400637365,0.7981414586913349,0.3775122891835619,0.218911851238914,0.36656441717791416,0.6620795107033638,0.46462121819985713,0.8136755660716436,0.3059334006064693,0.21935249992673095,0.0628663025466509,0.807154154821181,0.43572634393343374,0.22671796581455977,-0.012481212875617709,68.61501344086022,0.03927862691852135,-0.036894855826384854
2003,136,1242,1429,64,61,3,1,0,-13,,9.100000000000001,1.094313757586726,0.9018518512281756,1.07768571219249,0.9839275134155241,0.33962264150943394,0.6657458563535912,0.4873331904671726,0.8386153856230257,0.19050261906429714,0.1999524578137169,0.08069024583383463,0.8238226975112124,0.40672578346096844,0.23451296606322788,0.3324175824175824,0.7182866556836902,0.45628551304633425,0.8505223626543337,0.1997789069725496,0.1997817110222494,0.03976351363916582,0.8324542726738475,0.4344403074982655,0.20312410443711512,-0.009276287908252467,67.75375,0.029381100729067744,-0.00024324257462238208
2003,136,1221,1266,68,72,-4,0,0,11,,0.4236453201970445,1.0663111304799069,0.8800823720787723,1.1524897851470777,0.9958064310882376,0.3598130841121496,0.705607476635514,0.4594542901366491,0.8134265044735625,0.22855926938245957,0.21369631480328324,0.09049558345016066,0.772473632966933,0.40690848135738933,0.23394675504004497,0.3793911007025761,0.7700453857791225,0.4846751208114754,0.8307416040478376,0.2257134430788895,0.1986367500078771,0.06261866932674547,0.868115729192582,0.407029537167841,0.18600146154502237,0.0028458263035700815,66.5147013546798,-0.012549887432187323,-0.05664901153794766
2003,136,1281,1356,72,71,1,1,0,-5,,-1.1430107526881725,1.0556016641765122,0.9676156987814172,1.0858008220457067,1.0001037950088667,0.3569230769230769,0.6589698046181173,0.4434873237504078,0.8722994553748511,0.3088730613570491,0.19934177273568926,0.07250653044192588,0.8722485634893904,0.4033666225706667,0.19155854528527888,0.3852631578947368,0.7061855670103093,0.4732612164416444,0.8423879439686177,0.22912576777285432,0.18054794121742485,0.05808178457372512,0.7914430548552568,0.44799710808414434,0.23274291963755808,0.0797472935841948,68.34876344086021,0.007428296411120527,0.02325507764650414
2003,136,1323,1454,70,69,1,1,0,-7,,1.7365591397849451,1.0977240709592135,0.9857357880185564,1.0836979242170017,0.9788997343753789,0.38074074074074077,0.7598870056497175,0.45098645492164324,0.8339466367029679,0.29894756188479304,0.17597637469633506,0.08614946256298843,0.9009657632045698,0.41507891693343363,0.18071697606847692,0.3562691131498471,0.6905132192846034,0.47430926276667884,0.8102088826047688,0.30686565693968315,0.21001011362503913,0.06556373599292933,0.7635133315841954,0.4372954996083673,0.24180861611004803,-0.007918095054890106,72.03020161290323,-0.0005531125850509744,-0.011681630815679411
2003,136,1328,1354,71,54,17,1,0,-15,,9.466666666666667,1.0885402769611767,0.9192589395045139,0.9984745091452661,0.9795563560890475,0.39367311072056244,0.7078853046594982,0.4462205360376688,0.8723343131594047,0.29305782514146583,0.18156605237551496,0.07062813548166229,0.8166711046165729,0.4060933387512159,0.20767176355922576,0.33405172413793105,0.6989664082687339,0.4594723900260624,0.7446973935623269,0.21261717616006612,0.265209869096318,0.049972049063184025,0.7979800116258933,0.4166110927369652,0.23861711606864072,0.08044064898139971,69.07833333333333,-0.0013670500013220899,-0.05686621389681995
2003,136,1360,1390,69,77,-8,0,0,9,,-2.183179723502304,1.0284983928248086,0.9831435484276007,1.0536633172954368,0.9707550740237693,0.38415841584158417,0.6580732700135685,0.47329106952429606,0.7376127694396045,0.24835911801813224,0.24901315414564681,0.057973362238186,0.8266050491699162,0.4334272793708462,0.20793605739664564,0.3577371048252912,0.6754658385093169,0.4453851143847864,0.8491714040523355,0.28362584648603845,0.208776426896737,0.0572484753995582,0.8387256978892637,0.4093667123288076,0.1892169750098278,-0.03526672846790621,70.58094758064516,0.0019226940487355182,-0.023180695991648737
2003,136,1173,1409,71,84,-13,0,0,-9,,-1.7753058954393772,1.1237791568502198,1.0242560247604515,1.0580666673084798,0.9378027204621379,0.3603305785123967,0.7155824508320726,0.4524075959102404,0.8392031748154426,0.32349288997160836,0.20586500956681064,0.051630950251469826,0.8801438547709044,0.4237967200430766,0.18173571855549064,0.36267605633802813,0.7271214642262895,0.4619923229236402,0.8224668870986163,0.26386322935014567,0.20608084530339435,0.08550556132885735,0.847165915774431,0.39800891849562897,0.2077486761300487,0.05962966062146269,67.13181312569523,-0.017686264280423747,0.04406897460165343
2003,136,1451,1458,74,81,-7,0,0,7,,-5.000000000000001,1.1081096061649747,0.9965852320111899,1.116701742288676,0.9259618032702197,0.33522727272727276,0.7342281879194631,0.46651224511182976,0.788725209258578,0.2716103370154567,0.18504530608963032,0.012301608797875575,0.8016713813055316,0.4590698241804528,0.23024527612291845,0.3591269841269841,0.7411347517730497,0.46621610409637326,0.8523301867829057,0.27777003136271183,0.16616719125920623,0.055478960140432514,0.8151982548699588,0.4315065147410836,0.22042791930723935,-0.006159694347255107,65.25474137931035,-0.013633584211956318,0.02265185370663636
2003,137,1120,1386,65,63,2,1,1,3,,-6.811494252873564,1.026415560421024,0.9659541116601037,1.070476348270915,0.8939451496294059,0.3448979591836735,0.6621621621621622,0.47005544540091687,0.8058175466675056,0.2413645671553776,0.23411601781562716,0.08703304633088883,0.8321226577203441,0.42349622972236384,0.23261466779097367,0.3675078864353313,0.6828046744574291,0.4466449819363004,0.8265684103277565,0.33235329083864984,0.19616201505626354,0.10118289572378993,0.8266578087595529,0.37060150491575355,0.2298491819563132,-0.09098872368327224,67.01181034482758,-0.014742130670996889,0.018044703084943325
2003,137,1139,1280,47,46,1,1,0,7,,-2.344827586206897,1.1276188578068633,1.0062455722850734,1.0436947265217609,0.9056347309192206,0.38801261829652994,0.7229166666666665,0.47772948338544385,0.8325771769777773,0.35904608398884963,0.1678248867221072,0.03613527617015773,0.8602530621084847,0.4487818778896625,0.1981402691423864,0.3436213991769547,0.6767485822306238,0.4715773607410947,0.8324922704680685,0.24373866287956117,0.2320713710759524,0.06770516474216454,0.8158964025503475,0.40573347811110355,0.23882403108530134,0.11530742110928846,64.12297413793104,-0.018448138567104866,-0.036906605183541885
2003,137,1196,1358,85,55,30,1,0,-13,,4.707287933094386,1.115088541643618,0.9542347149601913,1.0359503497362792,0.9338571251621827,0.39212827988338195,0.7052810902896083,0.47767552334317254,0.8331365991709524,0.32599356959052433,0.19517041851350025,0.07148527153343234,0.8459175094789223,0.4235435073043051,0.22042663489482656,0.3586065573770492,0.7102362204724408,0.4589815189401368,0.7696475996233603,0.26030620923311937,0.22469085146331283,0.09674465734497878,0.8330818851881332,0.3890998169311619,0.21257594446763708,0.06568736035740497,68.77936081242532,-0.007874842985053754,-0.0026339028724110536
2003,137,1104,1231,62,67,-5,0,0,3,,0.7544642857142856,1.0336997383517628,0.9805506794939883,1.0709339418168506,1.014047882585019,0.3201438848920863,0.7098976109215018,0.4196763985604499,0.8546101106679884,0.2965094076706352,0.19907593263600504,0.0674781743064538,0.8332967262101996,0.4223973584384294,0.2071912990586083,0.34826589595375723,0.712707182320442,0.4307318014343271,0.8336138950753983,0.3288245408266857,0.17411439348057042,0.08970568646826928,0.8866605623985663,0.4154422895373911,0.15791660528020768,-0.0323151331560505,66.3997767857143,-0.009005235887457774,0.025386722304842735
2003,137,1237,1246,64,95,-31,0,0,15,,-12.59375,1.036028842878542,1.0217348320381674,1.113097434739335,0.9222778963699346,0.3495798319327731,0.7016574585635359,0.45740600730275505,0.7851644132341001,0.2714718781424014,0.22954009011954274,0.0340397963536097,0.7810211511489664,0.47524522111117606,0.24540182797066037,0.3559322033898305,0.706766917293233,0.4871303953717753,0.8399146381352639,0.2393355868152578,0.20256672660553643,0.09071855785521105,0.8000772618436578,0.41331064535732465,0.23718265313210168,0.03213629132714363,69.183984375,-0.04582948191143582,-0.014436311424967152
2003,137,1122,1257,64,86,-22,0,0,9,,-11.366666666666667,1.0261958629711343,0.9942441439866806,1.1231402119688123,0.9360072698681247,0.3491379310344827,0.691358024691358,0.45681021592044563,0.7666666894112687,0.2530280384696261,0.22320603993859797,0.08240314406942188,0.8391919608836514,0.43043423061049624,0.2046313150286442,0.36039886039886043,0.695883134130146,0.4590272480615009,0.8355783464084884,0.3226274856536333,0.18224460864862838,0.08345500556208109,0.7691425422444695,0.40429748653375447,0.23788868108987554,-0.06959944718400718,70.49458333333334,-0.014176888108898555,-0.022900613401472425
2003,137,1268,1423,75,73,2,1,0,-5,,2.1619047619047613,1.091913856544572,0.8977375678363548,1.0745636397277418,0.8972239022700113,0.39789473684210525,0.7036423841059603,0.4654283320063974,0.8557450964337967,0.2295038077645437,0.19186129040903796,0.10788310415514361,0.8131770169911798,0.380727556513066,0.2453695401966641,0.3677536231884058,0.6886446886446886,0.46437971117904236,0.8486853635124773,0.2771590800417935,0.1715658735251843,0.03689750711886593,0.7877881524461795,0.40446712700587273,0.25538576630925247,-0.047655272277249805,70.25285714285715,0.012394095660080873,0.045129732574827996
2003,137,1160,1277,64,79,-15,0,0,3,,-0.806451612903226,1.0437580311114925,0.985228096679261,1.0273199457170863,0.9348519939246089,0.32558139534883723,0.6752021563342319,0.4459804067862747,0.8511279053319728,0.21213375883742,0.192623590697324,0.1038658821618891,0.8916155391498302,0.40368045022388954,0.17634322531831848,0.3662650602409639,0.7346938775510204,0.4542346169030539,0.782483599628733,0.20473267020110503,0.22173866198317224,0.07371146908098043,0.773873861566369,0.40045444837757316,0.21891947731864111,0.007401088636314973,68.84354838709677,-0.005740105981547783,0.045797264464578324
2003,137,1329,1335,77,63,14,1,0,-5,,-4.260536398467433,1.003896503632156,0.9120778337470932,1.0963581666948838,0.920684865458576,0.375,0.6512345679012346,0.44429272509042195,0.8135032825513966,0.18982604814827292,0.21351594853449957,0.09959807694917426,0.8205016466851818,0.39232363106794066,0.2438783918082829,0.411864406779661,0.7021696252465482,0.4686211893958593,0.8053058201647749,0.341206086087449,0.20239518059460007,0.04231104906966578,0.7973976727937097,0.4032759796696962,0.22209355206797035,-0.1513800379391761,66.20403895274585,-0.006688057851840901,0.07369723949206464
2003,137,1338,1447,87,61,26,1,0,-13,,11.669892473118281,1.09455957252399,0.8674382878900103,1.0853556572723027,1.017115196754866,0.35834896810506567,0.6359649122807017,0.502071641697042,0.7858495722562524,0.2629595527030404,0.2212107851618256,0.07655906243815244,0.7857388670176301,0.3874710713724927,0.23825087932015748,0.38380281690140844,0.7290969899665553,0.47611625713124206,0.8277074218519508,0.262722995425345,0.21363858398434776,0.04793645039375603,0.8188223362920982,0.46548781747202883,0.2212755763713148,0.0002365572776953928,68.96903225806452,0.05198606533266803,-0.016783204454146716
2003,137,1261,1345,56,80,-24,0,0,-1,,3.82258064516129,1.081792237007616,0.9255026244950136,1.0239561962860435,0.9356356888959043,0.38348623853211006,0.6477272727272727,0.4883124373513529,0.8149817935573748,0.26175836848966977,0.20445649792356976,0.0742005395882454,0.8267457544200605,0.40868022533983966,0.22759084244636973,0.32949308755760365,0.7507002801120448,0.43499549933965886,0.7776594349526172,0.22259625073973804,0.19855963975853627,0.0526868607407471,0.7793767329009539,0.41771726269917,0.23436186924219818,0.039162117749931724,68.84760944700461,0.031176987685512136,0.015068226367673465
2003,137,1264,1393,65,76,-11,0,0,11,,-1.793103448275863,1.0651384472368284,0.9415189472576636,1.098000621648974,0.9678146558445313,0.3485838779956427,0.7864357864357864,0.45301985526655625,0.8040517684951449,0.22127660969663102,0.19645927072677194,0.0719713359463741,0.7721037514966246,0.41745192346508414,0.24547729776971278,0.33043478260869563,0.6934306569343066,0.4721131205008543,0.8526466726798334,0.21878507892490115,0.18897392458022697,0.11187943097796067,0.895793655481728,0.39234957616451804,0.20072629719145277,0.0024915307717298663,72.26810344827587,-0.022097806267432074,-0.039841794754305715
2003,137,1400,1421,82,61,21,1,0,-15,,17.419950738916256,1.1101881084034486,0.9756221138442951,1.01102556985153,1.1089012882927316,0.34893617021276596,0.7147147147147147,0.44894013814642897,0.8790826755017297,0.23790097497196652,0.190030557049967,0.06552109638296469,0.8446126173741526,0.41118180332798027,0.20080212149058316,0.36015325670498083,0.7627677100494235,0.4327684296107408,0.8044212920579902,0.2562053992706006,0.22810099939329784,0.04966704919674919,0.8642216441748647,0.45405669239976143,0.18143595424065398,-0.018304424298634075,70.82158251231527,0.029523298803734666,0.01528257173686387
2003,137,1332,1428,58,60,-2,0,0,-1,,1.5166666666666666,1.0860741266522294,0.983935746230445,1.0694079911665286,0.9719661237860662,0.391304347826087,0.7760968229954615,0.46191269233081717,0.8205059646801807,0.30510768475598943,0.2000291674543069,0.04552863878593801,0.8067332005133276,0.428874243948209,0.2196820273165988,0.3818827708703375,0.703900709219858,0.45849784715710035,0.8142168332123686,0.300259544402165,0.20452565885359286,0.0755774257198851,0.7892345052271121,0.41691166793173423,0.20471445531581658,0.004848140353824415,68.942734375,-0.004273865421378975,0.028695647308831562
2003,137,1190,1448,73,76,-3,0,0,13,,-8.57088122605364,1.0227827771375315,0.9996537256095707,1.1177537467159504,0.9722518853324102,0.34390243902439027,0.7388059701492538,0.45872589971503336,0.7890926618070786,0.1948944972409582,0.2407526486978581,0.08398746048573116,0.8095919169620026,0.44432366934456974,0.24253969297838396,0.3443579766536965,0.7525906735751295,0.4579645366341227,0.8168894745441567,0.2543609638828498,0.21399771097268377,0.07358011133040597,0.8571200523337011,0.40003118289835593,0.19487254881189806,-0.05946646664189159,74.0831098339719,-0.02176556168265159,0.0047873483647096204
2003,137,1407,1462,59,71,-12,0,0,11,,-3.466666666666667,1.0825701218734094,0.967787580459919,1.1173838423124984,0.9413338412749332,0.3341176470588236,0.6877133105802047,0.43423344359677485,0.8913657992428623,0.3865447515764464,0.18667169525751812,0.08611301388872997,0.8255973350754887,0.41714032167730664,0.24172520868103284,0.36210131332082557,0.746922024623803,0.45294937632398063,0.8485456206827647,0.25496601232552174,0.1866407906641192,0.048438287511959305,0.8811820857697836,0.41108369518741666,0.19970130801417282,0.13157873925092467,71.57625,-0.012386279608547879,0.004587335073555909
2003,138,1112,1211,96,95,1,1,2,-8,,6.0933179723502295,1.1062362621769137,0.917822112656041,1.1039740693392364,0.9735072695502176,0.3505338078291815,0.7014285714285714,0.46356260622590056,0.8529799301423274,0.2591595065692778,0.19013001641891286,0.06534802329632207,0.8455066890193109,0.4083307176189575,0.2174618632374565,0.3756345177664974,0.7212041884816753,0.4707508138972465,0.7962779423948352,0.2754541316456719,0.2080513015355613,0.06425365222408005,0.8034264159307798,0.4235262506209117,0.213358726032041,-0.01629462507639412,73.48369815668204,0.004003662665304164,0.03550841305461694
2003,138,1163,1390,85,74,11,1,0,1,,3.343010752688172,1.0818831310220454,0.973841095774217,1.0536633172954368,0.9707550740237693,0.386411889596603,0.67420814479638,0.4748870469257539,0.8418292318549897,0.21338900836579022,0.2156055452586406,0.11768374692326392,0.8920859263697581,0.3834259064636633,0.18230155418011004,0.3577371048252912,0.6754658385093169,0.4453851143847864,0.8491714040523355,0.28362584648603845,0.208776426896737,0.0572484753995582,0.8387256978892637,0.4093667123288076,0.1892169750098278,-0.07023683812024822,71.10573924731183,0.0277213692030559,0.03249261381918134
2003,138,1141,1181,60,86,-26,0,0,8,,-5.463218390804597,1.0955759931936497,1.0138301619538301,1.1115210659318404,0.9649371927112438,0.3807692307692308,0.7657534246575342,0.5063490902598006,0.7282663843739059,0.2500030869761362,0.25291291718292197,0.06856024104037738,0.8026377198256863,0.4588638473942948,0.2223660398404928,0.35598705501618116,0.7090261282660332,0.4595602761155692,0.8166585997862447,0.279188952857694,0.19055082779694701,0.08887822842813412,0.7836476995762119,0.44065187926426835,0.2419844969076821,-0.029185865881557804,73.11669540229884,0.014288423007102424,-0.012157411669596607
2003,138,1113,1242,76,108,-32,0,0,8,,-8.173563218390804,1.0923105544618177,0.9875144242793753,1.094313757586726,0.9018518512281756,0.31780821917808216,0.6697368421052632,0.4816798952814811,0.8181758269358782,0.18117081119639486,0.2006485998980819,0.07439328981368908,0.7957443286773057,0.4477797771120063,0.22270790632608098,0.33962264150943394,0.6657458563535912,0.4873331904671726,0.8386153856230257,0.19050261906429714,0.1999524578137169,0.08069024583383463,0.8238226975112124,0.40672578346096844,0.23451296606322788,-0.009331807867902275,72.00925287356321,-0.02335364441836474,0.01594424380686199
2003,138,1266,1281,101,92,9,1,1,-3,,5.4239631336405525,1.1524897851470777,0.9958064310882376,1.0556016641765122,0.9676156987814172,0.3793911007025761,0.7700453857791225,0.4846751208114754,0.8307416040478376,0.2257134430788895,0.1986367500078771,0.06261866932674547,0.868115729192582,0.407029537167841,0.18600146154502237,0.3569230769230769,0.6589698046181173,0.4434873237504078,0.8722994553748511,0.3088730613570491,0.19934177273568926,0.07250653044192588,0.8722485634893904,0.4033666225706667,0.19155854528527888,-0.08315961827815962,67.93843605990784,0.018762441231946703,0.02785420906779601
2003,138,1228,1323,60,68,-8,0,0,-1,,5.130107526881721,1.105310964965115,0.9064771816997,1.0977240709592135,0.9857357880185564,0.368595041322314,0.7225130890052356,0.484964417287028,0.8178392588301279,0.2934521877308516,0.19144472165674753,0.05690479400637365,0.7981414586913349,0.3775122891835619,0.218911851238914,0.38074074074074077,0.7598870056497175,0.45098645492164324,0.8339466367029679,0.29894756188479304,0.17597637469633506,0.08614946256298843,0.9009657632045698,0.41507891693343363,0.18071697606847692,-0.005495374153941468,70.6093682795699,0.035772295057628245,-0.015609670783770624
2003,138,1143,1328,65,74,-9,0,0,7,,-6.275862068965517,1.0522702201909626,0.9870883049162897,1.0885402769611767,0.9192589395045139,0.3765182186234818,0.6855123674911661,0.4687409113875391,0.8302073962290987,0.2402941405711792,0.19837387720156394,0.047279269094656844,0.8310020496181804,0.4369524307036496,0.2101948638518177,0.39367311072056244,0.7078853046594982,0.4462205360376688,0.8723343131594047,0.29305782514146583,0.18156605237551496,0.07062813548166229,0.8166711046165729,0.4060933387512159,0.20767176355922576,-0.05276368457028663,67.98043103448276,-0.004169358301281734,-0.003603439325409852
2003,138,1409,1458,60,61,-1,0,0,8,,-3.7764182424916584,1.0580666673084798,0.9378027204621379,1.116701742288676,0.9259618032702197,0.36267605633802813,0.7271214642262895,0.4619923229236402,0.8224668870986163,0.26386322935014567,0.20608084530339435,0.08550556132885735,0.847165915774431,0.39800891849562897,0.2077486761300487,0.3591269841269841,0.7411347517730497,0.46621610409637326,0.8523301867829057,0.27777003136271183,0.16616719125920623,0.055478960140432514,0.8151982548699588,0.4315065147410836,0.22042791930723935,-0.013906802012566166,66.37189933259177,0.01463690753636071,0.03634139202396658
2003,139,1120,1448,68,62,6,1,0,8,,-6.259770114942528,1.026415560421024,0.9659541116601037,1.1177537467159504,0.9722518853324102,0.3448979591836735,0.6621621621621622,0.47005544540091687,0.8058175466675056,0.2413645671553776,0.23411601781562716,0.08703304633088883,0.8321226577203441,0.42349622972236384,0.23261466779097367,0.3443579766536965,0.7525906735751295,0.4579645366341227,0.8168894745441567,0.2543609638828498,0.21399771097268377,0.07358011133040597,0.8571200523337011,0.40003118289835593,0.19487254881189806,-0.012996396727472187,69.13551724137932,-0.005687069028606884,-0.010103229288215831
2003,139,1139,1257,79,71,8,1,0,8,,-5.711494252873564,1.1276188578068633,1.0062455722850734,1.1231402119688123,0.9360072698681247,0.38801261829652994,0.7229166666666665,0.47772948338544385,0.8325771769777773,0.35904608398884963,0.1678248867221072,0.03613527617015773,0.8602530621084847,0.4487818778896625,0.1981402691423864,0.36039886039886043,0.695883134130146,0.4590272480615009,0.8355783464084884,0.3226274856536333,0.18224460864862838,0.08345500556208109,0.7691425422444695,0.40429748653375447,0.23788868108987554,0.03641859833521632,67.01297413793104,-0.012891078015982549,-0.03908464290032282
2003,139,1246,1428,74,54,20,1,0,-8,,6.704166666666667,1.113097434739335,0.9222778963699346,1.0694079911665286,0.9719661237860662,0.3559322033898305,0.706766917293233,0.4871303953717753,0.8399146381352639,0.2393355868152578,0.20256672660553643,0.09071855785521105,0.8000772618436578,0.41331064535732465,0.23718265313210168,0.3818827708703375,0.703900709219858,0.45849784715710035,0.8142168332123686,0.300259544402165,0.20452565885359286,0.0755774257198851,0.7892345052271121,0.41691166793173423,0.20471445531581658,-0.06092395758690722,65.84742187500001,0.01611678539454231,0.045158022720895974
2003,139,1268,1462,77,64,13,1,0,3,,1.6619047619047613,1.091913856544572,0.8977375678363548,1.1173838423124984,0.9413338412749332,0.39789473684210525,0.7036423841059603,0.4654283320063974,0.8557450964337967,0.2295038077645437,0.19186129040903796,0.10788310415514361,0.8131770169911798,0.380727556513066,0.2453695401966641,0.36210131332082557,0.746922024623803,0.45294937632398063,0.8485456206827647,0.25496601232552174,0.1866407906641192,0.048438287511959305,0.8811820857697836,0.41108369518741666,0.19970130801417282,-0.02546220456097803,71.91744047619048,0.021417547178383733,-0.0003973305655905479
2003,139,1196,1277,46,68,-22,0,0,-5,,4.967741935483872,1.115088541643618,0.9542347149601913,1.0273199457170863,0.9348519939246089,0.39212827988338195,0.7052810902896083,0.47767552334317254,0.8331365991709524,0.32599356959052433,0.19517041851350025,0.07148527153343234,0.8459175094789223,0.4235435073043051,0.22042663489482656,0.3662650602409639,0.7346938775510204,0.4542346169030539,0.782483599628733,0.20473267020110503,0.22173866198317224,0.07371146908098043,0.773873861566369,0.40045444837757316,0.21891947731864111,0.12126089938941931,66.78508064516129,0.00017592375669334137,0.01969057515434347
2003,139,1231,1338,52,74,-22,0,0,5,,-12.235416666666667,1.0709339418168506,1.014047882585019,1.09455957252399,0.8674382878900103,0.34826589595375723,0.712707182320442,0.4307318014343271,0.8336138950753983,0.3288245408266857,0.17411439348057042,0.08970568646826928,0.8866605623985663,0.4154422895373911,0.15791660528020768,0.35834896810506567,0.6359649122807017,0.502071641697042,0.7858495722562524,0.2629595527030404,0.2212107851618256,0.07655906243815244,0.7857388670176301,0.3874710713724927,0.23825087932015748,0.06586498812364533,67.0478125,-0.04965552921380667,-0.009382999471884479
2003,139,1329,1393,56,68,-12,0,0,3,,-3.6896551724137936,1.003896503632156,0.9120778337470932,1.098000621648974,0.9678146558445313,0.375,0.6512345679012346,0.44429272509042195,0.8135032825513966,0.18982604814827292,0.21351594853449957,0.09959807694917426,0.8205016466851818,0.39232363106794066,0.2438783918082829,0.33043478260869563,0.6934306569343066,0.4721131205008543,0.8526466726798334,0.21878507892490115,0.18897392458022697,0.11187943097796067,0.895793655481728,0.39234957616451804,0.20072629719145277,-0.02895903077662823,70.52025862068965,-0.013897225156927484,-0.014552805769922794
2003,139,1345,1400,67,77,-10,0,0,8,,-3.678571428571429,1.0239561962860435,0.9356356888959043,1.1101881084034486,0.9756221138442951,0.32949308755760365,0.7507002801120448,0.43499549933965886,0.7776594349526172,0.22259625073973804,0.19855963975853627,0.0526868607407471,0.7793767329009539,0.41771726269917,0.23436186924219818,0.34893617021276596,0.7147147147147147,0.44894013814642897,0.8790826755017297,0.23790097497196652,0.190030557049967,0.06552109638296469,0.8446126173741526,0.41118180332798027,0.20080212149058316,-0.015304724232228478,70.45535714285715,-0.010240049088979908,-0.0673054708405113
2003,143,1112,1323,88,71,17,1,0,-4,,6.061059907834101,1.1062362621769137,0.917822112656041,1.0977240709592135,0.9857357880185564,0.3505338078291815,0.7014285714285714,0.46356260622590056,0.8529799301423274,0.2591595065692778,0.19013001641891286,0.06534802329632207,0.8455066890193109,0.4083307176189575,0.2174618632374565,0.38074074074074077,0.7598870056497175,0.45098645492164324,0.8339466367029679,0.29894756188479304,0.17597637469633506,0.08614946256298843,0.9009657632045698,0.41507891693343363,0.18071697606847692,-0.03978805531551527,75.05466589861751,0.009662175309366694,0.036552413279637985
2003,143,1181,1242,65,69,-4,0,0,1,,-3.4000000000000004,1.1115210659318404,0.9649371927112438,1.094313757586726,0.9018518512281756,0.35598705501618116,0.7090261282660332,0.4595602761155692,0.8166585997862447,0.279188952857694,0.19055082779694701,0.08887822842813412,0.7836476995762119,0.44065187926426835,0.2419844969076821,0.33962264150943394,0.6657458563535912,0.4873331904671726,0.8386153856230257,0.19050261906429714,0.1999524578137169,0.08069024583383463,0.8238226975112124,0.40672578346096844,0.23451296606322788,0.08868633379339688,74.1475,-0.030849505077451655,0.019441163588290067
2003,143,1246,1458,63,57,6,1,0,-4,,1.4030172413793096,1.113097434739335,0.9222778963699346,1.116701742288676,0.9259618032702197,0.3559322033898305,0.706766917293233,0.4871303953717753,0.8399146381352639,0.2393355868152578,0.20256672660553643,0.09071855785521105,0.8000772618436578,0.41331064535732465,0.23718265313210168,0.3591269841269841,0.7411347517730497,0.46621610409637326,0.8523301867829057,0.27777003136271183,0.16616719125920623,0.055478960140432514,0.8151982548699588,0.4315065147410836,0.22042791930723935,-0.03843444454745404,66.40311153017242,0.019555080329580476,0.06010130157548399
2003,143,1266,1338,77,74,3,1,0,1,,-5.052380952380954,1.1524897851470777,0.9958064310882376,1.09455957252399,0.8674382878900103,0.3793911007025761,0.7700453857791225,0.4846751208114754,0.8307416040478376,0.2257134430788895,0.1986367500078771,0.06261866932674547,0.868115729192582,0.407029537167841,0.18600146154502237,0.35834896810506567,0.6359649122807017,0.502071641697042,0.7858495722562524,0.2629595527030404,0.2212107851618256,0.07655906243815244,0.7857388670176301,0.3874710713724927,0.23825087932015748,-0.0372461096241509,68.0288392857143,-0.01847749334045745,0.04875713071337162
2003,144,1268,1277,58,60,-2,0,0,-1,,7.670506912442397,1.091913856544572,0.8977375678363548,1.0273199457170863,0.9348519939246089,0.39789473684210525,0.7036423841059603,0.4654283320063974,0.8557450964337967,0.2295038077645437,0.19186129040903796,0.10788310415514361,0.8131770169911798,0.380727556513066,0.2453695401966641,0.3662650602409639,0.7346938775510204,0.4542346169030539,0.782483599628733,0.20473267020110503,0.22173866198317224,0.07371146908098043,0.773873861566369,0.40045444837757316,0.21891947731864111,0.024771137563438683,69.7198732718894,0.015460303483925353,0.04816013689329701
2003,144,1139,1328,54,65,-11,0,0,11,,-3.344827586206897,1.1276188578068633,1.0062455722850734,1.0885402769611767,0.9192589395045139,0.38801261829652994,0.7229166666666665,0.47772948338544385,0.8325771769777773,0.35904608398884963,0.1678248867221072,0.03613527617015773,0.8602530621084847,0.4487818778896625,0.1981402691423864,0.39367311072056244,0.7078853046594982,0.4462205360376688,0.8723343131594047,0.29305782514146583,0.18156605237551496,0.07062813548166229,0.8166711046165729,0.4060933387512159,0.20767176355922576,0.0659882588473838,63.06922413793103,-0.005589795895335814,-0.011791962305666481
2003,144,1120,1393,78,79,-1,0,0,7,,-5.673563218390806,1.026415560421024,0.9659541116601037,1.098000621648974,0.9678146558445313,0.3448979591836735,0.6621621621621622,0.47005544540091687,0.8058175466675056,0.2413645671553776,0.23411601781562716,0.08703304633088883,0.8321226577203441,0.42349622972236384,0.23261466779097367,0.33043478260869563,0.6934306569343066,0.4721131205008543,0.8526466726798334,0.21878507892490115,0.18897392458022697,0.11187943097796067,0.895793655481728,0.39234957616451804,0.20072629719145277,0.022579488230476452,70.38853448275862,-0.01660216432889161,-0.016085859046809148
2003,144,1163,1400,78,82,-4,0,0,4,,-1.545238095238096,1.0818831310220454,0.973841095774217,1.1101881084034486,0.9756221138442951,0.386411889596603,0.67420814479638,0.4748870469257539,0.8418292318549897,0.21338900836579022,0.2156055452586406,0.11768374692326392,0.8920859263697581,0.3834259064636633,0.18230155418011004,0.34893617021276596,0.7147147147147147,0.44894013814642897,0.8790826755017297,0.23790097497196652,0.190030557049967,0.06552109638296469,0.8446126173741526,0.41118180332798027,0.20080212149058316,-0.0245119666061763,72.35380952380953,0.02685140282182097,0.0010243188976444273
2003,145,1112,1242,75,78,-3,0,0,-1,,-0.0023809523809532607,1.1062362621769137,0.917822112656041,1.094313757586726,0.9018518512281756,0.3505338078291815,0.7014285714285714,0.46356260622590056,0.8529799301423274,0.2591595065692778,0.19013001641891286,0.06534802329632207,0.8455066890193109,0.4083307176189575,0.2174618632374565,0.33962264150943394,0.6657458563535912,0.4873331904671726,0.8386153856230257,0.19050261906429714,0.1999524578137169,0.08069024583383463,0.8238226975112124,0.40672578346096844,0.23451296606322788,0.06865688750498064,75.77988095238095,-0.01268775919963061,0.015612741104161554
2003,145,1246,1266,69,83,-14,0,0,-2,,2.7232142857142865,1.113097434739335,0.9222778963699346,1.1524897851470777,0.9958064310882376,0.3559322033898305,0.706766917293233,0.4871303953717753,0.8399146381352639,0.2393355868152578,0.20256672660553643,0.09071855785521105,0.8000772618436578,0.41331064535732465,0.23718265313210168,0.3793911007025761,0.7700453857791225,0.4846751208114754,0.8307416040478376,0.2257134430788895,0.1986367500078771,0.06261866932674547,0.868115729192582,0.407029537167841,0.18600146154502237,0.013622143736368303,68.69626116071429,-0.0019129168145918252,-0.022300119261707718
2003,146,1328,1393,47,63,-16,0,0,-2,,0.7931034482758612,1.0885402769611767,0.9192589395045139,1.098000621648974,0.9678146558445313,0.39367311072056244,0.7078853046594982,0.4462205360376688,0.8723343131594047,0.29305782514146583,0.18156605237551496,0.07062813548166229,0.8166711046165729,0.4060933387512159,0.20767176355922576,0.33043478260869563,0.6934306569343066,0.4721131205008543,0.8526466726798334,0.21878507892490115,0.18897392458022697,0.11187943097796067,0.895793655481728,0.39234957616451804,0.20072629719145277,0.07427274621656468,68.88603448275862,-0.01981817352494164,-0.058510771259353445
2003,146,1277,1400,76,85,-9,0,0,6,,-3.920506912442397,1.0273199457170863,0.9348519939246089,1.1101881084034486,0.9756221138442951,0.3662650602409639,0.7346938775510204,0.4542346169030539,0.782483599628733,0.20473267020110503,0.22173866198317224,0.07371146908098043,0.773873861566369,0.40045444837757316,0.21891947731864111,0.34893617021276596,0.7147147147147147,0.44894013814642897,0.8790826755017297,0.23790097497196652,0.190030557049967,0.06552109638296469,0.8446126173741526,0.41118180332798027,0.20080212149058316,-0.033168304770861495,68.22790898617512,0.008010916853516015,-0.06725474064569492
2003,152,1242,1266,94,61,33,1,0,-1,,4.252380952380953,1.094313757586726,0.9018518512281756,1.1524897851470777,0.9958064310882376,0.33962264150943394,0.6657458563535912,0.4873331904671726,0.8386153856230257,0.19050261906429714,0.1999524578137169,0.08069024583383463,0.8238226975112124,0.40672578346096844,0.23451296606322788,0.3793911007025761,0.7700453857791225,0.4846751208114754,0.8307416040478376,0.2257134430788895,0.1986367500078771,0.06261866932674547,0.868115729192582,0.407029537167841,0.18600146154502237,-0.03521082401459236,71.14550595238094,0.0014809116812849465,-0.033811865682360276
2003,152,1393,1400,95,84,11,1,0,2,,0.028325123152709963,1.098000621648974,0.9678146558445313,1.1101881084034486,0.9756221138442951,0.33043478260869563,0.6934306569343066,0.4721131205008543,0.8526466726798334,0.21878507892490115,0.18897392458022697,0.11187943097796067,0.895793655481728,0.39234957616451804,0.20072629719145277,0.34893617021276596,0.7147147147147147,0.44894013814642897,0.8790826755017297,0.23790097497196652,0.190030557049967,0.06552109638296469,0.8446126173741526,0.41118180332798027,0.20080212149058316,-0.019115896047065373,71.85692733990149,0.021002604758943777,0.0011611217120495176
2003,154,1242,1393,78,81,-3,0,0,-1,,4.759770114942528,1.094313757586726,0.9018518512281756,1.098000621648974,0.9678146558445313,0.33962264150943394,0.6657458563535912,0.4873331904671726,0.8386153856230257,0.19050261906429714,0.1999524578137169,0.08069024583383463,0.8238226975112124,0.40672578346096844,0.23451296606322788,0.33043478260869563,0.6934306569343066,0.4721131205008543,0.8526466726798334,0.21878507892490115,0.18897392458022697,0.11187943097796067,0.895793655481728,0.39234957616451804,0.20072629719145277,-0.028282459860604015,73.55020114942528,0.00042193133493395596,-0.03610542382488047
2004,134,1197,1250,72,57,15,1,0,0,,-4.045238095238095,0.9934872727852578,1.0051571723259056,0.9889101518631037,0.9528353733999053,0.34699453551912574,0.7133152173913043,0.41904532733768335,0.7677169100164648,0.3355166208891503,0.23106091590096137,0.02843763323554557,0.7588883754185993,0.4505655737330244,0.2520374114277134,0.34607645875251514,0.717117117117117,0.42657282136873304,0.8077125555517088,0.26630638252445965,0.2186496337118406,0.06172775913368443,0.8212179124888792,0.41168913849959055,0.20790258145501966,0.06921023836469065,69.88187500000001,-0.02320196463224178,0.02374865326552067
2004,136,1104,1356,65,64,1,1,0,-1,,-3.620689655172413,1.0685579285669053,1.0056278627478474,1.0685384499429846,0.9388654792653557,0.38333333333333336,0.6987381703470031,0.45208171148717075,0.8156190519396568,0.2758748929282431,0.19851972183944866,0.05491450540900813,0.8344235316744859,0.4163846070664067,0.19985372005010077,0.32889733840304186,0.6878504672897197,0.4455241409576277,0.8892529952459176,0.27183007806923837,0.18049820361579205,0.060188291574105865,0.774008490207499,0.4260741887724878,0.2524376466608121,0.004044814859004708,67.07370689655173,0.008123576117812115,-0.022642806785978742
2004,136,1163,1436,70,53,17,1,0,-13,,10.851515151515152,1.11603662356603,0.9090636354235948,1.0129909047143215,0.9508563719865047,0.40037950664136623,0.6161919040479761,0.48053802460006173,0.8903185569875632,0.22715913046998135,0.19456808670223993,0.1350265325865677,0.9136345966330739,0.37158409945913146,0.17385029347372188,0.3282051282051282,0.6788990825688074,0.42823084415822765,0.8536663890044408,0.2968285398718113,0.19191759828655008,0.05161684746189825,0.8533369970541175,0.42943723674717676,0.1997405093942932,-0.06966940940182995,68.10890151515152,0.055080158864939666,0.0650961341571924
2004,136,1173,1177,69,76,-7,0,2,3,,0.6749999999999998,1.0542453570235932,0.9982001475088671,1.0817650670933021,1.0284435095074707,0.3269230769230769,0.670028818443804,0.4566627872748503,0.8113881158949721,0.30405018191965544,0.2211642861242154,0.05067094687008411,0.8849098166061112,0.41160837747520973,0.16376415238014444,0.3625592417061611,0.703883495145631,0.47168531449104806,0.8327877064604461,0.21553542427191277,0.20242872515203958,0.041966399380329505,0.8543911874610264,0.42353929204426444,0.18801269451285413,0.08851475764774266,65.08807291666668,-0.0015458063235714858,-0.012998514194245359
2004,136,1106,1181,61,96,-35,0,0,15,,-13.947916666666666,0.9531556600671359,0.9338920571017796,1.1320443801183084,0.9161659161613609,0.33400402414486924,0.6572700296735906,0.42527324991271503,0.7538636980857751,0.25689892305519346,0.26250556103580686,0.06050604997701011,0.7992123837501204,0.40922021227070815,0.23028011633634693,0.368,0.7313237221494102,0.47314883667685653,0.8298785348170227,0.2765846792219054,0.20082987720035098,0.11572808778292043,0.8235626880233967,0.4096730896978778,0.2521619213587881,-0.01968575616671192,67.740390625,-0.023711354668485896,-0.037334947581452615
2004,136,1211,1434,76,49,27,1,0,-13,,15.586206896551726,1.1865587941189746,0.9441133866334448,1.0093155701657117,0.9930390889897842,0.4144736842105263,0.7562408223201175,0.5202160577716564,0.8130205353903692,0.22688560971500724,0.19487942329364827,0.062228124730161254,0.8730240330195125,0.385180262208566,0.18567124846576968,0.31288343558282206,0.7110799438990183,0.4477103950851752,0.7781928724440552,0.23677127791829614,0.22571529828077982,0.05668682930889765,0.8180534040880629,0.4169776176695991,0.18378969286047142,-0.0098856682032889,70.62327586206897,0.05215150907375721,0.015387953023593415
2004,136,1196,1264,60,75,-15,0,0,-7,,-3.0632183908045976,1.1082580940686637,1.0116318802405257,1.084745521133781,0.9281798295277555,0.3796296296296296,0.7525252525252525,0.4822864103206785,0.8017231951770333,0.3126179738662907,0.20873357157499273,0.0510043695549978,0.8431807653226701,0.4214860323443342,0.1965326627906391,0.36784140969163,0.7595772787318362,0.441711757445869,0.8077446642246936,0.22985366721151543,0.18981916160657164,0.07833113492310971,0.7722610732801329,0.4161733834384222,0.24697607998378046,0.08276430665477527,69.03597701149425,0.017631001984448724,-0.009025710593677627
2004,136,1268,1431,86,83,3,1,0,-9,,-2.6413793103448278,1.029936116239451,0.9603207690084706,1.0876202902611114,0.964219840994033,0.3347826086956522,0.6264591439688717,0.44356160030305763,0.8489675771716033,0.20415820676303367,0.20092764000268146,0.1120629308938871,0.8055653279502851,0.4049067639612634,0.23149035371956606,0.3782608695652174,0.7464589235127479,0.4714748300185133,0.786090331166455,0.22913797605933112,0.19632751497264228,0.04439971928675277,0.8419268068579415,0.4210871119534657,0.22919934327979707,-0.024979769296297444,72.29886494252872,-0.005866440861626687,0.029109838932836807
2004,136,1277,1305,66,72,-6,0,0,-3,,-5.2298850574712645,1.0972011506022812,1.036975021170899,1.0828584199552078,0.9451535855850601,0.40393013100436687,0.7693661971830986,0.5003508472749638,0.7756037744497001,0.24355916780584613,0.22371499792220145,0.03723362064635406,0.7776368081450642,0.4561574897183977,0.21401838743153168,0.3403263403263403,0.7144846796657383,0.4569603694182821,0.8431342780435578,0.20575740514913382,0.18592054026901397,0.08212811120948128,0.8192469043929955,0.41675286643815956,0.2043080693386298,0.03780176265671231,67.51922413793103,0.001992927288221813,-0.010962442983086018
2004,136,1102,1314,52,63,-11,0,0,5,,2.1428571428571432,1.1094384386827902,0.9207235376534764,1.0822177145943372,0.9883373220310226,0.3810289389067524,0.7090909090909091,0.48467788645455545,0.7792229151662299,0.41583323360864377,0.1997425858841991,0.05814190287978612,0.7381458276289271,0.4536937152043932,0.2996559749784705,0.35408560311284043,0.6797752808988764,0.46439209156009076,0.8396993697669874,0.24415224102529517,0.206353532867011,0.06813901650938056,0.8001664059457633,0.4447698386150564,0.2423111310881633,0.1716809925833486,65.30714285714285,0.005680959152563947,-0.055574200711300814
2004,136,1112,1371,76,80,-4,0,0,1,,1.2820197044334982,1.1468391909737499,1.0334478579614823,1.0691720078212412,0.94940201455913,0.38420107719928187,0.786053882725832,0.4850921698160407,0.8527826873668618,0.2523905120932422,0.19585376285980496,0.067370459264378,0.8642527900839547,0.4456245194651982,0.20281627961645066,0.3538135593220339,0.7168784029038113,0.46277098715166504,0.8432186846110857,0.2502057108536971,0.19407821313526227,0.05344970837599623,0.8537848613695812,0.39672964158553325,0.19475092988498913,0.00218480123954512,71.98295874384236,-0.013286847607644647,0.03211816330458561
2004,136,1251,1386,63,82,-19,0,0,15,,-14.543778801843317,0.9866097759037264,0.9576873663352742,1.142749092769979,0.9037216296831517,0.30406504065040646,0.6832504145936982,0.4288248170922535,0.8314606814572817,0.2860361877463725,0.22659298644172574,0.05883197396016836,0.8247128793456802,0.42921434139167003,0.2187330610647736,0.40685543964232485,0.7027522935779816,0.48220403025648534,0.8357211835468237,0.35351616809455744,0.17133115034406152,0.06407335995338034,0.8274771937572244,0.39895370378129213,0.24341542460355955,-0.06747998034818492,68.86291762672812,-0.04181992538730489,0.022737515149239385
2004,136,1390,1427,71,45,26,1,0,-15,,13.447619047619046,1.0959965830711969,0.9042724996536224,0.9929952869809154,1.007128924266315,0.36619718309859156,0.752,0.48469757531744423,0.8119072886499817,0.21138988708242343,0.2059885815396561,0.0839334218441325,0.8150776167199619,0.39085352016176883,0.22024409008224985,0.3608058608058608,0.7019374068554397,0.431247292111664,0.777689594058615,0.268769431001668,0.23620771048650954,0.04539558026341182,0.8367571221894258,0.42591447292464174,0.21278552341220677,-0.057379543919244574,70.09776785714286,0.04425561798432659,-0.010212456508220114
2004,136,1140,1393,75,80,-5,0,0,7,,0.7076719576719581,1.0813041912594792,0.98444180695096,1.0605673804372537,0.9779159882631967,0.34523809523809523,0.7290640394088669,0.4878791828326921,0.7796810763197476,0.2321660192206252,0.2100675995924881,0.061709938492744226,0.785012893600432,0.45454019693239184,0.21861134784643246,0.31185567010309273,0.6363636363636364,0.4611336476858431,0.8729002065077512,0.20275637304537034,0.18719195375770575,0.11382019840211921,0.8825636147073419,0.4002218075514369,0.20054120695174357,0.029409646175254878,67.49449404761904,-0.013786427117052913,-0.0785814065090421
2004,136,1343,1400,49,66,-17,0,0,11,,-5.04102564102564,1.0552963143720697,0.9533844661895627,1.116212485356416,0.9607669969685152,0.3435448577680525,0.7116279069767442,0.48432205946184126,0.786361834332892,0.29905841416514095,0.22759314527155997,0.06756624720867249,0.7939874537542523,0.41112809659489763,0.20495159334440644,0.36042402826855124,0.6755952380952381,0.44122515853318844,0.9123192165494091,0.27535721314600736,0.17077879983864783,0.0689944856572501,0.8171658615876214,0.398529212371918,0.2064654573851684,0.02370120101913359,64.13634615384615,0.015249008352836602,-0.07336272101553193
2004,136,1150,1403,73,76,-3,0,0,1,,0.9278017241379306,1.0773523635449753,0.9713445917475907,1.0574139110799676,0.9590148982721485,0.3434650455927052,0.6447876447876447,0.4480501516193649,0.8225604625974215,0.3105615874210988,0.20873340151578523,0.04837252782394025,0.8249417851171451,0.4160330957767303,0.21289796245087267,0.3390804597701149,0.7377049180327869,0.4656073446927559,0.8416299482742358,0.1585129493323578,0.17837469553955512,0.06131249188866102,0.8183913830051746,0.43292415117887245,0.24619627903548577,0.152048638088741,71.53686691810344,-0.00033306883562445044,0.0052305215321488685
2004,136,1433,1448,78,79,-1,0,0,9,,-0.9452380952380954,1.0304036070942872,0.9313125262498816,1.1293058671017913,1.0167622127455798,0.38627450980392153,0.6039933444259566,0.4747170064839207,0.8045981874147895,0.2507588313525265,0.23856558387763938,0.0683499294460841,0.8389331132591735,0.4022920113733585,0.20787601266556288,0.3828264758497317,0.7131474103585657,0.4722595658885723,0.816542726315061,0.2701974835318264,0.20222185239261684,0.05558008983226083,0.7812405533719201,0.4457745105335114,0.23658175565513753,-0.019438652179299853,71.40925595238096,0.022969969877750684,-0.02817780201760789
2004,137,1130,1428,58,51,7,1,0,-5,,-2.290322580645161,1.0461755798833685,0.964359550380655,1.0647223651724915,0.9565166316151458,0.3191489361702128,0.6786632390745502,0.4566014076648896,0.8171090129480153,0.18010950481045315,0.20375903730337677,0.051489200124109874,0.8737682345138051,0.40757842727119103,0.21197011891555365,0.39278131634819535,0.7134831460674157,0.4749257629816034,0.8096015592963847,0.2505737295175391,0.23321747815592053,0.07007389138055325,0.8365104039934075,0.41529677237850665,0.1785986155775171,-0.07046422470708594,63.31645665322581,-0.0053030051046990545,0.0470665166376929
2004,137,1153,1190,80,77,3,1,0,-9,,6.310344827586207,1.113969905275618,0.9078809131285015,1.0307710834938293,0.9194365700937276,0.38475177304964536,0.6676176890156919,0.4571121236262893,0.8580421596496404,0.2727559390555323,0.17443805311497346,0.0962900608627604,0.7635034599407875,0.387517433316301,0.24267705721172864,0.3545081967213115,0.6773700305810397,0.46408919903823653,0.8104659617862315,0.22489669316184352,0.21281963599479653,0.08836100337817898,0.8239394430658561,0.41706882280906254,0.254210714413785,0.047859245893688784,72.47343390804598,0.01128715704040717,0.004911654256825271
2004,137,1210,1320,65,60,5,1,0,-11,,6.8157327586206895,1.065866435670408,0.914250465071104,1.0352369433519457,0.9801886844574309,0.3741935483870968,0.6929347826086957,0.47137201414909424,0.7955156351034168,0.2649645586349587,0.21066992618674243,0.08134533071600634,0.8008459235792926,0.38740199374705114,0.23470947805571885,0.34982935153583616,0.7352941176470589,0.4409972659241208,0.7950088273394663,0.30168665494854036,0.189151433634542,0.03451400612140947,0.8504966407664749,0.42110764634126585,0.17219014142552524,-0.03672209631358164,70.10549568965517,0.032040200409594044,0.0646035036971484
2004,137,1228,1293,72,53,19,1,0,-7,,-1.6666666666666679,1.0947117497358547,0.9650776800140274,1.13233397924164,0.9727045281189621,0.3415841584158416,0.6960600375234522,0.464283795274083,0.867502766651111,0.30962538076801777,0.1887241037862598,0.07193456753745758,0.8132878816429441,0.4205240924976315,0.22184235382855677,0.33333333333333337,0.7133956386292836,0.49647573828125274,0.8383783075996357,0.2731599748550227,0.19401264756537984,0.07543993583178965,0.8222790142606576,0.4295460245666674,0.20715405579821847,0.036465405912995075,68.76874999999998,-0.011585005469066934,0.01636652425210605
2004,137,1227,1242,53,78,-25,0,0,9,,0.8052995391705062,1.0672574088810118,0.9502380192294696,1.0581410950267125,0.9700030015047133,0.3934010152284264,0.6341107871720117,0.4575468501371666,0.8516397266771952,0.19369105249992166,0.19097034252483444,0.05203130580964484,0.7960327614982995,0.43309776113609133,0.2463227738832469,0.33471933471933474,0.706953642384106,0.46457544804719497,0.8239040422349394,0.24341868996208052,0.20361689574191905,0.08334918648240917,0.8462290727263059,0.3982430207904833,0.20135567690286724,-0.04972763746215886,68.225633640553,-0.020941669127818197,0.017568371108141356
2004,137,1197,1246,76,96,-20,0,0,15,,-12.200000000000001,0.9934872727852578,1.0051571723259056,1.060784870829529,0.9217180077456205,0.34699453551912574,0.7133152173913043,0.41904532733768335,0.7677169100164648,0.3355166208891503,0.23106091590096137,0.02843763323554557,0.7588883754185993,0.4505655737330244,0.2520374114277134,0.35496183206106874,0.6962457337883958,0.47093893062643777,0.8272375368156111,0.25261468504789,0.20822698742266824,0.06200341584910425,0.7883135366425573,0.3985620321359909,0.23257749373601197,0.08290193584126032,70.86583333333334,-0.05194857244289397,0.00889404416045958
2004,137,1272,1376,59,43,16,1,0,-3,,-0.508658008658009,1.067064484082684,0.9559814492302445,1.044841052825286,0.9299944804568451,0.359882005899705,0.6615384615384615,0.42534663696810593,0.8483260870234574,0.352172745531278,0.18682564109003486,0.0918799384258773,0.8006974883152074,0.4036062255633376,0.21723752105841315,0.3303834808259587,0.6735905044510385,0.43795270924018326,0.8521271087116207,0.3040727471264826,0.19320657705283945,0.0905935608597536,0.8252359146582707,0.39759257162164935,0.24320100555012011,0.0480999984047954,68.5540854978355,-0.009309863106882754,-0.024183530581749546
2004,137,1280,1284,85,52,33,1,0,-13,,8.946428571428571,1.091461914979867,0.9264638970509489,0.9986372992641798,0.9708552822525521,0.3542074363992172,0.6627043090638931,0.4685932823644658,0.8289795483311072,0.2582261863641341,0.218735625348796,0.07647766567127141,0.830283680164629,0.4108946658226718,0.22967988474697723,0.35030864197530864,0.7463126843657817,0.4205051773219417,0.7972685794929809,0.2963901736306467,0.19275669712879598,0.0470943527074953,0.8229490702708934,0.42230995816840944,0.22381650767613084,-0.0381639872665126,69.72265625,0.029751698694130857,0.06842907057405723
2004,137,1301,1418,61,52,9,1,0,-11,,1.753315649867373,1.085594667334834,0.9714650904861757,1.0751941833060417,0.9902564631253509,0.3432624113475177,0.7982456140350878,0.45505398363919874,0.8101142423426144,0.36310773876987323,0.2017144805574353,0.04275187050591113,0.8203575263612294,0.4255548664269784,0.21924760780684763,0.3721739130434782,0.6866537717601547,0.4647998273860957,0.8285853488780008,0.3138031025049339,0.20413180050100582,0.03560812752501422,0.8338368984799328,0.44516392201489435,0.24512494203782248,0.04930463626493936,69.3170921750663,0.0049316059205095075,-0.05143314904760565
2004,137,1186,1329,56,75,-19,0,0,13,,-12.417487684729064,1.035717949592239,1.0036812274416576,1.1351246616200075,0.9344857424417484,0.3760869565217392,0.7034482758620689,0.4801653814200167,0.7664175719879965,0.24171086359762706,0.22545904219000645,0.02871463125693861,0.766789976639333,0.4670761658619544,0.23264851952302337,0.37837837837837834,0.6953846153846154,0.5166904598341007,0.8178399674937624,0.1852647752078932,0.19408242954587276,0.06697230438707723,0.8083342300353967,0.41426342002879757,0.22502121532799263,0.05644608838973386,68.43195812807882,-0.04466891212362045,-0.038509245510085
2004,137,1334,1344,66,58,8,1,0,7,,-1.8119047619047626,1.060926761266017,0.9789192680216868,1.0613803447004302,0.9632214834644763,0.35542168674698793,0.7376093294460642,0.4716243701899218,0.7606583718557638,0.2562302699199761,0.2151985109880245,0.05624392676820542,0.8741635270946639,0.4030927401963309,0.19269656953899653,0.36815920398009955,0.716636197440585,0.4562730043838962,0.8145897130895323,0.31947578467263377,0.22188719965693077,0.0873049972876041,0.8447882106474636,0.42337588641706786,0.2259523728227684,-0.06324551475265766,66.20151785714286,0.0178172560133813,-0.040727762022093605
2004,137,1338,1416,53,44,9,1,0,-11,,4.470905172413794,1.1018085232385508,0.9085252206764161,1.0613893184824483,0.9367426816234912,0.3145539906103286,0.6523076923076923,0.4845289300602389,0.8579562747750956,0.21490021560737008,0.19665699143607848,0.08843627078320501,0.9034846489574989,0.3842735140821789,0.20621369691948904,0.35351882160392795,0.7225672877846792,0.45796659282370933,0.8408904320123249,0.3196102887086159,0.22630545678090377,0.0907545912103669,0.8051495625473643,0.4068693640347829,0.2321704675199688,-0.10471007310124583,64.50557650862069,0.02457909359456678,0.027541909454608327
2004,137,1412,1449,102,100,2,1,0,1,,4.3517241379310345,1.0252254944547725,0.922652837905686,1.0678704496698659,1.0326289735334837,0.3304042179261863,0.6539130434782608,0.4429868788522384,0.8581326533536996,0.2718954210430375,0.18500696447131518,0.0686924126041476,0.7488282106925905,0.4259814635132686,0.28383727426032773,0.3551912568306011,0.713527851458886,0.4647568354153192,0.8087597078176106,0.2405395173750796,0.19872914834662134,0.04777138849645465,0.7936880631779483,0.46548834101747166,0.2237519263424325,0.0313559036679579,74.58568965517242,0.008868460470561168,-0.008735019611113781
2004,137,1435,1444,71,58,13,1,0,-5,,-4.166666666666668,1.0801678479836951,0.9592304990903552,1.1382083855118545,0.9509818517399818,0.3611111111111111,0.7128874388254486,0.44728347895125853,0.8405446518822777,0.3196009093908151,0.18483380109000475,0.064009889018962,0.8104329874148081,0.41071884570232026,0.2255379076712221,0.37985865724381623,0.7202797202797203,0.4627105416803625,0.8542290358341328,0.272521544287945,0.19047709173010477,0.05083717782571853,0.77690897322375,0.43052422977315563,0.23951669130435832,0.047079365102870085,68.94666666666666,0.002189160670865664,-0.030212793956799544
2004,137,1350,1458,64,76,-12,0,0,5,,-6.435416666666667,1.0003272952423223,0.9118975849310172,1.1122317372380115,0.919668696887298,0.3062605752961083,0.7244094488188977,0.41297482139568037,0.8420830148388178,0.29007835300753615,0.19924649960599783,0.08412732581846916,0.8088028916613667,0.3985864687269901,0.2325473806917686,0.32954545454545453,0.7169517884914464,0.44903440760915975,0.8585801238274471,0.2868071098500306,0.1602878808035902,0.056609120365235875,0.8006466767233901,0.4236994707187976,0.2307730902027489,0.0032712431575055434,63.32205729166667,-0.00547329211083597,0.015244470653755338
2004,137,1257,1462,70,80,-10,0,0,3,,4.318704284221525,1.0303510190088132,0.8640928087327123,1.067576210160693,0.9406634580476889,0.3392070484581498,0.748407643312102,0.41869635962130425,0.8230735862702784,0.3297143574131217,0.19671294267659734,0.09087835953882596,0.7956994585691523,0.37922261550121467,0.24582741557627302,0.3696612665684831,0.679160419790105,0.4433724298320985,0.8457927005045022,0.3149260413342807,0.18836997848106024,0.04095405885916133,0.8282500008640883,0.4198132028940034,0.21437976957412733,0.014788316078841013,68.4680381400209,0.007957258590997218,-0.0028044201418024883
2004,138,1104,1390,70,67,3,1,0,7,,-8.47471264367816,1.0685579285669053,1.0056278627478474,1.0959965830711969,0.9042724996536224,0.38333333333333336,0.6987381703470031,0.45208171148717075,0.8156190519396568,0.2758748929282431,0.19851972183944866,0.05491450540900813,0.8344235316744859,0.4163846070664067,0.19985372005010077,0.36619718309859156,0.752,0.48469757531744423,0.8119072886499817,0.21138988708242343,0.2059885815396561,0.0839334218441325,0.8150776167199619,0.39085352016176883,0.22024409008224985,0.06448500584581965,67.45625000000001,-0.029073475367455637,0.0007187959301691027
2004,138,1163,1177,72,55,17,1,0,-5,,11.951515151515153,1.11603662356603,0.9090636354235948,1.0817650670933021,1.0284435095074707,0.40037950664136623,0.6161919040479761,0.48053802460006173,0.8903185569875632,0.22715913046998135,0.19456808670223993,0.1350265325865677,0.9136345966330739,0.37158409945913146,0.17385029347372188,0.3625592417061611,0.703883495145631,0.47168531449104806,0.8327877064604461,0.21553542427191277,0.20242872515203958,0.041966399380329505,0.8543911874610264,0.42353929204426444,0.18801269451285413,0.011623706198068573,68.22015151515151,0.0304039513470733,0.018061744391260737
2004,138,1181,1371,90,62,28,1,0,-7,,6.959821428571429,1.1320443801183084,0.9161659161613609,1.0691720078212412,0.94940201455913,0.368,0.7313237221494102,0.47314883667685653,0.8298785348170227,0.2765846792219054,0.20082987720035098,0.11572808778292043,0.8235626880233967,0.4096730896978778,0.2521619213587881,0.3538135593220339,0.7168784029038113,0.46277098715166504,0.8432186846110857,0.2502057108536971,0.19407821313526227,0.05344970837599623,0.8537848613695812,0.39672964158553325,0.19475092988498913,0.0263789683682083,69.06869419642857,-0.0012827992935764976,0.053765815699303054
2004,138,1211,1305,72,91,-19,0,0,-8,,7.080459770114944,1.1865587941189746,0.9441133866334448,1.0828584199552078,0.9451535855850601,0.4144736842105263,0.7562408223201175,0.5202160577716564,0.8130205353903692,0.22688560971500724,0.19487942329364827,0.062228124730161254,0.8730240330195125,0.385180262208566,0.18567124846576968,0.3403263403263403,0.7144846796657383,0.4569603694182821,0.8431342780435578,0.20575740514913382,0.18592054026901397,0.08212811120948128,0.8192469043929955,0.41675286643815956,0.2043080693386298,0.021128204565873415,69.63431034482758,0.04741414629148394,0.0036628297959248046
2004,138,1386,1403,70,65,5,1,0,-7,,9.316964285714285,1.142749092769979,0.9037216296831517,1.0574139110799676,0.9590148982721485,0.40685543964232485,0.7027522935779816,0.48220403025648534,0.8357211835468237,0.35351616809455744,0.17133115034406152,0.06407335995338034,0.8274771937572244,0.39895370378129213,0.24341542460355955,0.3390804597701149,0.7377049180327869,0.4656073446927559,0.8416299482742358,0.1585129493323578,0.17837469553955512,0.06131249188866102,0.8183913830051746,0.43292415117887245,0.24619627903548577,0.19500321876219964,68.81043526785714,0.025283566480654884,-0.012154857003439323
2004,138,1268,1393,70,72,-2,0,0,-1,,-0.5071428571428571,1.029936116239451,0.9603207690084706,1.0605673804372537,0.9779159882631967,0.3347826086956522,0.6264591439688717,0.44356160030305763,0.8489675771716033,0.20415820676303367,0.20092764000268146,0.1120629308938871,0.8055653279502851,0.4049067639612634,0.23149035371956606,0.31185567010309273,0.6363636363636364,0.4611336476858431,0.8729002065077512,0.20275637304537034,0.18719195375770575,0.11382019840211921,0.8825636147073419,0.4002218075514369,0.20054120695174357,0.0014018337176633366,71.86907738095238,-0.011128501896305987,-0.01663779268998733
2004,138,1314,1400,75,78,-3,0,0,3,,-3.1261904761904757,1.0822177145943372,0.9883373220310226,1.116212485356416,0.9607669969685152,0.35408560311284043,0.6797752808988764,0.46439209156009076,0.8396993697669874,0.24415224102529517,0.206353532867011,0.06813901650938056,0.8001664059457633,0.4447698386150564,0.2423111310881633,0.36042402826855124,0.6755952380952381,0.44122515853318844,0.9123192165494091,0.27535721314600736,0.17077879983864783,0.0689944856572501,0.8171658615876214,0.398529212371918,0.2064654573851684,-0.031204972120712188,72.65571428571428,-0.011536846608118045,-0.00904452820403956
2004,138,1264,1448,80,84,-4,0,0,8,,2.717980295566502,1.084745521133781,0.9281798295277555,1.1293058671017913,1.0167622127455798,0.36784140969163,0.7595772787318362,0.441711757445869,0.8077446642246936,0.22985366721151543,0.18981916160657164,0.07833113492310971,0.7722610732801329,0.4161733834384222,0.24697607998378046,0.3828264758497317,0.7131474103585657,0.4722595658885723,0.816542726315061,0.2701974835318264,0.20222185239261684,0.05558008983226083,0.7812405533719201,0.4457745105335114,0.23658175565513753,-0.04034381632031095,71.31814963054188,-0.00047334067380699896,-0.02615586082304766
2004,139,1130,1210,54,57,-3,0,0,3,,-5.78125,1.0461755798833685,0.964359550380655,1.065866435670408,0.914250465071104,0.3191489361702128,0.6786632390745502,0.4566014076648896,0.8171090129480153,0.18010950481045315,0.20375903730337677,0.051489200124109874,0.8737682345138051,0.40757842727119103,0.21197011891555365,0.3741935483870968,0.6929347826086957,0.47137201414909424,0.7955156351034168,0.2649645586349587,0.21066992618674243,0.08134533071600634,0.8008459235792926,0.38740199374705114,0.23470947805571885,-0.08485505382450556,69.48671875,-0.017473520004172294,0.031506624565135255
2004,139,1153,1228,68,92,-24,0,0,-1,,4.2666666666666675,1.113969905275618,0.9078809131285015,1.0947117497358547,0.9650776800140274,0.38475177304964536,0.6676176890156919,0.4571121236262893,0.8580421596496404,0.2727559390555323,0.17443805311497346,0.0962900608627604,0.7635034599407875,0.387517433316301,0.24267705721172864,0.3415841584158416,0.6960600375234522,0.464283795274083,0.867502766651111,0.30962538076801777,0.1887241037862598,0.07193456753745758,0.8132878816429441,0.4205240924976315,0.22184235382855677,-0.03686944171248546,67.73583333333332,0.012917493766768429,-0.0038216385739548997
2004,139,1242,1334,78,63,15,1,0,-8,,1.3119047619047626,1.0581410950267125,0.9700030015047133,1.060926761266017,0.9789192680216868,0.33471933471933474,0.706953642384106,0.46457544804719497,0.8239040422349394,0.24341868996208052,0.20361689574191905,0.08334918648240917,0.8462290727263059,0.3982430207904833,0.20135567690286724,0.35542168674698793,0.7376093294460642,0.4716243701899218,0.7606583718557638,0.2562302699199761,0.2151985109880245,0.05624392676820542,0.8741635270946639,0.4030927401963309,0.19269656953899653,-0.012811579957895586,67.9707142857143,-0.0010996013684396178,0.019210032710689995
2004,139,1272,1329,53,70,-17,0,0,5,,-6.667487684729063,1.067064484082684,0.9559814492302445,1.1351246616200075,0.9344857424417484,0.359882005899705,0.6615384615384615,0.42534663696810593,0.8483260870234574,0.352172745531278,0.18682564109003486,0.0918799384258773,0.8006974883152074,0.4036062255633376,0.21723752105841315,0.37837837837837834,0.6953846153846154,0.5166904598341007,0.8178399674937624,0.1852647752078932,0.19408242954587276,0.06697230438707723,0.8083342300353967,0.41426342002879757,0.22502121532799263,0.16690797032338478,69.09713669950739,-0.04034331420026738,-0.010006654338232557
2004,139,1338,1458,59,55,4,1,0,-3,,0.8145833333333332,1.1018085232385508,0.9085252206764161,1.1122317372380115,0.919668696887298,0.3145539906103286,0.6523076923076923,0.4845289300602389,0.8579562747750956,0.21490021560737008,0.19665699143607848,0.08843627078320501,0.9034846489574989,0.3842735140821789,0.20621369691948904,0.32954545454545453,0.7169517884914464,0.44903440760915975,0.8585801238274471,0.2868071098500306,0.1602878808035902,0.056609120365235875,0.8006466767233901,0.4236994707187976,0.2307730902027489,-0.07190689424266053,62.19901041666667,0.03746023954384892,0.057199046903267825
2004,139,1246,1412,75,76,-1,0,0,-8,,2.7816091954022992,1.060784870829529,0.9217180077456205,1.0252254944547725,0.922652837905686,0.35496183206106874,0.6962457337883958,0.47093893062643777,0.8272375368156111,0.25261468504789,0.20822698742266824,0.06200341584910425,0.7883135366425573,0.3985620321359909,0.23257749373601197,0.3304042179261863,0.6539130434782608,0.4429868788522384,0.8581326533536996,0.2718954210430375,0.18500696447131518,0.0686924126041476,0.7488282106925905,0.4259814635132686,0.28383727426032773,-0.019280735995147513,70.83902298850575,0.027685741575738554,-0.015563584667922847
2004,139,1301,1435,73,75,-2,0,0,-3,,-0.9620689655172416,1.085594667334834,0.9714650904861757,1.0801678479836951,0.9592304990903552,0.3432624113475177,0.7982456140350878,0.45505398363919874,0.8101142423426144,0.36310773876987323,0.2017144805574353,0.04275187050591113,0.8203575263612294,0.4255548664269784,0.21924760780684763,0.3611111111111111,0.7128874388254486,0.44728347895125853,0.8405446518822777,0.3196009093908151,0.18483380109000475,0.064009889018962,0.8104329874148081,0.41071884570232026,0.2255379076712221,0.04350682937905814,68.00895114942529,-0.00353275801835895,-0.006037691879128726
2004,139,1280,1462,74,89,-15,0,0,-5,,2.7608225108225106,1.091461914979867,0.9264638970509489,1.067576210160693,0.9406634580476889,0.3542074363992172,0.6627043090638931,0.4685932823644658,0.8289795483311072,0.2582261863641341,0.218735625348796,0.07647766567127141,0.830283680164629,0.4108946658226718,0.22967988474697723,0.3696612665684831,0.679160419790105,0.4433724298320985,0.8457927005045022,0.3149260413342807,0.18836997848106024,0.04095405885916133,0.8282500008640883,0.4198132028940034,0.21437976957412733,-0.056699854970146624,68.31297348484847,0.017069694801849444,0.0395787171737656
2004,143,1104,1393,80,71,9,1,0,3,,-1.3485221674876842,1.0685579285669053,1.0056278627478474,1.0605673804372537,0.9779159882631967,0.38333333333333336,0.6987381703470031,0.45208171148717075,0.8156190519396568,0.2758748929282431,0.19851972183944866,0.05491450540900813,0.8344235316744859,0.4163846070664067,0.19985372005010077,0.31185567010309273,0.6363636363636364,0.4611336476858431,0.8729002065077512,0.20275637304537034,0.18719195375770575,0.11382019840211921,0.8825636147073419,0.4002218075514369,0.20054120695174357,0.07311851988287274,67.92366071428572,-0.012607367856821039,-0.04957025539282078
2004,143,1163,1435,73,53,20,1,0,-4,,6.051515151515153,1.11603662356603,0.9090636354235948,1.0801678479836951,0.9592304990903552,0.40037950664136623,0.6161919040479761,0.48053802460006173,0.8903185569875632,0.22715913046998135,0.19456808670223993,0.1350265325865677,0.9136345966330739,0.37158409945913146,0.17385029347372188,0.3611111111111111,0.7128874388254486,0.44728347895125853,0.8405446518822777,0.3196009093908151,0.18483380109000475,0.064009889018962,0.8104329874148081,0.41071884570232026,0.2255379076712221,-0.09244177892083374,69.56390151515151,0.036194645945995974,0.04493382353985431
2004,143,1329,1338,63,51,12,1,0,-1,,1.5290948275862064,1.1351246616200075,0.9344857424417484,1.1018085232385508,0.9085252206764161,0.37837837837837834,0.6953846153846154,0.5166904598341007,0.8178399674937624,0.1852647752078932,0.19408242954587276,0.06697230438707723,0.8083342300353967,0.41426342002879757,0.22502121532799263,0.3145539906103286,0.6523076923076923,0.4845289300602389,0.8579562747750956,0.21490021560737008,0.19665699143607848,0.08843627078320501,0.9034846489574989,0.3842735140821789,0.20621369691948904,-0.02963544039947688,65.83876616379311,0.0010858119136215594,-0.03423753841624677
2004,143,1386,1448,84,80,4,1,0,-3,,8.107142857142856,1.142749092769979,0.9037216296831517,1.1293058671017913,1.0167622127455798,0.40685543964232485,0.7027522935779816,0.48220403025648534,0.8357211835468237,0.35351616809455744,0.17133115034406152,0.06407335995338034,0.8274771937572244,0.39895370378129213,0.24341542460355955,0.3828264758497317,0.7131474103585657,0.4722595658885723,0.816542726315061,0.2701974835318264,0.20222185239261684,0.05558008983226083,0.7812405533719201,0.4457745105335114,0.23658175565513753,0.08331868456273106,71.13482142857143,0.02838263556006615,-0.036893579955895595
2004,144,1181,1228,72,62,10,1,0,-4,,5.0479166666666675,1.1320443801183084,0.9161659161613609,1.0947117497358547,0.9650776800140274,0.368,0.7313237221494102,0.47314883667685653,0.8298785348170227,0.2765846792219054,0.20082987720035098,0.11572808778292043,0.8235626880233967,0.4096730896978778,0.2521619213587881,0.3415841584158416,0.6960600375234522,0.464283795274083,0.867502766651111,0.30962538076801777,0.1887241037862598,0.07193456753745758,0.8132878816429441,0.4205240924976315,0.22184235382855677,-0.03304070154611238,68.44080729166666,0.00985802210126363,0.04018789858123062
2004,144,1210,1305,72,67,5,1,0,-7,,1.447916666666666,1.065866435670408,0.914250465071104,1.0828584199552078,0.9451535855850601,0.3741935483870968,0.6929347826086957,0.47137201414909424,0.7955156351034168,0.2649645586349587,0.21066992618674243,0.08134533071600634,0.8008459235792926,0.38740199374705114,0.23470947805571885,0.3403263403263403,0.7144846796657383,0.4569603694182821,0.8431342780435578,0.20575740514913382,0.18592054026901397,0.08212811120948128,0.8192469043929955,0.41675286643815956,0.2043080693386298,0.05920715348582489,71.564375,0.021881258710960305,0.004442937540539593
2004,144,1242,1412,100,74,26,1,0,-5,,-0.8731527093596059,1.0581410950267125,0.9700030015047133,1.0252254944547725,0.922652837905686,0.33471933471933474,0.706953642384106,0.46457544804719497,0.8239040422349394,0.24341868996208052,0.20361689574191905,0.08334918648240917,0.8462290727263059,0.3982430207904833,0.20135567690286724,0.3304042179261863,0.6539130434782608,0.4429868788522384,0.8581326533536996,0.2718954210430375,0.18500696447131518,0.0686924126041476,0.7488282106925905,0.4259814635132686,0.28383727426032773,-0.02847673108095697,71.8064039408867,0.024663505958870957,-0.004076925121622221
2004,144,1400,1462,71,79,-8,0,0,-4,,2.672727272727272,1.116212485356416,0.9607669969685152,1.067576210160693,0.9406634580476889,0.36042402826855124,0.6755952380952381,0.44122515853318844,0.9123192165494091,0.27535721314600736,0.17077879983864783,0.0689944856572501,0.8171658615876214,0.398529212371918,0.2064654573851684,0.3696612665684831,0.679160419790105,0.4433724298320985,0.8457927005045022,0.3149260413342807,0.18836997848106024,0.04095405885916133,0.8282500008640883,0.4198132028940034,0.21437976957412733,-0.03956882818827334,67.41734848484847,0.009568359611587696,0.052663825472220815
2004,145,1104,1163,71,87,-16,0,0,6,,-10.39289446185998,1.0685579285669053,1.0056278627478474,1.11603662356603,0.9090636354235948,0.38333333333333336,0.6987381703470031,0.45208171148717075,0.8156190519396568,0.2758748929282431,0.19851972183944866,0.05491450540900813,0.8344235316744859,0.4163846070664067,0.19985372005010077,0.40037950664136623,0.6161919040479761,0.48053802460006173,0.8903185569875632,0.22715913046998135,0.19456808670223993,0.1350265325865677,0.9136345966330739,0.37158409945913146,0.17385029347372188,0.04871576245826173,69.03598484848484,-0.03662841036008313,-0.04003424121868138
2004,145,1329,1386,64,62,2,1,0,1,,-1.9753694581280783,1.1351246616200075,0.9344857424417484,1.142749092769979,0.9037216296831517,0.37837837837837834,0.6953846153846154,0.5166904598341007,0.8178399674937624,0.1852647752078932,0.19408242954587276,0.06697230438707723,0.8083342300353967,0.41426342002879757,0.22502121532799263,0.40685543964232485,0.7027522935779816,0.48220403025648534,0.8357211835468237,0.35351616809455744,0.17133115034406152,0.06407335995338034,0.8274771937572244,0.39895370378129213,0.24341542460355955,-0.16825139288666424,68.56365455665025,0.00958835666505492,0.013917318733231987
2004,146,1181,1462,66,63,3,1,0,-6,,6.7206439393939394,1.1320443801183084,0.9161659161613609,1.067576210160693,0.9406634580476889,0.368,0.7313237221494102,0.47314883667685653,0.8298785348170227,0.2765846792219054,0.20082987720035098,0.11572808778292043,0.8235626880233967,0.4096730896978778,0.2521619213587881,0.3696612665684831,0.679160419790105,0.4433724298320985,0.8457927005045022,0.3149260413342807,0.18836997848106024,0.04095405885916133,0.8282500008640883,0.4198132028940034,0.21437976957412733,-0.03834136211237532,68.28523910984848,0.01995826002044182,0.06622605408945714
2004,146,1210,1242,79,71,8,1,1,-1,,4.102678571428571,1.065866435670408,0.914250465071104,1.0581410950267125,0.9700030015047133,0.3741935483870968,0.6929347826086957,0.47137201414909424,0.7955156351034168,0.2649645586349587,0.21066992618674243,0.08134533071600634,0.8008459235792926,0.38740199374705114,0.23470947805571885,0.33471933471933474,0.706953642384106,0.46457544804719497,0.8239040422349394,0.24341868996208052,0.20361689574191905,0.08334918648240917,0.8462290727263059,0.3982430207904833,0.20135567690286724,0.021545868672878193,72.07008928571429,0.00881879657266571,1.5620276712091652e-06
2004,152,1163,1181,79,78,1,1,0,1,,0.37026515151515227,1.11603662356603,0.9090636354235948,1.1320443801183084,0.9161659161613609,0.40037950664136623,0.6161919040479761,0.48053802460006173,0.8903185569875632,0.22715913046998135,0.19456808670223993,0.1350265325865677,0.9136345966330739,0.37158409945913146,0.17385029347372188,0.368,0.7313237221494102,0.47314883667685653,0.8298785348170227,0.2765846792219054,0.20082987720035098,0.11572808778292043,0.8235626880233967,0.4096730896978778,0.2521619213587881,-0.04942554875192404,70.64887547348485,0.022739089080975772,-0.02047518543920479
2004,152,1210,1329,67,65,2,1,0,1,,-3.5290948275862064,1.065866435670408,0.914250465071104,1.1351246616200075,0.9344857424417484,0.3741935483870968,0.6929347826086957,0.47137201414909424,0.7955156351034168,0.2649645586349587,0.21066992618674243,0.08134533071600634,0.8008459235792926,0.38740199374705114,0.23470947805571885,0.37837837837837834,0.6953846153846154,0.5166904598341007,0.8178399674937624,0.1852647752078932,0.19408242954587276,0.06697230438707723,0.8083342300353967,0.41426342002879757,0.22502121532799263,0.07969978342706552,71.2270474137931,-0.009228509701630028,-0.003659045644368475
2004,154,1163,1210,82,73,9,1,0,-1,,4.370265151515152,1.11603662356603,0.9090636354235948,1.065866435670408,0.914250465071104,0.40037950664136623,0.6161919040479761,0.48053802460006173,0.8903185569875632,0.22715913046998135,0.19456808670223993,0.1350265325865677,0.9136345966330739,0.37158409945913146,0.17385029347372188,0.3741935483870968,0.6929347826086957,0.47137201414909424,0.7955156351034168,0.2649645586349587,0.21066992618674243,0.08134533071600634,0.8008459235792926,0.38740199374705114,0.23470947805571885,-0.03780542816497737,72.05785984848484,0.01249195236944356,0.028068686246089602
2005,134,1105,1324,69,79,-10,0,0,0,,4.413793103448276,0.9419066185425272,0.9031314846935087,1.0628969459314224,1.1001364082832263,0.30153321976149916,0.6135135135135135,0.4022428330639677,0.8045452611382945,0.2774090306748506,0.20683390152806397,0.06588927799990177,0.7927895460785037,0.42475898534078393,0.2678977247000301,0.3345588235294118,0.6622950819672131,0.4505309605358529,0.8459247450096918,0.2825461043041613,0.18049145190223181,0.04469150598040019,0.8266996440758748,0.472308232335887,0.20440826086717584,-0.005137073629310707,69.84913793103448,-0.0003694402383910278,-0.007706099383812393
2005,136,1112,1429,66,53,13,1,0,-11,,-5.362658846529815,1.1067092820369415,0.9718885821692324,1.1650283010498432,0.9300289637264028,0.40213523131672596,0.7783171521035599,0.4730713245455317,0.862431581850258,0.2376465741522574,0.2068896853553835,0.06134258448042744,0.8229317535070334,0.4401345267369911,0.23634451054825048,0.39207048458149785,0.6929392446633826,0.536715863403768,0.8055059414589952,0.233167686668778,0.19693321604873076,0.0540674361474734,0.8715071193351004,0.3957565704300261,0.19752883446642308,0.00447888748347941,67.29184995112415,-0.05401124758260062,0.05391920769109437
2005,136,1130,1335,85,65,20,1,0,-9,,0.4642857142857144,1.085278766709822,0.9715249681848743,1.00967249256561,0.8953628835173093,0.32941176470588235,0.7129909365558913,0.45368704216168504,0.855336494631309,0.1857651459834647,0.192996237788532,0.06992914328115875,0.8768479604520564,0.4164988266020516,0.21078400628066088,0.34146341463414637,0.6619047619047619,0.43966514167865994,0.7977867219322002,0.283076329451185,0.22857896680897336,0.06074270418090499,0.7804863261665929,0.39952819162500264,0.2348904352919406,-0.0973111834677203,67.11964285714285,-0.0014743672470119984,0.04785673570185511
2005,136,1153,1234,76,64,12,1,0,-3,,5.8125,1.0908358883537281,0.9293593056641348,1.0553105144660182,0.9654292675667138,0.3474576271186441,0.6929510155316607,0.44162797187030045,0.8307178903677153,0.2717094784960543,0.19144930079078007,0.11115481822585752,0.8850267948427878,0.3725522808570806,0.20402869173445948,0.3789279112754159,0.6888888888888889,0.46583398289011924,0.799982237729101,0.2439206137570607,0.20764870061097043,0.09315517642137595,0.8223009568611137,0.4201653250095651,0.21724933598434423,0.027788864738993613,69.80766129032259,0.011703516566332894,0.04703153690474782
2005,136,1211,1457,74,64,10,1,0,-11,,2.1724137931034475,1.1583795518822717,1.0155303378684795,1.0365941965313665,0.9214727029266075,0.39037433155080214,0.7463672391017173,0.5062624222473849,0.794081294010305,0.18785581549513208,0.19728678534737015,0.05748353388021429,0.8663009204426482,0.4154470813616056,0.1793051690947989,0.36044362292051757,0.6842105263157895,0.4417628180790038,0.799475997107379,0.2913638803530356,0.21562696781972085,0.07414415950194259,0.7728876271585712,0.398491884316633,0.23618986533954112,-0.10350806485790354,66.67931034482758,0.023772203561704286,0.022627110572910558
2005,136,1192,1228,55,67,-12,0,0,15,,-14.044965786901273,1.0472587582947022,1.002206253350322,1.1787295543442637,0.9187213609060555,0.3514431239388795,0.6699029126213593,0.45070591217318356,0.8503241443995858,0.27197844116524583,0.194002288816515,0.07732574433530458,0.7997548996773028,0.45961971706556365,0.21890385251006836,0.3991655076495132,0.724381625441696,0.4875075426430687,0.876944235036284,0.3335313299096603,0.16640586100438656,0.06377446618364706,0.8122703178528312,0.4154747506045102,0.23169448322980474,-0.06155288874441445,68.38049853372434,-0.04047329846546932,0.00665486823450312
2005,136,1184,1246,64,72,-8,0,0,13,,-8.944444444444445,1.0482763587558803,0.9997840348074697,1.0808485856083665,0.9053384069655789,0.35531914893617017,0.6645569620253163,0.4735266184238519,0.8296149182925185,0.25958790534639703,0.2085750448119559,0.07037700961412184,0.8032396433228469,0.43540982458476807,0.20688320684678776,0.33793103448275863,0.6635514018691588,0.4619941588833118,0.8447223143187556,0.2819779397425738,0.19189667996283444,0.08287040979327469,0.7926829543396574,0.4055414813038558,0.2644327172190007,-0.02239003439617676,67.85935185185186,-0.009167941870186047,-0.022138119245298626
2005,136,1305,1400,61,57,4,1,0,1,,-1.3103448275862073,1.0302094806987934,0.9186589740655766,1.114922029365002,0.9827645741449594,0.2708333333333333,0.7062937062937064,0.4636934414851041,0.7901331478647444,0.1465202309222585,0.21487947748425265,0.08896548110008046,0.8645162357319232,0.39169865408765264,0.1901548804137864,0.3838383838383838,0.6963276836158192,0.459177966409539,0.8207994806278339,0.2950625330171493,0.20503338250479639,0.07051051349449586,0.8770192808164516,0.39499679555153766,0.18037699237226662,-0.1485423020948908,68.65387931034482,0.003906808269725115,-0.034162421061613824
2005,136,1310,1328,67,84,-17,0,0,11,,-5.387096774193548,1.1632333763402578,1.0709735737482264,1.1166201560814817,0.937468751216269,0.3641379310344828,0.7577319587628866,0.4369420106917364,0.8715623370541227,0.3425390627758274,0.1732782671467572,0.05377380700074984,0.830082445350826,0.4684673439585525,0.17418872094950447,0.38419117647058826,0.6844660194174758,0.4837860279314909,0.8468431578217097,0.26221503689231074,0.20346799777236757,0.0782956782518881,0.7901509151170778,0.4303341584532807,0.23239610608167446,0.08032402588351667,70.43245272525027,-0.0424886013725132,-0.0054126966145293665
2005,136,1334,1338,79,71,8,1,0,-1,,-0.5307881773399004,1.1170681188679086,0.972547863857762,1.110487211261187,0.9691458984667186,0.37966804979253116,0.7461928934010152,0.5014277621615456,0.7890245864754422,0.25738577917904426,0.21500470803447583,0.05579877486882685,0.9000309999313261,0.40658278212075805,0.17247344210252102,0.3804100227790433,0.6570561456752656,0.4725564649766549,0.8265768908869872,0.24165568313242572,0.22404560700117537,0.07477511259218096,0.8498526292327995,0.4061352512249162,0.19888691873962935,0.01573009604661854,64.98215825123154,0.014211883144524484,-0.06107050345559406
2005,136,1403,1417,78,66,12,1,0,-5,,5.395238095238096,1.0830562107150044,0.9779459727776201,1.0364526300830559,0.9954885052925253,0.40175953079178883,0.7638888888888888,0.47282263536355795,0.8369735605020023,0.15993270363132586,0.17978708093323018,0.06764200093575079,0.8287157449962252,0.4327496511071194,0.24302320452678652,0.3474903474903475,0.7237479806138933,0.45800133972174806,0.7960686100521615,0.25921805730559944,0.22425627698705877,0.0436193665239235,0.8262973727237327,0.44100503933483637,0.19891255242542916,-0.09928535367427357,71.5173511904762,0.01153834193476344,0.013522914412247511
2005,136,1261,1412,68,82,-14,0,0,-5,,-1.8097886540600667,1.0963721426158313,1.0423262340842276,1.065103502207643,0.981077088623142,0.3685185185185185,0.7300150829562594,0.4614716418968807,0.8183307030799988,0.2741009749179176,0.1927916731758852,0.07195621835193947,0.8526531142613522,0.4454280152811974,0.18047985797146096,0.3523316062176166,0.6980609418282548,0.45539436578255466,0.8266439173210691,0.25683073820725205,0.1819809455791876,0.054747211322837164,0.7553130527827803,0.4427487426385049,0.2806874045551998,0.01727023671066552,70.90724416017798,0.0016990017358167187,-0.033268894811552374
2005,136,1428,1431,60,54,6,1,0,-5,,1.2770833333333336,1.1117128983677385,0.9420064480650849,1.1156286648225338,0.9870602769542436,0.3682719546742209,0.7316692667706708,0.5146114939420229,0.7716506495827922,0.19629683383486615,0.23803425323857402,0.05673932662020766,0.8372424779162501,0.4267389933543026,0.19744176009808787,0.3704414587332054,0.7921896792189679,0.46379070051476595,0.8258405654860128,0.24044109654523615,0.18051491197951505,0.04910666804928754,0.8190673628232172,0.4405931582325669,0.22158567779685925,-0.04414426271037,64.20544270833332,0.03233747915276064,-0.002888658553179657
2005,136,1151,1448,54,70,-16,0,0,13,,-8.401433691756273,0.9974487976061392,0.9705266037876045,1.1607394218455067,1.0172873994347926,0.3021276595744681,0.6728110599078341,0.4458220823132101,0.7859783887363891,0.24960751794780456,0.24626890839590446,0.03450670722703787,0.8146435725187929,0.4123451223629565,0.21486063001262454,0.4048442906574395,0.6855123674911661,0.49413176408114523,0.8155306616538628,0.25714989071333283,0.19940463846604925,0.05881133941902305,0.8392903456246777,0.43480688235037673,0.19970307605171125,-0.007542372765528271,71.66869772998805,-0.012923960890257491,-0.02879193935568536
2005,136,1285,1449,77,88,-11,0,0,15,,-12.556451612903226,0.9964713778815256,0.980934452126007,1.1492078638550391,0.9899529413545615,0.34754797441364604,0.6788321167883211,0.45877958646385153,0.7386558718530084,0.24027272407728661,0.24327529253417593,0.052776561227565945,0.8450017982344787,0.42471805773605215,0.19517562372258265,0.3902027027027027,0.7327327327327328,0.48457323939059016,0.8728720895984343,0.2579256078845715,0.19490162910905792,0.046401932261658625,0.7747944811254022,0.45060660532959534,0.2432719326787686,-0.017652883807284858,72.2174107142857,4.744733340233953e-05,-0.07451160900776671
2005,136,1166,1452,61,63,-2,0,0,3,,2.029325513196481,1.1031562594275373,0.9954433617443508,1.0843468474540208,1.0115543173131727,0.4148471615720524,0.7279752704791346,0.45411297206620216,0.8276383962468399,0.32188290693308946,0.18332195747277105,0.06047600119772731,0.8293431946152048,0.44474102475673033,0.22404326954570467,0.3484276729559749,0.7388781431334623,0.4454694443496965,0.8590936871479746,0.39819589402934674,0.17486913820600747,0.06994550231722377,0.8189152263213235,0.4499495469061128,0.22916365054839996,-0.07631298709625728,64.90031769305963,0.006926024932944086,0.010525108191056953
2005,136,1104,1454,73,83,-10,0,0,-7,,0.7851851851851848,1.1397952164315146,0.9778397018632259,1.069807395408045,0.9260702990838333,0.3901192504258944,0.7335243553008596,0.48184053910585783,0.7944235926641227,0.2969305831932235,0.1914581935261629,0.07503679830092432,0.8973308050923108,0.4059920840692433,0.1730543932785805,0.34602649006622516,0.7001733102253034,0.43997527278479903,0.8481664261918908,0.3261756808238409,0.19885263339053105,0.06376639448022142,0.7920673097620603,0.4105832749808425,0.24790025858157527,-0.02924509763061739,67.39203703703704,0.023228228616329005,-0.039097512191675676
2005,137,1137,1242,64,63,1,1,0,11,,-5.077864293659623,0.9966364022574817,0.9100257231791118,1.089453178092836,0.957200056616178,0.37614678899082565,0.6978193146417445,0.44849132652679247,0.7472070418251288,0.27443965783846186,0.24613965103975338,0.05995827735631151,0.7848872959885647,0.3894765209297908,0.24574775559408685,0.3731060606060606,0.6897106109324759,0.47803999985520973,0.8120436392764955,0.26249350612431394,0.20879374692415717,0.0676212358890314,0.8335216739481595,0.39031464813621863,0.20386195756482745,0.011946151714147923,66.6793659621802,-0.014355273060994711,-0.02322120469104183
2005,137,1163,1416,77,71,6,1,0,-13,,8.689655172413794,1.085686413771231,0.9318324627697321,1.083407298660488,1.0286514357263743,0.35141509433962265,0.6972602739726028,0.4631298316029596,0.8416545553946805,0.20365827264028927,0.21055188182506307,0.13724254709816533,0.9090547007648534,0.38300161727732407,0.17308050382318937,0.3662613981762918,0.6978021978021978,0.4632818034388891,0.8069236367396657,0.36098703196438586,0.24028479992075324,0.07834145952107846,0.8339958708564398,0.42579549978279274,0.18643426333955415,-0.1573287593240966,67.62241379310345,0.02132095533476963,0.007611248381934277
2005,137,1175,1181,46,57,-11,0,0,15,,-13.404166666666667,1.0135934536106508,1.0040892461299291,1.1238474012815234,0.9214220066863018,0.342668863261944,0.7447129909365559,0.4296969466126755,0.7808914242520163,0.310413284671944,0.22624077503648377,0.060074785796143615,0.7788381048628431,0.4762622966279621,0.2696170476420417,0.3848354792560801,0.712182061579652,0.4517380362755743,0.8323519825829727,0.328281926900895,0.1914658851990661,0.11385591524972692,0.8539381731220284,0.3917659336761234,0.22021695865495772,-0.017868642228951015,66.36661458333333,-0.053268726307368786,-0.01380415783122757
2005,137,1196,1325,67,62,5,1,0,-9,,10.294623655913977,1.1378632862534233,0.9268261963359781,1.0776801253126824,1.0195692760498662,0.39316239316239315,0.699404761904762,0.48795188661664923,0.8138201685741283,0.29029994182631946,0.19993182760038355,0.08053066218391126,0.8055516700751201,0.4111956249115945,0.21659547124972878,0.3221601489757914,0.6997422680412371,0.4642438935828474,0.7897918803701244,0.26097730849483936,0.19527771539489336,0.046884913257733786,0.8293677391101392,0.43823378415699216,0.2315842341593519,0.029322633331480108,67.0710752688172,0.025373076139599715,-0.02458571090252204
2005,137,1203,1210,68,80,-12,0,0,7,,2.043678160919539,1.0861524385252534,0.9445983466297497,1.0357458891102598,0.9167432053839408,0.3619489559164733,0.7031019202363369,0.47878037741571156,0.8167658475802169,0.21037984724706266,0.20951028910636302,0.07646884698485493,0.7966381507839233,0.4244800878067226,0.2471372535982823,0.32899628252788105,0.6866566716641679,0.45758473638378294,0.8175808972667801,0.2481824439308584,0.21300809632987497,0.08918685230524896,0.8203514800641722,0.3854798640061953,0.21874913652085576,-0.037802596683795736,71.57538793103447,-0.008902291384299321,0.01403474904089086
2005,137,1235,1278,64,53,11,1,0,1,,-1.3715239154616246,1.0018832680548346,0.9276258300975594,1.0110011438169753,0.9246557476682276,0.29315068493150687,0.6912751677852349,0.4422041960069961,0.8420378771172939,0.1879480925409778,0.18928936931017515,0.066919207624166,0.8024682336071934,0.4188223539712689,0.25516727276383105,0.35560344827586204,0.7074303405572755,0.4587373710865916,0.7856049192999012,0.22210089301996339,0.2381536322413879,0.08673380058849017,0.7891319210822586,0.42526267642489113,0.2517095821863958,-0.034152800478985584,67.9242213570634,-0.005046426312986629,-0.010304113990074804
2005,137,1257,1418,68,62,6,1,0,-9,,13.765294771968854,1.1406147678329719,0.8959047143181119,1.0379082526129948,0.9798238595631742,0.40350877192982454,0.7282321899736147,0.4653777884647343,0.8119411028840433,0.33874757609537565,0.20558783464139466,0.06970592711893663,0.7942491482301743,0.3789982002896,0.24023610252907127,0.3339191564147628,0.6655683690280066,0.4427545802641327,0.8410147540700204,0.2821389153312588,0.22127402647757974,0.054654043270716705,0.7514028934644742,0.4504336231640338,0.25056154782605494,0.05660866076411686,70.0609149054505,0.04702931553751766,-0.021783176543281213
2005,137,1277,1330,89,81,8,1,0,-7,,4.9017857142857135,1.154482176264868,0.9453027037037798,1.0523487572803527,0.8925097542846052,0.3602251407129456,0.775438596491228,0.49513376357595945,0.8278653507643317,0.2808491659533235,0.20440918469740801,0.050945314196434686,0.7622097767101631,0.43260808660580846,0.23058642936110457,0.3293310463121784,0.6880733944954128,0.4419446454649872,0.8543576459553766,0.27282518160201885,0.1808250379839433,0.08171317108804813,0.8040554881009198,0.4080150708785934,0.24839201064031433,0.008023984351304636,67.16640625,0.014298051191878602,0.0015142820244657962
2005,137,1280,1390,93,70,23,1,0,1,,4.370833333333334,1.0438491673171197,0.9545039020242958,1.0093374251205762,0.9839633507647887,0.33214285714285713,0.6657718120805369,0.44504052219317164,0.830201036693424,0.25289726288913933,0.21989096568638716,0.05517620260764193,0.8533963546139808,0.41256202100847517,0.1970093619915051,0.34782608695652173,0.7396630934150078,0.43886149151534853,0.8272952813615913,0.16716430759538783,0.20257367789011319,0.05060878526633443,0.8325041786050306,0.42451211861141325,0.2165903856444115,0.0857329552937515,69.22908854166667,0.009064564140380593,0.004361562154786558
2005,137,1150,1301,63,75,-12,0,0,-3,,-1.1830357142857144,1.090794107677819,0.9936880146507134,1.1143853576136238,1.0030303978126969,0.367816091954023,0.6843575418994413,0.4355065487909343,0.8523934037048321,0.30246012625329516,0.1827457824649949,0.053448981467887735,0.8375997175436016,0.43648033639930495,0.22418617906517754,0.3692098092643052,0.6956521739130435,0.461517821130426,0.8273885744492684,0.3466302113037167,0.1850111573961103,0.08048992447653741,0.8057631484656539,0.4329756216034205,0.22635259538570343,-0.044170085050421526,69.04698660714286,-0.014757993567688032,0.014030723993270322
2005,137,1314,1324,96,68,28,1,0,-15,,21.654060066740822,1.146540477380522,0.9186252184624976,1.0628969459314224,1.1001364082832263,0.4003496503496503,0.7349537037037037,0.4987585252816904,0.7946180783300446,0.23986660511914065,0.21416408135589926,0.06347151700840113,0.7883607636898278,0.4050969743502577,0.2470124590181578,0.3345588235294118,0.6622950819672131,0.4505309605358529,0.8459247450096918,0.2825461043041613,0.18049145190223181,0.04469150598040019,0.8266996440758748,0.472308232335887,0.20440826086717584,-0.042679499185020675,71.88200778642937,0.05771941136573333,0.0072022485985596685
2005,137,1329,1368,63,50,13,1,0,-13,,7.241379310344827,1.1517650970950308,0.9836380835778796,0.9762616641421266,0.8969717924234926,0.4108216432865731,0.7726495726495727,0.4988279755637659,0.8259817147010765,0.25610679987849233,0.20212301657766377,0.04886338875774501,0.8038041032433941,0.4491747512404031,0.22374391255926213,0.29545454545454547,0.629695885509839,0.455188737854722,0.7921054081835573,0.18243384357525272,0.22505008343797797,0.08178811844154958,0.7558581915217767,0.42159934486243716,0.2750522732268744,0.07367295630323961,65.41752873563219,0.008031915665538958,0.013192931253784845
2005,137,1356,1388,65,56,9,1,0,-3,,2.071572580645161,1.042285029200509,0.9353266127753861,1.037319457863061,0.966385896737136,0.36699029126213595,0.7463002114164905,0.45045290609124033,0.8681625833307717,0.2522913806816899,0.1993823085555902,0.058683414067656176,0.7728724419587836,0.4263381605243143,0.25134264252136984,0.3542009884678748,0.7191977077363898,0.4410330272091943,0.790415020800471,0.2902259589772785,0.23084799227432504,0.058777126428160104,0.8411811911768466,0.4320495585466328,0.20610242911079307,-0.037934578295588606,65.85560735887097,0.007565638452182277,-0.013096695800889346
2005,137,1393,1436,57,60,-3,0,1,-9,,0.06060606060606055,1.112897108934264,0.9691240065861726,1.1012530983780215,0.9375660844338526,0.3141683778234086,0.6639676113360324,0.4881776688944508,0.8498127419823048,0.21875531451137387,0.19701168621484977,0.08048706595430848,0.8562039548327435,0.39440971162264726,0.21878134701515828,0.3601694915254237,0.7199281867145422,0.44349872481263,0.871200716950264,0.35779428365690086,0.1783960056017545,0.03453118398442213,0.8394028595779126,0.4127707279673152,0.19064754549813484,-0.139038969145527,66.95162878787879,0.03151998021324437,0.08401422826974747
2005,137,1307,1437,47,55,-8,0,0,7,,-0.1679644048943274,1.1288612566999687,0.9733793209603542,1.1217501053864425,0.9348993911328788,0.40031152647975077,0.6773743016759776,0.5043384971656842,0.7798588276898151,0.3087355976904143,0.20481347657976892,0.06023673391196526,0.8429527011893672,0.42918361416791,0.2136012733069234,0.36917562724014336,0.741042345276873,0.4457056229005557,0.8737988591296656,0.29229478596498676,0.19167447426002743,0.10724271540019333,0.7994367586194524,0.3977667149090842,0.2443039501326247,0.01644081172542755,66.52561179087876,0.013607987503151342,-0.06657489145907053
2005,137,1320,1458,52,57,-5,0,0,5,,-1.833333333333333,1.092921680006331,1.0003346979516046,1.0551756801173107,0.9407542754292604,0.384070796460177,0.6977611940298507,0.4822362861832506,0.830435970457802,0.2839184329528959,0.17509919630613138,0.07939608077051004,0.8233363678361019,0.4351697605810614,0.19659298486489524,0.38543516873889877,0.6677631578947368,0.4380865274379932,0.8348791229512912,0.29732005775370124,0.17930576424041192,0.036183857425355334,0.8321819164210136,0.4229033935533453,0.1889329412637592,-0.013401624800805312,65.03999999999999,0.015941695858770588,-0.005953280828083107
2005,138,1112,1412,85,63,22,1,0,-8,,3.863147605083089,1.1067092820369415,0.9718885821692324,1.065103502207643,0.981077088623142,0.40213523131672596,0.7783171521035599,0.4730713245455317,0.862431581850258,0.2376465741522574,0.2068896853553835,0.06134258448042744,0.8229317535070334,0.4401345267369911,0.23634451054825048,0.3523316062176166,0.6980609418282548,0.45539436578255466,0.8266439173210691,0.25683073820725205,0.1819809455791876,0.054747211322837164,0.7553130527827803,0.4427487426385049,0.2806874045551998,-0.01918416405499465,72.49628543499512,0.010145587332245465,0.019539049402963804
2005,138,1228,1305,71,59,12,1,0,-8,,10.268547544409614,1.1787295543442637,0.9187213609060555,1.0302094806987934,0.9186589740655766,0.3991655076495132,0.724381625441696,0.4875075426430687,0.876944235036284,0.3335313299096603,0.16640586100438656,0.06377446618364706,0.8122703178528312,0.4154747506045102,0.23169448322980474,0.2708333333333333,0.7062937062937064,0.4636934414851041,0.7901331478647444,0.1465202309222585,0.21487947748425265,0.08896548110008046,0.8645162357319232,0.39169865408765264,0.1901548804137864,0.18701109898740179,66.84235893416928,1.900232055351836e-05,-0.0035130372791312148
2005,138,1153,1246,60,69,-9,0,0,5,,0.16666666666666607,1.0908358883537281,0.9293593056641348,1.0808485856083665,0.9053384069655789,0.3474576271186441,0.6929510155316607,0.44162797187030045,0.8307178903677153,0.2717094784960543,0.19144930079078007,0.11115481822585752,0.8850267948427878,0.3725522808570806,0.20402869173445948,0.33793103448275863,0.6635514018691588,0.4619941588833118,0.8447223143187556,0.2819779397425738,0.19189667996283444,0.08287040979327469,0.7926829543396574,0.4055414813038558,0.2644327172190007,-0.010268461246519478,69.17349462365591,0.006311506716881965,0.02167623946677022
2005,138,1211,1403,69,71,-2,0,0,-3,,1.9298850574712638,1.1583795518822717,1.0155303378684795,1.0830562107150044,0.9779459727776201,0.39037433155080214,0.7463672391017173,0.5062624222473849,0.794081294010305,0.18785581549513208,0.19728678534737015,0.05748353388021429,0.8663009204426482,0.4154470813616056,0.1793051690947989,0.40175953079178883,0.7638888888888888,0.47282263536355795,0.8369735605020023,0.15993270363132586,0.17978708093323018,0.06764200093575079,0.8287157449962252,0.4327496511071194,0.24302320452678652,0.02792311186380622,70.08531609195403,0.025371178314670395,-0.0020828052556735033
2005,138,1328,1428,58,67,-9,0,0,-3,,1.9537634408602145,1.1166201560814817,0.937468751216269,1.1117128983677385,0.9420064480650849,0.38419117647058826,0.6844660194174758,0.4837860279314909,0.8468431578217097,0.26221503689231074,0.20346799777236757,0.0782956782518881,0.7901509151170778,0.4303341584532807,0.23239610608167446,0.3682719546742209,0.7316692667706708,0.5146114939420229,0.7716506495827922,0.19629683383486615,0.23803425323857402,0.05673932662020766,0.8372424779162501,0.4267389933543026,0.19744176009808787,0.06591820305744459,64.0415188172043,-0.01721031555475505,0.02633996946378714
2005,138,1334,1449,79,97,-18,0,0,7,,-3.944382647385984,1.1170681188679086,0.972547863857762,1.1492078638550391,0.9899529413545615,0.37966804979253116,0.7461928934010152,0.5014277621615456,0.7890245864754422,0.25738577917904426,0.21500470803447583,0.05579877486882685,0.9000309999313261,0.40658278212075805,0.17247344210252102,0.3902027027027027,0.7327327327327328,0.48457323939059016,0.8728720895984343,0.2579256078845715,0.19490162910905792,0.046401932261658625,0.7747944811254022,0.45060660532959534,0.2432719326787686,-0.0005398287055272122,69.79956896551724,0.030439172989896346,-0.06359636004433522
2005,138,1448,1452,105,111,-6,0,2,-5,,6.774193548387097,1.1607394218455067,1.0172873994347926,1.0843468474540208,1.0115543173131727,0.4048442906574395,0.6855123674911661,0.49413176408114523,0.8155306616538628,0.25714989071333283,0.19940463846604925,0.05881133941902305,0.8392903456246777,0.43480688235037673,0.19970307605171125,0.3484276729559749,0.7388781431334623,0.4454694443496965,0.8590936871479746,0.39819589402934674,0.17486913820600747,0.06994550231722377,0.8189152263213235,0.4499495469061128,0.22916365054839996,-0.1410460033160139,68.80403225806452,0.031902492143592365,0.037768669344897365
2005,138,1130,1454,75,83,-8,0,0,-8,,-1.7076719576719572,1.085278766709822,0.9715249681848743,1.069807395408045,0.9260702990838333,0.32941176470588235,0.7129909365558913,0.45368704216168504,0.855336494631309,0.1857651459834647,0.192996237788532,0.06992914328115875,0.8768479604520564,0.4164988266020516,0.21078400628066088,0.34602649006622516,0.7001733102253034,0.43997527278479903,0.8481664261918908,0.3261756808238409,0.19885263339053105,0.06376639448022142,0.7920673097620603,0.4105832749808425,0.24790025858157527,-0.14041053484037622,67.50281084656085,0.0038981088778384243,0.017404190784395146
2005,139,1181,1280,63,55,8,1,0,-8,,7.529166666666667,1.1238474012815234,0.9214220066863018,1.0438491673171197,0.9545039020242958,0.3848354792560801,0.712182061579652,0.4517380362755743,0.8323519825829727,0.328281926900895,0.1914658851990661,0.11385591524972692,0.8539381731220284,0.3917659336761234,0.22021695865495772,0.33214285714285713,0.6657718120805369,0.44504052219317164,0.830201036693424,0.25289726288913933,0.21989096568638716,0.05517620260764193,0.8533963546139808,0.41256202100847517,0.1970093619915051,0.0753846640117557,70.12325520833333,0.013746800707377216,0.021628236960115066
2005,139,1210,1257,54,76,-22,0,0,1,,-9.636559139784945,1.0357458891102598,0.9167432053839408,1.1406147678329719,0.8959047143181119,0.32899628252788105,0.6866566716641679,0.45758473638378294,0.8175808972667801,0.2481824439308584,0.21300809632987497,0.08918685230524896,0.8203514800641722,0.3854798640061953,0.21874913652085576,0.40350877192982454,0.7282321899736147,0.4653777884647343,0.8119411028840433,0.33874757609537565,0.20558783464139466,0.06970592711893663,0.7942491482301743,0.3789982002896,0.24023610252907127,-0.09056513216451725,71.22423387096774,-0.007137357898773344,-0.007126408083584224
2005,139,1277,1436,72,61,11,1,0,-8,,4.0476190476190474,1.154482176264868,0.9453027037037798,1.1012530983780215,0.9375660844338526,0.3602251407129456,0.775438596491228,0.49513376357595945,0.8278653507643317,0.2808491659533235,0.20440918469740801,0.050945314196434686,0.7622097767101631,0.43260808660580846,0.23058642936110457,0.3601694915254237,0.7199281867145422,0.44349872481263,0.871200716950264,0.35779428365690086,0.1783960056017545,0.03453118398442213,0.8394028595779126,0.4127707279673152,0.19064754549813484,-0.07694511770357737,66.82416666666667,0.01589884006241804,0.027562429551347356
2005,139,1163,1301,62,65,-3,0,0,-8,,4.393318965517242,1.085686413771231,0.9318324627697321,1.1143853576136238,1.0030303978126969,0.35141509433962265,0.6972602739726028,0.4631298316029596,0.8416545553946805,0.20365827264028927,0.21055188182506307,0.13724254709816533,0.9090547007648534,0.38300161727732407,0.17308050382318937,0.3692098092643052,0.6956521739130435,0.461517821130426,0.8273885744492684,0.3466302113037167,0.1850111573961103,0.08048992447653741,0.8057631484656539,0.4329756216034205,0.22635259538570343,-0.14297193866342742,69.26872306034483,0.025793007399315004,0.01877268964814849
2005,139,1235,1314,65,92,-27,0,0,8,,-14.274749721913237,1.0018832680548346,0.9276258300975594,1.146540477380522,0.9186252184624976,0.29315068493150687,0.6912751677852349,0.4422041960069961,0.8420378771172939,0.1879480925409778,0.18928936931017515,0.066919207624166,0.8024682336071934,0.4188223539712689,0.25516727276383105,0.4003496503496503,0.7349537037037037,0.4987585252816904,0.7946180783300446,0.23986660511914065,0.21416408135589926,0.06347151700840113,0.7883607636898278,0.4050969743502577,0.2470124590181578,-0.05191851257816285,72.83631813125695,-0.035139854447852725,-0.01948249158923998
2005,139,1329,1356,85,77,8,1,0,-5,,5.460129310344827,1.1517650970950308,0.9836380835778796,1.042285029200509,0.9353266127753861,0.4108216432865731,0.7726495726495727,0.4988279755637659,0.8259817147010765,0.25610679987849233,0.20212301657766377,0.04886338875774501,0.8038041032433941,0.4491747512404031,0.22374391255926213,0.36699029126213595,0.7463002114164905,0.45045290609124033,0.8681625833307717,0.2522913806816899,0.1993823085555902,0.058683414067656176,0.7728724419587836,0.4263381605243143,0.25134264252136984,0.00381541919680245,66.05203394396551,0.012769239378218333,0.001864497285856359
2005,139,1196,1437,65,76,-11,0,0,-1,,3.0298850574712635,1.1378632862534233,0.9268261963359781,1.1217501053864425,0.9348993911328788,0.39316239316239315,0.699404761904762,0.48795188661664923,0.8138201685741283,0.29029994182631946,0.19993182760038355,0.08053066218391126,0.8055516700751201,0.4111956249115945,0.21659547124972878,0.36917562724014336,0.741042345276873,0.4457056229005557,0.8737988591296656,0.29229478596498676,0.19167447426002743,0.10724271540019333,0.7994367586194524,0.3977667149090842,0.2443039501326247,-0.0019948441386672955,66.76281609195402,0.014408676856791591,-0.06766730397091869
2005,139,1137,1458,62,71,-9,0,0,8,,-2.404301075268817,0.9966364022574817,0.9100257231791118,1.0551756801173107,0.9407542754292604,0.37614678899082565,0.6978193146417445,0.44849132652679247,0.7472070418251288,0.27443965783846186,0.24613965103975338,0.05995827735631151,0.7848872959885647,0.3894765209297908,0.24574775559408685,0.38543516873889877,0.6677631578947368,0.4380865274379932,0.8348791229512912,0.29732005775370124,0.17930576424041192,0.036183857425355334,0.8321819164210136,0.4229033935533453,0.1889329412637592,-0.02288039991523938,63.829193548387096,0.021915835856176846,0.03614620840763483
2005,143,1112,1329,79,78,1,1,0,1,,-2.1201671891327063,1.1067092820369415,0.9718885821692324,1.1517650970950308,0.9836380835778796,0.40213523131672596,0.7783171521035599,0.4730713245455317,0.862431581850258,0.2376465741522574,0.2068896853553835,0.06134258448042744,0.8229317535070334,0.4401345267369911,0.23634451054825048,0.4108216432865731,0.7726495726495727,0.4988279755637659,0.8259817147010765,0.25610679987849233,0.20212301657766377,0.04886338875774501,0.8038041032433941,0.4491747512404031,0.22374391255926213,-0.01846022572623493,69.89593782654129,-0.008358213257411151,0.03047660836795718
2005,143,1228,1454,77,63,14,1,0,-11,,7.48821548821549,1.1787295543442637,0.9187213609060555,1.069807395408045,0.9260702990838333,0.3991655076495132,0.724381625441696,0.4875075426430687,0.876944235036284,0.3335313299096603,0.16640586100438656,0.06377446618364706,0.8122703178528312,0.4154747506045102,0.23169448322980474,0.34602649006622516,0.7001733102253034,0.43997527278479903,0.8481664261918908,0.3261756808238409,0.19885263339053105,0.06376639448022142,0.7920673097620603,0.4105832749808425,0.24790025858157527,0.007355649085819371,67.26847643097643,0.02132039711730105,-0.03379934852821331
2005,143,1257,1449,93,79,14,1,0,3,,5.096774193548386,1.1406147678329719,0.8959047143181119,1.1492078638550391,0.9899529413545615,0.40350877192982454,0.7282321899736147,0.4653777884647343,0.8119411028840433,0.33874757609537565,0.20558783464139466,0.06970592711893663,0.7942491482301743,0.3789982002896,0.24023610252907127,0.3902027027027027,0.7327327327327328,0.48457323939059016,0.8728720895984343,0.2579256078845715,0.19490162910905792,0.046401932261658625,0.7747944811254022,0.45060660532959534,0.2432719326787686,0.08082196821080417,72.63548387096773,0.0262064770570698,-0.03744883440711699
2005,143,1403,1452,60,65,-5,0,0,-1,,3.450537634408602,1.0830562107150044,0.9779459727776201,1.0843468474540208,1.0115543173131727,0.40175953079178883,0.7638888888888888,0.47282263536355795,0.8369735605020023,0.15993270363132586,0.17978708093323018,0.06764200093575079,0.8287157449962252,0.4327496511071194,0.24302320452678652,0.3484276729559749,0.7388781431334623,0.4454694443496965,0.8590936871479746,0.39819589402934674,0.17486913820600747,0.06994550231722377,0.8189152263213235,0.4499495469061128,0.22916365054839996,-0.23826319039802088,68.0935752688172,0.02227654340642743,0.02610830941752268
2005,144,1246,1428,62,52,10,1,0,-4,,1.4000000000000004,1.0808485856083665,0.9053384069655789,1.1117128983677385,0.9420064480650849,0.33793103448275863,0.6635514018691588,0.4619941588833118,0.8447223143187556,0.2819779397425738,0.19189667996283444,0.08287040979327469,0.7926829543396574,0.4055414813038558,0.2644327172190007,0.3682719546742209,0.7316692667706708,0.5146114939420229,0.7716506495827922,0.19629683383486615,0.23803425323857402,0.05673932662020766,0.8372424779162501,0.4267389933543026,0.19744176009808787,0.08568110590770764,64.39041666666667,-0.015709911504132146,0.021379362905694865
2005,144,1181,1277,68,78,-10,0,0,-4,,-0.7476190476190467,1.1238474012815234,0.9214220066863018,1.154482176264868,0.9453027037037798,0.3848354792560801,0.712182061579652,0.4517380362755743,0.8323519825829727,0.328281926900895,0.1914658851990661,0.11385591524972692,0.8539381731220284,0.3917659336761234,0.22021695865495772,0.3602251407129456,0.775438596491228,0.49513376357595945,0.8278653507643317,0.2808491659533235,0.20440918469740801,0.050945314196434686,0.7622097767101631,0.43260808660580846,0.23058642936110457,0.04743276094757154,69.32833333333333,-0.00127678718535007,0.043466455925940006
2005,144,1314,1437,67,66,1,1,0,-4,,7.412680756395995,1.146540477380522,0.9186252184624976,1.1217501053864425,0.9348993911328788,0.4003496503496503,0.7349537037037037,0.4987585252816904,0.7946180783300446,0.23986660511914065,0.21416408135589926,0.06347151700840113,0.7883607636898278,0.4050969743502577,0.2470124590181578,0.36917562724014336,0.741042345276873,0.4457056229005557,0.8737988591296656,0.29229478596498676,0.19167447426002743,0.10724271540019333,0.7994367586194524,0.3977667149090842,0.2443039501326247,-0.052428180845846106,71.70786985539489,0.0228613214699806,-0.03557190174614233
2005,144,1301,1458,56,65,-9,0,0,4,,-0.06458333333333321,1.1143853576136238,1.0030303978126969,1.0551756801173107,0.9407542754292604,0.3692098092643052,0.6956521739130435,0.461517821130426,0.8273885744492684,0.3466302113037167,0.1850111573961103,0.08048992447653741,0.8057631484656539,0.4329756216034205,0.22635259538570343,0.38543516873889877,0.6677631578947368,0.4380865274379932,0.8348791229512912,0.29732005775370124,0.17930576424041192,0.036183857425355334,0.8321819164210136,0.4229033935533453,0.1889329412637592,0.049310153550015445,64.98234375,0.006679532821178835,0.058488866257997874
2005,145,1112,1228,89,90,-1,0,1,2,,-7.181818181818183,1.1067092820369415,0.9718885821692324,1.1787295543442637,0.9187213609060555,0.40213523131672596,0.7783171521035599,0.4730713245455317,0.862431581850258,0.2376465741522574,0.2068896853553835,0.06134258448042744,0.8229317535070334,0.4401345267369911,0.23634451054825048,0.3991655076495132,0.724381625441696,0.4875075426430687,0.876944235036284,0.3335313299096603,0.16640586100438656,0.06377446618364706,0.8122703178528312,0.4154747506045102,0.23169448322980474,-0.09588475575740288,68.88484848484849,-0.01954799711500893,0.04749240003871569
2005,145,1257,1452,93,85,8,1,1,-3,,13.387096774193548,1.1406147678329719,0.8959047143181119,1.0843468474540208,1.0115543173131727,0.40350877192982454,0.7282321899736147,0.4653777884647343,0.8119411028840433,0.33874757609537565,0.20558783464139466,0.06970592711893663,0.7942491482301743,0.3789982002896,0.24023610252907127,0.3484276729559749,0.7388781431334623,0.4454694443496965,0.8590936871479746,0.39819589402934674,0.17486913820600747,0.06994550231722377,0.8189152263213235,0.4499495469061128,0.22916365054839996,-0.059448317933971095,67.59072580645162,0.04542984536577532,0.027151634092559773
2005,146,1246,1277,88,94,-6,0,2,-3,,-2.8809523809523796,1.0808485856083665,0.9053384069655789,1.154482176264868,0.9453027037037798,0.33793103448275863,0.6635514018691588,0.4619941588833118,0.8447223143187556,0.2819779397425738,0.19189667996283444,0.08287040979327469,0.7926829543396574,0.4055414813038558,0.2644327172190007,0.3602251407129456,0.775438596491228,0.49513376357595945,0.8278653507643317,0.2808491659533235,0.20440918469740801,0.050945314196434686,0.7622097767101631,0.43260808660580846,0.23058642936110457,0.0011287737892503036,67.89708333333334,-0.003036499695347472,0.020088611064054795
2005,146,1314,1458,88,82,6,1,0,-5,,10.98279569892473,1.146540477380522,0.9186252184624976,1.0551756801173107,0.9407542754292604,0.4003496503496503,0.7349537037037037,0.4987585252816904,0.7946180783300446,0.23986660511914065,0.21416408135589926,0.06347151700840113,0.7883607636898278,0.4050969743502577,0.2470124590181578,0.38543516873889877,0.6677631578947368,0.4380865274379932,0.8348791229512912,0.29732005775370124,0.17930576424041192,0.036183857425355334,0.8321819164210136,0.4229033935533453,0.1889329412637592,-0.05745345263456059,70.5783870967742,0.039239208523392355,0.06741546578878377
2005,152,1228,1257,72,57,15,1,0,-3,,-0.6001955034213076,1.1787295543442637,0.9187213609060555,1.1406147678329719,0.8959047143181119,0.3991655076495132,0.724381625441696,0.4875075426430687,0.876944235036284,0.3335313299096603,0.16640586100438656,0.06377446618364706,0.8122703178528312,0.4154747506045102,0.23169448322980474,0.40350877192982454,0.7282321899736147,0.4653777884647343,0.8119411028840433,0.33874757609537565,0.20558783464139466,0.06970592711893663,0.7942491482301743,0.3789982002896,0.24023610252907127,-0.0052162461857153675,68.16275659824046,-0.007173398068287873,-0.022670097609722162
2005,152,1277,1314,71,87,-16,0,0,4,,-3.8018433179723505,1.154482176264868,0.9453027037037798,1.146540477380522,0.9186252184624976,0.3602251407129456,0.775438596491228,0.49513376357595945,0.8278653507643317,0.2808491659533235,0.20440918469740801,0.050945314196434686,0.7622097767101631,0.43260808660580846,0.23058642936110457,0.4003496503496503,0.7349537037037037,0.4987585252816904,0.7946180783300446,0.23986660511914065,0.21416408135589926,0.06347151700840113,0.7883607636898278,0.4050969743502577,0.2470124590181578,0.040982560834182835,72.5296370967742,-0.01556793698064085,-0.0251345944751169
2005,154,1228,1314,70,75,-5,0,0,0,,-1.2130987292277595,1.1787295543442637,0.9187213609060555,1.146540477380522,0.9186252184624976,0.3991655076495132,0.724381625441696,0.4875075426430687,0.876944235036284,0.3335313299096603,0.16640586100438656,0.06377446618364706,0.8122703178528312,0.4154747506045102,0.23169448322980474,0.4003496503496503,0.7349537037037037,0.4987585252816904,0.7946180783300446,0.23986660511914065,0.21416408135589926,0.06347151700840113,0.7883607636898278,0.4050969743502577,0.2470124590181578,0.09366472479051963,71.70065982404692,-0.010814379446437095,-0.02914791799223504
2006,134,1214,1284,49,71,-22,0,0,0,,2.15625,0.9558053867762902,0.9173046475191124,0.9603748742755751,0.9427953982603794,0.3168498168498169,0.6204819277108434,0.4227883205245128,0.8182294758627265,0.25111302371031075,0.2315486077295276,0.05842717122813272,0.7567731294930923,0.40283637669141414,0.2225059496065438,0.33777038269550747,0.6654991243432574,0.4455509944234453,0.7824036398632828,0.2791232039652977,0.22521179802742938,0.05826788560688176,0.8487988653746193,0.40077177530021185,0.22994633084078941,-0.02801018025498697,68.6339591733871,-0.012413637645067421,0.021386077624343747
2006,136,1104,1266,90,85,5,1,0,3,,-1.724137931034483,1.0666270290605886,1.0262029783926634,1.0634480957601349,1.0050944714137702,0.33970276008492567,0.7061611374407583,0.45443083405201,0.8267280161810069,0.25124793948213836,0.20703874625114327,0.08502405382219792,0.9059109234561882,0.4196555213186021,0.17849049532453323,0.3977455716586151,0.7326923076923078,0.45352826719862627,0.8378796123556738,0.3077757115464461,0.21225117880794506,0.052533712076995726,0.8635770937955811,0.4110344705919993,0.20745888998847878,-0.05652777206430776,67.58060344827587,-0.003859241936609581,-0.006321480248681843
2006,136,1130,1334,88,76,12,1,2,-9,,-2.481681034482758,1.1388599807416366,1.0301495016303581,1.1098222671070301,0.9506220111821757,0.37281553398058254,0.6715425531914894,0.48931598595993553,0.8260737785309785,0.24800503379093772,0.20249573059188128,0.076444420234976,0.8687290735047625,0.43731860130473554,0.2026211016709549,0.38477366255144035,0.7459165154264973,0.4876096479257743,0.824464729335074,0.2529973440119568,0.18883664113491033,0.03717266316145876,0.8548725672001563,0.4054954949753853,0.20789373060516542,-0.004992310221019064,65.89439655172413,-0.015058384147594528,0.074369263155388
2006,136,1181,1380,70,54,16,1,0,-15,,12.287390029325513,1.1485654032996329,0.9629702861463444,0.9512331077935247,0.9299662199324094,0.39570552147239263,0.7608173076923078,0.49587917121562963,0.7808772716887472,0.2746581530128043,0.18503032456713459,0.08851991751418152,0.8569368638604029,0.4374326057826637,0.2276451245622936,0.31880733944954126,0.6479859894921192,0.4397291511427998,0.8104187276562377,0.2034939195481327,0.25414563817480124,0.06583950635628824,0.8347864117450675,0.3931652180931313,0.21941531372608475,0.07116423346467157,70.58828201368524,0.005941316191648727,-0.020286154448854954
2006,136,1196,1375,76,50,26,1,0,-11,,6.277951933124346,1.1408783714072153,0.92693128558989,1.0876201980469493,0.9601517442924478,0.39418416801292405,0.7345844504021448,0.5071695342191099,0.7853778085063949,0.26963311842703264,0.21432256418941553,0.0853986036927248,0.8266057412133722,0.41162782116987573,0.23263133994192442,0.3652430044182621,0.7043478260869565,0.45616840575351675,0.833440996861511,0.3467640906957211,0.19305177571413681,0.023709904958978466,0.7843900165860456,0.4419634132261828,0.2408545059326968,-0.07713097226868848,68.84235893416928,0.04066836026095011,0.019494104804085644
2006,136,1203,1423,88,85,3,1,1,-1,,3.5982142857142865,1.0937140190735992,0.9222992178030306,1.0297049521850459,0.8912131419876389,0.35456475583864117,0.6414565826330533,0.47628300862522327,0.8308447857752606,0.23220733676251187,0.19423783336593226,0.08025002531027951,0.792373440775185,0.416476725401067,0.24681946184874298,0.33225283630470015,0.7032590051457976,0.42958527338934954,0.8635528384998018,0.2934729673337182,0.1878517808515686,0.032606116627252824,0.7657904046848923,0.38581453811896776,0.24064706713181352,-0.06126563057120632,69.15329241071429,0.008017773976887244,0.033452323787441895
2006,136,1211,1462,79,75,4,1,0,-11,,-0.8827956989247303,1.142595035028442,1.0343209479927782,1.088568940841462,0.9563592182445956,0.3661670235546039,0.782608695652174,0.4775810930218655,0.8214770473278158,0.22359848704851654,0.1892982779333853,0.04719022187620057,0.8673972282732216,0.43340387188781526,0.19367340140543224,0.3714285714285714,0.725,0.46465352493497347,0.8042990937084417,0.2760936115756507,0.19822933476224766,0.08820556321565108,0.853785230185804,0.3916645496062541,0.19740319704098955,-0.052495124527134174,67.75014784946237,-0.01440587709733454,0.025376814458292096
2006,136,1102,1228,69,78,-9,0,0,9,,-2.942396313364055,1.122249588258032,0.9544426477568104,1.0825726435880239,0.9148032098137163,0.39703459637561783,0.7463768115942029,0.48517712332574675,0.8058699741961535,0.38459383376855305,0.19057410344118095,0.046187322660377776,0.8032379001322357,0.4345321526444712,0.2609977748735524,0.3630573248407643,0.6337522441651705,0.4572500084767318,0.8700591181619282,0.31649447681442594,0.1915183651706471,0.049177830072822545,0.794739737267271,0.40439521364004566,0.22149188597110406,0.06809935695412711,60.65221774193549,-0.0011049120777053,-0.020035194772089926
2006,136,1231,1361,87,83,4,1,0,-5,,-1.8574712643678168,1.049660428869347,0.9666274416921886,1.0935947154762384,0.9907266333335136,0.39560439560439564,0.6986027944111777,0.46170484781776605,0.8114816499499169,0.32657275471718306,0.21674872730016898,0.04306270109255772,0.8115691448359748,0.4337793741532277,0.21397091967166415,0.3941747572815534,0.721664275466284,0.46405434821640607,0.813620875251657,0.2543838153808212,0.21838255647502341,0.053372658612849774,0.8449453243353066,0.43891500418855034,0.21900418103920632,0.07218893933636183,67.74507183908045,0.0013930648183413386,-0.06684126385274353
2006,136,1233,1261,64,80,-16,0,0,9,,-1.0999999999999996,1.1128875838488284,1.0020902196200778,1.0640825189195153,0.9413194386736118,0.41063829787234046,0.69432918395574,0.4871192363381229,0.8210829978436249,0.21672446560547404,0.2065772016176774,0.06985605663779923,0.82284174971755,0.43245873201364754,0.22378236356640463,0.3376623376623376,0.6992248062015504,0.47557343112260564,0.8339165063662235,0.18547232520988005,0.21981688954998058,0.10434378664650706,0.8564108142113256,0.41363398768233206,0.21180860518796138,0.031252140395593986,71.24666666666667,-0.0036394695578990666,0.00969882340678685
2006,136,1285,1305,87,79,8,1,0,7,,-2.217443249701315,1.1192753224584369,1.0120909757641723,1.0711601951521204,0.9305012519881768,0.3828571428571429,0.712784588441331,0.4948132916315301,0.8144999284357293,0.2777503260340564,0.20120512738875831,0.05144148382240506,0.8079108500018106,0.44235288687084334,0.2073426410347058,0.35974304068522484,0.7204301075268817,0.4541918095122855,0.85077470187178,0.22505713050204973,0.19095096882359872,0.08071951583047716,0.8656707204788083,0.4005899015398265,0.20059202347781271,0.05269319553200669,68.69895459976104,-0.0005707516058860995,-0.026078825263444516
2006,136,1397,1457,63,61,2,1,0,-13,,-4.035714285714286,1.1128851264717765,1.0059580268642685,1.0796218882882214,0.9096437844755881,0.39336492890995256,0.7006802721088435,0.4681331923991619,0.8484008100405321,0.3106129571145146,0.17548819863011328,0.052788991493824634,0.7854736089602464,0.47559871926735153,0.2493388960132184,0.36738056013179576,0.6988352745424292,0.44439824427849023,0.8335831647183506,0.32514248008792707,0.20852871490663813,0.06079036490044026,0.7779428322043558,0.4032826726119327,0.25085974508767067,-0.014529522973412479,70.13883928571428,-0.024290549267373618,-0.010639364705964272
2006,136,1393,1401,58,66,-8,0,0,-7,,-4.905679513184584,1.0281305680578117,0.974669807547063,1.038913861327715,0.9130631819163255,0.34270414993306564,0.6425406203840474,0.44466414443977564,0.8463233226210686,0.31073769392995915,0.21505018660724315,0.11007152737511224,0.8274019710744509,0.4001439989278167,0.227178990780792,0.3584905660377359,0.6751497005988023,0.4493952319774473,0.7925573144760543,0.2781882929857323,0.20224365658918889,0.06593596899496934,0.7110511095759952,0.4110270791024557,0.2780552215065373,0.03254940094422687,68.5805654158215,0.0030759963184836536,0.04164963571315072
2006,136,1125,1417,44,78,-34,0,0,13,,-3.5545454545454547,1.1197794823352827,1.0336766457769133,1.0809093637261982,0.9321517405337969,0.3818722139673105,0.6952380952380952,0.5055397361538373,0.8011133891081357,0.3048563070546158,0.22360600923396914,0.058038716442362547,0.8285285207063923,0.43931346907738017,0.20969351014139828,0.3568965517241379,0.7034700315457414,0.481783305144958,0.8000991496529071,0.27928369467429365,0.22927407976833677,0.053611519652228545,0.8170632217594211,0.42229791241709813,0.22529218244069563,0.025572612380322157,68.32916666666667,0.003370437174298635,0.017979544325810726
2006,136,1429,1449,61,75,-14,0,0,7,,-5.833333333333333,1.107965018664788,0.9929616383085195,1.1209149047688094,0.9526969788285988,0.4025500910746812,0.7263581488933601,0.4931611942805671,0.8231228465170889,0.2837178142169783,0.20203411864234647,0.05045864654223209,0.8855777246070106,0.42094119417182013,0.19239373824882836,0.3648148148148148,0.748006379585327,0.4730709536443308,0.8640686128793686,0.2466345442010687,0.20363268546794006,0.06015275556769205,0.7813010045658797,0.43434260094981175,0.24077220250602463,0.03708327001590958,69.04833333333332,0.01674582370711397,-0.04476465021738252
2006,136,1328,1454,74,82,-8,0,0,-5,,-2.2142857142857144,1.0856761581349856,0.9909880705154258,1.0711100220950116,0.9605180157769696,0.35881104033970274,0.7150837988826816,0.45029785343915474,0.8652161381619713,0.26799269070786397,0.2249846783345964,0.06829458177091442,0.7922845380260685,0.4353887650921241,0.21893212444282906,0.33761467889908253,0.6913385826771654,0.43641136075108816,0.8544028366624942,0.282524705967022,0.19811408534356936,0.053645464952182406,0.7902694785035659,0.44007927587496176,0.21699278657845147,-0.014532015259158038,65.95892857142857,0.009288501735452148,0.019615563903018995
2006,136,1371,1455,66,86,-20,0,0,3,,-5.394883203559511,1.0086100747076103,0.9853162660215687,1.0650665603974054,0.959139326109151,0.33599999999999997,0.7394822006472492,0.41133743413693835,0.838581067140571,0.256613020073486,0.1993701355418421,0.045590608626455816,0.8164719513134674,0.42057660383815876,0.20583591075357183,0.37056737588652483,0.7262103505843072,0.44131684103335556,0.8425364111277086,0.2854799101153332,0.20107624010881692,0.03266824708727521,0.8589226200972317,0.4126680795390121,0.19287420305014003,-0.02886689004184717,65.65254449388209,-0.018943965597781942,0.008303722803001623
2006,137,1112,1458,94,75,19,1,0,-1,,-1.4290322580645158,1.0245365011784406,0.961770447815934,1.0565397504315353,0.9651270275862383,0.3157894736842105,0.7003205128205129,0.4444401676938097,0.8689649808162522,0.1871604963982629,0.18938701537328415,0.06940853127989553,0.7686933603535472,0.4536319952020257,0.27416002162593933,0.34177215189873417,0.6631419939577039,0.4328426859657872,0.8640631032856129,0.2756594539356612,0.17358396213483002,0.06033784056008805,0.8341096280301037,0.4235973550584638,0.20463854906820117,-0.08849895753739831,69.12846774193548,-0.009218579207769695,0.029468108266195725
2006,137,1133,1242,77,73,4,1,0,9,,-6.0569892473118285,1.0150606221934657,0.9148422734510784,1.0597907590918203,0.8736045336815437,0.32874015748031493,0.7182608695652174,0.44849690523838653,0.8325981132577736,0.24040525797539442,0.21577518929988734,0.0857610422161407,0.7885086327763648,0.39848563693948685,0.238028102571561,0.3774703557312252,0.6656151419558359,0.47176205242269836,0.8310479089641445,0.23593198777533894,0.22300100244843163,0.10082419290793433,0.8217441174398281,0.3718062464323988,0.24460095937580953,0.004473270200055474,70.25342741935484,-0.024972268845699974,-0.025520853436808655
2006,137,1116,1137,55,59,-4,0,0,-1,,-1.3971078976640712,1.0722797028250952,0.9459096106838245,1.0425136655690983,0.8714193043559697,0.33973128598848373,0.6939655172413792,0.46203469770070926,0.8315745181414825,0.24282299775280963,0.19154281389772176,0.109252541613463,0.8286662115832981,0.41718565395098245,0.24386547575949352,0.38716814159292035,0.6911519198664441,0.47502996502050954,0.7658329459433652,0.24396290149738292,0.2265453882165536,0.034831611852280425,0.7558219849262706,0.3844895387376902,0.2606682217192322,-0.0011399037445732896,66.70560344827587,-0.022845691266546286,0.05036263390135387
2006,137,1107,1163,59,72,-13,0,0,15,,-11.319354838709678,1.0562275978076123,0.9852710071403276,1.124053509818398,0.9091419526893324,0.3815331010452962,0.7091988130563799,0.44928683195038305,0.793330232105614,0.28295707874188225,0.21700588237724167,0.049011837576154356,0.8106860063657048,0.42208135930915497,0.2133676406821738,0.35810810810810806,0.7019607843137254,0.47055017169254826,0.8606455549296425,0.2050945234982576,0.1978971082177675,0.1425500859880732,0.9020740871444597,0.3741730273918546,0.19023533459625613,0.07786255524362465,68.73608870967742,-0.03458583582973279,-0.051655842043824785
2006,137,1206,1277,75,65,10,1,0,5,,5.129166666666666,1.069638570881996,0.9035834186019173,1.0935475753905823,1.017306128648219,0.35177865612648224,0.6679035250463823,0.48826103466546394,0.8220518393098352,0.26082143835061816,0.20404588381995484,0.06317188346643723,0.8483417545850631,0.38828140224550345,0.21455880246606568,0.3702970297029703,0.771689497716895,0.4780766028536464,0.8114447359634852,0.23456346914493892,0.20865025258168426,0.05257078492046996,0.8347872723305237,0.4320336690101873,0.1922520504141972,0.026257969205679244,66.16825520833333,0.026968349288250704,-0.013582976314765238
2006,137,1207,1320,54,49,5,1,0,-3,,0.3333333333333339,1.1152813648260733,0.9844090048314171,1.0385806987319748,0.9372071440134317,0.36062717770034847,0.7043650793650794,0.4744998848463396,0.8523599017423764,0.3224701816253053,0.19439975922839778,0.06895377608034939,0.8579735551189661,0.4252779222543416,0.20191690376551483,0.3477508650519031,0.7198515769944343,0.45417293243216367,0.803530030040838,0.30684462871819473,0.19724525624292208,0.06168241278070598,0.8658724114530078,0.41243657324310173,0.1916054231443595,0.01562555290711054,61.357083333333335,0.003742801701468068,0.05619066905246317
2006,137,1246,1412,69,64,5,1,0,-1,,-3.6687565308254966,1.0688587977223416,0.9962430978169118,1.0427049548924054,0.9346979916165374,0.3554301833568406,0.6564195298372514,0.45397366492801955,0.870266777887842,0.325809665265646,0.20100148674515128,0.05545604330356402,0.8454699556574888,0.42479921026779743,0.20687436366363451,0.3450586264656617,0.6490683229813664,0.4549492903763401,0.8212830366635938,0.29084101083311503,0.18088857202606654,0.06734626964786665,0.7632749634580723,0.42604991396090774,0.29797634471525525,0.03496865443253094,68.54977795193312,0.00013753912239489186,0.00875086916161072
2006,137,1272,1331,94,78,16,1,0,-15,,8.514173998044967,1.0843765146133175,0.8858106534649762,1.0876727249408322,0.9848584602141018,0.3520336605890603,0.6847826086956522,0.4493961421752772,0.8408525932414288,0.2908829898700031,0.21117523518950015,0.11612417673608673,0.7764949935725126,0.3805119302254873,0.24131414243753946,0.3851992409867173,0.7113997113997114,0.4590820212736433,0.8335819715822896,0.2476179266148261,0.20894142036472627,0.07209397907242836,0.8281744364501334,0.43700072366197734,0.20302356023012885,0.04326506325517701,71.68234359726296,0.023401457169061946,0.02162566184950976
2006,137,1143,1301,52,58,-6,0,0,-3,,-3.5666666666666664,1.0521439397280277,0.9923951335490419,1.1101897499144902,0.9902271205580857,0.3761467889908257,0.7337110481586402,0.45057071651351704,0.7918991267499856,0.2225436128333689,0.1887887461520781,0.05070349425457755,0.8184849813706659,0.4358476173917986,0.21181243694627572,0.3788903924221922,0.7565485362095532,0.4717714811139498,0.7845328339235297,0.36096700379021407,0.19920056991444404,0.08276388733855208,0.8570232223061572,0.414207890293259,0.20358163194524234,-0.13842339095684517,66.97708333333334,-0.021420245849486208,-0.011938039775330811
2006,137,1293,1314,65,69,-4,0,0,11,,-1.7931034482758612,1.0874761129420563,0.9371028461064068,1.111139990947873,0.9610760750034403,0.35655058043117743,0.650853889943074,0.45194033609823037,0.8786079883109777,0.3182018993187537,0.18977029293418857,0.08920383235427115,0.81260286186529,0.40243006656787356,0.22106539619093815,0.38095238095238093,0.7031250000000001,0.48397115678868613,0.807164783331267,0.25259133797740607,0.22790497002860804,0.06255091494089439,0.8460898888111418,0.4182316394423356,0.2091787663391159,0.06561056134134763,69.09870689655173,-0.008114623907996887,-0.02041995869377955
2006,137,1234,1322,63,64,-1,0,0,-11,,1.4639498432601883,0.987882918464022,0.8773600097389083,1.063159886043921,0.9821129061048776,0.33514492753623193,0.7058823529411765,0.43327979567087826,0.7990485386310999,0.2495063061476878,0.2197776208460346,0.08499393155315854,0.8410393910459366,0.3814921568943718,0.21946018319186938,0.36311787072243346,0.6724890829694323,0.4649916498387968,0.8065614515369208,0.25395685889282604,0.2202880783712381,0.05874983659766043,0.784754779926185,0.4388766316450691,0.24328829390308665,-0.004450552745138253,69.25168495297805,0.01283631029138943,-0.06096597035676787
2006,137,1172,1326,62,70,-8,0,0,13,,-5.792592592592592,1.1031062812166166,1.0198193883234135,1.111816971713254,0.9509725965062852,0.36180124223602483,0.7679324894514767,0.45260320830480977,0.8665226056353399,0.3483730728666843,0.193237020144646,0.02676110521094363,0.8468115386761843,0.43161990279354673,0.1698949798102081,0.37058823529411766,0.7195121951219513,0.469736903825463,0.8360982219441714,0.34025886555357515,0.1804284482429825,0.04667585460420899,0.8765388468525815,0.4255574211815762,0.2098570622834747,0.008114207313109134,67.97287037037037,-0.011598088566311893,-0.00765911208087644
2006,137,1245,1338,64,79,-15,0,0,7,,-2.73991935483871,1.0559368207631181,0.9624348892938613,1.0730259537037754,0.9355787902707668,0.35406698564593303,0.7206703910614525,0.4436070453052383,0.8116501595471205,0.28941124420570846,0.19515575903368632,0.04732560540565335,0.7363175488226966,0.4381111703683588,0.24055463695686688,0.35208711433756806,0.6884779516358465,0.45206350247866806,0.831826700699805,0.26466848119370917,0.20591910937694594,0.06940701015721108,0.8335587515390115,0.40041029905269965,0.19790537384517284,0.02474276301199929,67.69390120967742,-0.02307866424454441,-0.034472117107321676
2006,137,1335,1400,52,60,-8,0,0,13,,-7.104377104377106,1.0234852535334977,0.9031268987006125,1.1351953431451427,0.9024184197508445,0.31842576028622543,0.6763005780346821,0.44921713623933035,0.8179495891723945,0.30761402597692744,0.20227562780406524,0.05478875529955541,0.7621939359115375,0.42288075696510435,0.2693203663483215,0.37984496124031003,0.7214814814814815,0.4656637267365338,0.8624569078349758,0.2943270335182449,0.20325054873110615,0.08966762272063925,0.8483174932131129,0.3823485647500686,0.21066723914835783,0.013286992458682534,67.12693602693602,-0.028489391356119553,-0.04308268004555771
2006,137,1284,1437,45,58,-13,0,0,15,,-10.776939655172415,0.9603748742755751,0.9427953982603794,1.1291339724726444,0.9554335987760005,0.33777038269550747,0.6654991243432574,0.4455509944234453,0.7824036398632828,0.2791232039652977,0.22521179802742938,0.05826788560688176,0.8487988653746193,0.40077177530021185,0.22994633084078941,0.38653001464128844,0.751196172248804,0.4284285526691841,0.8834775823113633,0.3546368240703457,0.16579919096995854,0.09431365173015427,0.8033323606192126,0.42075464110974575,0.23514979074049933,-0.07551362010504797,67.08778286637931,0.01855265378189752,-0.050560680690925786
2006,137,1356,1452,46,64,-18,0,0,5,,-0.5884315906562847,0.9698605485076163,0.8783365984464515,1.1016060964457997,1.0140465477857474,0.3365200764818356,0.6879432624113474,0.4145020914410997,0.8244555231681271,0.26809690182714857,0.2275980774247921,0.06853736597031049,0.7240637267741048,0.40435309178377027,0.27790761394294733,0.34235294117647064,0.745308310991957,0.4467143222564648,0.8983559313210396,0.46087876838751796,0.13051597130803874,0.04867224372872177,0.8628080064539996,0.4573778571038326,0.24147888319428734,-0.19278186656036939,63.43466351501669,0.010406267252348611,0.025776387772776965
2006,138,1130,1285,69,56,13,1,0,-8,,0.8414351851851851,1.1388599807416366,1.0301495016303581,1.1192753224584369,1.0120909757641723,0.37281553398058254,0.6715425531914894,0.48931598595993553,0.8260737785309785,0.24800503379093772,0.20249573059188128,0.076444420234976,0.8687290735047625,0.43731860130473554,0.2026211016709549,0.3828571428571429,0.712784588441331,0.4948132916315301,0.8144999284357293,0.2777503260340564,0.20120512738875831,0.05144148382240506,0.8079108500018106,0.44235288687084334,0.2073426410347058,-0.0297452922431187,67.66064814814814,-0.00023151005274335557,0.0678110118910179
2006,138,1181,1203,74,61,13,1,0,-7,,1.2597402597402585,1.1485654032996329,0.9629702861463444,1.0937140190735992,0.9222992178030306,0.39570552147239263,0.7608173076923078,0.49587917121562963,0.7808772716887472,0.2746581530128043,0.18503032456713459,0.08851991751418152,0.8569368638604029,0.4374326057826637,0.2276451245622936,0.35456475583864117,0.6414565826330533,0.47628300862522327,0.8308447857752606,0.23220733676251187,0.19423783336593226,0.08025002531027951,0.792373440775185,0.416476725401067,0.24681946184874298,0.0424508162502924,72.20484307359307,-0.0006798588955951312,-0.016694133052261195
2006,138,1196,1454,82,60,22,1,0,-8,,6.699134199134199,1.1408783714072153,0.92693128558989,1.0711100220950116,0.9605180157769696,0.39418416801292405,0.7345844504021448,0.5071695342191099,0.7853778085063949,0.26963311842703264,0.21432256418941553,0.0853986036927248,0.8266057412133722,0.41162782116987573,0.23263133994192442,0.33761467889908253,0.6913385826771654,0.43641136075108816,0.8544028366624942,0.282524705967022,0.19811408534356936,0.053645464952182406,0.7902694785035659,0.44007927587496176,0.21699278657845147,-0.012891587539989369,69.17771915584416,0.04960481408655393,-0.0022525885053953365
2006,138,1211,1231,90,80,10,1,0,-3,,2.357471264367817,1.142595035028442,1.0343209479927782,1.049660428869347,0.9666274416921886,0.3661670235546039,0.782608695652174,0.4775810930218655,0.8214770473278158,0.22359848704851654,0.1892982779333853,0.04719022187620057,0.8673972282732216,0.43340387188781526,0.19367340140543224,0.39560439560439564,0.6986027944111777,0.46170484781776605,0.8114816499499169,0.32657275471718306,0.21674872730016898,0.04306270109255772,0.8115691448359748,0.4337793741532277,0.21397091967166415,-0.10297426766866652,68.81923850574712,0.008125873734755928,0.05192796448060599
2006,138,1261,1401,58,57,1,1,0,-8,,0.7747126436781606,1.0640825189195153,0.9413194386736118,1.038913861327715,0.9130631819163255,0.3376623376623376,0.6992248062015504,0.47557343112260564,0.8339165063662235,0.18547232520988005,0.21981688954998058,0.10434378664650706,0.8564108142113256,0.41363398768233206,0.21180860518796138,0.3584905660377359,0.6751497005988023,0.4493952319774473,0.7925573144760543,0.2781882929857323,0.20224365658918889,0.06593596899496934,0.7110511095759952,0.4110270791024557,0.2780552215065373,-0.09271596777585223,68.23326149425287,0.011785645282641033,0.03652220155660357
2006,138,1104,1417,59,62,-3,0,0,8,,-6.626959247648903,1.0666270290605886,1.0262029783926634,1.0809093637261982,0.9321517405337969,0.33970276008492567,0.7061611374407583,0.45443083405201,0.8267280161810069,0.25124793948213836,0.20703874625114327,0.08502405382219792,0.9059109234561882,0.4196555213186021,0.17849049532453323,0.3568965517241379,0.7034700315457414,0.481783305144958,0.8000991496529071,0.27928369467429365,0.22927407976833677,0.053611519652228545,0.8170632217594211,0.42229791241709813,0.22529218244069563,-0.028035755192155287,64.49353448275862,-0.01235503999722598,0.013294323870619906
2006,138,1228,1449,64,67,-3,0,0,-1,,-1.0956989247311828,1.0825726435880239,0.9148032098137163,1.1209149047688094,0.9526969788285988,0.3630573248407643,0.6337522441651705,0.4572500084767318,0.8700591181619282,0.31649447681442594,0.1915183651706471,0.049177830072822545,0.794739737267271,0.40439521364004566,0.22149188597110406,0.3648148148148148,0.748006379585327,0.4730709536443308,0.8640686128793686,0.2466345442010687,0.20363268546794006,0.06015275556769205,0.7813010045658797,0.43434260094981175,0.24077220250602463,0.06985993261335724,69.06388440860215,0.007063221071083592,-0.03772154717967835
2006,138,1397,1455,73,80,-7,0,0,-5,,0.8686635944700463,1.1128851264717765,1.0059580268642685,1.0650665603974054,0.959139326109151,0.39336492890995256,0.7006802721088435,0.4681331923991619,0.8484008100405321,0.3106129571145146,0.17548819863011328,0.052788991493824634,0.7854736089602464,0.47559871926735153,0.2493388960132184,0.37056737588652483,0.7262103505843072,0.44131684103335556,0.8425364111277086,0.2854799101153332,0.20107624010881692,0.03266824708727521,0.8589226200972317,0.4126680795390121,0.19287420305014003,0.025133046999181397,68.68721198156682,-0.018057144181266582,0.00464049715330761
2006,139,1133,1338,72,66,6,1,0,8,,-2.4440860215053766,1.0150606221934657,0.9148422734510784,1.0730259537037754,0.9355787902707668,0.32874015748031493,0.7182608695652174,0.44849690523838653,0.8325981132577736,0.24040525797539442,0.21577518929988734,0.0857610422161407,0.7885086327763648,0.39848563693948685,0.238028102571561,0.35208711433756806,0.6884779516358465,0.45206350247866806,0.831826700699805,0.26466848119370917,0.20591910937694594,0.06940701015721108,0.8335587515390115,0.40041029905269965,0.19790537384517284,-0.024263223218314756,68.91108870967741,-0.0008209675635343916,-0.0018135346918468631
2006,139,1163,1246,87,83,4,1,0,-7,,11.05151515151515,1.124053509818398,0.9091419526893324,1.0688587977223416,0.9962430978169118,0.35810810810810806,0.7019607843137254,0.47055017169254826,0.8606455549296425,0.2050945234982576,0.1978971082177675,0.1425500859880732,0.9020740871444597,0.3741730273918546,0.19023533459625613,0.3554301833568406,0.6564195298372514,0.45397366492801955,0.870266777887842,0.325809665265646,0.20100148674515128,0.05545604330356402,0.8454699556574888,0.42479921026779743,0.20687436366363451,-0.12071514176738837,69.14223484848485,0.0336013448202358,0.025917833628495313
2006,139,1206,1314,65,60,5,1,0,8,,-0.9160919540229884,1.069638570881996,0.9035834186019173,1.111139990947873,0.9610760750034403,0.35177865612648224,0.6679035250463823,0.48826103466546394,0.8220518393098352,0.26082143835061816,0.20404588381995484,0.06317188346643723,0.8483417545850631,0.38828140224550345,0.21455880246606568,0.38095238095238093,0.7031250000000001,0.48397115678868613,0.807164783331267,0.25259133797740607,0.22790497002860804,0.06255091494089439,0.8460898888111418,0.4182316394423356,0.2091787663391159,0.00823010037321209,68.73432471264368,0.017120057536804956,-0.05364314070769316
2006,139,1207,1326,70,52,18,1,0,5,,-4.0666666666666655,1.1152813648260733,0.9844090048314171,1.111816971713254,0.9509725965062852,0.36062717770034847,0.7043650793650794,0.4744998848463396,0.8523599017423764,0.3224701816253053,0.19439975922839778,0.06895377608034939,0.8579735551189661,0.4252779222543416,0.20191690376551483,0.37058823529411766,0.7195121951219513,0.469736903825463,0.8360982219441714,0.34025886555357515,0.1804284482429825,0.04667585460420899,0.8765388468525815,0.4255574211815762,0.2098570622834747,-0.017788683928269877,63.450833333333335,0.0025212399740556224,0.011831445527870077
2006,139,1137,1272,56,72,-16,0,0,8,,-4.375130616509928,1.0425136655690983,0.8714193043559697,1.0843765146133175,0.8858106534649762,0.38716814159292035,0.6911519198664441,0.47502996502050954,0.7658329459433652,0.24396290149738292,0.2265453882165536,0.034831611852280425,0.7558219849262706,0.3844895387376902,0.2606682217192322,0.3520336605890603,0.6847826086956522,0.4493961421752772,0.8408525932414288,0.2908829898700031,0.21117523518950015,0.11612417673608673,0.7764949935725126,0.3805119302254873,0.24131414243753946,-0.04692008837262018,69.19802769070012,0.010828107166514722,-0.060801589599032535
2006,139,1301,1400,54,75,-21,0,0,8,,-7.996969696969698,1.1101897499144902,0.9902271205580857,1.1351953431451427,0.9024184197508445,0.3788903924221922,0.7565485362095532,0.4717714811139498,0.7845328339235297,0.36096700379021407,0.19920056991444404,0.08276388733855208,0.8570232223061572,0.414207890293259,0.20358163194524234,0.37984496124031003,0.7214814814814815,0.4656637267365338,0.8624569078349758,0.2943270335182449,0.20325054873110615,0.08966762272063925,0.8483174932131129,0.3823485647500686,0.21066723914835783,0.06663997027196916,67.74587121212122,-0.012875785582887211,-0.0353938031291543
2006,139,1112,1437,78,82,-4,0,0,7,,-6.749721913236931,1.0245365011784406,0.961770447815934,1.1291339724726444,0.9554335987760005,0.3157894736842105,0.7003205128205129,0.4444401676938097,0.8689649808162522,0.1871604963982629,0.18938701537328415,0.06940853127989553,0.7686933603535472,0.4536319952020257,0.27416002162593933,0.38653001464128844,0.751196172248804,0.4284285526691841,0.8834775823113633,0.3546368240703457,0.16579919096995854,0.09431365173015427,0.8033323606192126,0.42075464110974575,0.23514979074049933,-0.1674763276720828,68.99898498331478,-0.008432869533827159,0.0021544877009954666
2006,139,1322,1452,54,67,-13,0,0,8,,0.5517241379310347,1.063159886043921,0.9821129061048776,1.1016060964457997,1.0140465477857474,0.36311787072243346,0.6724890829694323,0.4649916498387968,0.8065614515369208,0.25395685889282604,0.2202880783712381,0.05874983659766043,0.784754779926185,0.4388766316450691,0.24328829390308665,0.34235294117647064,0.745308310991957,0.4467143222564648,0.8983559313210396,0.46087876838751796,0.13051597130803874,0.04867224372872177,0.8628080064539996,0.4573778571038326,0.24147888319428734,-0.2069219094946919,67.62931034482759,0.01838927652054778,0.06344099661335068
2006,143,1181,1261,54,62,-8,0,0,-3,,4.012121212121212,1.1485654032996329,0.9629702861463444,1.0640825189195153,0.9413194386736118,0.39570552147239263,0.7608173076923078,0.49587917121562963,0.7808772716887472,0.2746581530128043,0.18503032456713459,0.08851991751418152,0.8569368638604029,0.4374326057826637,0.2276451245622936,0.3376623376623376,0.6992248062015504,0.47557343112260564,0.8339165063662235,0.18547232520988005,0.21981688954998058,0.10434378664650706,0.8564108142113256,0.41363398768233206,0.21180860518796138,0.08918582780292422,71.06079545454546,-0.001746439003653788,-0.01581983177411661
2006,143,1133,1272,64,80,-16,0,0,12,,-7.796969696969698,1.0150606221934657,0.9148422734510784,1.0843765146133175,0.8858106534649762,0.32874015748031493,0.7182608695652174,0.44849690523838653,0.8325981132577736,0.24040525797539442,0.21577518929988734,0.0857610422161407,0.7885086327763648,0.39848563693948685,0.238028102571561,0.3520336605890603,0.6847826086956522,0.4493961421752772,0.8408525932414288,0.2908829898700031,0.21117523518950015,0.11612417673608673,0.7764949935725126,0.3805119302254873,0.24131414243753946,-0.05047773189460869,72.51117424242425,-0.009436471825445103,-0.03856989375961617
2006,143,1400,1452,74,71,3,1,0,-4,,10.409613375130618,1.1351953431451427,0.9024184197508445,1.1016060964457997,1.0140465477857474,0.37984496124031003,0.7214814814814815,0.4656637267365338,0.8624569078349758,0.2943270335182449,0.20325054873110615,0.08966762272063925,0.8483174932131129,0.3823485647500686,0.21066723914835783,0.34235294117647064,0.745308310991957,0.4467143222564648,0.8983559313210396,0.46087876838751796,0.13051597130803874,0.04867224372872177,0.8628080064539996,0.4573778571038326,0.24147888319428734,-0.16655173486927305,65.49315569487983,0.04698934841691649,0.0503009112767242
2006,143,1211,1417,71,73,-2,0,0,1,,-1.8212121212121213,1.142595035028442,1.0343209479927782,1.0809093637261982,0.9321517405337969,0.3661670235546039,0.782608695652174,0.4775810930218655,0.8214770473278158,0.22359848704851654,0.1892982779333853,0.04719022187620057,0.8673972282732216,0.43340387188781526,0.19367340140543224,0.3568965517241379,0.7034700315457414,0.481783305144958,0.8000991496529071,0.27928369467429365,0.22927407976833677,0.053611519652228545,0.8170632217594211,0.42229791241709813,0.22529218244069563,-0.05568520762577711,66.76708333333333,-0.007654085796904853,0.01788273297340426
2006,144,1163,1449,98,92,6,1,1,-4,,2.9333333333333336,1.124053509818398,0.9091419526893324,1.1209149047688094,0.9526969788285988,0.35810810810810806,0.7019607843137254,0.47055017169254826,0.8606455549296425,0.2050945234982576,0.1978971082177675,0.1425500859880732,0.9020740871444597,0.3741730273918546,0.19023533459625613,0.3648148148148148,0.748006379585327,0.4730709536443308,0.8640686128793686,0.2466345442010687,0.20363268546794006,0.06015275556769205,0.7813010045658797,0.43434260094981175,0.24077220250602463,-0.0415400207028111,72.83666666666666,0.02882439580308732,0.011485133695735339
2006,144,1196,1207,57,53,4,1,0,-4,,7.351515151515151,1.1408783714072153,0.92693128558989,1.1152813648260733,0.9844090048314171,0.39418416801292405,0.7345844504021448,0.5071695342191099,0.7853778085063949,0.26963311842703264,0.21432256418941553,0.0853986036927248,0.8266057412133722,0.41162782116987573,0.23263133994192442,0.36062717770034847,0.7043650793650794,0.4744998848463396,0.8523599017423764,0.3224701816253053,0.19439975922839778,0.06895377608034939,0.8579735551189661,0.4252779222543416,0.20191690376551483,-0.05283706319827264,64.6089393939394,0.023159875228618065,0.005567153884299847
2006,144,1206,1455,63,55,8,1,0,4,,3.7924731182795695,1.069638570881996,0.9035834186019173,1.0650665603974054,0.959139326109151,0.35177865612648224,0.6679035250463823,0.48826103466546394,0.8220518393098352,0.26082143835061816,0.20404588381995484,0.06317188346643723,0.8483417545850631,0.38828140224550345,0.21455880246606568,0.37056737588652483,0.7262103505843072,0.44131684103335556,0.8425364111277086,0.2854799101153332,0.20107624010881692,0.03266824708727521,0.8589226200972317,0.4126680795390121,0.19287420305014003,-0.02465847176471503,64.473938172043,0.03566543546280848,-0.008682361407416517
2006,144,1130,1437,59,60,-1,0,1,3,,-3.9644396551724146,1.1388599807416366,1.0301495016303581,1.1291339724726444,0.9554335987760005,0.37281553398058254,0.6715425531914894,0.48931598595993553,0.8260737785309785,0.24800503379093772,0.20249573059188128,0.076444420234976,0.8687290735047625,0.43731860130473554,0.2026211016709549,0.38653001464128844,0.751196172248804,0.4284285526691841,0.8834775823113633,0.3546368240703457,0.16579919096995854,0.09431365173015427,0.8033323606192126,0.42075464110974575,0.23514979074049933,-0.10663179027940797,66.1030172413793,0.022161736547880784,0.03090576073278184
2006,145,1261,1400,70,60,10,1,1,2,,-6.496969696969698,1.0640825189195153,0.9413194386736118,1.1351953431451427,0.9024184197508445,0.3376623376623376,0.6992248062015504,0.47557343112260564,0.8339165063662235,0.18547232520988005,0.21981688954998058,0.10434378664650706,0.8564108142113256,0.41363398768233206,0.21180860518796138,0.37984496124031003,0.7214814814814815,0.4656637267365338,0.8624569078349758,0.2943270335182449,0.20325054873110615,0.08966762272063925,0.8483174932131129,0.3823485647500686,0.21066723914835783,-0.10885470830836486,68.59753787878788,-0.01068785927309579,0.001628350143640045
2006,145,1272,1417,45,50,-5,0,0,-1,,5.575757575757576,1.0843765146133175,0.8858106534649762,1.0809093637261982,0.9321517405337969,0.3520336605890603,0.6847826086956522,0.4493961421752772,0.8408525932414288,0.2908829898700031,0.21117523518950015,0.11612417673608673,0.7764949935725126,0.3805119302254873,0.24131414243753946,0.3568965517241379,0.7034700315457414,0.481783305144958,0.8000991496529071,0.27928369467429365,0.22927407976833677,0.053611519652228545,0.8170632217594211,0.42229791241709813,0.22529218244069563,0.011599295195709458,69.06742424242425,0.0046994096109649885,0.027873417722788063
2006,146,1196,1437,75,62,13,1,0,2,,2.86415882967607,1.1408783714072153,0.92693128558989,1.1291339724726444,0.9554335987760005,0.39418416801292405,0.7345844504021448,0.5071695342191099,0.7853778085063949,0.26963311842703264,0.21432256418941553,0.0853986036927248,0.8266057412133722,0.41162782116987573,0.23263133994192442,0.38653001464128844,0.751196172248804,0.4284285526691841,0.8834775823113633,0.3546368240703457,0.16579919096995854,0.09431365173015427,0.8033323606192126,0.42075464110974575,0.23514979074049933,-0.08500370564331305,68.13028996865204,0.04393390074489789,-0.01865114887253161
2006,146,1163,1206,84,86,-2,0,1,-10,,5.333333333333334,1.124053509818398,0.9091419526893324,1.069638570881996,0.9035834186019173,0.35810810810810806,0.7019607843137254,0.47055017169254826,0.8606455549296425,0.2050945234982576,0.1978971082177675,0.1425500859880732,0.9020740871444597,0.3741730273918546,0.19023533459625613,0.35177865612648224,0.6679035250463823,0.48826103466546394,0.8220518393098352,0.26082143835061816,0.20404588381995484,0.06317188346643723,0.8483417545850631,0.38828140224550345,0.21455880246606568,-0.05572691485236056,68.47333333333333,-0.0018012440596334445,0.06757369851523454
2006,152,1196,1206,73,58,15,1,0,-8,,3.918181818181818,1.1408783714072153,0.92693128558989,1.069638570881996,0.9035834186019173,0.39418416801292405,0.7345844504021448,0.5071695342191099,0.7853778085063949,0.26963311842703264,0.21432256418941553,0.0853986036927248,0.8266057412133722,0.41162782116987573,0.23263133994192442,0.35177865612648224,0.6679035250463823,0.48826103466546394,0.8220518393098352,0.26082143835061816,0.20404588381995484,0.06317188346643723,0.8483417545850631,0.38828140224550345,0.21455880246606568,0.008811680076414474,67.11935606060607,-0.0022189596853631754,0.024742716299691714
2006,152,1261,1417,45,59,-14,0,0,2,,0.07878787878787818,1.0640825189195153,0.9413194386736118,1.0809093637261982,0.9321517405337969,0.3376623376623376,0.6992248062015504,0.47557343112260564,0.8339165063662235,0.18547232520988005,0.21981688954998058,0.10434378664650706,0.8564108142113256,0.41363398768233206,0.21180860518796138,0.3568965517241379,0.7034700315457414,0.481783305144958,0.8000991496529071,0.27928369467429365,0.22927407976833677,0.053611519652228545,0.8170632217594211,0.42229791241709813,0.22529218244069563,-0.0938113694644136,66.84791666666666,0.0012270253562068345,0.013494405482140537
2006,154,1196,1417,73,57,16,1,0,1,,5.030303030303029,1.1408783714072153,0.92693128558989,1.0809093637261982,0.9321517405337969,0.39418416801292405,0.7345844504021448,0.5071695342191099,0.7853778085063949,0.26963311842703264,0.21432256418941553,0.0853986036927248,0.8266057412133722,0.41162782116987573,0.23263133994192442,0.3568965517241379,0.7034700315457414,0.481783305144958,0.8000991496529071,0.27928369467429365,0.22927407976833677,0.053611519652228545,0.8170632217594211,0.42229791241709813,0.22529218244069563,-0.009650576247261011,66.47727272727273,0.0180281601606872,-0.0021197251972345788
2007,134,1197,1310,69,77,-8,0,0,0,,-3.720430107526882,1.0005351370808453,1.0279286431629449,1.0820661939956355,1.0466514369907804,0.3621730382293763,0.6586345381526104,0.4503762958290057,0.765702547089615,0.23128616145087477,0.2523531154573281,0.029926105468717348,0.8328991280565965,0.4251675056300184,0.21794914083033715,0.350597609561753,0.7322834645669292,0.4270365350771364,0.8627676052815038,0.3259110705782017,0.19074677420075167,0.026387932052845425,0.8329409659561137,0.4690537582214512,0.19959338372080834,-0.0946249091273269,69.66797409579667,0.03361300667165101,0.011405224790459578
2007,136,1130,1403,84,75,9,1,0,-3,,1.8347996089931575,1.1108959193109627,1.04881477578645,1.0611523735697783,1.0206483385639349,0.34932821497120925,0.7236842105263158,0.4831718902422878,0.7950957613436895,0.25192037841961956,0.21007440588719972,0.09364626043054651,0.9127995784524615,0.4448799007113781,0.18469906743123854,0.4118852459016394,0.7376373626373626,0.4543144181652055,0.8103945797622791,0.22273355550367557,0.17635475583390797,0.03285455281222215,0.8273252960519654,0.45978871472292115,0.2293199902355368,0.02918682291594399,67.19882697947214,0.02188314304431266,0.056179706908146776
2007,136,1139,1330,57,46,11,1,0,-7,,3.38608870967742,1.1465106870154225,0.9467760091733204,1.0728588885154815,0.9410800402821908,0.3680738786279683,0.759375,0.43909401007351667,0.8322192232113197,0.41001031719155717,0.15392776649782525,0.03814818420031465,0.7890348863653261,0.4069781051905935,0.21677883717703064,0.35106382978723405,0.7210365853658537,0.43635685388131584,0.8475955442410628,0.31549834483534195,0.18939920496426335,0.06192895757927211,0.7991263917007957,0.41580577589937673,0.22099605866288896,0.09451197235621522,62.68125,0.005782413450492019,-0.020620549307977798
2007,136,1125,1207,55,80,-25,0,0,13,,-3.27116935483871,1.0639550986990747,0.9429645604170817,1.1450809795204644,0.9463174658808335,0.36666666666666664,0.6916058394160585,0.4741743838972567,0.8030279198493342,0.3531621346444134,0.23214021937722756,0.05617018873335612,0.8457702113773209,0.39016917680765195,0.19766024424450462,0.366120218579235,0.717687074829932,0.5083322767058142,0.8057212590758454,0.28649764031751096,0.2273996718998737,0.0977410738713838,0.8559692772372295,0.38585396187504173,0.2075770652496344,0.06666449432690241,64.28220766129033,-0.019236553870583872,-0.03459326972352317
2007,136,1211,1231,57,70,-13,0,0,3,,0.29696969696969866,1.1122660914220752,0.9811901656089794,1.09799261107402,0.9660555911141883,0.39539007092198586,0.7506702412868632,0.4899392432351763,0.8013484542698364,0.24133720591520594,0.19700855836965217,0.06024635565039955,0.8298148739821954,0.3985143215688668,0.18955228584437459,0.38387096774193546,0.7120141342756183,0.4502247637590599,0.8520124503558271,0.3217158966088041,0.19094021633535932,0.08990595598613435,0.7647710641608952,0.42258236651737163,0.22793093609188272,-0.08037869069359818,67.79825757575756,0.031891262212310645,-0.027570029863878798
2007,136,1257,1390,78,58,20,1,0,-5,,5.220430107526882,1.0659779087423857,0.9531144522156559,1.0314471279913162,0.9900795200948527,0.33189033189033185,0.6770670826833074,0.43416139206859994,0.8662617669461362,0.3377567120342407,0.191588179014232,0.07937808601208989,0.790620456529103,0.40198700254157677,0.22850549019626049,0.351129363449692,0.6906354515050167,0.44905961448420867,0.8322387725191791,0.24179963561879045,0.21682751539040448,0.10443709883959439,0.8511635445303231,0.4129918785406451,0.1715527516703444,0.09595707641545023,67.21333333333334,-0.0019466732082701887,0.024550439764073007
2007,136,1172,1268,70,82,-12,0,0,9,,-0.6159274193548381,1.0972009434001488,0.945717175897408,1.0736065202903575,0.9187321944827992,0.37336814621409925,0.7543581616481775,0.4508483125153192,0.8504239303866757,0.3393335083114658,0.19814511931660755,0.04575567742311665,0.7865283721999541,0.4277943462180121,0.23113764354202157,0.38253638253638256,0.6985391766268261,0.4814642843699432,0.810255687030309,0.20349444078835124,0.21163674284254094,0.11216250412386082,0.8489398756837779,0.39005096330820205,0.2322384874922956,0.13583906752311456,73.58423639112902,-0.034179677382217055,-0.05648681487745988
2007,136,1266,1277,49,61,-12,0,0,-1,,-0.9564393939393945,1.0582690711518528,0.9519093969018251,1.054990126402732,0.9242449190931243,0.3349673202614379,0.6716417910447762,0.4438793796382259,0.8379458221369537,0.28059412403797857,0.2100508985118543,0.06273258770012706,0.7859615577964965,0.417414592903014,0.24739551396097287,0.37280701754385964,0.7104851330203443,0.4722700070913551,0.7936856714824999,0.22469812667787123,0.2436255724456854,0.09601018905177806,0.8136890089260806,0.3835252291045637,0.20541409769627145,0.055895997360107336,65.23166429924242,-0.031139995625789785,0.025934939105214272
2007,136,1184,1314,65,86,-21,0,0,15,,-16.31372549019608,1.0376895058570037,1.0108662664099088,1.1551870247995744,0.9198184091800526,0.35818713450292394,0.6794582392776524,0.4655700373967478,0.8064505589844989,0.36470847936683126,0.21652609942691325,0.048040028095447426,0.8265535927154765,0.45037899722516384,0.23897741470814468,0.3649906890130354,0.707345971563981,0.5069421290841747,0.8378106541999714,0.21104703953542925,0.1855493064399234,0.07581480690910612,0.8229116072052725,0.41226480175593144,0.22024272204256062,0.153661439831402,68.82325980392157,-0.03974314357832964,-0.02640800776879071
2007,136,1148,1326,57,78,-21,0,0,15,,-9.909090909090908,1.0552862384066752,0.9981324731760947,1.124277111458619,0.9230258538647046,0.3806646525679758,0.7271386430678466,0.43775372477406754,0.8204943145180883,0.3073007705990376,0.21535537106451366,0.0615821436897399,0.8421159039830021,0.44018427934621107,0.2129052679307039,0.36336779911373707,0.6955177743431221,0.47225154206358244,0.8507762542720566,0.31190039757111077,0.17702198118354165,0.10479818418856193,0.8778678525479308,0.3997599420197661,0.21477190446996283,-0.0045996269720731675,65.5965909090909,-0.03746107730797993,0.006895053397605544
2007,136,1338,1460,79,58,21,1,0,-11,,5.737132352941176,1.1134099220671325,0.9778412696784151,1.0295328850135046,0.9833327458022636,0.37454545454545457,0.6661764705882354,0.4742595198157761,0.8611786708187472,0.25393985235985417,0.18300403862745954,0.06379117129273452,0.8505033613705956,0.41149958570593087,0.19517824833270095,0.35070140280561124,0.7355072463768116,0.44534534052894775,0.8377103698328159,0.24993053021480488,0.19346329904251225,0.028760180461833935,0.8226983993549215,0.41841386300707906,0.21853960543382644,0.004009322145049288,63.44246323529411,0.017914228293988255,0.02855708934615453
2007,136,1335,1401,52,68,-16,0,0,11,,-10.57730812013348,1.082618757716939,0.9778276320572263,1.1419167675298008,0.8917420171156093,0.36666666666666664,0.6709886547811994,0.488948406954596,0.8053821609331178,0.2410396506265372,0.20257927343011708,0.055852894794448146,0.7983254778479796,0.43627078056676444,0.23739769274853492,0.42171189979123175,0.723781388478582,0.5003377044672266,0.8097478961905206,0.23018044738925914,0.1886027214551831,0.06321134545083587,0.7982126162800292,0.37192530397397117,0.2245087000335177,0.01085920323727807,67.54115684093438,-0.037867387052711976,0.016294099890544977
2007,136,1417,1451,70,42,28,1,0,-13,,10.65,1.1002687315817588,0.9345565902406885,1.0458351080454846,1.032386679553412,0.36756756756756753,0.6487985212569315,0.4825937822251452,0.8519073632699209,0.2840595094071862,0.18727626662612767,0.06407702259149414,0.7993444270134464,0.4362767923582915,0.23438060532020735,0.3902439024390244,0.669876203576341,0.485312442030112,0.7318717205636399,0.22082567384819865,0.23292146615869486,0.043850687706444964,0.8353365744587938,0.44823726391898944,0.20270678733893657,0.06323383555898757,66.58276785714287,0.004620905877865622,-0.010292103531022168
2007,136,1181,1433,77,79,-2,0,0,-5,,-1.3428030303030312,1.0503535368975396,0.9148852905763273,1.1369838560371137,0.9751653954886224,0.3831041257367387,0.6921921921921922,0.471663867093426,0.7909758184544242,0.2382418434520507,0.22947466403035374,0.08437038561999895,0.8169081824766923,0.4243394198359153,0.22375556217944367,0.39999999999999997,0.7248677248677248,0.4638340475858208,0.8459184678954413,0.2614268840786973,0.1723099109995119,0.06060688444565353,0.7674667895373547,0.45053023944918946,0.24531921699915213,-0.023185040626646586,66.46105587121212,0.01701031956043969,-0.0017279971568036068
2007,136,1203,1435,44,77,-33,0,0,5,,2.6043010752688174,1.0589701077346345,0.961491068872224,1.0916645537925758,1.0210427122995498,0.3725055432372505,0.7047781569965871,0.46600184847732634,0.8437108705107106,0.21719096821666414,0.20396673255815076,0.08233798819734972,0.7819741952585288,0.4132532854585616,0.2541964988164488,0.37364130434782605,0.7283950617283952,0.45538345422813326,0.8388497792956137,0.35497805516976355,0.17959919755834933,0.044301588672426055,0.8259955297081516,0.4477129608749106,0.22060136840082104,-0.1377870869530994,68.22719086021505,0.022539034832771032,0.04423357445834919
2007,136,1331,1450,54,70,-16,0,0,11,,-1.15625,1.0624536969918552,0.9656040830480169,1.0606575685835358,0.9399669925028867,0.37209302325581395,0.7095541401273885,0.4741681496469337,0.7630008406605836,0.23993280871937472,0.22446969325291774,0.0791571299799222,0.8283065841342657,0.4219664763060954,0.20538296059171812,0.3717171717171717,0.7109929078014184,0.4673179402437814,0.825682922475217,0.24505934197472914,0.1649628832216473,0.08469325446071528,0.8158137941862911,0.40929755018160485,0.21961832648814023,-0.005126533255354421,65.183984375,-0.0029093583606690787,0.04418635036423024
2007,136,1140,1462,77,79,-2,0,0,-1,,-3.90625,1.1232745255204553,1.0013865525879777,1.1582580877582334,0.9730164273215353,0.4068965517241379,0.6569678407350689,0.4927814460784301,0.8386585284771267,0.2634293751155095,0.19490047783420192,0.061850957264826194,0.8151414081027742,0.4372727856547524,0.18994862308449184,0.3898305084745763,0.7406483790523691,0.4825616029053621,0.7911622242408194,0.30893504684697976,0.19357239817097022,0.06274376701192688,0.8364789643157211,0.4338521201777225,0.21400937470141648,-0.04550567173147024,67.501953125,0.003399588848019053,-0.015466842010920634
2007,137,1196,1238,112,69,43,1,0,-15,,19.037433155080215,1.174489694386222,0.9152610793649287,0.9873972287789319,0.9949847758859456,0.4080267558528428,0.6804260985352862,0.5268100433873637,0.8032594769578103,0.26004831992357735,0.20590167275714036,0.08510478400768719,0.8488704605039699,0.40500228883359035,0.1993339308379132,0.3174061433447099,0.7047353760445683,0.421835127126319,0.8330070196680041,0.2481693967317136,0.21149201876073592,0.05457615493970958,0.7843024647896898,0.4427324724381572,0.24544006371815927,0.01187892319186376,69.88129456327985,0.07135254993280576,-0.031939977941015996
2007,137,1242,1310,107,67,40,1,0,-15,,15.078431372549018,1.1115007936758685,0.8659354858148324,1.0820661939956355,1.0466514369907804,0.3815789473684211,0.6666666666666666,0.489841615937112,0.8426031510906153,0.2241990796374996,0.19874543841780884,0.11872158234544372,0.8007255894888916,0.37300826474908727,0.23953632246047654,0.350597609561753,0.7322834645669292,0.4270365350771364,0.8627676052815038,0.3259110705782017,0.19074677420075167,0.026387932052845425,0.8329409659561137,0.4690537582214512,0.19959338372080834,-0.10171199094070207,70.32103386809268,0.07942528716616976,-0.013493338390738963
2007,137,1246,1437,67,58,9,1,0,-1,,-1.327620967741935,1.0737989074991734,0.9811108197698691,1.0804829486330343,0.9663010553353177,0.35702479338842974,0.699685534591195,0.4820233313755564,0.8055306406032591,0.27672446416064433,0.21390066913774614,0.08000326208111382,0.8803982209584041,0.4133136870487782,0.1918179619093584,0.35276532137518685,0.7835195530726257,0.4199537993486082,0.8305088634858655,0.3249166444862983,0.20552513357448454,0.06271069292559232,0.7779753508339133,0.4128415365776781,0.236089563409669,-0.04819218032565398,67.52686491935484,0.030798690777924076,-0.01948987190090412
2007,137,1272,1317,73,58,15,1,0,-13,,13.142424242424243,1.1102303179977104,0.8750226666536773,1.054337838954212,0.9961922174485529,0.3513888888888889,0.6098707403055229,0.46481257319108277,0.846741403616842,0.30365441322867165,0.18918500953361359,0.10803700607530531,0.7632244822524885,0.38647506608046267,0.2507481319024621,0.3794392523364486,0.6524216524216525,0.45903709450660907,0.8225702814712286,0.24717408316267891,0.2134784495519508,0.07661928898641349,0.7863894124672864,0.42599319266602376,0.214526005591026,0.056480330065992734,72.0821212121212,0.022646802635017393,0.01984067688472002
2007,137,1166,1305,71,77,-6,0,1,3,,-3.700604838709678,1.0718037530009348,0.9612483470432883,1.1485368923184578,0.9821030538930549,0.3435374149659864,0.7550143266475645,0.4522628478652665,0.7935774571067264,0.2942665717098051,0.20509107658749848,0.04952652931458582,0.8161263668951074,0.42061700860296836,0.22015697405640383,0.4135472370766488,0.7547169811320755,0.4890168093815441,0.848931702365056,0.26778294464279856,0.19240909655708402,0.06817858590060691,0.8842595570104614,0.4099726748595639,0.1679012414545201,0.02648362706700652,65.19085181451614,-0.023699147629841044,-0.018532421602035276
2007,137,1275,1332,56,58,-2,0,0,11,,-8.298295454545455,0.9933414665434409,0.964504469198741,1.126650636781217,0.9719340338226251,0.3319672131147541,0.7090163934426229,0.46072825253106425,0.7939636427510827,0.2553100225124497,0.22100297229323004,0.08104853671333438,0.8414753813356116,0.4076006599462056,0.19890545869814044,0.3849938499384994,0.751188589540412,0.4518733201457453,0.8621470618521566,0.3655185031785316,0.1842619143979722,0.03565714896413054,0.8246953918930531,0.4438117935130253,0.21997088308603022,-0.11020848066608185,63.94867424242425,0.022533032976069345,-0.03466615735788614
2007,137,1112,1345,63,72,-9,0,0,-1,,-0.9083333333333332,1.121822292195097,1.0417494231929199,1.0540237568942656,0.9487075490572546,0.34285714285714286,0.74547983310153,0.481349927548485,0.8214334179018263,0.23423989704808304,0.19506421279381397,0.0515510349990403,0.9077332873572651,0.4431829119293255,0.17753135364136138,0.3603448275862069,0.6830015313935681,0.4653045175108284,0.8089193605815228,0.27393359821365487,0.21556279647534513,0.05407735474036078,0.780459332427878,0.4264300430391881,0.24583398796619924,-0.03969370116557183,68.13752604166666,-0.00035372942624045667,0.003661706331171133
2007,137,1221,1356,51,61,-10,0,0,9,,0.9412878787878789,1.0151846028798788,0.9088147367057401,1.0306983963315137,0.9447918500233288,0.35647279549718575,0.7347560975609756,0.4401401296698384,0.7906317818203663,0.25566243362448376,0.23927776432454081,0.07768641451837055,0.7421884187187234,0.4161728229847796,0.26733929860367905,0.3692022263450835,0.6923076923076923,0.4584906673911589,0.7647545186025738,0.27478924081579936,0.22698892146782698,0.07505790201044227,0.7194670366826927,0.42751882515903733,0.2458680814659142,-0.019126807191315598,62.36482007575758,-0.0035022677735313534,0.036679178636113585
2007,137,1253,1397,86,121,-35,0,0,7,,1.4145833333333337,1.100505852307395,1.012528166115692,1.0650085057550052,1.0018013798843513,0.37209302325581395,0.7053435114503818,0.4584660028318993,0.8462600263457551,0.3131637293703767,0.18726244555762717,0.04639720365858338,0.8200759146991017,0.4436877176911436,0.22536701052380242,0.3522167487684729,0.6537949400798935,0.4454079539490672,0.8382166345286713,0.3394825782992266,0.19562912521244724,0.05527243440347411,0.7683558895108735,0.4593662167979267,0.25518044408056806,-0.026318848928849947,74.00924479166667,0.014368273994807668,-0.013137265759086802
2007,137,1308,1400,67,79,-12,0,0,9,,-4.710227272727273,1.0699248957840763,0.9959146746466129,1.1422835869538326,0.9999266119418272,0.3953488372093023,0.6509129967776585,0.48162247235294525,0.7635239057041677,0.20571740713942102,0.23293107464485005,0.04952917112362471,0.7931915649184176,0.43614005434318104,0.22892777425464572,0.39705882352941174,0.7277227722772277,0.447024056538372,0.8623057414824653,0.315090793414905,0.1706958368552821,0.0911385149695686,0.8720988957270563,0.4096272652433939,0.1979188923646192,-0.10937338627548396,72.3286103219697,0.0040428133573929825,0.006576531812390041
2007,137,1210,1424,63,67,-4,0,0,3,,1.459433040078201,1.1048517878496922,0.9821436433111979,1.1011010332053992,0.9844490507304118,0.37429111531190923,0.6834645669291338,0.493185642605382,0.8363328944297854,0.24087349479576411,0.2202673812620116,0.06686902514033712,0.7495860205055065,0.4480387293754723,0.24408539861910458,0.3635057471264368,0.711890243902439,0.44885863851082347,0.8734347140693144,0.3102453202255889,0.16774721275310622,0.09927238658066152,0.8198729653118411,0.42803197234602075,0.22771932144350604,-0.06937182542982481,69.80753910068427,0.012160123532553524,0.01882927818803326
2007,137,1116,1425,60,77,-17,0,0,7,,-0.7058823529411766,1.0424006913980985,0.9715200556887496,1.0439306240355923,0.947040427917278,0.35244519392917373,0.7014084507042253,0.46545426897083664,0.7966451232770481,0.25623009975386885,0.22335573720901972,0.11140815128224255,0.8513101002890547,0.4101857186810558,0.20445548313193992,0.40336134453781514,0.7072135785007072,0.4809036051574123,0.7797069516932619,0.20692631581099705,0.212357468894793,0.06721688856806966,0.8492873236254477,0.3925020591887766,0.21103022667732838,0.0493037839428718,68.61874999999999,-0.01656649783942743,0.02651219136398003
2007,137,1107,1438,57,84,-27,0,0,9,,-1.9084051724137927,1.0665609785991879,0.9899181699163864,1.093362989316687,1.0099935730214424,0.3769363166953528,0.722027972027972,0.4572708685664851,0.8331676558974841,0.2845247172078702,0.20777673058170454,0.04782666526222214,0.7875012334013677,0.4364675461916435,0.2170429261453891,0.3664596273291925,0.7371349095966621,0.4356302002066777,0.8345665877021602,0.31638709333879905,0.19356272848638745,0.05050622694395798,0.8445457010887225,0.41512032117515313,0.1880582398560046,-0.03186237613092885,67.3599676724138,0.0001467216716584674,-0.03201715424793539
2007,137,1228,1439,52,54,-2,0,0,7,,0.4497153700189749,1.0232215221799705,0.9080746305824007,1.0886829965740523,0.9803059394021549,0.3486646884272997,0.6255639097744361,0.4310636053315162,0.836646224174822,0.3181461372121672,0.2179133052405541,0.05747292131637069,0.7890853814526998,0.4033841818854047,0.23445363905311684,0.36815920398009955,0.6661721068249258,0.4752575310508236,0.8469650501153749,0.196106184811399,0.16446043621435627,0.08290755201539739,0.8150572060292871,0.42688825071493514,0.22738763737422774,0.12203995240076823,64.64431925996205,-0.010344928444888435,0.0026584641618923044
2007,137,1323,1457,64,74,-10,0,0,-5,,2.491935483870968,1.1514889987820924,0.9648517073382661,1.1055642022295302,0.9402423391509397,0.39691444600280507,0.7506666666666666,0.46176457898126444,0.8356694003563995,0.3254941456055956,0.18395032912792575,0.06033338372634407,0.8353163566261956,0.41756039036560616,0.21221236287115183,0.35873015873015873,0.6333938294010889,0.47728707785059593,0.8419593161894775,0.33947693846037225,0.1967957691620312,0.06546738056482945,0.8078159999427231,0.4133920790363195,0.21133582837269418,-0.01398279285477666,68.85741647465437,-0.009845405099309035,0.02258564432512067
2007,137,1394,1458,63,76,-13,0,0,13,,-4.1529411764705895,1.1347667727431578,1.0059240757527084,1.1067816283952532,0.9039992660675141,0.40326340326340326,0.7195767195767195,0.5255450332272884,0.7554610433724215,0.20357100914064755,0.23285710202206558,0.05113936091333,0.7984361381184765,0.43654977373831527,0.22094544628823423,0.35611510791366907,0.6788874841972187,0.4636093871370877,0.827948923789633,0.2601177872450347,0.17946183545108216,0.06154539565799352,0.8239188047201325,0.40857660984564625,0.2242084229639344,-0.05654677810438716,66.68095588235293,0.016981241098765865,0.017530193761832957
2007,138,1139,1268,62,59,3,1,0,1,,-0.5514112903225801,1.1465106870154225,0.9467760091733204,1.0736065202903575,0.9187321944827992,0.3680738786279683,0.759375,0.43909401007351667,0.8322192232113197,0.41001031719155717,0.15392776649782525,0.03814818420031465,0.7890348863653261,0.4069781051905935,0.21677883717703064,0.38253638253638256,0.6985391766268261,0.4814642843699432,0.810255687030309,0.20349444078835124,0.21163674284254094,0.11216250412386082,0.8489398756837779,0.39005096330820205,0.2322384874922956,0.20651587640320593,67.088671875,-0.029648708089409004,-0.05940176746343062
2007,138,1130,1207,55,62,-7,0,0,5,,-6.819556451612903,1.1108959193109627,1.04881477578645,1.1450809795204644,0.9463174658808335,0.34932821497120925,0.7236842105263158,0.4831718902422878,0.7950957613436895,0.25192037841961956,0.21007440588719972,0.09364626043054651,0.9127995784524615,0.4448799007113781,0.18469906743123854,0.366120218579235,0.717687074829932,0.5083322767058142,0.8057212590758454,0.28649764031751096,0.2273996718998737,0.0977410738713838,0.8559692772372295,0.38585396187504173,0.2075770652496344,-0.0345772618978914,63.63220766129032,-0.04209316264993135,0.0036512022013388545
2007,138,1277,1314,67,81,-14,0,0,8,,-9.753119429590019,1.054990126402732,0.9242449190931243,1.1551870247995744,0.9198184091800526,0.37280701754385964,0.7104851330203443,0.4722700070913551,0.7936856714824999,0.22469812667787123,0.2436255724456854,0.09601018905177806,0.8136890089260806,0.3835252291045637,0.20541409769627145,0.3649906890130354,0.707345971563981,0.5069421290841747,0.8378106541999714,0.21104703953542925,0.1855493064399234,0.07581480690910612,0.8229116072052725,0.41226480175593144,0.22024272204256062,0.013651087142441981,68.25291889483066,-0.0029662746707259102,0.0042299663665473775
2007,138,1326,1462,78,71,7,1,1,-8,,1.8598484848484844,1.124277111458619,0.9230258538647046,1.1582580877582334,0.9730164273215353,0.36336779911373707,0.6955177743431221,0.47225154206358244,0.8507762542720566,0.31190039757111077,0.17702198118354165,0.10479818418856193,0.8778678525479308,0.3997599420197661,0.21477190446996283,0.3898305084745763,0.7406483790523691,0.4825616029053621,0.7911622242408194,0.30893504684697976,0.19357239817097022,0.06274376701192688,0.8364789643157211,0.4338521201777225,0.21400937470141648,0.0029653507241310106,65.77639678030303,0.011891058658088371,-0.0029865509492912334
2007,138,1338,1433,84,79,5,1,1,-8,,-1.3244206773618554,1.1134099220671325,0.9778412696784151,1.1369838560371137,0.9751653954886224,0.37454545454545457,0.6661764705882354,0.4742595198157761,0.8611786708187472,0.25393985235985417,0.18300403862745954,0.06379117129273452,0.8505033613705956,0.41149958570593087,0.19517824833270095,0.39999999999999997,0.7248677248677248,0.4638340475858208,0.8459184678954413,0.2614268840786973,0.1723099109995119,0.06060688444565353,0.7674667895373547,0.45053023944918946,0.24531921699915213,-0.007487031718843129,64.94180035650623,0.024728062986606958,0.011422000985194525
2007,138,1257,1401,69,72,-3,0,0,3,,-8.741935483870968,1.0659779087423857,0.9531144522156559,1.1419167675298008,0.8917420171156093,0.33189033189033185,0.6770670826833074,0.43416139206859994,0.8662617669461362,0.3377567120342407,0.191588179014232,0.07937808601208989,0.790620456529103,0.40198700254157677,0.22850549019626049,0.42171189979123175,0.723781388478582,0.5003377044672266,0.8097478961905206,0.23018044738925914,0.1886027214551831,0.06321134545083587,0.7982126162800292,0.37192530397397117,0.2245087000335177,0.10757626464498155,66.67822580645161,-0.04811900548311615,0.04260107977077976
2007,138,1231,1417,49,54,-5,0,0,5,,-2.666666666666668,1.09799261107402,0.9660555911141883,1.1002687315817588,0.9345565902406885,0.38387096774193546,0.7120141342756183,0.4502247637590599,0.8520124503558271,0.3217158966088041,0.19094021633535932,0.08990595598613435,0.7647710641608952,0.42258236651737163,0.22793093609188272,0.36756756756756753,0.6487985212569315,0.4825937822251452,0.8519073632699209,0.2840595094071862,0.18727626662612767,0.06407702259149414,0.7993444270134464,0.4362767923582915,0.23438060532020735,0.0376563872016179,64.91375,-0.009337296312582732,0.023390993424637574
2007,138,1435,1450,78,74,4,1,2,3,,-3.1395833333333334,1.0916645537925758,1.0210427122995498,1.0606575685835358,0.9399669925028867,0.37364130434782605,0.7283950617283952,0.45538345422813326,0.8388497792956137,0.35497805516976355,0.17959919755834933,0.044301588672426055,0.8259955297081516,0.4477129608749106,0.22060136840082104,0.3717171717171717,0.7109929078014184,0.4673179402437814,0.825682922475217,0.24505934197472914,0.1649628832216473,0.08469325446071528,0.8158137941862911,0.40929755018160485,0.21961832648814023,0.1099187131950344,66.06322916666667,-0.025174948354476923,0.028546112923999778
2007,139,1196,1345,74,67,7,1,0,-8,,10.889705882352942,1.174489694386222,0.9152610793649287,1.0540237568942656,0.9487075490572546,0.4080267558528428,0.6804260985352862,0.5268100433873637,0.8032594769578103,0.26004831992357735,0.20590167275714036,0.08510478400768719,0.8488704605039699,0.40500228883359035,0.1993339308379132,0.3603448275862069,0.6830015313935681,0.4653045175108284,0.8089193605815228,0.27393359821365487,0.21556279647534513,0.05407735474036078,0.780459332427878,0.4264300430391881,0.24583398796619924,-0.013885278290077518,66.9168887867647,0.04146664004106648,-0.01200361193726096
2007,139,1242,1246,88,76,12,1,0,-7,,11.255514705882351,1.1115007936758685,0.8659354858148324,1.0737989074991734,0.9811108197698691,0.3815789473684211,0.6666666666666666,0.489841615937112,0.8426031510906153,0.2241990796374996,0.19874543841780884,0.11872158234544372,0.8007255894888916,0.37300826474908727,0.23953632246047654,0.35702479338842974,0.699685534591195,0.4820233313755564,0.8055306406032591,0.27672446416064433,0.21390066913774614,0.08000326208111382,0.8803982209584041,0.4133136870487782,0.1918179619093584,-0.05252538452314473,69.49806985294117,0.024061853430623226,0.000782248633385052
2007,139,1272,1305,78,62,16,1,0,-5,,6.823069403714564,1.1102303179977104,0.8750226666536773,1.1485368923184578,0.9821030538930549,0.3513888888888889,0.6098707403055229,0.46481257319108277,0.846741403616842,0.30365441322867165,0.18918500953361359,0.10803700607530531,0.7632244822524885,0.38647506608046267,0.2507481319024621,0.4135472370766488,0.7547169811320755,0.4890168093815441,0.848931702365056,0.26778294464279856,0.19240909655708402,0.06817858590060691,0.8842595570104614,0.4099726748595639,0.1679012414545201,0.03587146858587309,69.82771260997067,-0.0003533137056800917,0.02835404806913877
2007,139,1332,1457,75,61,14,1,0,-8,,-0.795454545454545,1.126650636781217,0.9719340338226251,1.1055642022295302,0.9402423391509397,0.3849938499384994,0.751188589540412,0.4518733201457453,0.8621470618521566,0.3655185031785316,0.1842619143979722,0.03565714896413054,0.8246953918930531,0.4438117935130253,0.21997088308603022,0.35873015873015873,0.6333938294010889,0.47728707785059593,0.8419593161894775,0.33947693846037225,0.1967957691620312,0.06546738056482945,0.8078159999427231,0.4133920790363195,0.21133582837269418,0.026041564718159327,67.43572781385282,-0.02791673609077816,0.017011992147691113
2007,139,1356,1439,63,48,15,1,0,-1,,-0.965725806451613,1.0306983963315137,0.9447918500233288,1.0886829965740523,0.9803059394021549,0.3692022263450835,0.6923076923076923,0.4584906673911589,0.7647545186025738,0.27478924081579936,0.22698892146782698,0.07505790201044227,0.7194670366826927,0.42751882515903733,0.2458680814659142,0.36815920398009955,0.6661721068249258,0.4752575310508236,0.8469650501153749,0.196106184811399,0.16446043621435627,0.08290755201539739,0.8150572060292871,0.42688825071493514,0.22738763737422774,0.07868305600440037,63.820514112903226,-0.008698719051883463,-0.032928784546447876
2007,139,1397,1438,77,74,3,1,0,1,,-0.4709051724137927,1.0650085057550052,1.0018013798843513,1.093362989316687,1.0099935730214424,0.3522167487684729,0.6537949400798935,0.4454079539490672,0.8382166345286713,0.3394825782992266,0.19562912521244724,0.05527243440347411,0.7683558895108735,0.4593662167979267,0.25518044408056806,0.3664596273291925,0.7371349095966621,0.4356302002066777,0.8345665877021602,0.31638709333879905,0.19356272848638745,0.05050622694395798,0.8445457010887225,0.41512032117515313,0.1880582398560046,0.02309548496042757,72.6259832974138,-0.01723407094019208,0.00045226365259187773
2007,139,1424,1458,74,68,6,1,0,5,,-4.731729055258468,1.1011010332053992,0.9844490507304118,1.1067816283952532,0.9039992660675141,0.3635057471264368,0.711890243902439,0.44885863851082347,0.8734347140693144,0.3102453202255889,0.16774721275310622,0.09927238658066152,0.8198729653118411,0.42803197234602075,0.22771932144350604,0.35611510791366907,0.6788874841972187,0.4636093871370877,0.827948923789633,0.2601177872450347,0.17946183545108216,0.06154539565799352,0.8239188047201325,0.40857660984564625,0.2242084229639344,0.050127532980554224,65.78534982174688,-0.01710305556331937,0.01856017592371173
2007,139,1400,1425,68,87,-19,0,0,-1,,3.8903743315508024,1.1422835869538326,0.9999266119418272,1.0439306240355923,0.947040427917278,0.39705882352941174,0.7277227722772277,0.447024056538372,0.8623057414824653,0.315090793414905,0.1706958368552821,0.0911385149695686,0.8720988957270563,0.4096272652433939,0.1979188923646192,0.40336134453781514,0.7072135785007072,0.4809036051574123,0.7797069516932619,0.20692631581099705,0.212357468894793,0.06721688856806966,0.8492873236254477,0.3925020591887766,0.21103022667732838,0.10816447760390793,70.36204322638146,-0.025502377336828752,0.0352673872235012
2007,143,1242,1356,61,58,3,1,0,-3,,11.474264705882351,1.1115007936758685,0.8659354858148324,1.0306983963315137,0.9447918500233288,0.3815789473684211,0.6666666666666666,0.489841615937112,0.8426031510906153,0.2241990796374996,0.19874543841780884,0.11872158234544372,0.8007255894888916,0.37300826474908727,0.23953632246047654,0.3692022263450835,0.6923076923076923,0.4584906673911589,0.7647545186025738,0.27478924081579936,0.22698892146782698,0.07505790201044227,0.7194670366826927,0.42751882515903733,0.2458680814659142,-0.05059016117829976,65.91994485294117,0.04293075447795158,0.03580515566927556
2007,143,1272,1401,65,64,1,1,0,-1,,0.1133919843597262,1.1102303179977104,0.8750226666536773,1.1419167675298008,0.8917420171156093,0.3513888888888889,0.6098707403055229,0.46481257319108277,0.846741403616842,0.30365441322867165,0.18918500953361359,0.10803700607530531,0.7632244822524885,0.38647506608046267,0.2507481319024621,0.42171189979123175,0.723781388478582,0.5003377044672266,0.8097478961905206,0.23018044738925914,0.1886027214551831,0.06321134545083587,0.7982126162800292,0.37192530397397117,0.2245087000335177,0.07347396583941251,69.27368035190615,-0.025037446691317633,0.04544984568179933
2007,143,1326,1397,85,84,1,1,0,-4,,8.266098484848484,1.124277111458619,0.9230258538647046,1.0650085057550052,1.0018013798843513,0.36336779911373707,0.6955177743431221,0.47225154206358244,0.8507762542720566,0.31190039757111077,0.17702198118354165,0.10479818418856193,0.8778678525479308,0.3997599420197661,0.21477190446996283,0.3522167487684729,0.6537949400798935,0.4454079539490672,0.8382166345286713,0.3394825782992266,0.19562912521244724,0.05527243440347411,0.7683558895108735,0.4593662167979267,0.25518044408056806,-0.027582180728115857,70.11663115530303,0.04322493144633788,-0.01623809490714767
2007,143,1338,1417,55,64,-9,0,0,1,,-2.6941176470588246,1.1134099220671325,0.9778412696784151,1.1002687315817588,0.9345565902406885,0.37454545454545457,0.6661764705882354,0.4742595198157761,0.8611786708187472,0.25393985235985417,0.18300403862745954,0.06379117129273452,0.8505033613705956,0.41149958570593087,0.19517824833270095,0.36756756756756753,0.6487985212569315,0.4825937822251452,0.8519073632699209,0.2840595094071862,0.18727626662612767,0.06407702259149414,0.7993444270134464,0.4362767923582915,0.23438060532020735,-0.03011965704733205,64.63683823529412,0.00822147212149571,0.02516126104676286
2007,144,1139,1196,57,65,-8,0,0,4,,-6.409867172675522,1.1465106870154225,0.9467760091733204,1.174489694386222,0.9152610793649287,0.3680738786279683,0.759375,0.43909401007351667,0.8322192232113197,0.41001031719155717,0.15392776649782525,0.03814818420031465,0.7890348863653261,0.4069781051905935,0.21677883717703064,0.4080267558528428,0.6804260985352862,0.5268100433873637,0.8032594769578103,0.26004831992357735,0.20590167275714036,0.08510478400768719,0.8488704605039699,0.40500228883359035,0.1993339308379132,0.14996199726797982,63.804779411764706,-0.0448459248354251,-0.02559456364713486
2007,144,1207,1435,66,65,1,1,0,-4,,7.327083333333333,1.1450809795204644,0.9463174658808335,1.0916645537925758,1.0210427122995498,0.366120218579235,0.717687074829932,0.5083322767058142,0.8057212590758454,0.28649764031751096,0.2273996718998737,0.0977410738713838,0.8559692772372295,0.38585396187504173,0.2075770652496344,0.37364130434782605,0.7283950617283952,0.45538345422813326,0.8388497792956137,0.35497805516976355,0.17959919755834933,0.044301588672426055,0.8259955297081516,0.4477129608749106,0.22060136840082104,-0.06848041485225259,64.75697916666667,0.05740391073877482,0.054768897646605086
2007,144,1314,1425,74,64,10,1,0,-4,,11.764705882352942,1.1551870247995744,0.9198184091800526,1.0439306240355923,0.947040427917278,0.3649906890130354,0.707345971563981,0.5069421290841747,0.8378106541999714,0.21104703953542925,0.1855493064399234,0.07581480690910612,0.8229116072052725,0.41226480175593144,0.22024272204256062,0.40336134453781514,0.7072135785007072,0.4809036051574123,0.7797069516932619,0.20692631581099705,0.212357468894793,0.06721688856806966,0.8492873236254477,0.3925020591887766,0.21103022667732838,0.0041207237244322015,71.73124999999999,0.003137890679803801,0.027863792754886818
2007,144,1332,1424,76,72,4,1,0,-4,,2.333333333333334,1.126650636781217,0.9719340338226251,1.1011010332053992,0.9844490507304118,0.3849938499384994,0.751188589540412,0.4518733201457453,0.8621470618521566,0.3655185031785316,0.1842619143979722,0.03565714896413054,0.8246953918930531,0.4438117935130253,0.21997088308603022,0.3635057471264368,0.711890243902439,0.44885863851082347,0.8734347140693144,0.3102453202255889,0.16774721275310622,0.09927238658066152,0.8198729653118411,0.42803197234602075,0.22771932144350604,0.055273182952942645,67.94431818181818,-0.006382569766041346,-0.009869628373540551
2007,145,1272,1326,76,92,-16,0,0,1,,3.757575757575758,1.1102303179977104,0.8750226666536773,1.124277111458619,0.9230258538647046,0.3513888888888889,0.6098707403055229,0.46481257319108277,0.846741403616842,0.30365441322867165,0.18918500953361359,0.10803700607530531,0.7632244822524885,0.38647506608046267,0.2507481319024621,0.36336779911373707,0.6955177743431221,0.47225154206358244,0.8507762542720566,0.31190039757111077,0.17702198118354165,0.10479818418856193,0.8778678525479308,0.3997599420197661,0.21477190446996283,-0.008245984342439117,68.75075757575758,0.002922953533401884,0.026846095051109353
2007,145,1242,1417,55,68,-13,0,0,-1,,6.011764705882351,1.1115007936758685,0.8659354858148324,1.1002687315817588,0.9345565902406885,0.3815789473684211,0.6666666666666666,0.489841615937112,0.8426031510906153,0.2241990796374996,0.19874543841780884,0.11872158234544372,0.8007255894888916,0.37300826474908727,0.23953632246047654,0.36756756756756753,0.6487985212569315,0.4825937822251452,0.8519073632699209,0.2840595094071862,0.18727626662612767,0.06407702259149414,0.7993444270134464,0.4362767923582915,0.23438060532020735,-0.05986042976968661,67.89713235294118,0.0352581806605855,0.017540877440431424
2007,146,1196,1332,85,77,8,1,0,-2,,7.310160427807487,1.174489694386222,0.9152610793649287,1.126650636781217,0.9719340338226251,0.4080267558528428,0.6804260985352862,0.5268100433873637,0.8032594769578103,0.26004831992357735,0.20590167275714036,0.08510478400768719,0.8488704605039699,0.40500228883359035,0.1993339308379132,0.3849938499384994,0.751188589540412,0.4518733201457453,0.8621470618521566,0.3655185031785316,0.1842619143979722,0.03565714896413054,0.8246953918930531,0.4438117935130253,0.21997088308603022,-0.10547018325495422,67.70970365418896,0.05687311396052663,-0.0013484146576934197
2007,146,1207,1314,96,84,12,1,1,1,,-6.553308823529413,1.1450809795204644,0.9463174658808335,1.1551870247995744,0.9198184091800526,0.366120218579235,0.717687074829932,0.5083322767058142,0.8057212590758454,0.28649764031751096,0.2273996718998737,0.0977410738713838,0.8559692772372295,0.38585396187504173,0.2075770652496344,0.3649906890130354,0.707345971563981,0.5069421290841747,0.8378106541999714,0.21104703953542925,0.1855493064399234,0.07581480690910612,0.8229116072052725,0.41226480175593144,0.22024272204256062,0.07545060078208171,67.41773897058823,0.01390049375126462,0.024076039003277483
2007,152,1196,1417,76,66,10,1,0,-1,,6.364705882352942,1.174489694386222,0.9152610793649287,1.1002687315817588,0.9345565902406885,0.4080267558528428,0.6804260985352862,0.5268100433873637,0.8032594769578103,0.26004831992357735,0.20590167275714036,0.08510478400768719,0.8488704605039699,0.40500228883359035,0.1993339308379132,0.36756756756756753,0.6487985212569315,0.4825937822251452,0.8519073632699209,0.2840595094071862,0.18727626662612767,0.06407702259149414,0.7993444270134464,0.4362767923582915,0.23438060532020735,-0.024011189483608864,66.4710294117647,0.03774538234345981,0.012339724609036873
2007,152,1207,1326,60,67,-7,0,0,1,,-1.8910984848484844,1.1450809795204644,0.9463174658808335,1.124277111458619,0.9230258538647046,0.366120218579235,0.717687074829932,0.5083322767058142,0.8057212590758454,0.28649764031751096,0.2273996718998737,0.0977410738713838,0.8559692772372295,0.38585396187504173,0.2075770652496344,0.36336779911373707,0.6955177743431221,0.47225154206358244,0.8507762542720566,0.31190039757111077,0.17702198118354165,0.10479818418856193,0.8778678525479308,0.3997599420197661,0.21477190446996283,-0.025402757253599806,62.84436553030302,0.024993357393478022,0.034799665213547604
2007,154,1196,1326,84,75,9,1,0,0,,4.279857397504458,1.174489694386222,0.9152610793649287,1.124277111458619,0.9230258538647046,0.4080267558528428,0.6804260985352862,0.5268100433873637,0.8032594769578103,0.26004831992357735,0.20590167275714036,0.08510478400768719,0.8488704605039699,0.40500228883359035,0.1993339308379132,0.36336779911373707,0.6955177743431221,0.47225154206358244,0.8507762542720566,0.31190039757111077,0.17702198118354165,0.10479818418856193,0.8778678525479308,0.3997599420197661,0.21477190446996283,-0.05185207764753341,66.59758244206773,0.02465807725497854,-0.0018523656365597718
2008,134,1164,1291,60,69,-9,0,0,0,,-9.533088235294118,0.9059967326015568,1.0122291703891746,1.008795716281486,0.966676184843329,0.32325581395348835,0.7173252279635259,0.39394370796904193,0.8055236037933018,0.1970369676896945,0.22698525408583176,0.039721049994296626,0.7965093692175352,0.440646743619456,0.24817440030868532,0.367112810707457,0.6964285714285714,0.44990335260078934,0.7924247210232052,0.237261898050829,0.2098821455854972,0.06590892427499147,0.8061340632248627,0.4185023932948786,0.2192912182213638,-0.0402249303611345,66.73180147058824,-0.03905199747816235,0.032942860734763046
2008,136,1125,1181,70,71,-1,0,0,13,,-9.78125,1.0912762645529448,1.0175052355590106,1.1310763900156462,0.9275915646352053,0.3629469122426869,0.698340874811463,0.44960782575739955,0.8341942300877297,0.39530682467995276,0.2031795273251319,0.031761068661543,0.7885202847930913,0.4628405705206263,0.2233978285234458,0.38421733505821476,0.6946182728410513,0.4671644152024681,0.8296470800879653,0.3229907430472379,0.18160700384488693,0.06698048205854056,0.797462044665284,0.4382690062020811,0.24761414089719158,0.07231608163271486,73.78828125000001,-0.021064076881806892,-0.013067037030738526
2008,136,1242,1340,85,61,24,1,0,-15,,13.74848484848485,1.1727543907968354,0.8948249856340363,1.091163644586651,1.00331238206998,0.398576512455516,0.7077562326869806,0.504013591968689,0.8425746859454725,0.24687687018964413,0.18607154431748835,0.11008687324053108,0.8099703144021152,0.3837505174841248,0.22850407179123206,0.4014814814814815,0.6709886547811994,0.46967623722079954,0.8064599795135122,0.3330650658778732,0.2153641560196582,0.06112060121311487,0.7941386859797768,0.4506473254014789,0.22526034450394505,-0.08618819568822908,68.64897727272728,0.05061708133262177,0.014063801191753655
2008,136,1243,1425,80,67,13,1,0,5,,3.9250000000000007,1.0789106933614572,0.9512373098093924,1.0366288760772562,0.9476704270401897,0.32410423452768733,0.6950354609929078,0.4454702779697715,0.8644561234919199,0.2831188198024389,0.2060499638396568,0.06342652191277456,0.789384952394138,0.42368374706558176,0.22471230575209059,0.38362068965517243,0.6845425867507886,0.48515907634627387,0.7770156457989227,0.21681469169683784,0.22094558673581993,0.07435690453486923,0.8781512318604386,0.3950761571329364,0.19920981357334627,0.06630412810560107,69.89192708333334,-0.034148194154573874,0.04156734033956222
2008,136,1246,1266,66,74,-8,0,0,5,,-8.327083333333334,1.032055275458346,0.9748981107264478,1.0868554224479539,0.9265120359011644,0.36786469344608874,0.7336523125996811,0.4734575181852492,0.7607975443303676,0.23627254399937467,0.2374597928171691,0.08621232709339961,0.8244281576000729,0.3956586828078883,0.1978743840293398,0.35893416927899685,0.7009735744089013,0.4468390109772477,0.8511231887294475,0.28653529822272455,0.1904563420555632,0.07069936719753729,0.7751680347385247,0.4152163863554582,0.2439364100047709,-0.05026275422334989,68.215703125,0.023088105377785717,-0.028361048041701142
2008,136,1277,1396,72,61,11,1,0,-7,,5.2727272727272725,1.0917398703903902,0.9661747301301873,1.0890531521596623,1.0250540103050922,0.37272727272727274,0.7309562398703404,0.4805491661900754,0.8465182154225612,0.20610742479691518,0.2098684564282613,0.07870897570658936,0.8521395510306831,0.40142361271279126,0.19321033460648598,0.37249283667621774,0.7412140575079873,0.47181722694368855,0.8082737129239206,0.319575110360501,0.19076144685585095,0.07766468111190199,0.8523800479093493,0.4255679582027566,0.19236327390785707,-0.11346768556358583,65.83977272727273,0.016438142368176145,0.04849984083188669
2008,136,1206,1323,50,68,-18,0,0,7,,-2.5210166177908118,1.0926621415647715,0.9745694411734268,1.1339981412172353,0.977933548052848,0.3519163763066202,0.7041847041847041,0.4715548060176521,0.8146466360312605,0.27076758649472515,0.1860667237343197,0.05935514935680632,0.8539472110897023,0.41906343571683896,0.182750802937151,0.41001564945226915,0.7356495468277945,0.4629183168493406,0.8660547963230225,0.2907605943691825,0.18122054442538307,0.05790624647655383,0.9039617449084142,0.41187426708249436,0.17546262399360785,-0.019993007874457347,67.69954789833821,0.0007236602669834502,-0.035708626376976915
2008,136,1331,1338,63,82,-19,0,0,9,,-1.555760368663595,1.0457319431662602,0.9375544593237604,1.1151276517408284,0.9879492073634302,0.3667262969588551,0.6666666666666666,0.4438456599367785,0.8177930788307806,0.27376563903927387,0.19295457493738127,0.07029577895378158,0.8401216213931744,0.4013679847849636,0.20778752783929869,0.34018987341772156,0.657608695652174,0.4611438740947521,0.8865525933788824,0.27034144278489103,0.18110927672750107,0.05707194395489356,0.8516086758348894,0.4247406539800784,0.21134600659654237,0.0034241962543828386,66.25430875576036,0.003037227518570551,-0.047414203371172414
2008,136,1124,1345,79,90,-11,0,0,5,,-1.2645833333333334,1.1053199159199703,1.0149758982662251,1.0352132352197065,0.917503443417644,0.3764880952380953,0.7410179640718563,0.4561595839644306,0.8468191020198719,0.30832699694296145,0.1720282281903806,0.07400618535124852,0.8228421842344955,0.42958315149176635,0.1955593411421437,0.36990595611285265,0.7063253012048193,0.42772558207203454,0.8291425266655508,0.30124044416080625,0.1927889152877576,0.08937321238905097,0.733365336865404,0.43856762332885746,0.26619510418667913,0.007086552782155198,69.87166666666667,0.018709236864743628,0.0030887659708100923
2008,136,1165,1390,53,77,-24,0,0,11,,-2.4452214452214456,1.1087864957354916,0.9887606875562353,1.0857992711131053,0.9300071989287826,0.40792079207920795,0.7626774847870184,0.4921710119732777,0.8010786733189035,0.2816977752171226,0.19856183948692882,0.05218691808936938,0.8154004736377496,0.4216786566109005,0.2067817095372764,0.3595959595959596,0.6955345060893099,0.4497055214890268,0.851195538575871,0.23014399301771432,0.18787235519860598,0.09442583696045319,0.843645535656827,0.3924671487561447,0.18036735639156778,0.05155378219940826,67.22227564102565,0.006626991314747532,-0.043748122410499635
2008,136,1140,1401,62,67,-5,0,0,-1,,1.7593582887700538,1.054860096280871,0.901837200508163,1.0757878780823935,0.9418232349432011,0.3746630727762803,0.6583679114799447,0.4620707485149433,0.8028633529557512,0.31237041357382533,0.20215605269682949,0.06600625043118057,0.8335303265561214,0.3885620962151401,0.19237469596818615,0.3560885608856088,0.6379084967320261,0.4666528803367765,0.8218234208398552,0.25015096210150645,0.19244721604125095,0.0716220105029208,0.8784196513848684,0.4017914775022163,0.17306866017879174,0.06221945147231889,68.22137923351158,0.004323624732621489,-0.028954640599534676
2008,136,1290,1417,29,70,-41,0,0,15,,-18.993939393939392,0.9258648932985305,1.0006071704956423,1.1310703154405517,0.9127618108961552,0.3520408163265306,0.6722817764165391,0.3979685124624277,0.8006581924550225,0.20135929848452547,0.2191159494545537,0.04991079577473648,0.8018245385438603,0.4524289721096067,0.22728853704579333,0.33783783783783783,0.7360912981455064,0.47985749784990317,0.8527940179397248,0.24087290664646854,0.18725702241733197,0.0698642669021388,0.8018333164220415,0.4367023468387261,0.2263239063721066,-0.039513608161943076,65.57223484848484,-0.048807805329178056,0.014787155809509733
2008,136,1245,1424,58,71,-13,0,0,1,,0.33455882352941213,1.060464862486317,0.938343457914723,1.0493223594108332,0.9455136236804509,0.36891385767790263,0.7136986301369864,0.47150508310652517,0.7916143759932495,0.24144564711597905,0.2227689992487147,0.07475136229694744,0.7952343965606252,0.4105108444816766,0.24729447087785186,0.33518005540166207,0.7453625632377741,0.4231790175442533,0.8664888525084945,0.3446299619474609,0.1613279665227417,0.05190636777743211,0.8235156503912496,0.40835891578058303,0.2214976069224974,-0.10318431483148188,65.60705422794118,0.023087068430589164,0.05127868205790931
2008,136,1450,1457,71,40,31,1,0,-9,,3.709677419354839,1.1118882538410246,0.9489346155620102,1.015550525075279,0.91641139935871,0.3813084112149533,0.7334410339256866,0.48013358128405215,0.8091137083838021,0.2783061150744184,0.17085957535318114,0.05842771687241503,0.8187000619773387,0.4229223014575939,0.22245885870907728,0.3738140417457305,0.5980066445182725,0.4407159636780215,0.8379993485216669,0.2669826773268224,0.19882509971313964,0.06753924788624042,0.788866063648475,0.39747283756960217,0.23377199461449333,0.011323437747595977,62.23547127016129,0.006984076859019472,-0.020254710676486654
2008,136,1112,1452,65,75,-10,0,0,3,,-6.642992424242424,1.0892837924310081,1.0176556701659571,1.1058903677073937,0.951827392598882,0.39587242026266417,0.7428998505231689,0.47842473722793005,0.7913378388698981,0.2548408749141281,0.1843641487112768,0.06261610834482569,0.859033956926994,0.4400187765049917,0.19000933312666776,0.35767511177347244,0.6793248945147679,0.4515019367479398,0.8650715688584225,0.3038693057330429,0.16093599261194688,0.09732717777204461,0.7886718878811205,0.42025000322111716,0.2317411885820158,-0.04902843081891478,66.56476089015152,0.0035770135980578432,-0.023876203666681528
2008,136,1168,1458,56,71,-15,0,0,11,,-3.995112414467254,1.1242304480120346,0.9980107801124999,1.0818726591556436,0.8627833758538563,0.3852813852813853,0.7056962025316456,0.4784604612708896,0.8491050140968845,0.3045948178032471,0.1821060368063559,0.02506617252073966,0.781947213302014,0.4688621416680637,0.23504404437825693,0.3588785046728972,0.7090103397341211,0.4516351038400914,0.8374746785916002,0.26096541857541816,0.19170973873106087,0.06449485938644584,0.8364454277456514,0.3796073586116376,0.2203399961678939,0.043629399227828936,67.96794965786901,-0.031214712812814016,-0.01099040977992527
2008,136,1208,1462,61,73,-12,0,0,11,,-12.09375,1.0003152392225665,0.9950385410217653,1.1390169109538344,0.9564513205974303,0.3293103448275862,0.6749174917491749,0.4269363678097824,0.8533064083355849,0.2700768076643575,0.2167526834082514,0.05782951010714616,0.8511969520658509,0.4304105844063624,0.19152236422063112,0.3914373088685016,0.7503410641200546,0.4795754195787401,0.8095575075893987,0.30147947996970087,0.20214573472851,0.06264369451452352,0.8334670379683814,0.4064642669658285,0.20090925366318274,-0.03140267230534338,66.86205018939394,-0.038292684604745775,0.02060465673682832
2008,137,1116,1231,86,72,14,1,0,1,,-3.8314393939393936,1.0517355142699674,0.9665412579928766,1.1042994310784924,0.9498017195840316,0.33916083916083917,0.6723646723646723,0.46670854068526124,0.8211330178385429,0.24803060148653042,0.21903881167796313,0.09724225342739054,0.802655851372568,0.42014199194417273,0.21740275789551414,0.3464696223316913,0.7633689839572193,0.46451348882012145,0.8090944153694969,0.283263228330414,0.20064210632324153,0.06709355806243772,0.8405241089438902,0.40835110322850715,0.19812097158514838,-0.03523262684388359,69.00961174242424,-0.004797918425262893,0.023168806999274927
2008,137,1139,1375,81,61,20,1,0,-3,,0.658266129032258,1.1260669080468113,0.9448481516854972,1.1226219092904375,0.9654793987903302,0.37579617834394907,0.7373737373737373,0.45005168266909995,0.8367168641593228,0.4087205177815834,0.1703335364244417,0.05174412423980457,0.8114556500570931,0.43159600596811665,0.22809972150381844,0.3670212765957447,0.7120622568093385,0.4780616201190051,0.7965497237191183,0.2682979739486957,0.2070565414412009,0.05255609340219319,0.8305621396445344,0.42233711515065486,0.20839829884075467,0.14042254383288771,64.02865423387097,-0.01863441413368344,-0.033649688968631686
2008,137,1172,1211,82,76,6,1,0,3,,0.943548387096774,1.1217899930352204,0.9196237753093105,1.1015934203844917,0.9120114679448601,0.3607427055702917,0.7286012526096033,0.4726846638455997,0.8823472833535999,0.3534690892403205,0.17614612475267996,0.06189986658005265,0.7624808507705992,0.42096712013544213,0.24070487719208403,0.37209302325581395,0.7150837988826816,0.48430958342733216,0.8047283892248798,0.253040844504117,0.2037644504799096,0.08451400328802043,0.8210835325780796,0.39393215708696044,0.21551661870854533,0.10042824473620349,69.19803427419355,-0.019329941315107013,-0.018301811433541593
2008,137,1207,1420,66,47,19,1,0,-13,,6.395161290322581,1.1004647291142569,0.916062099364117,1.1324924393990776,1.0519321269341617,0.3803030303030303,0.6654804270462633,0.48520029712683577,0.819632551526724,0.32861547345951936,0.2080379981381346,0.09385796555004501,0.8516116352603429,0.3702119334196513,0.20103541102880915,0.38605442176870747,0.7311475409836066,0.4581654008258728,0.8841523459214841,0.28662194844491984,0.14578299995846827,0.058961677702796436,0.8729025162166358,0.4405577827207641,0.18934950333971323,0.04199352501459952,64.74871471774193,0.04869037280103794,-0.010864512167782281
2008,137,1129,1257,61,79,-18,0,0,11,,-5.46875,1.0990278054964202,1.0168892281988227,1.0599614389282586,0.9087715548061948,0.395738203957382,0.6662162162162162,0.5062321684210247,0.7745361006335899,0.2779403509915603,0.2107162955775917,0.03823539787986714,0.8233636930776375,0.44598835177465534,0.19266073714615048,0.34232954545454547,0.6549618320610687,0.4544931564721583,0.8330018847970955,0.326095648196366,0.19730241421833752,0.08934151994790734,0.8282699239750976,0.38547368077600247,0.21434061980290073,-0.048155297204805714,70.869140625,-0.00438782952489325,-0.018631865231666045
2008,137,1272,1426,87,63,24,1,0,-15,,16.52310924369748,1.1208616722691496,0.8538969390461539,1.0046324242035916,0.9721695369398178,0.3501945525291829,0.5955610357583231,0.4662440162661175,0.8690967996059467,0.31977327025813646,0.17047290541060645,0.1055069386836045,0.7984900247089693,0.38532491136883845,0.233398160309556,0.34728033472803344,0.6761453396524487,0.47199607339155153,0.756345769940112,0.2371833027583661,0.24011802747409985,0.04189695578887493,0.8131175858472899,0.4069734473372704,0.20789143294499196,0.08258996749977035,71.63931197478992,0.00794823942149897,0.01912375062016136
2008,137,1274,1388,78,64,14,1,0,-3,,-6.659139784946237,1.0682776673062853,0.9841273018279048,1.0933845368648434,0.9180371912682516,0.37769784172661874,0.7471590909090909,0.43464342910200493,0.8370411315288748,0.2597896747536716,0.19061389255114708,0.08053637132842187,0.8416493900121585,0.410361834955603,0.20666098225097165,0.3592085235920852,0.663235294117647,0.46052206047294586,0.8323961990041717,0.31540667059526506,0.19543292721666428,0.0901653960548156,0.8314248365139362,0.40599987594414805,0.21634077190569695,-0.055616995841593464,69.13978494623656,-0.015120295191197952,0.009195983675842068
2008,137,1280,1332,76,69,7,1,0,-1,,3.644153225806452,1.0444827680442677,0.9359652254445036,1.1286920623171832,1.0670541940905387,0.3343328335832084,0.6435786435786436,0.4613642694042293,0.8105577748891861,0.2993331160693539,0.2182431103151353,0.12604828246271607,0.9007026536437838,0.372061148310165,0.18119323032174245,0.40118870728083206,0.6891679748822607,0.48537467559315356,0.8182175272749155,0.3218610563169622,0.18678871119382018,0.04136180255053692,0.859311857170922,0.4462003049653865,0.16234225782154674,-0.02252794024760829,68.883984375,0.025064375233148584,0.025836583224425058
2008,137,1291,1314,74,113,-39,0,0,15,,-13.408088235294118,1.008795716281486,0.966676184843329,1.149928201738723,0.9491454132542996,0.367112810707457,0.6964285714285714,0.44990335260078934,0.7924247210232052,0.237261898050829,0.2098821455854972,0.06590892427499147,0.8061340632248627,0.4185023932948786,0.2192912182213638,0.3775100401606426,0.7539863325740318,0.4851880543539701,0.8567046850704653,0.18937262059829474,0.18818557934095556,0.07079732104486756,0.8372002284133739,0.4246281449921284,0.21098229933422263,0.04788927745253427,72.88621323529412,-0.014579475027965527,-0.039222413125580835
2008,137,1328,1386,72,64,8,1,0,-5,,-1.0303030303030303,1.039592918183325,0.9656852102777457,1.1156100476374937,1.0183522861145273,0.3483333333333333,0.6808199121522694,0.4438137113887265,0.8307423376847607,0.28207606125660606,0.19581142299858806,0.0720066623254442,0.835947158821333,0.4105880252772601,0.20126390257183407,0.38498402555910544,0.7261055634807417,0.4786810520800763,0.8069923386829614,0.2916206491174161,0.19207388426662972,0.08470831775544362,0.8313523748143461,0.4341956494630052,0.21587266688849033,-0.009544587860810028,65.7939393939394,-0.005629858252802378,-0.015655197707737822
2008,137,1163,1360,69,70,-1,0,1,-9,,7.09375,1.109070448712438,0.976276090337371,0.9808003136364339,0.9535955173644716,0.35947712418300654,0.7186440677966102,0.46458486361044127,0.8109824774379305,0.20535094550496014,0.1939840921749435,0.13298525611084872,0.9347801271032314,0.3858623809174315,0.17081215892144738,0.33898305084745767,0.6735668789808917,0.4479138281828358,0.8015925742355717,0.21598392749130063,0.22388319380068966,0.05922148923121711,0.7906598229804362,0.44296388629620054,0.23335234314789363,-0.010632981986340495,68.17896543560606,0.036886270403187205,0.056493051399956196
2008,137,1373,1435,83,62,21,1,0,9,,-0.46212121212121193,1.086488583074014,1.0002106157282076,1.0982519591136357,1.0144294712517974,0.38290598290598293,0.6831395348837209,0.45235081883029915,0.8660723644302463,0.2606580953987084,0.156815141307367,0.06018891618436401,0.8428946523034399,0.45097337210552774,0.24606528086945353,0.40405405405405403,0.7357237715803454,0.4704463032461114,0.8008729868498291,0.30838955614212293,0.1958474246766766,0.05763059136944618,0.8433309863962245,0.4370376030790696,0.2036820757555461,-0.047731460743414555,72.09375,-0.016015626721135212,0.02689962970980142
2008,137,1110,1397,57,72,-15,0,0,13,,-8.21875,1.0605926310630702,1.0029531647349719,1.1241536000191235,0.9744082984061642,0.4094616639477977,0.7433903576982893,0.44552771408107905,0.7800721974446069,0.31249690438059313,0.21947783004650145,0.05196406770547956,0.8168561365601478,0.4145298453688829,0.19557242109078277,0.36397984886649876,0.6542056074766355,0.45747334807291407,0.8714167325281175,0.33868974826109266,0.17528547567139616,0.05900349850627643,0.7781180381788827,0.4379811266079945,0.2455714775978865,-0.026192843880499528,67.315625,0.005752823623638326,-0.04346446721711855
2008,137,1122,1400,54,74,-20,0,0,13,,-6.027629233511586,1.0836337300462464,1.0218603725780806,1.1407949192170135,0.9831592060350439,0.38583815028901736,0.7144578313253013,0.45226793138882365,0.7966942707282639,0.2976577786772187,0.18467165769206106,0.0400121883662369,0.7844957125760804,0.46686691026767296,0.24384715036473673,0.37721893491124264,0.6889580093312597,0.45003318625700933,0.9138402157946094,0.31344561029125023,0.14008944974831597,0.08596078493391844,0.8854625106433683,0.39623748866042635,0.18557308179150517,-0.015787831614031522,67.2093137254902,-0.034197338237716146,-0.0397608978902782
2008,137,1155,1437,69,75,-6,0,0,-7,,6.15625,1.095551491257735,0.959340467825769,1.0511508362663577,1.0032011783075563,0.3798219584569733,0.6230031948881789,0.46073443008225573,0.8877740252548535,0.29145119335229114,0.20158488360806098,0.09495677034867031,0.8069523112904703,0.4370576043277552,0.24852638673862334,0.3424242424242424,0.723314606741573,0.4280533780254888,0.8392167354456281,0.299327350234882,0.20475127095258147,0.05697685115691124,0.7494070237502881,0.440997179544506,0.23858402958369715,-0.007876156882590857,71.00859374999999,0.01831031363675889,0.042367917556487944
2008,137,1179,1443,99,101,-2,0,1,-7,,-0.25053763440860344,1.1444589405211583,0.9675096835622783,1.10603419794743,0.9402838978730413,0.36631016042780745,0.7646017699115045,0.4464196790382146,0.8646438613545523,0.39421153222747035,0.17920807277673553,0.044896958438243595,0.8415232838075793,0.4323900639805717,0.2367444199209515,0.3862068965517241,0.7063369397217929,0.47470493799484187,0.8345161763078337,0.2708494537607944,0.2027289828669652,0.07214488215093041,0.7403856913765369,0.41910991082567384,0.25209245416591347,0.12336207846667596,66.30772849462366,-0.0207827060557626,-0.0054800901765557075
2008,138,1242,1424,75,56,19,1,0,-7,,12.202651515151516,1.1727543907968354,0.8948249856340363,1.0493223594108332,0.9455136236804509,0.398576512455516,0.7077562326869806,0.504013591968689,0.8425746859454725,0.24687687018964413,0.18607154431748835,0.11008687324053108,0.8099703144021152,0.3837505174841248,0.22850407179123206,0.33518005540166207,0.7453625632377741,0.4231790175442533,0.8664888525084945,0.3446299619474609,0.1613279665227417,0.05190636777743211,0.8235156503912496,0.40835891578058303,0.2214976069224974,-0.0977530917578168,67.6447324810606,0.05272148636044699,0.030318390290500763
2008,138,1277,1338,65,54,11,1,0,1,,0.3601731601731597,1.0917398703903902,0.9661747301301873,1.1151276517408284,0.9879492073634302,0.37272727272727274,0.7309562398703404,0.4805491661900754,0.8465182154225612,0.20610742479691518,0.2098684564282613,0.07870897570658936,0.8521395510306831,0.40142361271279126,0.19321033460648598,0.34018987341772156,0.657608695652174,0.4611438740947521,0.8865525933788824,0.27034144278489103,0.18110927672750107,0.05707194395489356,0.8516086758348894,0.4247406539800784,0.21134600659654237,-0.06423401798797584,65.83914502164501,0.02136116668130522,-0.01744350560741892
2008,138,1266,1390,81,82,-1,0,1,3,,1.5331439393939394,1.0868554224479539,0.9265120359011644,1.0857992711131053,0.9300071989287826,0.35893416927899685,0.7009735744089013,0.4468390109772477,0.8511231887294475,0.28653529822272455,0.1904563420555632,0.07069936719753729,0.7751680347385247,0.4152163863554582,0.2439364100047709,0.3595959595959596,0.6955345060893099,0.4497055214890268,0.851195538575871,0.23014399301771432,0.18787235519860598,0.09442583696045319,0.843645535656827,0.3924671487561447,0.18036735639156778,0.056391305205010234,67.39778645833334,-0.012807874055546287,0.020933443849324385
2008,138,1401,1417,49,51,-2,0,0,8,,-5.212121212121213,1.0757878780823935,0.9418232349432011,1.1310703154405517,0.9127618108961552,0.3560885608856088,0.6379084967320261,0.4666528803367765,0.8218234208398552,0.25015096210150645,0.19244721604125095,0.0716220105029208,0.8784196513848684,0.4017914775022163,0.17306866017879174,0.33783783783783783,0.7360912981455064,0.47985749784990317,0.8527940179397248,0.24087290664646854,0.18725702241733197,0.0698642669021388,0.8018333164220415,0.4367023468387261,0.2263239063721066,0.009278055455037904,65.92954545454546,0.010853125911691519,-0.008885458100029608
2008,138,1323,1450,41,61,-20,0,0,1,,0.0967741935483879,1.1339981412172353,0.977933548052848,1.1118882538410246,0.9489346155620102,0.41001564945226915,0.7356495468277945,0.4629183168493406,0.8660547963230225,0.2907605943691825,0.18122054442538307,0.05790624647655383,0.9039617449084142,0.41187426708249436,0.17546262399360785,0.3813084112149533,0.7334410339256866,0.48013358128405215,0.8091137083838021,0.2783061150744184,0.17085957535318114,0.05842771687241503,0.8187000619773387,0.4229223014575939,0.22245885870907728,0.01245447929476412,65.82418094758064,-0.0030836150298060305,0.04501173714100454
2008,138,1181,1452,67,73,-6,0,0,-5,,3.388257575757576,1.1310763900156462,0.9275915646352053,1.1058903677073937,0.951827392598882,0.38421733505821476,0.6946182728410513,0.4671644152024681,0.8296470800879653,0.3229907430472379,0.18160700384488693,0.06698048205854056,0.797462044665284,0.4382690062020811,0.24761414089719158,0.35767511177347244,0.6793248945147679,0.4515019367479398,0.8650715688584225,0.3038693057330429,0.16093599261194688,0.09732717777204461,0.7886718878811205,0.42025000322111716,0.2317411885820158,0.019121437314195022,70.93585464015152,-0.001178262263217822,0.006900881506502365
2008,138,1243,1458,55,72,-17,0,0,8,,-3.7757575757575754,1.0789106933614572,0.9512373098093924,1.0818726591556436,0.8627833758538563,0.32410423452768733,0.6950354609929078,0.4454702779697715,0.8644561234919199,0.2831188198024389,0.2060499638396568,0.06342652191277456,0.789384952394138,0.42368374706558176,0.22471230575209059,0.3588785046728972,0.7090103397341211,0.4516351038400914,0.8374746785916002,0.26096541857541816,0.19170973873106087,0.06449485938644584,0.8364454277456514,0.3796073586116376,0.2203399961678939,0.022153401227020753,67.70511363636363,-0.025120607162132047,0.04035220543020557
2008,138,1345,1462,78,85,-7,0,0,3,,-5.46875,1.0352132352197065,0.917503443417644,1.1390169109538344,0.9564513205974303,0.36990595611285265,0.7063253012048193,0.42772558207203454,0.8291425266655508,0.30124044416080625,0.1927889152877576,0.08937321238905097,0.733365336865404,0.43856762332885746,0.26619510418667913,0.3914373088685016,0.7503410641200546,0.4795754195787401,0.8095575075893987,0.30147947996970087,0.20214573472851,0.06264369451452352,0.8334670379683814,0.4064642669658285,0.20090925366318274,-0.0002390358088946165,66.27689393939394,-0.04197659693486733,-0.0076587470397455615
2008,139,1172,1207,74,70,4,1,0,8,,2.443548387096774,1.1217899930352204,0.9196237753093105,1.1004647291142569,0.916062099364117,0.3607427055702917,0.7286012526096033,0.4726846638455997,0.8823472833535999,0.3534690892403205,0.17614612475267996,0.06189986658005265,0.7624808507705992,0.42096712013544213,0.24070487719208403,0.3803030303030303,0.6654804270462633,0.48520029712683577,0.819632551526724,0.32861547345951936,0.2080379981381346,0.09385796555004501,0.8516116352603429,0.3702119334196513,0.20103541102880915,0.02485361578080114,66.16444052419355,-0.03163540999851344,-0.021118596997068417
2008,139,1257,1328,78,48,30,1,0,-3,,5.56344696969697,1.0599614389282586,0.9087715548061948,1.039592918183325,0.9656852102777457,0.34232954545454547,0.6549618320610687,0.4544931564721583,0.8330018847970955,0.326095648196366,0.19730241421833752,0.08934151994790734,0.8282699239750976,0.38547368077600247,0.21434061980290073,0.3483333333333333,0.6808199121522694,0.4438137113887265,0.8307423376847607,0.28207606125660606,0.19581142299858806,0.0720066623254442,0.835947158821333,0.4105880252772601,0.20126390257183407,0.044019586939759936,66.60782433712122,0.017896894792344686,-0.000253378858718456
2008,139,1272,1280,77,74,3,1,0,-7,,11.027573529411764,1.1208616722691496,0.8538969390461539,1.0444827680442677,0.9359652254445036,0.3501945525291829,0.5955610357583231,0.4662440162661175,0.8690967996059467,0.31977327025813646,0.17047290541060645,0.1055069386836045,0.7984900247089693,0.38532491136883845,0.233398160309556,0.3343328335832084,0.6435786435786436,0.4613642694042293,0.8105577748891861,0.2993331160693539,0.2182431103151353,0.12604828246271607,0.9007026536437838,0.372061148310165,0.18119323032174245,0.020440154188782533,70.56302849264706,-0.004192008098392652,-0.010333146117525671
2008,139,1116,1314,77,108,-31,0,0,8,,-9.36452762923351,1.0517355142699674,0.9665412579928766,1.149928201738723,0.9491454132542996,0.33916083916083917,0.6723646723646723,0.46670854068526124,0.8211330178385429,0.24803060148653042,0.21903881167796313,0.09724225342739054,0.802655851372568,0.42014199194417273,0.21740275789551414,0.3775100401606426,0.7539863325740318,0.4851880543539701,0.8567046850704653,0.18937262059829474,0.18818557934095556,0.07079732104486756,0.8372002284133739,0.4246281449921284,0.21098229933422263,0.05865798088823568,73.70051247771835,-0.006996680310376591,-0.009873779865540389
2008,139,1139,1397,71,76,-5,0,1,5,,-0.9375,1.1260669080468113,0.9448481516854972,1.1241536000191235,0.9744082984061642,0.37579617834394907,0.7373737373737373,0.45005168266909995,0.8367168641593228,0.4087205177815834,0.1703335364244417,0.05174412423980457,0.8114556500570931,0.43159600596811665,0.22809972150381844,0.36397984886649876,0.6542056074766355,0.45747334807291407,0.8714167325281175,0.33868974826109266,0.17528547567139616,0.05900349850627643,0.7781180381788827,0.4379811266079945,0.2455714775978865,0.07003076952049075,66.873828125,-0.0005182723819681656,-0.05138572504572697
2008,139,1274,1400,72,75,-3,0,0,5,,-4.1652003910068425,1.0682776673062853,0.9841273018279048,1.1407949192170135,0.9831592060350439,0.37769784172661874,0.7471590909090909,0.43464342910200493,0.8370411315288748,0.2597896747536716,0.19061389255114708,0.08053637132842187,0.8416493900121585,0.410361834955603,0.20666098225097165,0.37721893491124264,0.6889580093312597,0.45003318625700933,0.9138402157946094,0.31344561029125023,0.14008944974831597,0.08596078493391844,0.8854625106433683,0.39623748866042635,0.18557308179150517,-0.053655935537578636,67.28561827956989,-0.014757051725090564,0.0012517730474552735
2008,139,1373,1437,72,84,-12,0,0,1,,2.21875,1.086488583074014,1.0002106157282076,1.0511508362663577,1.0032011783075563,0.38290598290598293,0.6831395348837209,0.45235081883029915,0.8660723644302463,0.2606580953987084,0.156815141307367,0.06018891618436401,0.8428946523034399,0.45097337210552774,0.24606528086945353,0.3424242424242424,0.723314606741573,0.4280533780254888,0.8392167354456281,0.299327350234882,0.20475127095258147,0.05697685115691124,0.7494070237502881,0.440997179544506,0.23858402958369715,-0.03866925483617362,69.984375,0.007160624121894332,0.004512352191623992
2008,139,1360,1443,63,72,-9,0,0,1,,-9.483870967741936,0.9808003136364339,0.9535955173644716,1.10603419794743,0.9402838978730413,0.33898305084745767,0.6735668789808917,0.4479138281828358,0.8015925742355717,0.21598392749130063,0.22388319380068966,0.05922148923121711,0.7906598229804362,0.44296388629620054,0.23335234314789363,0.3862068965517241,0.7063369397217929,0.47470493799484187,0.8345161763078337,0.2708494537607944,0.2027289828669652,0.07214488215093041,0.7403856913765369,0.41910991082567384,0.25209245416591347,-0.05486552626949376,67.72875122189637,-0.025322542641266432,-0.042106982486248334
2008,143,1257,1397,79,60,19,1,0,1,,-0.9375,1.0599614389282586,0.9087715548061948,1.1241536000191235,0.9744082984061642,0.34232954545454547,0.6549618320610687,0.4544931564721583,0.8330018847970955,0.326095648196366,0.19730241421833752,0.08934151994790734,0.8282699239750976,0.38547368077600247,0.21434061980290073,0.36397984886649876,0.6542056074766355,0.45747334807291407,0.8714167325281175,0.33868974826109266,0.17528547567139616,0.05900349850627643,0.7781180381788827,0.4379811266079945,0.2455714775978865,-0.012594100064726665,70.3578125,0.024763627115618192,-0.038265317152889056
2008,143,1314,1450,68,47,21,1,0,-3,,5.970588235294118,1.149928201738723,0.9491454132542996,1.1118882538410246,0.9489346155620102,0.3775100401606426,0.7539863325740318,0.4851880543539701,0.8567046850704653,0.18937262059829474,0.18818557934095556,0.07079732104486756,0.8372002284133739,0.4246281449921284,0.21098229933422263,0.3813084112149533,0.7334410339256866,0.48013358128405215,0.8091137083838021,0.2783061150744184,0.17085957535318114,0.05842771687241503,0.8187000619773387,0.4229223014575939,0.22245885870907728,-0.08893349447612364,68.82097886029412,0.001674314767691698,0.06566654419046014
2008,143,1417,1443,88,78,10,1,0,-11,,2.9100684261974585,1.1310703154405517,0.9127618108961552,1.10603419794743,0.9402838978730413,0.33783783783783783,0.7360912981455064,0.47985749784990317,0.8527940179397248,0.24087290664646854,0.18725702241733197,0.0698642669021388,0.8018333164220415,0.4367023468387261,0.2263239063721066,0.3862068965517241,0.7063369397217929,0.47470493799484187,0.8345161763078337,0.2708494537607944,0.2027289828669652,0.07214488215093041,0.7403856913765369,0.41910991082567384,0.25209245416591347,-0.029976547114325847,67.42079667644184,-0.006219938078995457,-0.02900349098005406
2008,143,1452,1462,75,79,-4,0,1,4,,-1.5757575757575761,1.1058903677073937,0.951827392598882,1.1390169109538344,0.9564513205974303,0.35767511177347244,0.6793248945147679,0.4515019367479398,0.8650715688584225,0.3038693057330429,0.16093599261194688,0.09732717777204461,0.7886718878811205,0.42025000322111716,0.2317411885820158,0.3914373088685016,0.7503410641200546,0.4795754195787401,0.8095575075893987,0.30147947996970087,0.20214573472851,0.06264369451452352,0.8334670379683814,0.4064642669658285,0.20090925366318274,0.002389825763342013,66.60454545454546,-0.02092960954304446,0.004270237129187726
2008,144,1172,1458,73,56,17,1,0,7,,0.6177908113391979,1.1217899930352204,0.9196237753093105,1.0818726591556436,0.8627833758538563,0.3607427055702917,0.7286012526096033,0.4726846638455997,0.8823472833535999,0.3534690892403205,0.17614612475267996,0.06189986658005265,0.7624808507705992,0.42096712013544213,0.24070487719208403,0.3588785046728972,0.7090103397341211,0.4516351038400914,0.8374746785916002,0.26096541857541816,0.19170973873106087,0.06449485938644584,0.8364454277456514,0.3796073586116376,0.2203399961678939,0.09250367066490234,65.71512707722385,-0.010155100759148161,-0.021535586942314833
2008,144,1242,1437,72,57,15,1,0,-11,,15.983901515151516,1.1727543907968354,0.8948249856340363,1.0511508362663577,1.0032011783075563,0.398576512455516,0.7077562326869806,0.504013591968689,0.8425746859454725,0.24687687018964413,0.18607154431748835,0.11008687324053108,0.8099703144021152,0.3837505174841248,0.22850407179123206,0.3424242424242424,0.723314606741573,0.4280533780254888,0.8392167354456281,0.299327350234882,0.20475127095258147,0.05697685115691124,0.7494070237502881,0.440997179544506,0.23858402958369715,-0.05245048004523786,69.3091856060606,0.0666034380017907,-0.005195905780746246
2008,144,1272,1277,92,74,18,1,0,-4,,9.755793226381462,1.1208616722691496,0.8538969390461539,1.0917398703903902,0.9661747301301873,0.3501945525291829,0.5955610357583231,0.4662440162661175,0.8690967996059467,0.31977327025813646,0.17047290541060645,0.1055069386836045,0.7984900247089693,0.38532491136883845,0.233398160309556,0.37272727272727274,0.7309562398703404,0.4805491661900754,0.8465182154225612,0.20610742479691518,0.2098684564282613,0.07870897570658936,0.8521395510306831,0.40142361271279126,0.19321033460648598,0.11366584546122127,68.10783199643494,0.0008967757099974105,-0.022331273303227928
2008,144,1390,1400,62,82,-20,0,0,1,,0.1212121212121211,1.0857992711131053,0.9300071989287826,1.1407949192170135,0.9831592060350439,0.3595959595959596,0.6955345060893099,0.4497055214890268,0.851195538575871,0.23014399301771432,0.18787235519860598,0.09442583696045319,0.843645535656827,0.3924671487561447,0.18036735639156778,0.37721893491124264,0.6889580093312597,0.45003318625700933,0.9138402157946094,0.31344561029125023,0.14008944974831597,0.08596078493391844,0.8854625106433683,0.39623748866042635,0.18557308179150517,-0.08330161727353591,65.325,0.0017213375681495724,-0.008012540827457504
2008,145,1257,1314,73,83,-10,0,0,2,,-5.376838235294118,1.0599614389282586,0.9087715548061948,1.149928201738723,0.9491454132542996,0.34232954545454547,0.6549618320610687,0.4544931564721583,0.8330018847970955,0.326095648196366,0.19730241421833752,0.08934151994790734,0.8282699239750976,0.38547368077600247,0.21434061980290073,0.3775100401606426,0.7539863325740318,0.4851880543539701,0.8567046850704653,0.18937262059829474,0.18818557934095556,0.07079732104486756,0.8372002284133739,0.4246281449921284,0.21098229933422263,0.13672302759807126,72.41629136029411,0.004229783167157053,-0.04049430898161921
2008,145,1417,1462,76,57,19,1,0,-2,,1.3939393939393945,1.1310703154405517,0.9127618108961552,1.1390169109538344,0.9564513205974303,0.33783783783783783,0.7360912981455064,0.47985749784990317,0.8527940179397248,0.24087290664646854,0.18725702241733197,0.0698642669021388,0.8018333164220415,0.4367023468387261,0.2263239063721066,0.3914373088685016,0.7503410641200546,0.4795754195787401,0.8095575075893987,0.30147947996970087,0.20214573472851,0.06264369451452352,0.8334670379683814,0.4064642669658285,0.20090925366318274,-0.06060657332323233,65.72954545454546,-0.014978000800867253,-0.0027673332280652163
2008,146,1172,1242,57,59,-2,0,0,9,,-5.321603128054742,1.1217899930352204,0.9196237753093105,1.1727543907968354,0.8948249856340363,0.3607427055702917,0.7286012526096033,0.4726846638455997,0.8823472833535999,0.3534690892403205,0.17614612475267996,0.06189986658005265,0.7624808507705992,0.42096712013544213,0.24070487719208403,0.398576512455516,0.7077562326869806,0.504013591968689,0.8425746859454725,0.24687687018964413,0.18607154431748835,0.11008687324053108,0.8099703144021152,0.3837505174841248,0.22850407179123206,0.10659221905067637,69.20565738025415,-0.03427276538720331,-0.03536908311096043
2008,146,1272,1400,85,67,18,1,0,-1,,9.119429590017825,1.1208616722691496,0.8538969390461539,1.1407949192170135,0.9831592060350439,0.3501945525291829,0.5955610357583231,0.4662440162661175,0.8690967996059467,0.31977327025813646,0.17047290541060645,0.1055069386836045,0.7984900247089693,0.38532491136883845,0.233398160309556,0.37721893491124264,0.6889580093312597,0.45003318625700933,0.9138402157946094,0.31344561029125023,0.14008944974831597,0.08596078493391844,0.8854625106433683,0.39623748866042635,0.18557308179150517,0.006327659966886223,68.37071078431373,0.013561703650348034,-0.015237916759049508
2008,152,1242,1314,84,66,18,1,0,0,,3.544563279857398,1.1727543907968354,0.8948249856340363,1.149928201738723,0.9491454132542996,0.398576512455516,0.7077562326869806,0.504013591968689,0.8425746859454725,0.24687687018964413,0.18607154431748835,0.11008687324053108,0.8099703144021152,0.3837505174841248,0.22850407179123206,0.3775100401606426,0.7539863325740318,0.4851880543539701,0.8567046850704653,0.18937262059829474,0.18818557934095556,0.07079732104486756,0.8372002284133739,0.4246281449921284,0.21098229933422263,0.05750424959134939,73.31414884135472,0.02985158256136128,-0.020153387620907792
2008,152,1272,1417,78,63,15,1,0,0,,4.66488413547237,1.1208616722691496,0.8538969390461539,1.1310703154405517,0.9127618108961552,0.3501945525291829,0.5955610357583231,0.4662440162661175,0.8690967996059467,0.31977327025813646,0.17047290541060645,0.1055069386836045,0.7984900247089693,0.38532491136883845,0.233398160309556,0.33783783783783783,0.7360912981455064,0.47985749784990317,0.8527940179397248,0.24087290664646854,0.18725702241733197,0.0698642669021388,0.8018333164220415,0.4367023468387261,0.2263239063721066,0.07890036361166791,68.39419563279858,0.018881976943050938,0.007855855062037231
2008,154,1242,1272,75,68,7,1,1,0,,0.4563279857397511,1.1727543907968354,0.8948249856340363,1.1208616722691496,0.8538969390461539,0.398576512455516,0.7077562326869806,0.504013591968689,0.8425746859454725,0.24687687018964413,0.18607154431748835,0.11008687324053108,0.8099703144021152,0.3837505174841248,0.22850407179123206,0.3501945525291829,0.5955610357583231,0.4662440162661175,0.8690967996059467,0.31977327025813646,0.17047290541060645,0.1055069386836045,0.7984900247089693,0.38532491136883845,0.233398160309556,-0.07289640006849232,70.27260472370767,0.019671984793642516,0.005286766571801493
2009,134,1106,1287,43,58,-15,0,0,0,,5.240301724137931,1.0423837160273897,0.9527055302194489,1.0339194031317247,1.0257384574139112,0.3286852589641434,0.6333907056798623,0.4663296959133932,0.826082295827418,0.26093262526178485,0.20513760581146456,0.08015261398331815,0.8724341102032602,0.3946964541120775,0.19360783252201139,0.3273092369477912,0.7240915208613729,0.43734895194591783,0.8135073801184152,0.2346161844748637,0.22665856556121522,0.07233954402285919,0.8194810640801098,0.4252494233160777,0.18209912044901622,0.026316440786921136,67.08244881465518,0.029766856585737744,0.0045209532579230105
2009,136,1151,1163,47,103,-56,0,0,15,,-14.82358870967742,1.0468332923268346,1.0590744215297627,1.119156504795152,0.9119716133152629,0.34946236559139787,0.6510538641686182,0.4431858452370219,0.7831324322412637,0.32348907349711403,0.21384874044521826,0.03750518291348017,0.8510696847227688,0.44281903184262106,0.19629073731570262,0.3466981132075472,0.6773006134969325,0.4732170411046425,0.8429433982438123,0.19429796727330845,0.18215201389152036,0.12168408072644576,0.9330777191201282,0.37817451755154136,0.17340505179021426,0.12919110622380559,70.60894657258065,-0.04733785507935018,-0.02980363026477495
2009,136,1127,1181,62,86,-24,0,0,13,,-9.445098039215686,1.0266827362268498,0.9821359919685777,1.1170841173673498,0.9459768573734503,0.3308957952468007,0.6859623733719248,0.4376533137877423,0.811550806737858,0.26757700337937584,0.19349761493841838,0.07470033481780836,0.8120649456673843,0.412133255004459,0.2151617238212103,0.34893617021276596,0.7234299516908212,0.44850078989521636,0.8495379305615431,0.29742263127954854,0.1760421229118673,0.07144508785262321,0.814001159134147,0.4333634047888239,0.2354759663963381,-0.0298456279001727,69.01796568627452,0.005191336838445415,-0.023487461058335934
2009,136,1103,1211,64,77,-13,0,0,9,,-11.321568627450981,1.0113616017462217,0.9169556103196586,1.138777824159125,0.8895797615997476,0.3292517006802721,0.7153502235469449,0.41947060770647115,0.825975800459307,0.32834753396856675,0.20894881130031545,0.045913948335764225,0.7599375469417395,0.40420194464301346,0.26554215256289304,0.39856373429084385,0.7084019769357496,0.4865287765274539,0.8467978325724627,0.267747848843694,0.16543852588467048,0.08663623386437401,0.8370393689250132,0.3682308534410364,0.21985044454743508,0.06059968512487274,67.40823529411765,-0.051514630011479934,0.04246536430123715
2009,136,1139,1261,71,75,-4,0,0,1,,-0.6242424242424232,1.0701988033761118,0.9238842537862048,1.0949405835761326,0.9528021150975068,0.3525925925925926,0.7213622291021671,0.4384319241937065,0.7957472719789338,0.3606674037209565,0.20033468867135984,0.062356201562335324,0.8229807978509397,0.3872460163866849,0.2060423432977714,0.3694029850746269,0.7180925666199159,0.4477263653095579,0.8771045030280341,0.23938102483311116,0.17525606014271403,0.10403057392305463,0.8339613462511064,0.4083767121075616,0.1924223521045608,0.12128637888784535,65.56530303030303,0.005918127302512677,-0.03127481762005657
2009,136,1143,1268,71,84,-13,0,0,-3,,3.6875,1.1235670814780738,1.0136915061334073,1.0303609230354682,0.9870122226401803,0.4337606837606838,0.755700325732899,0.4873307039348792,0.8347216729743552,0.219767980373717,0.17767966688048323,0.0343854365720697,0.8388539155670109,0.4454173708428356,0.185280168624663,0.3310104529616725,0.767605633802817,0.42385185746312665,0.8960829964926789,0.25176736828978324,0.1781649741631008,0.07065038779076119,0.854081062343502,0.4195157675190573,0.22410315594326763,-0.03199938791606624,68.37170928030304,0.01878862157398714,-0.05058550214209895
2009,136,1169,1272,70,81,-11,0,0,13,,-13.59026369168357,1.018656537288517,0.9747598528565198,1.0803033814778302,0.8366412352555881,0.35978835978835977,0.6903114186851211,0.45589978553011595,0.8044994059119177,0.2714170096056203,0.24336990659665184,0.04749940839102855,0.7652075143185084,0.4215193194149207,0.238966153396878,0.3198707592891761,0.6960907944514502,0.4426205267272041,0.8552218387860067,0.2649427697168312,0.1808685138821478,0.11205544271076733,0.8063224607991526,0.3630976523395206,0.2309687003141579,0.006474239888789146,70.41951064908721,-0.02257120413624414,8.823089493403824e-05
2009,136,1155,1276,59,62,-3,0,0,-3,,7.210685483870968,1.1168045466142593,0.964094890999161,1.044309801363017,1.0005565060285473,0.37915407854984895,0.6836902800658978,0.4685526427631668,0.8701657371378468,0.30199642312344355,0.20086684897601462,0.10171912037212397,0.8218953483984526,0.43039376270881524,0.24603118891316492,0.3317365269461078,0.7544910179640718,0.4263107352226773,0.8564836157916523,0.4082417154796022,0.1761178730655633,0.04814390023381595,0.8281355726524338,0.4465284938445358,0.2150073498814411,-0.10624529235615865,67.40958921370967,0.029188319338105007,0.08329673303091134
2009,136,1314,1347,101,58,43,1,0,-15,,14.274749721913237,1.1742781437090868,0.965730356405392,1.0224097675033188,0.9923975008224449,0.372791519434629,0.7661691542288558,0.4757694942984165,0.8698657230301564,0.24115305651356123,0.16999217678031875,0.08073764550442629,0.8618258406862019,0.4181690578613287,0.20623659767736882,0.34760705289672544,0.6781292984869326,0.4651502107164632,0.784147554292809,0.1917385529191196,0.2234208374950075,0.0694145773891659,0.8678323588639093,0.4054894186236427,0.17053148173003407,0.04941450359444163,74.5696190211346,-0.001030177827866352,0.04401860721237194
2009,136,1288,1328,54,82,-28,0,0,13,,-6.011363636363637,1.0169001166260563,0.9271056289617913,1.1351048400732053,0.9789848362450239,0.3407258064516129,0.6471494607087827,0.42868160695770996,0.8741631342581526,0.22765211113551972,0.19805360062367516,0.059680818955210255,0.792550972552099,0.40484640084017715,0.2269855964959468,0.35760517799352753,0.6798088410991637,0.4907271136435996,0.8001531527554746,0.2774067832591237,0.19562673353949384,0.07372651174865934,0.8766374620535582,0.3989832730572517,0.18121909520175838,-0.04975467212360399,67.87347301136364,-0.03395431723440756,0.017803895260176783
2009,136,1320,1345,56,61,-5,0,0,7,,-6.083778966131907,1.0815004172618614,1.0116209041931965,1.047890406219168,0.8952089985859066,0.3465346534653465,0.7524752475247524,0.4601602604320763,0.7899894218747848,0.2915131108524036,0.1853209957478699,0.04544714947893713,0.8501977847363812,0.42158434590615296,0.17036720813784023,0.3507692307692308,0.7004754358161648,0.44944749490141545,0.8406855600541031,0.28940503240478854,0.17321324009977304,0.08865129786485897,0.8268224826068171,0.38883716620340114,0.22468136045560202,0.0021080784476150694,64.56326871657754,-0.011017207086045477,-0.027899782119608973
2009,136,1278,1400,62,76,-14,0,0,3,,-2.16911045943304,1.0241891971082875,0.9589460467315462,1.0610949616407166,0.9685414765298596,0.33024118738404457,0.7175438596491228,0.4446369651208349,0.8272332281130862,0.2695856427709527,0.22448874321701184,0.11972769556782231,0.8040427655106704,0.4032413779441662,0.234615093677424,0.3206751054852321,0.6706507304116867,0.4457783764890004,0.868768412506452,0.2109477036953335,0.18313302710160578,0.09859706137301039,0.8345040425817764,0.4072428436645099,0.20248283676030898,0.058637939075619205,66.47735826001956,0.0014300271760890881,-0.011664330261705103
2009,136,1140,1401,66,79,-13,0,0,-1,,7.076612903225806,1.1274654823565278,0.9279512715483216,1.0849110183132455,0.9968432057151131,0.37983193277310917,0.7282958199356913,0.48869281586829977,0.8280586958371423,0.2806735222955655,0.16599686158366508,0.0661955958196857,0.7986695186709073,0.40377806377426534,0.19984850601332424,0.36553030303030304,0.6951219512195121,0.4465957475998574,0.8141692834556561,0.2502179618876657,0.19354044276411847,0.06753034876549163,0.8485489152859162,0.43386019496515804,0.18881571622871898,0.030455560407899818,67.2726310483871,0.036089599729667576,-0.055283003831017696
2009,136,1417,1433,65,64,1,1,0,-5,,4.09090909090909,1.1558494623943003,0.9670879572721945,1.0770235213919368,0.9476592520979686,0.3983870967741935,0.7213403880070547,0.49580865265486995,0.8656950049165406,0.288481473060152,0.18503078193742575,0.06261509089392106,0.7802893383744748,0.4486047186807041,0.23868013342661226,0.3686006825938567,0.7048192771084337,0.46551600967495066,0.8279720210893446,0.26548109033654593,0.1886375565691654,0.08470718435412265,0.820753638530792,0.39696258685680563,0.21782875037420152,0.02300038272360605,66.42007575757576,-0.010674744421989568,0.005348542822699143
2009,136,1110,1437,67,80,-13,0,0,11,,-3.513196480938416,1.0515072204716203,0.9338799823440541,1.0965519661271366,0.9512595332262619,0.37671232876712324,0.6483300589390962,0.4697397231803452,0.8170747111322865,0.3071450167832043,0.21358564569686486,0.04948060190013635,0.8154268157570692,0.3976245122725091,0.20570536870044454,0.36762225969645873,0.7415730337078652,0.4549175093795785,0.8181290471085118,0.2583791621736678,0.19237658560727444,0.05905574031604137,0.7939898546032748,0.40429864704448404,0.22320626059053916,0.04876585460953653,65.56661779081134,0.010748174286370815,-0.021093641599746582
2009,136,1228,1443,72,76,-4,0,0,-7,,2.838709677419355,1.0184267916078211,0.8999871127611064,1.0927335167092749,1.008763252092064,0.3526011560693642,0.7111650485436893,0.4625638136867887,0.8644619649408646,0.2505486873156583,0.19502238055905377,0.06772880524769949,0.8624511102634383,0.3936263790353358,0.21552277402660738,0.37003058103975534,0.7042016806722688,0.4523584383565006,0.8545457995716547,0.3193511381835455,0.2017031527996427,0.05756623520909577,0.8401150884680361,0.4374734870499729,0.19907814811592414,-0.06880245086788717,64.75186950146627,0.027026241672462648,-0.02500757745764104
2009,136,1280,1449,58,71,-13,0,0,9,,-4.333333333333334,1.0432841127811052,0.9727392566098019,1.0795356167531767,0.9547003432940159,0.3608247422680412,0.7044887780548628,0.4342383639152421,0.8005151982210026,0.3209691217696265,0.1988414857751203,0.11516663498394719,0.8996261816275513,0.3974786827480934,0.1888092098378735,0.33980582524271846,0.6985376827896512,0.4608437681069178,0.8323046803163892,0.17206129473303927,0.20279030031535558,0.0459671200928624,0.8263511910799555,0.42255433221498795,0.20519117643295967,0.14890782703658723,72.2587789661319,-0.0007648773623905036,-0.033259516268206335
2009,137,1112,1428,84,71,13,1,0,7,,-3.75,1.107997618160851,1.0612189009752144,1.0774510070957761,0.9631697093734214,0.39520958083832336,0.734375,0.4794299777459663,0.8352723840967364,0.24254678932690782,0.1921512156429172,0.05302560651225211,0.8901734826899914,0.4388235463321747,0.18442703547752315,0.37643207855973815,0.7866043613707165,0.4800603675753862,0.7656737451933827,0.2920444380609999,0.20770057139063425,0.08966894882028233,0.8387087160911556,0.3989603904625906,0.15825923651924567,-0.04949764873409207,65.37421875,-0.020246772849501993,0.08775148514067471
2009,137,1113,1396,66,57,9,1,0,-5,,3.9090909090909083,1.1326040073393084,0.9740567562954784,1.05446684323733,0.9681997068607258,0.36625514403292186,0.7399030694668821,0.4852235589031106,0.8061602771168118,0.3640748126070745,0.18694590090138136,0.04033846923373087,0.84695183471166,0.4090087301632472,0.19597715743954972,0.3673469387755102,0.6981132075471698,0.4458916050726806,0.8629863334753476,0.3200164104086046,0.19245391718258603,0.07350032470268074,0.866746926846852,0.4058672981715061,0.18005055533861478,0.044058402198469904,63.40568181818182,0.018095260919344436,-0.011213255511345221
2009,137,1156,1448,84,69,15,1,0,9,,-5.941666666666666,1.0061253414722167,0.9254966808862037,1.0752004353711462,0.9319631060613034,0.3095723014256619,0.7045101088646968,0.4292539119651503,0.8383618216572365,0.2384876299679189,0.19342770067617554,0.06378575166954024,0.7909710342433999,0.4121030367741715,0.24477598697647135,0.31758530183727035,0.7115628970775095,0.49265468261065254,0.7961338382504073,0.1698204455134705,0.21001560661377244,0.08680880060435635,0.8258051290044486,0.3972485338593054,0.21268530699880686,0.06866718445444839,70.08393229166666,-0.03912763678018416,0.0015230481099539617
2009,137,1173,1452,68,60,8,1,0,5,,-4.764705882352942,1.0162414362273857,0.9263873200025351,1.09395859462212,0.9348257319927825,0.33090909090909093,0.6454293628808864,0.4297738270051956,0.8464641216419413,0.2519502077997568,0.20814088231328054,0.06664407350758304,0.7963271521456203,0.3953503316313176,0.22354197914811857,0.3308931185944363,0.6959553695955368,0.43128714411759855,0.89931718918005,0.30397695276533876,0.18045564347230916,0.08896327421416761,0.7861592954231135,0.42011868745726294,0.2339236927466227,-0.05202674496558196,66.2777517825312,0.011627519356771199,-0.020927277780143583
2009,137,1242,1295,84,74,10,1,0,-11,,1.1791666666666671,1.1055759157405611,0.9439714980874099,1.142454476599674,0.9992657892662566,0.3798165137614679,0.7276478679504814,0.4824295435560504,0.8101246117575388,0.24532098810130398,0.20902770636285306,0.07482403515388593,0.8218275623658462,0.3881815171478668,0.19672845686611204,0.4019047619047619,0.7423780487804879,0.48428104583659765,0.840304048273961,0.2559620970326448,0.16728192017327245,0.05475328762910529,0.8320411331946611,0.45263578242403163,0.1887619598945193,-0.010641108931340792,69.50466145833333,0.03130138149780881,0.028130531997717534
2009,137,1257,1287,74,54,20,1,0,-15,,11.677083333333334,1.0613973451654026,0.8904120845602161,1.0339194031317247,1.0257384574139112,0.3604336043360434,0.6434231378763867,0.45159188623239443,0.8554794043067219,0.32146967617789424,0.1962740971599586,0.11026632077182331,0.8149324331662132,0.394055229487586,0.2362035556221701,0.3273092369477912,0.7240915208613729,0.43734895194591783,0.8135073801184152,0.2346161844748637,0.22665856556121522,0.07233954402285919,0.8194810640801098,0.4252494233160777,0.18209912044901622,0.08685349170303053,68.48519176136364,0.02271856405748418,-0.011032143062825406
2009,137,1266,1429,58,57,1,1,0,-5,,-1.0606060606060606,1.125505463027473,0.9860602587741156,1.172899955598448,0.9995924156061178,0.34932533733133436,0.7204176334106728,0.45647382983190804,0.831413643940001,0.2915636441125464,0.1667659316568213,0.051914066147565004,0.8135383110276249,0.4488426557895939,0.2207150965784991,0.39887640449438194,0.7454268292682927,0.496606596246728,0.8374969167385445,0.26289654225726455,0.18271795650467382,0.04803918945346056,0.8561855258549916,0.42068686208771683,0.1705285592726441,0.028667101855281873,66.15227272727272,-0.03414428005834852,0.006938808708665034
2009,137,1277,1352,77,62,15,1,0,-13,,3.2941176470588234,1.0757735772969477,0.9485307065871235,1.048581918626466,0.9605296979174737,0.3525641025641026,0.6863270777479893,0.4546038201573647,0.8346919852043476,0.21984001166845898,0.21037143361234048,0.05323038542606009,0.7917105576795581,0.41589055837093514,0.20928697424109913,0.39748201438848924,0.7074626865671642,0.480015664275417,0.7848433466748868,0.24229521904802778,0.22787327635841992,0.06491423354390183,0.7789431005126274,0.42626846051337147,0.23964974448708176,-0.022455207379568798,67.21227022058824,-0.007516970987807958,0.010944784878231917
2009,137,1165,1281,59,78,-19,0,0,11,,-6.405679513184584,1.0957588851169362,0.962157770177839,1.1161519444660561,0.911848764733063,0.40789473684210525,0.7376425855513308,0.4725846631796244,0.8320036510450433,0.27609395990657004,0.19453652632689059,0.06910812926273596,0.8250740686866975,0.4227893949906995,0.20264451315788004,0.35767511177347244,0.6683870967741935,0.47163130530192393,0.8612628069857271,0.2733608565220185,0.1709173733897866,0.06926501813415899,0.769449561386791,0.4154341103354273,0.2573654497492328,0.0027331033845515162,69.66304513184585,-0.003200963388785838,-0.03272732046014165
2009,137,1329,1397,77,75,2,1,0,-1,,0.7878787878787881,1.1161421642784795,1.0114958884847762,1.0903266866878587,1.013126914785006,0.38403990024937656,0.7433290978398983,0.4599858576108287,0.8129320053351616,0.3328035043912208,0.16981221303263871,0.04301204583586212,0.7891157566376076,0.4447352210071139,0.20810072787269776,0.31366906474820144,0.6737683089214381,0.4595351565321828,0.8641678524805495,0.29334720856792557,0.18453273070454496,0.06330942901853787,0.8026113070110993,0.4422939703470342,0.21100132860664192,0.03945629582329524,72.35681818181817,-0.0009952747907168158,-0.05261800845635223
2009,137,1190,1338,62,72,-10,0,0,15,,-5.610887096774194,1.0652308185105448,0.9633584868316789,1.1645552484501787,0.9654007864005064,0.34172661870503596,0.7127799736495388,0.4641103943705131,0.8135108655451294,0.23530870571961462,0.18961462948654936,0.06262167589259598,0.8174376934119573,0.4122200740741475,0.2271680492660148,0.35687732342007433,0.672787979966611,0.48677165108426523,0.9072381319438223,0.25975760675949816,0.1774152771482604,0.06934245648527658,0.8369380260209835,0.4168775244409642,0.19742997943648985,-0.024448901039883536,70.26767893145161,-0.009001903173467718,-0.04010113965956208
2009,137,1326,1373,72,74,-2,0,2,-1,,-2.5738636363636367,1.0653014659400184,0.9884921824564693,1.0726923498621732,0.9702896068451529,0.3793103448275862,0.6996644295302014,0.48828254462930565,0.7790727658829087,0.27642436474903215,0.20904693378917513,0.09725381431940994,0.8753447491392374,0.40933611215189264,0.21127312002330026,0.3352941176470588,0.6621067031463748,0.47513888938714616,0.8457052240851135,0.21443959341062127,0.1798654684641076,0.07547647016312116,0.8484361845914039,0.43684219159878984,0.23276163383093432,0.06198477133841088,67.54427083333333,0.02032486734452832,-0.035392747844051886
2009,137,1372,1393,44,59,-15,0,0,11,,-1.9106753812636166,0.9747468817431418,0.8841944473749317,1.0898720334264105,0.9889649164786668,0.3191489361702127,0.6636568848758465,0.4344130395670671,0.838622281744606,0.2666815541456744,0.1819156071687489,0.05654114656678679,0.7839193868591697,0.3879626718674495,0.2177905491297685,0.3535660091047041,0.6399026763990268,0.4902806953743437,0.8131164424281145,0.2620562194210765,0.20625008113692647,0.07578427622020968,0.8986312385613244,0.4157568102918104,0.19387566701788858,0.004625334724597918,69.91427015250545,-0.014036758691457873,-0.08962102609521772
2009,137,1130,1425,55,72,-17,0,0,-3,,-0.3939393939393945,1.0975948576315468,1.0352226792409076,1.0464907656582145,0.971924567821632,0.33706070287539935,0.7343532684283727,0.44539295306504095,0.8648797897236826,0.27924103825148633,0.1961152457774166,0.07155653035916083,0.8709267928796137,0.4264211813236437,0.18367425507157878,0.32891246684350134,0.6657571623465212,0.4736540966937876,0.8070779200376126,0.17591895363523316,0.21070730178345393,0.08380637872560451,0.8399057721451182,0.41131560317855964,0.1949109021901537,0.10332208461625317,66.91969696969697,-0.02168336088691536,0.05282482263944682
2009,137,1199,1458,59,61,-2,0,1,-7,,-1.7694497153700186,1.0085148345552395,0.9479614450972714,1.0837103856723684,0.9867241800874466,0.34304207119741104,0.7226074895977809,0.4364999595118012,0.7945684083684108,0.2672919636913062,0.22956934964267436,0.1009299043094362,0.8336302306727069,0.38730351718844597,0.22407986603711577,0.36880733944954125,0.723826714801444,0.44386309589072853,0.8568849119749001,0.29652716188050643,0.1681950367399003,0.05182350714160923,0.809028504695548,0.44730242793384145,0.18875361371526905,-0.02923519818920023,63.933503320683116,0.02631788718323408,0.062356768609392876
2009,137,1340,1462,59,77,-18,0,0,9,,-4.613911290322581,1.0923412612801138,1.0128799008114708,1.076106218145806,0.9189232944016256,0.37831021437578816,0.6860902255639098,0.45436787896886116,0.8563459274707219,0.37924672598887077,0.19969934467717312,0.05061296104963624,0.8210724025469021,0.4535572348978495,0.21635785853803688,0.3992740471869328,0.6750313676286073,0.4647397518799526,0.7842096642496705,0.25589164332035463,0.2208518986053271,0.08944904110573382,0.836227052339039,0.39033674757256986,0.18909259815296575,0.12335508266851614,67.53136340725806,-0.03679618011818553,0.009551346992181853
2009,138,1163,1401,92,66,26,1,0,-8,,7.97983870967742,1.119156504795152,0.9119716133152629,1.0849110183132455,0.9968432057151131,0.3466981132075472,0.6773006134969325,0.4732170411046425,0.8429433982438123,0.19429796727330845,0.18215201389152036,0.12168408072644576,0.9330777191201282,0.37817451755154136,0.17340505179021426,0.36553030303030304,0.6951219512195121,0.4465957475998574,0.8141692834556561,0.2502179618876657,0.19354044276411847,0.06753034876549163,0.8485489152859162,0.43386019496515804,0.18881571622871898,-0.05591999461435726,67.62222782258064,0.04115348545920089,0.026853729773129387
2009,138,1181,1400,74,69,5,1,0,-5,,5.532976827094474,1.1170841173673498,0.9459768573734503,1.0610949616407166,0.9685414765298596,0.34893617021276596,0.7234299516908212,0.44850078989521636,0.8495379305615431,0.29742263127954854,0.1760421229118673,0.07144508785262321,0.814001159134147,0.4333634047888239,0.2354759663963381,0.3206751054852321,0.6706507304116867,0.4457783764890004,0.868768412506452,0.2109477036953335,0.18313302710160578,0.09859706137301039,0.8345040425817764,0.4072428436645099,0.20248283676030898,0.08647492758421504,69.13807932263816,-0.011699073859049058,-0.004824039496438726
2009,138,1211,1443,83,81,2,1,0,-8,,12.07204301075269,1.138777824159125,0.8895797615997476,1.0927335167092749,1.008763252092064,0.39856373429084385,0.7084019769357496,0.4865287765274539,0.8467978325724627,0.267747848843694,0.16543852588467048,0.08663623386437401,0.8370393689250132,0.3682308534410364,0.21985044454743508,0.37003058103975534,0.7042016806722688,0.4523584383565006,0.8545457995716547,0.3193511381835455,0.2017031527996427,0.05756623520909577,0.8401150884680361,0.4374734870499729,0.19907814811592414,-0.05160328933985148,67.66334677419354,0.051706485889944864,-0.03617192847900963
2009,138,1268,1272,70,89,-19,0,0,8,,-14.176470588235293,1.0303609230354682,0.9870122226401803,1.0803033814778302,0.8366412352555881,0.3310104529616725,0.767605633802817,0.42385185746312665,0.8960829964926789,0.25176736828978324,0.1781649741631008,0.07065038779076119,0.854081062343502,0.4195157675190573,0.22410315594326763,0.3198707592891761,0.6960907944514502,0.4426205267272041,0.8552218387860067,0.2649427697168312,0.1808685138821478,0.11205544271076733,0.8063224607991526,0.3630976523395206,0.2309687003141579,-0.013175401427047928,69.11964126559715,-0.03759339222180702,0.01727931238770619
2009,138,1261,1314,70,84,-14,0,0,7,,-7.09188660801564,1.0949405835761326,0.9528021150975068,1.1742781437090868,0.965730356405392,0.3694029850746269,0.7180925666199159,0.4477263653095579,0.8771045030280341,0.23938102483311116,0.17525606014271403,0.10403057392305463,0.8339613462511064,0.4083767121075616,0.1924223521045608,0.372791519434629,0.7661691542288558,0.4757694942984165,0.8698657230301564,0.24115305651356123,0.16999217678031875,0.08073764550442629,0.8618258406862019,0.4181690578613287,0.20623659767736882,-0.0017720316804500647,72.31457722385142,-0.00912539161754572,-0.01998433465759364
2009,138,1276,1328,63,73,-10,0,0,8,,-7.84375,1.044309801363017,1.0005565060285473,1.1351048400732053,0.9789848362450239,0.3317365269461078,0.7544910179640718,0.4263107352226773,0.8564836157916523,0.4082417154796022,0.1761178730655633,0.04814390023381595,0.8281355726524338,0.4465284938445358,0.2150073498814411,0.35760517799352753,0.6798088410991637,0.4907271136435996,0.8001531527554746,0.2774067832591237,0.19562673353949384,0.07372651174865934,0.8766374620535582,0.3989832730572517,0.18121909520175838,0.13083493222047848,66.85234374999999,-0.05598079960410324,-0.03589077172982846
2009,138,1345,1449,76,74,2,1,0,1,,0.9019607843137241,1.047890406219168,0.8952089985859066,1.0795356167531767,0.9547003432940159,0.3507692307692308,0.7004754358161648,0.44944749490141545,0.8406855600541031,0.28940503240478854,0.17321324009977304,0.08865129786485897,0.8268224826068171,0.38883716620340114,0.22468136045560202,0.33980582524271846,0.6985376827896512,0.4608437681069178,0.8323046803163892,0.17206129473303927,0.20279030031535558,0.0459671200928624,0.8263511910799555,0.42255433221498795,0.20519117643295967,0.11734373767174927,69.87311720142603,0.011160446403042257,-0.06474134313871815
2009,138,1417,1437,69,89,-20,0,0,3,,3.1818181818181817,1.1558494623943003,0.9670879572721945,1.0965519661271366,0.9512595332262619,0.3983870967741935,0.7213403880070547,0.49580865265486995,0.8656950049165406,0.288481473060152,0.18503078193742575,0.06261509089392106,0.7802893383744748,0.4486047186807041,0.23868013342661226,0.36762225969645873,0.7415730337078652,0.4549175093795785,0.8181290471085118,0.2583791621736678,0.19237658560727444,0.05905574031604137,0.7939898546032748,0.40429864704448404,0.22320626059053916,0.030102310886484185,67.69393939393939,-0.001707464180464302,0.010582332224558622
2009,139,1112,1156,71,57,14,1,0,-1,,-1.375,1.107997618160851,1.0612189009752144,1.0061253414722167,0.9254966808862037,0.39520958083832336,0.734375,0.4794299777459663,0.8352723840967364,0.24254678932690782,0.1921512156429172,0.05302560651225211,0.8901734826899914,0.4388235463321747,0.18442703547752315,0.3095723014256619,0.7045101088646968,0.4292539119651503,0.8383618216572365,0.2384876299679189,0.19342770067617554,0.06378575166954024,0.7909710342433999,0.4121030367741715,0.24477598697647135,0.0040591593589889285,64.834765625,0.011727778111406406,0.011891741540372147
2009,139,1173,1242,43,60,-17,0,0,8,,-5.3125,1.0162414362273857,0.9263873200025351,1.1055759157405611,0.9439714980874099,0.33090909090909093,0.6454293628808864,0.4297738270051956,0.8464641216419413,0.2519502077997568,0.20814088231328054,0.06664407350758304,0.7963271521456203,0.3953503316313176,0.22354197914811857,0.3798165137614679,0.7276478679504814,0.4824295435560504,0.8101246117575388,0.24532098810130398,0.20902770636285306,0.07482403515388593,0.8218275623658462,0.3881815171478668,0.19672845686611204,0.006629219698452815,68.0923887310606,-0.02991226551715276,0.008380797026104392
2009,139,1257,1373,79,72,7,1,0,-8,,4.696969696969697,1.0613973451654026,0.8904120845602161,1.0726923498621732,0.9702896068451529,0.3604336043360434,0.6434231378763867,0.45159188623239443,0.8554794043067219,0.32146967617789424,0.1962740971599586,0.11026632077182331,0.8149324331662132,0.394055229487586,0.2362035556221701,0.3352941176470588,0.6621067031463748,0.47513888938714616,0.8457052240851135,0.21443959341062127,0.1798654684641076,0.07547647016312116,0.8484361845914039,0.43684219159878984,0.23276163383093432,0.10703008276727297,71.04469696969696,0.009619979478226126,-0.007045335968101751
2009,139,1277,1425,74,69,5,1,0,-8,,4.121212121212121,1.0757735772969477,0.9485307065871235,1.0464907656582145,0.971924567821632,0.3525641025641026,0.6863270777479893,0.4546038201573647,0.8346919852043476,0.21984001166845898,0.21037143361234048,0.05323038542606009,0.7917105576795581,0.41589055837093514,0.20928697424109913,0.32891246684350134,0.6657571623465212,0.4736540966937876,0.8070779200376126,0.17591895363523316,0.21070730178345393,0.08380637872560451,0.8399057721451182,0.41131560317855964,0.1949109021901537,0.043921058033225824,66.18851799242424,-0.01181261586439919,-0.0025905177041022354
2009,139,1266,1281,79,83,-4,0,0,3,,-5.253119429590017,1.125505463027473,0.9860602587741156,1.1161519444660561,0.911848764733063,0.34932533733133436,0.7204176334106728,0.45647382983190804,0.831413643940001,0.2915636441125464,0.1667659316568213,0.051914066147565004,0.8135383110276249,0.4488426557895939,0.2207150965784991,0.35767511177347244,0.6683870967741935,0.47163130530192393,0.8612628069857271,0.2733608565220185,0.1709173733897866,0.06926501813415899,0.769449561386791,0.4154341103354273,0.2573654497492328,0.018202787590527902,71.30411096256684,-0.024283010462091248,-0.018860181370729423
2009,139,1329,1338,76,84,-8,0,0,7,,-6.639296187683285,1.1161421642784795,1.0114958884847762,1.1645552484501787,0.9654007864005064,0.38403990024937656,0.7433290978398983,0.4599858576108287,0.8129320053351616,0.3328035043912208,0.16981221303263871,0.04301204583586212,0.7891157566376076,0.4447352210071139,0.20810072787269776,0.35687732342007433,0.672787979966611,0.48677165108426523,0.9072381319438223,0.25975760675949816,0.1774152771482604,0.06934245648527658,0.8369380260209835,0.4168775244409642,0.19742997943648985,0.07304589763172264,69.947165200391,-0.027321745019793064,-0.06713346023021477
2009,139,1113,1393,67,78,-11,0,0,3,,1.42602495543672,1.1326040073393084,0.9740567562954784,1.0898720334264105,0.9889649164786668,0.36625514403292186,0.7399030694668821,0.4852235589031106,0.8061602771168118,0.3640748126070745,0.18694590090138136,0.04033846923373087,0.84695183471166,0.4090087301632472,0.19597715743954972,0.3535660091047041,0.6399026763990268,0.4902806953743437,0.8131164424281145,0.2620562194210765,0.20625008113692647,0.07578427622020968,0.8986312385613244,0.4157568102918104,0.19387566701788858,0.10201859318599804,67.73337789661319,0.000845471828665012,-0.05932622355969269
2009,139,1458,1462,49,60,-11,0,0,8,,-4.581653225806452,1.0837103856723684,0.9867241800874466,1.076106218145806,0.9189232944016256,0.36880733944954125,0.723826714801444,0.44386309589072853,0.8568849119749001,0.29652716188050643,0.1681950367399003,0.05182350714160923,0.809028504695548,0.44730242793384145,0.18875361371526905,0.3992740471869328,0.6750313676286073,0.4647397518799526,0.7842096642496705,0.25589164332035463,0.2208518986053271,0.08944904110573382,0.836227052339039,0.39033674757256986,0.18909259815296575,0.040635518560151795,63.474105342741936,-0.03892116817524782,-0.035727204189170636
2009,143,1163,1345,72,60,12,1,0,-4,,3.119544592030362,1.119156504795152,0.9119716133152629,1.047890406219168,0.8952089985859066,0.3466981132075472,0.6773006134969325,0.4732170411046425,0.8429433982438123,0.19429796727330845,0.18215201389152036,0.12168408072644576,0.9330777191201282,0.37817451755154136,0.17340505179021426,0.3507692307692308,0.7004754358161648,0.44944749490141545,0.8406855600541031,0.28940503240478854,0.17321324009977304,0.08865129786485897,0.8268224826068171,0.38883716620340114,0.22468136045560202,-0.0951070651314801,67.78592267552182,0.017216097427543486,0.053502564251764584
2009,143,1272,1281,91,102,-11,0,0,-1,,2.5294117647058822,1.0803033814778302,0.8366412352555881,1.1161519444660561,0.911848764733063,0.3198707592891761,0.6960907944514502,0.4426205267272041,0.8552218387860067,0.2649427697168312,0.1808685138821478,0.11205544271076733,0.8063224607991526,0.3630976523395206,0.2309687003141579,0.35767511177347244,0.6683870967741935,0.47163130530192393,0.8612628069857271,0.2733608565220185,0.1709173733897866,0.06926501813415899,0.769449561386791,0.4154341103354273,0.2573654497492328,-0.008418086805187353,70.54117647058823,0.011662839710593453,-0.0035954153602522076
2009,143,1338,1462,60,55,5,1,0,-3,,3.579637096774194,1.1645552484501787,0.9654007864005064,1.076106218145806,0.9189232944016256,0.35687732342007433,0.672787979966611,0.48677165108426523,0.9072381319438223,0.25975760675949816,0.1774152771482604,0.06934245648527658,0.8369380260209835,0.4168775244409642,0.19742997943648985,0.3992740471869328,0.6750313676286073,0.4647397518799526,0.7842096642496705,0.25589164332035463,0.2208518986053271,0.08944904110573382,0.836227052339039,0.39033674757256986,0.18909259815296575,0.003865963439143527,67.20596018145162,-0.0022544388320408504,0.031959108624505905
2009,143,1181,1437,54,77,-23,0,0,-1,,2.8663101604278083,1.1170841173673498,0.9459768573734503,1.0965519661271366,0.9512595332262619,0.34893617021276596,0.7234299516908212,0.44850078989521636,0.8495379305615431,0.29742263127954854,0.1760421229118673,0.07144508785262321,0.814001159134147,0.4333634047888239,0.2354759663963381,0.36762225969645873,0.7415730337078652,0.4549175093795785,0.8181290471085118,0.2583791621736678,0.19237658560727444,0.05905574031604137,0.7939898546032748,0.40429864704448404,0.22320626059053916,0.039043469105880746,69.71080659536543,-0.017740738614350993,0.02855178247352952
2009,144,1112,1257,64,103,-39,0,0,11,,-8.583333333333334,1.107997618160851,1.0612189009752144,1.0613973451654026,0.8904120845602161,0.39520958083832336,0.734375,0.4794299777459663,0.8352723840967364,0.24254678932690782,0.1921512156429172,0.05302560651225211,0.8901734826899914,0.4388235463321747,0.18442703547752315,0.3604336043360434,0.6434231378763867,0.45159188623239443,0.8554794043067219,0.32146967617789424,0.1962740971599586,0.11026632077182331,0.8149324331662132,0.394055229487586,0.2362035556221701,-0.07892288685098642,67.33011363636363,-0.008465112665508423,0.013904860485318027
2009,144,1242,1277,62,67,-5,0,0,1,,2.3125,1.1055759157405611,0.9439714980874099,1.0757735772969477,0.9485307065871235,0.3798165137614679,0.7276478679504814,0.4824295435560504,0.8101246117575388,0.24532098810130398,0.20902770636285306,0.07482403515388593,0.8218275623658462,0.3881815171478668,0.19672845686611204,0.3525641025641026,0.6863270777479893,0.4546038201573647,0.8346919852043476,0.21984001166845898,0.21037143361234048,0.05323038542606009,0.7917105576795581,0.41589055837093514,0.20928697424109913,0.025480976432845,68.36992187499999,0.027767382310876998,-0.0034021477740490136
2009,144,1211,1314,77,98,-21,0,0,3,,0.7172043010752702,1.138777824159125,0.8895797615997476,1.1742781437090868,0.965730356405392,0.39856373429084385,0.7084019769357496,0.4865287765274539,0.8467978325724627,0.267747848843694,0.16543852588467048,0.08663623386437401,0.8370393689250132,0.3682308534410364,0.21985044454743508,0.372791519434629,0.7661691542288558,0.4757694942984165,0.8698657230301564,0.24115305651356123,0.16999217678031875,0.08073764550442629,0.8618258406862019,0.4181690578613287,0.20623659767736882,0.026594792330132788,72.63552419354838,0.030348743324664862,-0.053516915894705086
2009,144,1328,1393,84,71,13,1,0,-1,,3.3161764705882355,1.1351048400732053,0.9789848362450239,1.0898720334264105,0.9889649164786668,0.35760517799352753,0.6798088410991637,0.4907271136435996,0.8001531527554746,0.2774067832591237,0.19562673353949384,0.07372651174865934,0.8766374620535582,0.3989832730572517,0.18121909520175838,0.3535660091047041,0.6399026763990268,0.4902806953743437,0.8131164424281145,0.2620562194210765,0.20625008113692647,0.07578427622020968,0.8986312385613244,0.4157568102918104,0.19387566701788858,0.015350563838047226,71.9356387867647,0.008609977751907305,-0.02014157334460609
2009,145,1163,1281,82,75,7,1,0,-2,,-1.2922201138519913,1.119156504795152,0.9119716133152629,1.1161519444660561,0.911848764733063,0.3466981132075472,0.6773006134969325,0.4732170411046425,0.8429433982438123,0.19429796727330845,0.18215201389152036,0.12168408072644576,0.9330777191201282,0.37817451755154136,0.17340505179021426,0.35767511177347244,0.6683870967741935,0.47163130530192393,0.8612628069857271,0.2733608565220185,0.1709173733897866,0.06926501813415899,0.769449561386791,0.4154341103354273,0.2573654497492328,-0.07906288924871008,70.85062855787476,0.019422664293302305,0.008688187165952987
2009,145,1338,1437,76,78,-2,0,0,-2,,4.002932551319649,1.1645552484501787,0.9654007864005064,1.0965519661271366,0.9512595332262619,0.35687732342007433,0.672787979966611,0.48677165108426523,0.9072381319438223,0.25975760675949816,0.1774152771482604,0.06934245648527658,0.8369380260209835,0.4168775244409642,0.19742997943648985,0.36762225969645873,0.7415730337078652,0.4549175093795785,0.8181290471085118,0.2583791621736678,0.19237658560727444,0.05905574031604137,0.7939898546032748,0.40429864704448404,0.22320626059053916,0.0013784445858303629,68.32065004887585,0.009637632154103293,0.031191835988489625
2009,146,1257,1277,52,64,-12,0,0,-1,,3.333333333333334,1.0613973451654026,0.8904120845602161,1.0757735772969477,0.9485307065871235,0.3604336043360434,0.6434231378763867,0.45159188623239443,0.8554794043067219,0.32146967617789424,0.1962740971599586,0.11026632077182331,0.8149324331662132,0.394055229487586,0.2362035556221701,0.3525641025641026,0.6863270777479893,0.4546038201573647,0.8346919852043476,0.21984001166845898,0.21037143361234048,0.05323038542606009,0.7917105576795581,0.41589055837093514,0.20928697424109913,0.10162966450943525,68.25745738636363,0.009411697479189463,0.0006742875685226135
2009,146,1314,1328,72,60,12,1,0,-1,,5.141129032258064,1.1742781437090868,0.965730356405392,1.1351048400732053,0.9789848362450239,0.372791519434629,0.7661691542288558,0.4757694942984165,0.8698657230301564,0.24115305651356123,0.16999217678031875,0.08073764550442629,0.8618258406862019,0.4181690578613287,0.20623659767736882,0.35760517799352753,0.6798088410991637,0.4907271136435996,0.8001531527554746,0.2774067832591237,0.19562673353949384,0.07372651174865934,0.8766374620535582,0.3989832730572517,0.18121909520175838,-0.03625372674556249,72.94638356854838,-0.017071702074630102,0.024490849516616287
2009,152,1163,1277,73,82,-9,0,0,-1,,4.35483870967742,1.119156504795152,0.9119716133152629,1.0757735772969477,0.9485307065871235,0.3466981132075472,0.6773006134969325,0.4732170411046425,0.8429433982438123,0.19429796727330845,0.18215201389152036,0.12168408072644576,0.9330777191201282,0.37817451755154136,0.17340505179021426,0.3525641025641026,0.6863270777479893,0.4546038201573647,0.8346919852043476,0.21984001166845898,0.21037143361234048,0.05323038542606009,0.7917105576795581,0.41589055837093514,0.20928697424109913,-0.025542044395150537,68.05738407258065,0.028164630883335817,0.021077335662665786
2009,152,1314,1437,83,69,14,1,0,-2,,6.970674486803519,1.1742781437090868,0.965730356405392,1.0965519661271366,0.9512595332262619,0.372791519434629,0.7661691542288558,0.4757694942984165,0.8698657230301564,0.24115305651356123,0.16999217678031875,0.08073764550442629,0.8618258406862019,0.4181690578613287,0.20623659767736882,0.36762225969645873,0.7415730337078652,0.4549175093795785,0.8181290471085118,0.2583791621736678,0.19237658560727444,0.05905574031604137,0.7939898546032748,0.40429864704448404,0.22320626059053916,-0.017226105660106572,72.82669843597263,0.003490787050996702,0.03432422115827627
2009,154,1277,1314,72,89,-17,0,0,1,,-7.516129032258064,1.0757735772969477,0.9485307065871235,1.1742781437090868,0.965730356405392,0.3525641025641026,0.6863270777479893,0.4546038201573647,0.8346919852043476,0.21984001166845898,0.21037143361234048,0.05323038542606009,0.7917105576795581,0.41589055837093514,0.20928697424109913,0.372791519434629,0.7661691542288558,0.4757694942984165,0.8698657230301564,0.24115305651356123,0.16999217678031875,0.08073764550442629,0.8618258406862019,0.4181690578613287,0.20623659767736882,-0.02131304484510224,71.50536794354838,-0.009443587325329128,-0.02829220794935383
2010,134,1115,1457,61,44,17,1,0,0,,-0.9145833333333333,0.92803313502661,0.9407621729526042,0.9283879063107158,0.919278844763327,0.3039443155452436,0.6634382566585957,0.4133295247816145,0.7610142945522568,0.1961466587188274,0.24575113583479963,0.0675858203475883,0.7370901091397783,0.4078430781860606,0.20398646005088172,0.26490066225165565,0.639423076923077,0.3852351664078514,0.8759922098938359,0.22616181439540445,0.17979806673804027,0.06769093284203902,0.7862850544705905,0.4071499356215984,0.22785975542974324,-0.03001515567657706,68.22463541666667,0.013700607904650441,-0.011585163482087268
2010,136,1124,1358,68,59,9,1,0,-11,,2.5898617511520747,1.1309127282215972,0.9838035525701564,1.1240534248329834,1.0120734646143406,0.38584070796460174,0.7334360554699538,0.48348383475811774,0.8276392709948196,0.2702615752768377,0.20629952886577638,0.11672894923268949,0.872176943365402,0.3921583966803447,0.17673040445078375,0.38496932515337423,0.7089783281733746,0.4699280172720604,0.825102316709717,0.3287182653973512,0.19105223556190368,0.04105793741831427,0.7867786933569577,0.44621952264197534,0.2101412137584931,-0.05845669012051352,69.36408410138249,0.033808471723843936,0.02846947048280346
2010,136,1139,1431,77,59,18,1,0,-7,,-1.53125,1.0866315660513444,0.9254651314760786,1.0633874278713962,0.910880638551802,0.34177215189873417,0.7480417754569191,0.4577916220942278,0.7786188338397457,0.3065622233080617,0.1916281714268281,0.04827791493094341,0.7908777581499387,0.41460305016655546,0.21211007617696725,0.34683098591549294,0.672108843537415,0.4757900317254951,0.8001878251955696,0.2499153856240277,0.18520689036273952,0.06726247881990953,0.7819849114123698,0.39125932547742354,0.22467596730948616,0.056646837684034,67.905859375,-0.02067106716019962,-0.0005867121292432165
2010,136,1140,1196,99,92,7,1,2,-3,,10.757575757575756,1.167312903015094,0.916928411271837,1.0722404985994318,0.9866000247199564,0.41550387596899224,0.7860026917900403,0.4834635023385149,0.8344617932251949,0.2782473859465809,0.15936939608203196,0.06159317927237372,0.7854385123863057,0.4086644349540203,0.2179297727270428,0.3133116883116883,0.7024539877300614,0.4463825039599848,0.8763489416361869,0.2788158747826721,0.1816001989557056,0.047889645683181416,0.8610676958782795,0.42955298436421435,0.20481102349900798,-0.0005684888360912299,68.76704545454545,0.028984773894362104,-0.0586236448711574
2010,136,1242,1250,90,74,16,1,0,-15,,12.876838235294116,1.1633828646192441,0.9201224005026187,1.0716159771247429,0.9885534585235075,0.40894039735099336,0.7010676156583631,0.4889022784179229,0.8313572298170112,0.25089827552179467,0.18363417551023392,0.10755973907375357,0.8573315272616088,0.3801006559948596,0.2009317777512707,0.40037593984962405,0.7159383033419023,0.4579532201467828,0.7960678783332223,0.23651561752339914,0.1839955694148311,0.0424403260397641,0.836233219178679,0.4219261271428118,0.19405616202471335,0.014382657998395526,70.30344669117648,0.036387264709546174,0.05517163947955711
2010,136,1243,1317,82,62,20,1,0,-13,,6.683333333333334,1.100466814041348,0.9615149200705094,1.0482280615412487,1.0021768492894325,0.35655058043117743,0.6646153846153846,0.45126005870642516,0.8117001028590559,0.2616018061872795,0.20153162047256254,0.0870283177526856,0.7592838015708923,0.42427939062974596,0.23593498571426108,0.3305439330543933,0.7178871548619448,0.45991737481869416,0.7534378339695011,0.22953060593945152,0.2096819332112774,0.050371368791342984,0.8455748396172977,0.4350781633798776,0.18268049452187554,0.032071200247828,71.13716145833334,0.001070728318931291,0.06251560364823466
2010,136,1190,1246,71,100,-29,0,0,15,,-11.334224598930481,0.9983189353554649,0.9573675413704723,1.120416653832705,0.9244539665510342,0.31412639405204457,0.6617449664429531,0.4363383364833009,0.8160665237618601,0.23528602759736947,0.2125856233862855,0.05806290244741214,0.7885269834203701,0.41594299849272137,0.24274494432451085,0.3411764705882353,0.6786127167630058,0.4783136732046124,0.8259540758954415,0.2466277422514011,0.20488935521455082,0.11779585148855254,0.8687757460650124,0.3830458391137273,0.19985872942149233,-0.011341714654031637,69.93922682709447,-0.037436248050152776,-0.022396603321799047
2010,136,1293,1435,66,65,1,1,0,9,,7.417338709677419,1.1289907610836252,0.8986902101071509,1.09492574837042,0.9953676041720654,0.37153419593345655,0.7027027027027027,0.4982003289094384,0.801565497329932,0.252269933101474,0.21441300645618414,0.09733752083428987,0.8068041699991986,0.39386919123311415,0.24312732664260644,0.3696498054474708,0.7274939172749392,0.4719059307145102,0.7834686251520009,0.23585767683119027,0.1915371071819519,0.08409164506928098,0.8591956339782414,0.41959607490402145,0.19284017274584506,0.016412256270283726,69.07303427419355,0.026010640932917717,0.016263852968226744
2010,136,1285,1307,57,62,-5,0,0,11,,-2.2998955067920592,1.0910741500837,0.9807325773391224,1.1278996702181598,0.9822801559860697,0.39789473684210525,0.7215189873417721,0.4805905684301007,0.8058676155597041,0.25978980119410233,0.19074714391031655,0.06347770301387703,0.810083489466521,0.4230242469123028,0.19762210135672006,0.3746438746438746,0.6766398158803222,0.4414216550911491,0.8492617089377474,0.3161220939505699,0.16282729039622942,0.06400674188834811,0.8009825821782114,0.4280352780552821,0.20216303412748407,-0.05633229275646756,65.87291013584117,0.022089972240965428,-0.012937290551022107
2010,136,1320,1424,69,66,3,1,0,1,,0.25,1.0652014830249708,0.9155372321015488,1.0707048751667025,0.9431786038214055,0.3528428093645485,0.7542955326460481,0.4310318999220141,0.8413925205040251,0.31516841193917955,0.17570213468906787,0.0412417659193331,0.8190196392720842,0.4038086496181356,0.20711796995236803,0.33076923076923076,0.7207678883071553,0.46636054215352807,0.8419084743813107,0.3018798915954294,0.17390514834410378,0.06754027550831154,0.7609644424411585,0.3996189026656612,0.22628591810656884,0.013288520343750165,63.806640625,-0.019759194591994156,-0.008519173973223992
2010,136,1207,1325,83,97,-14,0,0,-11,,3.23885918003565,1.0988086588612769,0.9840566188188801,1.0470643849286674,0.9737783431290692,0.38783269961977185,0.7120980091883614,0.5006823290077758,0.8008515125027741,0.24078341631001984,0.20618382649397607,0.08456344439803073,0.84583850872479,0.41278755258347705,0.19679630222153965,0.35755813953488375,0.7330827067669173,0.4284700743350948,0.822371948402164,0.2899950108624917,0.18121208926269972,0.04395857901741431,0.8306946910211276,0.41389599987930614,0.2141203694238984,-0.04921159455247184,68.3367201426025,0.03666035098425502,0.0005427963785401002
2010,136,1323,1330,50,51,-1,0,0,-5,,-3.235294117647059,1.1660082247195116,1.0584569464642084,1.0634572067701629,0.9052253833765505,0.3941267387944358,0.7233468286099866,0.47547191124947524,0.8554913772144301,0.2943100772980499,0.15903179959586242,0.052275344335026966,0.8903471547052405,0.43845205129766224,0.15930501323619556,0.31589537223340036,0.6446700507614213,0.4479507975612004,0.909093212490926,0.23235420867322598,0.20101797618563721,0.05623217346169022,0.8160876901810011,0.4017883955773785,0.22596820459829658,0.06195586862482394,64.275,-0.004571271016004463,-0.039375216934211865
2010,136,1350,1388,71,80,-9,0,0,-3,,-5.474509803921569,1.0400056815512746,0.9367332741299728,1.1673290396603277,0.9793102879723965,0.35139092240117126,0.6969205834683954,0.44747991045704816,0.8366524262631327,0.3014665425275743,0.17013737902947693,0.08235100339327336,0.8295745034215714,0.39240822130373965,0.2264401599562724,0.41129032258064513,0.7652329749103942,0.4830009576147648,0.859094210949474,0.30697792610164243,0.1701536319082427,0.08856384577417464,0.8778590780358435,0.42651146490198283,0.1631206568529007,-0.005511383574068107,66.9705637254902,-0.0007089017797367592,-0.020480478415236203
2010,136,1361,1397,59,62,-3,0,0,5,,-1.2453567937438912,1.0780718644867782,0.9675911833102625,1.0362092739611513,0.9243186635675629,0.32295719844357973,0.6142649199417759,0.4708371012278224,0.8323117082124857,0.2571530390923415,0.20719223851938637,0.0874666709505263,0.8394071246700755,0.4083999567899704,0.2093616650859347,0.3134087237479806,0.6685633001422474,0.4511139634698181,0.836208484837706,0.26447455476838033,0.18704591709131427,0.0667549376776515,0.7828704913735173,0.3999220629056236,0.23314317226969639,-0.007321515676038837,67.85063538611927,0.0056226219368287755,0.03494227658215143
2010,136,1352,1437,70,73,-3,0,1,13,,-6.8538899430740035,1.009717706621902,0.9724442712491929,1.1436907205576716,1.0024765489015046,0.3650190114068441,0.6614645858343338,0.44346681278617767,0.7891762740109529,0.22904494871810274,0.21469813401208485,0.045143051580983105,0.7660447203066361,0.4080327551066663,0.23259401575116373,0.3763779527559055,0.7506172839506173,0.46587219942807484,0.8234183523052722,0.2832122775972932,0.19013505298220754,0.06924493556438632,0.7783803701778965,0.4096423394111907,0.20737616097911105,-0.054167328879190485,70.03056214421252,-0.010397901168686385,-0.012675012305350175
2010,136,1400,1448,80,81,-1,0,1,-1,,7.0282131661442,1.091261100662461,0.9452560984119039,1.0116001200314544,0.9522456926209877,0.34501845018450183,0.6343195266272189,0.4693775047552935,0.8499855637693701,0.2205019246856496,0.18612815382087922,0.0929159475467448,0.830617678456063,0.40429407935423256,0.2015325474814142,0.31343283582089554,0.6601123595505618,0.4405749708189211,0.8316394819547002,0.19484372737360883,0.21099548922046168,0.08635456163562205,0.8424605037444554,0.38444909929939397,0.19704421029989802,0.025658197312040776,73.23849268547545,0.004478776940766871,-0.003969397833861965
2010,136,1266,1449,78,80,-2,0,0,-5,,-1.09090909090909,1.1197931981810902,0.9816924883075289,1.0870537626343977,0.9594334827237644,0.40620155038759687,0.7395348837209302,0.45340187263925863,0.85689045543864,0.30147204236029096,0.15862739884968877,0.03965311166320809,0.8291629444753693,0.4482564535816415,0.2192985984154388,0.32509505703422054,0.727485380116959,0.45161686638319704,0.8455460838260328,0.220737594920341,0.17400485996659454,0.0683066911802258,0.7692257568498512,0.4227377001096334,0.21922350487612846,0.08073444743994995,69.1590909090909,-0.011866873607973227,-0.024895168701092207
2010,137,1143,1257,77,62,15,1,0,-1,,2.825757575757576,1.1371348170565736,0.9985841495395696,1.1077472926166476,1.0152177065569958,0.37285223367697595,0.7569955817378499,0.4788191699760089,0.8517916475441728,0.25728420404949803,0.17407453287486596,0.042575955313475404,0.8346138102193091,0.43546320385758625,0.19002375442997982,0.3390501319261214,0.703328509406657,0.4491448501802529,0.8654765798656896,0.3454398576378629,0.1987911015951636,0.0756125811244849,0.8173551101425489,0.42791168443426986,0.22301666679685622,-0.08815565358836486,68.79698153409092,0.011061400186219816,-0.05384347125358924
2010,137,1165,1396,78,65,13,1,0,7,,1.8265720081135903,1.1402764397474545,0.9785114547437562,1.0438286221002575,0.891895617246413,0.4375963020030816,0.7319148936170212,0.47670254262897105,0.8525341987597691,0.3386185774639753,0.18643373147990722,0.06983591881473705,0.7944249795687539,0.42033895444643143,0.21091208596770944,0.33843537414965985,0.6889312977099237,0.44101128971336423,0.8920783670064836,0.2773525981766265,0.16715396603359609,0.053388279514093306,0.869833863568102,0.37979933637123736,0.18085216602698945,0.06126597928734878,64.05862068965517,-0.0024241825797936545,0.010507351984080482
2010,137,1115,1181,44,73,-29,0,0,15,,-16.545955882352942,0.92803313502661,0.9407621729526042,1.1494617639196594,0.9150138552239051,0.3039443155452436,0.6634382566585957,0.4133295247816145,0.7610142945522568,0.1961466587188274,0.24575113583479963,0.0675858203475883,0.7370901091397783,0.4078430781860606,0.20398646005088172,0.38244047619047616,0.7628865979381443,0.4411805021597728,0.8922416806334857,0.29313515855948225,0.16458173502429932,0.07503954078417184,0.8220944546871221,0.40671376543882376,0.21812893707919742,-0.09698849984065486,68.3414981617647,-0.01449014506269758,-0.05526934907042291
2010,137,1210,1329,64,59,5,1,0,3,,0.20549242424242387,1.0235495495311504,0.9389122968154457,1.0768092865844103,0.987330155819616,0.3666666666666667,0.6419580419580418,0.4579940382995537,0.8179770611538986,0.23120889232635994,0.23045755558135594,0.09075992177425318,0.8494783076686954,0.3842367116848575,0.21025179525799326,0.35170603674540685,0.7147147147147147,0.452714060026281,0.8210189596945681,0.3456722432958116,0.18263368956498907,0.0455668482422988,0.8116700122613634,0.4198535805987331,0.19262011768922427,-0.11446335096945165,70.0338778409091,0.020448423593574183,0.07549433608733896
2010,137,1199,1211,60,67,-7,0,0,1,,-1.32258064516129,1.0048309542994496,0.8884925874710082,1.1074431032110952,0.9641806324379414,0.33519553072625696,0.6456086286594761,0.4536349447971007,0.795518323365562,0.25491175091820983,0.24760677517536245,0.114974724324787,0.8126553730239436,0.3772106286401474,0.23606786021531045,0.36518046709129515,0.6662679425837321,0.49492831169018836,0.7841654770290971,0.2177406091115506,0.185567474165855,0.06987085748700458,0.8404248321073163,0.41191334886518904,0.1821750198923392,0.03717114180665923,69.02217741935485,-0.0032953233340229926,0.051229927386865826
2010,137,1222,1268,77,89,-12,0,0,9,,-7.506060606060606,1.0903001833684656,1.0429803725509537,1.1167285103098445,0.9584119662223822,0.35584415584415585,0.7095435684647302,0.4193616557847371,0.9121063170392615,0.3245201281479761,0.12492489713814411,0.05049290560690889,0.8032656578935321,0.4665713025364262,0.23324875912828721,0.3876651982378854,0.7229299363057324,0.47202701996744845,0.8714262183108726,0.2140308300315929,0.16621231829265945,0.07378477136797204,0.8773851485119901,0.39336231960033685,0.2149578234214139,0.1104892981163832,71.61598484848486,-0.06293717355940037,-0.013961568279825975
2010,137,1277,1308,70,67,3,1,0,-7,,8.4375,1.0806810101971427,0.9626460388764891,1.0930174850889172,1.0734607064191746,0.3333333333333333,0.6813353566009105,0.47305949107652595,0.8475035103948033,0.21268795158451678,0.20946724428525573,0.055648874133408605,0.8405551194189371,0.4062735620063355,0.1933802353596827,0.37448559670781895,0.7006993006993008,0.4602076366220042,0.8204906176278862,0.31454484958788737,0.1781408589081282,0.05159352060438101,0.8663995698410313,0.4533809917290587,0.18484950412115267,-0.10185689800337058,69.52578125,0.02997964208862247,0.028867279653339017
2010,137,1155,1281,78,86,-8,0,0,-3,,-2.298387096774194,1.0425474532426073,0.9207592835688491,1.0750079153465297,0.9202825669741572,0.3360790774299835,0.659375,0.4525679417779644,0.8331593407810444,0.28049767986826285,0.21121159642299492,0.08752534093875636,0.7922186918790229,0.4215633253967753,0.24866390762903576,0.37104072398190047,0.7278195488721805,0.4409161938140723,0.8652390621001819,0.28805446880814856,0.17870990884046342,0.0839160231343492,0.7730149762454328,0.41288168822254706,0.27294418217073,-0.007556788939885706,71.07970010080645,0.0014850553948319023,-0.015035471473862083
2010,137,1326,1364,68,51,17,1,0,-13,,11.422268907563025,1.1326753904047975,0.9422264771540825,0.9949538691542825,0.9749852756484626,0.3878504672897196,0.6875000000000001,0.49638659344923813,0.8259895690221601,0.2861621820635949,0.17289933120614107,0.0759289132847555,0.8263043676234345,0.4131918016997236,0.21644385692188742,0.3779527559055118,0.6818181818181819,0.4468037244276908,0.7415445766454095,0.2678985865550597,0.22665535231805603,0.057522686657302834,0.8006115220580481,0.4183412798848258,0.22210384960012572,0.01826359550853518,66.73834033613446,0.027366173603324773,-0.010069903973414118
2010,137,1324,1338,66,89,-23,0,0,11,,-3.21875,1.0675996317441108,1.0294138750093222,1.0693489064228712,0.970520327992674,0.32013769363166955,0.7150326797385621,0.44535402492355985,0.8363701264996274,0.25890838633390606,0.195514123568896,0.08303308991578677,0.8477588133996354,0.4575192039041147,0.1843632127105988,0.3448275862068966,0.694868238557559,0.4482349861478412,0.8355975191623791,0.24249223956497412,0.1938210537354162,0.07479712300053502,0.8762432440342253,0.4041060261246533,0.1708211868705579,0.01641614676893194,66.96640625,-0.028147069501871402,0.003131035748325406
2010,137,1345,1373,72,64,8,1,0,-9,,0.005681818181818343,1.0670842343616949,0.9193155747032186,1.0714311362251632,0.9313313680413142,0.31910946196660483,0.7263751763046544,0.44823123946036963,0.8356829773820837,0.25246392866106426,0.16353903690388422,0.0869968418148919,0.7835017758192869,0.4040963411077437,0.23784059500336557,0.32304526748971196,0.6696774193548387,0.46136454573305163,0.8527620360826655,0.2096741116780322,0.17328851617941407,0.0602005109035349,0.8535541545806405,0.42898136419765465,0.21640662139313374,0.04278981698303205,68.52347301136363,0.005875858408614487,-0.015488766121292574
2010,137,1393,1436,79,56,23,1,0,-15,,8.329044117647058,1.1390193027231021,0.9419489490882199,1.041817114193135,0.9484459446879328,0.38530465949820786,0.6714490674318508,0.5158823004159059,0.8162212528096663,0.2445092948476829,0.20991066064211836,0.1057059232826279,0.8669122607485074,0.3997692583170125,0.22665716652185905,0.3207171314741036,0.6891304347826087,0.4438993305143212,0.7887788546489737,0.21891037644931532,0.2049669735973473,0.07273095533767868,0.8422645403382555,0.39437587508166694,0.2014182330134573,0.025598918398367587,69.85687040441177,0.03329479333311958,0.010720540141711088
2010,137,1401,1429,69,53,16,1,0,-7,,-6.910068426197459,1.0698948929012706,0.9721550089924217,1.1735725337986227,0.9592379219701984,0.3356521739130435,0.6630565583634176,0.44322958698392667,0.8055930945650648,0.27987269698053124,0.18285295123371453,0.061823260255076284,0.8072615850694314,0.4167900210090971,0.20953403820038574,0.4219330855018587,0.7618181818181817,0.4949984169232117,0.8766333103207865,0.2614769025585593,0.16260105805772979,0.0646049559427552,0.8527561845517742,0.404971209473694,0.17582400361979192,0.018395794421971923,64.82877565982405,-0.0317938207373441,0.01692117149435568
2010,137,1288,1452,50,77,-27,0,0,13,,-2.6818181818181817,1.0767957592925153,0.9910163444643282,1.1226936118956587,0.9819547640365759,0.3377926421404682,0.7030114226375909,0.4343598989848701,0.8498225775915964,0.23394357761650542,0.18865666489962257,0.06879179353475477,0.8194700705507815,0.42519452840509664,0.20306781162671156,0.3357771260997067,0.6961852861035422,0.43553500024303704,0.9013477744654687,0.3203403211843198,0.18095261954717634,0.0771325654258825,0.7985001157718863,0.4259536124544363,0.2091314112592433,-0.0863967435678144,68.13822601010102,-0.00020800860441366753,0.0012163868957858481
2010,137,1458,1459,53,49,4,1,0,-9,,4.1388074291300105,1.1189003019865604,0.9303201605915588,1.052521512903592,0.940786041289167,0.3612804878048781,0.7349624060150377,0.4487716089013717,0.8837657460513826,0.35516120943478496,0.1461326354817342,0.07422561490557664,0.793892105319169,0.4180574272615292,0.1990760542931264,0.3471971066907776,0.6734177215189874,0.44135302940024207,0.824110994883513,0.2584187787362035,0.18091650734409714,0.04028612537533848,0.7998756778069264,0.4216011713961953,0.21615732067592391,0.09674243069858146,62.981353861192574,0.005481161817897817,-0.03041042263903937
2010,137,1278,1462,54,65,-11,0,0,5,,-2.086397058823529,1.0962086779154374,0.9660637708892083,1.1182357535330194,0.9572520891361013,0.40439932318104904,0.7017001545595054,0.47266256949405294,0.8360042221968843,0.2619721035257998,0.19159020884134817,0.10068316123902689,0.8344113491480534,0.40581697056073757,0.21171163581816285,0.37166666666666665,0.713216957605985,0.4698536282197122,0.8255712084352806,0.26132186213607056,0.18348568212690614,0.06073060780716392,0.8459208372763444,0.41436708112863335,0.18103122900688834,0.0006502413897292447,69.12991727941176,0.0056795259211182,0.004406601927308573
2010,138,1124,1330,76,68,8,1,0,-8,,-0.2210626185958251,1.1309127282215972,0.9838035525701564,1.0634572067701629,0.9052253833765505,0.38584070796460174,0.7334360554699538,0.48348383475811774,0.8276392709948196,0.2702615752768377,0.20629952886577638,0.11672894923268949,0.872176943365402,0.3921583966803447,0.17673040445078375,0.31589537223340036,0.6446700507614213,0.4479507975612004,0.909093212490926,0.23235420867322598,0.20101797618563721,0.05623217346169022,0.8160876901810011,0.4017883955773785,0.22596820459829658,0.037907366603611714,65.70200426944972,0.022581518046975613,-0.008277972052969207
2010,138,1139,1293,54,52,2,1,0,-8,,-5.0,1.0866315660513444,0.9254651314760786,1.1289907610836252,0.8986902101071509,0.34177215189873417,0.7480417754569191,0.4577916220942278,0.7786188338397457,0.3065622233080617,0.1916281714268281,0.04827791493094341,0.7908777581499387,0.41460305016655546,0.21211007617696725,0.37153419593345655,0.7027027027027027,0.4982003289094384,0.801565497329932,0.252269933101474,0.21441300645618414,0.09733752083428987,0.8068041699991986,0.39386919123311415,0.24312732664260644,0.05429229020658771,66.06796875,-0.030571282874325922,-0.06326940248853641
2010,138,1140,1243,72,84,-12,0,0,5,,6.689393939393938,1.167312903015094,0.916928411271837,1.100466814041348,0.9615149200705094,0.41550387596899224,0.7860026917900403,0.4834635023385149,0.8344617932251949,0.2782473859465809,0.15936939608203196,0.06159317927237372,0.7854385123863057,0.4086644349540203,0.2179297727270428,0.35655058043117743,0.6646153846153846,0.45126005870642516,0.8117001028590559,0.2616018061872795,0.20153162047256254,0.0870283177526856,0.7592838015708923,0.42427939062974596,0.23593498571426108,0.016645579759301365,71.50507812500001,0.023909199653907753,-0.08261697471505286
2010,138,1246,1448,90,60,30,1,0,-8,,9.453346855983773,1.120416653832705,0.9244539665510342,1.0116001200314544,0.9522456926209877,0.3411764705882353,0.6786127167630058,0.4783136732046124,0.8259540758954415,0.2466277422514011,0.20488935521455082,0.11779585148855254,0.8687757460650124,0.3830458391137273,0.19985872942149233,0.31343283582089554,0.6601123595505618,0.4405749708189211,0.8316394819547002,0.19484372737360883,0.21099548922046168,0.08635456163562205,0.8424605037444554,0.38444909929939397,0.19704421029989802,0.05178401487779227,71.40120436105477,0.019570981285678968,0.006016509354304755
2010,138,1242,1320,67,69,-2,0,0,-8,,8.939338235294116,1.1633828646192441,0.9201224005026187,1.0652014830249708,0.9155372321015488,0.40894039735099336,0.7010676156583631,0.4889022784179229,0.8313572298170112,0.25089827552179467,0.18363417551023392,0.10755973907375357,0.8573315272616088,0.3801006559948596,0.2009317777512707,0.3528428093645485,0.7542955326460481,0.4310318999220141,0.8413925205040251,0.31516841193917955,0.17570213468906787,0.0412417659193331,0.8190196392720842,0.4038086496181356,0.20711796995236803,-0.06427013641738488,64.91125919117647,0.040789186059592475,0.06570690104230859
2010,138,1388,1437,75,68,7,1,0,8,,2.8559139784946233,1.1673290396603277,0.9793102879723965,1.1436907205576716,1.0024765489015046,0.41129032258064513,0.7652329749103942,0.4830009576147648,0.859094210949474,0.30697792610164243,0.1701536319082427,0.08856384577417464,0.8778590780358435,0.42651146490198283,0.1631206568529007,0.3763779527559055,0.7506172839506173,0.46587219942807484,0.8234183523052722,0.2832122775972932,0.19013505298220754,0.06924493556438632,0.7783803701778965,0.4096423394111907,0.20737616097911105,0.0237656485043492,69.8430376344086,0.00012981634794889674,-0.019937435683357374
2010,138,1325,1397,68,83,-15,0,0,8,,-3.8146167557932262,1.0470643849286674,0.9737783431290692,1.0362092739611513,0.9243186635675629,0.35755813953488375,0.7330827067669173,0.4284700743350948,0.822371948402164,0.2899950108624917,0.18121208926269972,0.04395857901741431,0.8306946910211276,0.41389599987930614,0.2141203694238984,0.3134087237479806,0.6685633001422474,0.4511139634698181,0.836208484837706,0.26447455476838033,0.18704591709131427,0.0667549376776515,0.7828704913735173,0.3999220629056236,0.23314317226969639,0.025520456094111355,70.37838680926916,-0.018308913054202902,5.903103234494722e-05
2010,138,1307,1449,64,82,-18,0,0,-8,,-0.2727272727272716,1.1278996702181598,0.9822801559860697,1.0870537626343977,0.9594334827237644,0.3746438746438746,0.6766398158803222,0.4414216550911491,0.8492617089377474,0.3161220939505699,0.16282729039622942,0.06400674188834811,0.8009825821782114,0.4280352780552821,0.20216303412748407,0.32509505703422054,0.727485380116959,0.45161686638319704,0.8455460838260328,0.220737594920341,0.17400485996659454,0.0683066911802258,0.7692257568498512,0.4227377001096334,0.21922350487612846,0.09538449903022889,70.72575757575757,-0.007746394618848296,-0.031535936420845845
2010,139,1165,1458,87,69,18,1,0,8,,-0.6696329254727473,1.1402764397474545,0.9785114547437562,1.1189003019865604,0.9303201605915588,0.4375963020030816,0.7319148936170212,0.47670254262897105,0.8525341987597691,0.3386185774639753,0.18643373147990722,0.06983591881473705,0.7944249795687539,0.42033895444643143,0.21091208596770944,0.3612804878048781,0.7349624060150377,0.4487716089013717,0.8837657460513826,0.35516120943478496,0.1461326354817342,0.07422561490557664,0.793892105319169,0.4180574272615292,0.1990760542931264,-0.016542631970809685,63.08845939933259,0.012824703271348548,0.024970764347537422
2010,139,1143,1181,53,68,-15,0,0,7,,-6.688948306595366,1.1371348170565736,0.9985841495395696,1.1494617639196594,0.9150138552239051,0.37285223367697595,0.7569955817378499,0.4788191699760089,0.8517916475441728,0.25728420404949803,0.17407453287486596,0.042575955313475404,0.8346138102193091,0.43546320385758625,0.19002375442997982,0.38244047619047616,0.7628865979381443,0.4411805021597728,0.8922416806334857,0.29313515855948225,0.16458173502429932,0.07503954078417184,0.8220944546871221,0.40671376543882376,0.21812893707919742,-0.03585095450998421,68.14512032085563,0.004444614698736804,-0.033820875514197546
2010,139,1268,1277,83,85,-2,0,0,-1,,2.2958333333333325,1.1167285103098445,0.9584119662223822,1.0806810101971427,0.9626460388764891,0.3876651982378854,0.7229299363057324,0.47202701996744845,0.8714262183108726,0.2140308300315929,0.16621231829265945,0.07378477136797204,0.8773851485119901,0.39336231960033685,0.2149578234214139,0.3333333333333333,0.6813353566009105,0.47305949107652595,0.8475035103948033,0.21268795158451678,0.20946724428525573,0.055648874133408605,0.8405551194189371,0.4062735620063355,0.1933802353596827,0.001342878447076118,69.05122395833334,0.005939385648460527,0.010339478743246255
2010,139,1210,1326,66,75,-9,0,0,8,,-6.605169340463458,1.0235495495311504,0.9389122968154457,1.1326753904047975,0.9422264771540825,0.3666666666666667,0.6419580419580418,0.4579940382995537,0.8179770611538986,0.23120889232635994,0.23045755558135594,0.09075992177425318,0.8494783076686954,0.3842367116848575,0.21025179525799326,0.3878504672897196,0.6875000000000001,0.49638659344923813,0.8259895690221601,0.2861621820635949,0.17289933120614107,0.0759289132847555,0.8263043676234345,0.4131918016997236,0.21644385692188742,-0.054953289737234956,68.13282085561497,-0.0047187325674091785,0.07418115840525513
2010,139,1345,1401,63,61,2,1,1,-1,,3.703629032258065,1.0670842343616949,0.9193155747032186,1.0698948929012706,0.9721550089924217,0.31910946196660483,0.7263751763046544,0.44823123946036963,0.8356829773820837,0.25246392866106426,0.16353903690388422,0.0869968418148919,0.7835017758192869,0.4040963411077437,0.23784059500336557,0.3356521739130435,0.6630565583634176,0.44322958698392667,0.8055930945650648,0.27987269698053124,0.18285295123371453,0.061823260255076284,0.8072615850694314,0.4167900210090971,0.20953403820038574,-0.02740876831946698,66.75565776209677,0.008847666188898207,-0.008717192073372737
2010,139,1211,1393,65,87,-22,0,0,7,,-4.94858870967742,1.1074431032110952,0.9641806324379414,1.1390193027231021,0.9419489490882199,0.36518046709129515,0.6662679425837321,0.49492831169018836,0.7841654770290971,0.2177406091115506,0.185567474165855,0.06987085748700458,0.8404248321073163,0.41191334886518904,0.1821750198923392,0.38530465949820786,0.6714490674318508,0.5158823004159059,0.8162212528096663,0.2445092948476829,0.20991066064211836,0.1057059232826279,0.8669122607485074,0.3997692583170125,0.22665716652185905,-0.02676868573613231,70.81578881048387,-0.01654903963694704,-0.056241483289479866
2010,139,1281,1452,59,68,-9,0,0,8,,2.5681818181818183,1.0750079153465297,0.9202825669741572,1.1226936118956587,0.9819547640365759,0.37104072398190047,0.7278195488721805,0.4409161938140723,0.8652390621001819,0.28805446880814856,0.17870990884046342,0.0839160231343492,0.7730149762454328,0.41288168822254706,0.27294418217073,0.3357771260997067,0.6961852861035422,0.43553500024303704,0.9013477744654687,0.3203403211843198,0.18095261954717634,0.0771325654258825,0.7985001157718863,0.4259536124544363,0.2091314112592433,-0.032285852376171265,68.44634232954546,0.009226558901462234,-0.005445871315996387
2010,139,1338,1462,68,71,-3,0,0,-3,,-4.25,1.0693489064228712,0.970520327992674,1.1182357535330194,0.9572520891361013,0.3448275862068966,0.694868238557559,0.4482349861478412,0.8355975191623791,0.24249223956497412,0.1938210537354162,0.07479712300053502,0.8762432440342253,0.4041060261246533,0.1708211868705579,0.37166666666666665,0.713216957605985,0.4698536282197122,0.8255712084352806,0.26132186213607056,0.18348568212690614,0.06073060780716392,0.8459208372763444,0.41436708112863335,0.18103122900688834,-0.018829622571096438,67.70976562499999,-0.005678793533945514,0.020790519644834027
2010,143,1139,1393,63,59,4,1,0,4,,-4.53125,1.0866315660513444,0.9254651314760786,1.1390193027231021,0.9419489490882199,0.34177215189873417,0.7480417754569191,0.4577916220942278,0.7786188338397457,0.3065622233080617,0.1916281714268281,0.04827791493094341,0.7908777581499387,0.41460305016655546,0.21211007617696725,0.38530465949820786,0.6714490674318508,0.5158823004159059,0.8162212528096663,0.2445092948476829,0.20991066064211836,0.1057059232826279,0.8669122607485074,0.3997692583170125,0.22665716652185905,0.0620529284603788,68.15507812499999,-0.03646223508561053,-0.06685044972668042
2010,143,1243,1462,101,96,5,1,2,-4,,-0.71875,1.100466814041348,0.9615149200705094,1.1182357535330194,0.9572520891361013,0.35655058043117743,0.6646153846153846,0.45126005870642516,0.8117001028590559,0.2616018061872795,0.20153162047256254,0.0870283177526856,0.7592838015708923,0.42427939062974596,0.23593498571426108,0.37166666666666665,0.713216957605985,0.4698536282197122,0.8255712084352806,0.26132186213607056,0.18348568212690614,0.06073060780716392,0.8459208372763444,0.41436708112863335,0.18103122900688834,0.00027994405120895793,72.032421875,-0.014252939507199802,0.051201656928995254
2010,143,1165,1246,45,62,-17,0,0,11,,-3.349898580121703,1.1402764397474545,0.9785114547437562,1.120416653832705,0.9244539665510342,0.4375963020030816,0.7319148936170212,0.47670254262897105,0.8525341987597691,0.3386185774639753,0.18643373147990722,0.06983591881473705,0.7944249795687539,0.42033895444643143,0.21091208596770944,0.3411764705882353,0.6786127167630058,0.4783136732046124,0.8259540758954415,0.2466277422514011,0.20488935521455082,0.11779585148855254,0.8687757460650124,0.3830458391137273,0.19985872942149233,0.09199083521257417,68.26413539553752,-0.019452122954172757,-0.058549400318536726
2010,143,1449,1452,56,69,-13,0,0,9,,0.6666666666666661,1.0870537626343977,0.9594334827237644,1.1226936118956587,0.9819547640365759,0.32509505703422054,0.727485380116959,0.45161686638319704,0.8455460838260328,0.220737594920341,0.17400485996659454,0.0683066911802258,0.7692257568498512,0.4227377001096334,0.21922350487612846,0.3357771260997067,0.6961852861035422,0.43553500024303704,0.9013477744654687,0.3203403211843198,0.18095261954717634,0.0771325654258825,0.7985001157718863,0.4259536124544363,0.2091314112592433,-0.09960272626397881,69.10265151515152,0.009648889242481418,-0.02336132157871329
2010,144,1124,1388,72,49,23,1,0,-7,,-2.3720430107526873,1.1309127282215972,0.9838035525701564,1.1673290396603277,0.9793102879723965,0.38584070796460174,0.7334360554699538,0.48348383475811774,0.8276392709948196,0.2702615752768377,0.20629952886577638,0.11672894923268949,0.872176943365402,0.3921583966803447,0.17673040445078375,0.41129032258064513,0.7652329749103942,0.4830009576147648,0.859094210949474,0.30697792610164243,0.1701536319082427,0.08856384577417464,0.8778590780358435,0.42651146490198283,0.1631206568529007,-0.03671635082480473,67.69021505376344,0.017417972682495564,0.027781114440208032
2010,144,1181,1345,70,57,13,1,0,-3,,6.077205882352942,1.1494617639196594,0.9150138552239051,1.0670842343616949,0.9193155747032186,0.38244047619047616,0.7628865979381443,0.4411805021597728,0.8922416806334857,0.29313515855948225,0.16458173502429932,0.07503954078417184,0.8220944546871221,0.40671376543882376,0.21812893707919742,0.31910946196660483,0.7263751763046544,0.44823123946036963,0.8356829773820837,0.25246392866106426,0.16353903690388422,0.0869968418148919,0.7835017758192869,0.4040963411077437,0.23784059500336557,0.04067122989841798,67.09813878676471,-0.004834080815838471,0.051593917939205425
2010,144,1277,1320,59,52,7,1,0,-4,,-0.09375,1.0806810101971427,0.9626460388764891,1.0652014830249708,0.9155372321015488,0.3333333333333333,0.6813353566009105,0.47305949107652595,0.8475035103948033,0.21268795158451678,0.20946724428525573,0.055648874133408605,0.8405551194189371,0.4062735620063355,0.1933802353596827,0.3528428093645485,0.7542955326460481,0.4310318999220141,0.8413925205040251,0.31516841193917955,0.17570213468906787,0.0412417659193331,0.8190196392720842,0.4038086496181356,0.20711796995236803,-0.10248046035466277,63.335546875000006,0.019781339383156016,0.0653316042065003
2010,144,1326,1397,73,76,-3,0,0,-4,,4.332442067736185,1.1326753904047975,0.9422264771540825,1.0362092739611513,0.9243186635675629,0.3878504672897196,0.6875000000000001,0.49638659344923813,0.8259895690221601,0.2861621820635949,0.17289933120614107,0.0759289132847555,0.8263043676234345,0.4131918016997236,0.21644385692188742,0.3134087237479806,0.6685633001422474,0.4511139634698181,0.836208484837706,0.26447455476838033,0.18704591709131427,0.0667549376776515,0.7828704913735173,0.3999220629056236,0.23314317226969639,0.021687627295214562,68.1070632798574,0.016001445592660035,-0.033032584872666415
2010,145,1139,1243,63,56,7,1,0,3,,-0.1875,1.0866315660513444,0.9254651314760786,1.100466814041348,0.9615149200705094,0.34177215189873417,0.7480417754569191,0.4577916220942278,0.7786188338397457,0.3065622233080617,0.1916281714268281,0.04827791493094341,0.7908777581499387,0.41460305016655546,0.21211007617696725,0.35655058043117743,0.6646153846153846,0.45126005870642516,0.8117001028590559,0.2616018061872795,0.20153162047256254,0.0870283177526856,0.7592838015708923,0.42427939062974596,0.23593498571426108,0.04496041712078219,68.499609375,0.008103951925496511,-0.0786372901505657
2010,145,1246,1452,66,73,-7,0,0,-1,,4.788770053475936,1.120416653832705,0.9244539665510342,1.1226936118956587,0.9819547640365759,0.3411764705882353,0.6786127167630058,0.4783136732046124,0.8259540758954415,0.2466277422514011,0.20488935521455082,0.11779585148855254,0.8687757460650124,0.3830458391137273,0.19985872942149233,0.3357771260997067,0.6961852861035422,0.43553500024303704,0.9013477744654687,0.3203403211843198,0.18095261954717634,0.0771325654258825,0.7985001157718863,0.4259536124544363,0.2091314112592433,-0.07371257893291872,67.86006016042782,0.04284322315114214,-0.0020002038034770964
2010,146,1124,1181,71,78,-7,0,0,2,,-6.103415559772296,1.1309127282215972,0.9838035525701564,1.1494617639196594,0.9150138552239051,0.38584070796460174,0.7334360554699538,0.48348383475811774,0.8276392709948196,0.2702615752768377,0.20629952886577638,0.11672894923268949,0.872176943365402,0.3921583966803447,0.17673040445078375,0.38244047619047616,0.7628865979381443,0.4411805021597728,0.8922416806334857,0.29313515855948225,0.16458173502429932,0.07503954078417184,0.8220944546871221,0.40671376543882376,0.21812893707919742,-0.02287358328264455,67.72957779886148,0.028429350678412013,-0.0100274029856805
2010,146,1277,1397,70,69,1,1,0,-1,,0.24053030303030276,1.0806810101971427,0.9626460388764891,1.0362092739611513,0.9243186635675629,0.3333333333333333,0.6813353566009105,0.47305949107652595,0.8475035103948033,0.21268795158451678,0.20946724428525573,0.055648874133408605,0.8405551194189371,0.4062735620063355,0.1933802353596827,0.3134087237479806,0.6685633001422474,0.4511139634698181,0.836208484837706,0.26447455476838033,0.18704591709131427,0.0667549376776515,0.7828704913735173,0.3999220629056236,0.23314317226969639,-0.05178660318386355,68.94054214015152,0.007797014252997947,0.025096720153940377
2010,152,1139,1277,52,50,2,1,0,0,,1.125,1.0866315660513444,0.9254651314760786,1.0806810101971427,0.9626460388764891,0.34177215189873417,0.7480417754569191,0.4577916220942278,0.7786188338397457,0.3065622233080617,0.1916281714268281,0.04827791493094341,0.7908777581499387,0.41460305016655546,0.21211007617696725,0.3333333333333333,0.6813353566009105,0.47305949107652595,0.8475035103948033,0.21268795158451678,0.20946724428525573,0.055648874133408605,0.8405551194189371,0.4062735620063355,0.1933802353596827,0.09387427172354493,65.919921875,-0.011798678571259047,-0.05491741420898033
2010,152,1181,1452,78,57,21,1,0,-1,,7.08288770053476,1.1494617639196594,0.9150138552239051,1.1226936118956587,0.9819547640365759,0.38244047619047616,0.7628865979381443,0.4411805021597728,0.8922416806334857,0.29313515855948225,0.16458173502429932,0.07503954078417184,0.8220944546871221,0.40671376543882376,0.21812893707919742,0.3357771260997067,0.6961852861035422,0.43553500024303704,0.9013477744654687,0.3203403211843198,0.18095261954717634,0.0771325654258825,0.7985001157718863,0.4259536124544363,0.2091314112592433,-0.027205162624837576,66.25307486631016,0.012442674466174142,-0.004922032300627488
2010,154,1139,1181,59,61,-2,0,0,4,,-6.202205882352942,1.0866315660513444,0.9254651314760786,1.1494617639196594,0.9150138552239051,0.34177215189873417,0.7480417754569191,0.4577916220942278,0.7786188338397457,0.3065622233080617,0.1916281714268281,0.04827791493094341,0.7908777581499387,0.41460305016655546,0.21211007617696725,0.38244047619047616,0.7628865979381443,0.4411805021597728,0.8922416806334857,0.29313515855948225,0.16458173502429932,0.07503954078417184,0.8220944546871221,0.40671376543882376,0.21812893707919742,0.013427064748579465,66.1305606617647,0.004360917603361658,-0.07015646691999072
2011,134,1155,1412,70,52,18,1,0,0,,0.7458333333333336,1.045778658654909,0.9266701720636855,1.0700588681840486,0.9621876361870766,0.348993288590604,0.6928895612708018,0.4498722705071768,0.8229818748074612,0.28391450490662173,0.20322630919855247,0.09243721541250001,0.8081654805783253,0.40045414239570365,0.231274095022768,0.3367952522255193,0.7193675889328063,0.44074595774179876,0.8686641460473032,0.3485072437455392,0.18893495396461232,0.05822250840334241,0.8511531629747887,0.41082213238827486,0.19181400885549418,-0.06459273883891747,65.04190104166666,0.009747151378974639,0.012438561802428194
2011,134,1114,1421,77,81,-4,0,1,0,,-4.2727272727272725,1.0187156545103417,1.0351902213737627,1.0079868910455423,0.9639022510663955,0.39748201438848924,0.6944818304172274,0.41516476162332233,0.8153011649416353,0.2587101595711881,0.17906125554250618,0.04693242275127431,0.784644230457677,0.4421178646245452,0.20842654792960086,0.32943925233644855,0.7004405286343612,0.4507223049588028,0.7922481411862696,0.20819726071101524,0.21259176571811575,0.07986788305198059,0.7893809426105146,0.4195435064932286,0.245148952048012,0.05051289886017285,68.20350052246604,-0.029065950733398516,-0.032545485804758134
2011,135,1106,1427,61,70,-9,0,0,0,,-2.6336206896551726,0.9213840627355648,0.9690571123358628,1.0273792318546617,1.028632995025603,0.2922201138519924,0.6089171974522293,0.39947677434422835,0.7900354682515851,0.24778391198455701,0.23624897605483575,0.09047078208695007,0.7481750375641244,0.4134496057662363,0.23487804621526148,0.3631578947368421,0.7196969696969698,0.4304270266774565,0.7978835175221684,0.2854529616756367,0.19655501274946327,0.04261752888235403,0.8296883419821005,0.4278996106812403,0.19856981553416875,-0.0376690496910797,67.64675377155172,-0.008250123709112045,0.03558625066566201
2011,135,1425,1433,46,59,-13,0,0,0,,-0.027629233511586193,1.0356293746066307,0.970379197009951,1.0808158151332403,1.0217574448735764,0.3573943661971831,0.6532905296950241,0.4457960513221616,0.844424584770329,0.26799324145589304,0.17536168368051946,0.055504243423649124,0.8210225412498504,0.415493385842339,0.18247559430321397,0.359173126614987,0.7189728958630528,0.4366768075707807,0.843197094306011,0.3455238560005145,0.17438790628599218,0.06824399579176366,0.8250712013445535,0.45311823517625216,0.22517637901439558,-0.07753061454462146,65.37416443850267,0.023372046542647018,-0.04823883296023146
2011,136,1139,1330,60,58,2,1,0,-1,,-0.061583577712610804,1.0931090952130353,0.9851984838633081,1.0901721716815937,0.9527285205193889,0.3620689655172413,0.7278195488721804,0.44442565707766823,0.8436232344769585,0.3126561198419301,0.16972814106910636,0.029235942034679555,0.8005647465050042,0.4273402683117734,0.1914667868541427,0.32857142857142857,0.6636363636363637,0.44337075331480624,0.8955656033039909,0.24626074488560093,0.2047799409080145,0.08274170140333198,0.8542382401007694,0.40449038099328316,0.18867344462348246,0.06639537495632916,63.42735826001955,-0.010897491777814128,-0.06510952728269281
2011,136,1140,1459,74,66,8,1,0,-11,,7.454545454545454,1.128256729907261,0.9536641567384748,1.1203421434504421,1.0358400329015816,0.3609625668449198,0.7557251908396947,0.4527745006030948,0.8495611339819189,0.3157195975473618,0.15341620295407973,0.07207329649910506,0.8229578779332754,0.41584749906841173,0.20187099555792498,0.40717299578059074,0.6909814323607427,0.48242439919746216,0.827447094869338,0.21690533831764658,0.178037314590011,0.048053059084989566,0.7997258664668658,0.4495652958963667,0.2027723388676415,0.0988142592297152,69.02272727272728,0.002033949116793776,-0.033553744704181265
2011,136,1153,1281,78,63,15,1,0,-5,,0.7575757575757578,1.0719215140832938,0.9295860092251456,1.09983920232809,0.9866308808654217,0.33865814696485624,0.6657223796033994,0.4360639126123814,0.867660597519233,0.29848101175597685,0.18095535873701873,0.07445717365946666,0.7984322059277711,0.4121245409334343,0.2237379259538034,0.36378205128205127,0.735632183908046,0.46086765197181173,0.8548029792421322,0.266915643398398,0.1706691902949007,0.0878032044862297,0.7789522325476006,0.4419196775953007,0.24804715446066722,0.03156536835757884,68.73200757575756,0.00249569865121807,-0.006555889978391627
2011,136,1137,1163,52,81,-29,0,0,11,,0.30476190476190457,1.061437289611393,0.9618119000883212,1.0927946137454665,0.9887183752940757,0.40248226950354615,0.7864077669902912,0.45021796997277486,0.8207149484509679,0.25690069377277786,0.16927464732238712,0.0565512401631083,0.8372967936174609,0.39376177545660407,0.180693542000283,0.3317073170731707,0.7548476454293628,0.4361512347064419,0.8946484987901145,0.2627895000602084,0.1741120717345148,0.09150336267790389,0.9015163372960165,0.40542575758290117,0.18043603804074823,-0.005888806287430548,66.97212121212121,0.012865358696315055,-0.09234013268288921
2011,136,1196,1364,79,51,28,1,0,-13,,6.381400208986415,1.0945521729314254,0.9679614915204603,1.02988132862094,0.9947791486278361,0.3559027777777778,0.6666666666666666,0.461808752929948,0.8636454818519048,0.26990840712601255,0.1918085901452403,0.06422964588569383,0.859333176416861,0.4255880924861411,0.19229837290306345,0.36996336996337,0.7653429602888088,0.4547699393784432,0.7806977125809165,0.2879641979705067,0.21667081737768673,0.07723821967713491,0.8074500247964319,0.4092439796311849,0.20002085519797208,-0.018055790844494157,65.53610240334379,-0.004652649651725682,0.044960689489106476
2011,136,1211,1385,86,71,15,1,0,5,,7.03125,1.1053480750075455,0.948521528144657,1.0529385660871338,0.9921487949292366,0.3564356435643564,0.7594594594594595,0.4729205226735319,0.8108455770065613,0.23080375794477043,0.1966353691061726,0.06485341523495503,0.8050350462856533,0.40064757844588106,0.21276869019841482,0.3300970873786408,0.7109375,0.4566128099019997,0.8062808428831297,0.1937555668792862,0.1862280805567666,0.054655400053815806,0.7738618583999007,0.4335555871414167,0.24247584078905254,0.03704819106548424,67.5515625,0.02460786073353388,-0.00905309475698235
2011,136,1243,1429,73,68,5,1,0,-7,,-6.700604838709677,1.0508671678088461,0.9603504742307092,1.109763062343518,0.8981323049571276,0.37435897435897436,0.6512549537648613,0.43379040610297004,0.8281849811491708,0.27409340027254664,0.2152534031027122,0.08765533596203202,0.7593300135724078,0.42630522147203237,0.22769916885840938,0.35823754789272033,0.7355371900826446,0.47105628465316574,0.8156960968298237,0.25577410793015737,0.18368679416331127,0.0609443120261699,0.8204548511622662,0.3873493126767734,0.19024144702167284,0.01831929234238927,66.67981350806451,-0.0381108936727273,0.0644707217478756
2011,136,1246,1343,59,57,2,1,0,-9,,7.00909090909091,1.1435851822848673,0.9525932247533776,1.0758212549927761,0.9775419005856602,0.39705882352941174,0.7176966292134832,0.4619041111955511,0.8690603270997529,0.2771535951975573,0.15915972868311315,0.1077193332214082,0.8648323156581336,0.3943212505667084,0.1826597048171945,0.37322515212981744,0.7335581787521079,0.46451864110442526,0.8194436007771719,0.255012808541871,0.1891895390753859,0.07860236620799345,0.8180990392070667,0.42584231446351256,0.18232630701117142,0.022140786655686306,65.8642803030303,0.014453266993964986,0.04005089364434
2011,136,1257,1287,61,62,-1,0,0,-9,,3.896584440227703,1.0813769248275036,0.9365869691578697,1.062857092345992,0.964605302054288,0.3606755126658625,0.6693944353518823,0.44959170238841417,0.873005971229577,0.35492679052593923,0.18830486655513487,0.089110790288242,0.803205615701596,0.39588884714070777,0.23320956637221177,0.34264432029795155,0.6770370370370371,0.4580427762602881,0.8219470815528271,0.2693590476397004,0.2327481976272069,0.06534978394114183,0.7733532999794944,0.4218380649222756,0.23105236697874929,0.0855677428862388,67.01813330170778,0.008749071954846921,-0.0026748586937652696
2011,136,1338,1421,74,51,23,1,0,-15,,10.09375,1.1629327176317188,0.9581834534121944,1.0079868910455423,0.9639022510663955,0.3900414937759336,0.6719160104986877,0.47285143187723166,0.8656520051058795,0.23668155852010916,0.18041297062044678,0.06063873507371221,0.855180703225846,0.4014601380856805,0.17713900264968643,0.32943925233644855,0.7004405286343612,0.4507223049588028,0.7922481411862696,0.20819726071101524,0.21259176571811575,0.07986788305198059,0.7893809426105146,0.4195435064932286,0.245148952048012,0.028484297809093923,67.51872306034483,0.020106247662988463,0.014287997075388303
2011,136,1350,1435,69,66,3,1,0,7,,0.6007130124777174,1.0975568244354301,0.9500755803942866,1.110282151513044,0.9865872735551126,0.39970059880239517,0.6911764705882353,0.4649268923120434,0.8426448560966721,0.30773132264033964,0.16641406145188817,0.07391488292524216,0.8713859180341623,0.4018316241532728,0.19550143065827438,0.36978417266187047,0.746928746928747,0.45767179736892294,0.7998189041887671,0.3074497429773314,0.18944720007457624,0.08061198215781734,0.8844221562713257,0.4127074983780155,0.17722714866884456,0.00028157966300823567,66.3837789661319,0.009065484583931638,-0.018285205685965478
2011,136,1294,1361,50,68,-18,0,0,13,,-7.745689655172414,1.0671591697882115,0.9982203873896713,1.103419672101659,0.9231005754175722,0.38372093023255816,0.7720588235294118,0.42792356028532536,0.7926830092145277,0.3123998696867478,0.21773618996053135,0.03620580656599671,0.7755939182121019,0.41760822046574986,0.20456546102991083,0.33575317604355714,0.7001675041876047,0.45737902593840396,0.8870284324660351,0.26927437792800113,0.17224782720784296,0.08760840316396405,0.8502058686293573,0.39610696963902464,0.19990540218736472,0.04312549175874669,65.44271282327585,-0.02547835823990191,-0.014593792177178821
2011,136,1336,1396,64,66,-2,0,0,3,,-8.175189393939394,1.0603140835652598,1.040884855737021,1.0732559534325012,0.9327361619498807,0.33602584814216474,0.7249070631970259,0.4428714952520078,0.8620080908631699,0.31690766938435483,0.17698249610339298,0.04751602186784814,0.8637920141117454,0.44088657124272046,0.17712953761559871,0.35390199637023595,0.6936507936507936,0.44826635192046604,0.8651348760267479,0.2615319075398287,0.16172026498795028,0.08514751904103715,0.8433864430684426,0.4123125468730449,0.1990725884418085,0.05537576184452614,62.93979640151515,-0.01698444051906689,0.01060984389916153
2011,136,1277,1417,76,78,-2,0,0,3,,-2.03125,1.0221345333502814,1.0023783469523384,1.035999986986495,0.9764099777523926,0.3476764199655766,0.6973886328725039,0.43111025645941525,0.8380013045474378,0.2757410725153381,0.199140473701806,0.08936835212346991,0.8283613312972165,0.425315501337593,0.17609888092418324,0.32806324110671936,0.6834239130434783,0.45743722733339776,0.7965315088201538,0.23499370044311668,0.21737373347125052,0.09821820081761945,0.8633257310389433,0.4203858057395796,0.17737564184529553,0.0407473720722214,67.091015625,-0.015628333235997938,-0.018846573274930445
2011,136,1155,1452,76,84,-8,0,0,7,,1.860887096774194,1.045778658654909,0.9266701720636855,1.086589732470124,1.005014442187434,0.348993288590604,0.6928895612708018,0.4498722705071768,0.8229818748074612,0.28391450490662173,0.20322630919855247,0.09243721541250001,0.8081654805783253,0.40045414239570365,0.231274095022768,0.33506044905008636,0.7057142857142856,0.42729815326033316,0.8706801233575387,0.294268864853492,0.1895548912884201,0.07764932384140669,0.8667087633708986,0.4160107400802702,0.18795134456763013,-0.010354359946870284,64.63015372983871,0.019065357465705146,-0.04824808529060032
2011,136,1125,1458,58,72,-14,0,0,9,,8.540796963946867,1.1475511887680905,0.8845497926248918,1.18213685858084,1.015456191940093,0.3812351543942993,0.7364953886693018,0.4654167391756947,0.8396402242957555,0.353907084445812,0.1984730775652077,0.06715657653869427,0.7260177084292174,0.4090597537537552,0.27541225762841703,0.3714710252600297,0.8240343347639484,0.44939682352424143,0.9344258263460836,0.37883861895666543,0.12658763200838227,0.06329583294360834,0.8452995618725618,0.43139153015725745,0.16746441485278424,-0.024931534510853448,63.87721774193548,0.019175846027477794,0.04994654474379723
2011,137,1112,1272,77,75,2,1,0,-7,,5.117647058823529,1.1309841554050233,0.9870003353777042,1.0255541269401227,0.9824342580171965,0.3994082840236686,0.7466007416563659,0.47286293456440065,0.8001201921194075,0.29488306666894754,0.18803921068181448,0.04806730679486323,0.8189838368964582,0.4445968872197054,0.18674453633145374,0.3269230769230769,0.679419525065963,0.4491074286048076,0.8061410291544654,0.26084127188910955,0.2174384762145185,0.09288783750405012,0.821680234315427,0.4164555922027527,0.21260681366257794,0.034041794779837986,69.01948529411766,-0.0021928945286798784,-0.0403231700529888
2011,137,1181,1214,87,45,42,1,0,-15,,11.761859582542694,1.1478710968775232,0.910467391597001,0.9813968782934603,0.9056762451028167,0.37517241379310345,0.7496723460026212,0.46879749159988504,0.8522017021899624,0.30238892841815096,0.17225229644818715,0.07287696335066574,0.852862009484111,0.40081792930338755,0.21125029276600374,0.3214862681744749,0.6470588235294117,0.405416679390759,0.8221756971065833,0.2941617160123633,0.17727810943235842,0.10070816075274845,0.8315701421802202,0.3799398118281304,0.229775196200992,0.008227212405787665,69.36993595825427,0.02125134736693446,0.01680489672426999
2011,137,1199,1401,57,50,7,1,0,3,,-0.06451612903225801,0.9861267956777504,0.8947895713542159,1.0657260534841995,0.9611709440472112,0.33046471600688465,0.6631419939577039,0.4362533120227651,0.8040680803143612,0.26838039127753804,0.23186918922838354,0.10013932438911301,0.8097562234209741,0.36844484979510606,0.2201630711288705,0.33739837398373984,0.7038007863695938,0.4438696570234166,0.8084192427445058,0.24833200992074383,0.20324126176009666,0.029943335075698647,0.8117913964896145,0.41209883865799857,0.2049055334392654,0.02004838135679421,67.11088709677418,0.018018821931120477,-0.008656346912474966
2011,137,1206,1437,61,57,4,1,0,-1,,4.65625,1.1268621913223746,0.9465375152725441,1.1029022148727683,0.9934707937826281,0.3966789667896679,0.6899563318777293,0.47537806389325377,0.8379262282876427,0.2599315666938843,0.16710676255303103,0.06134923967045999,0.8357074730778148,0.40757096577021146,0.20994132895287596,0.3487972508591065,0.7579787234042553,0.44441653699196926,0.8365424424628852,0.2766448636838816,0.18091731784217185,0.06896806321406192,0.8379506930152247,0.4061019822771582,0.18207269376677773,-0.016713296989997295,65.648828125,0.014746271704115632,-0.015354082517647138
2011,137,1228,1424,73,62,11,1,0,1,,-3.21875,1.0714045032607926,0.983785995546088,1.0670769076046305,0.9228638049264464,0.3869257950530035,0.7286821705426356,0.4713254590159814,0.8488285950097253,0.26835699715990774,0.19082465613842145,0.0832346799134814,0.8600739090880597,0.40056445654817247,0.18154647568591836,0.33146067415730335,0.6895565092989986,0.4624806129410937,0.8276380921240364,0.24980633403281188,0.1865714678180008,0.06862858062466018,0.7790529283835169,0.403424813558215,0.2380436958321569,0.018550663127095857,66.986328125,0.005852601542465141,-0.006995587052120333
2011,137,1131,1242,53,72,-19,0,0,15,,-15.176470588235295,1.0407736134107328,1.0004671471668054,1.169580676502309,0.9285470998155656,0.35506241331484045,0.7306002928257685,0.40529267655629714,0.8495713266349183,0.337725658862424,0.19049865276232436,0.06593267935456698,0.8929269951522486,0.39515382818374545,0.1792295658120547,0.38714733542319746,0.6809045226130653,0.5135156233464709,0.8187944504192644,0.26773859586057797,0.19051787600045314,0.07155334592068907,0.8189755205277814,0.40021663613275277,0.20255373789009581,0.06998706300184604,66.65477941176471,-0.05158006942058324,0.018614909857732065
2011,137,1266,1462,66,55,11,1,0,5,,-1.0351043643263758,1.1107337931167733,1.0192611528603153,1.0937635086908297,0.9708638837387694,0.35236220472440943,0.6913294797687862,0.4676223183250296,0.8310813730432729,0.219852220743959,0.17402276095594119,0.0622846153155583,0.8481428686483353,0.44136390841695033,0.20487059300189567,0.33333333333333337,0.7476383265856951,0.4628943328369501,0.8031124533859912,0.2512559941508641,0.18075475894358048,0.055919570481461185,0.8250300635658261,0.40232316267591167,0.18708516414754006,-0.03140377340690509,67.4223315939279,-0.017156380126479576,0.04599569159322531
2011,137,1276,1397,75,45,30,1,0,-1,,-0.4583333333333335,1.054380412681896,1.0082349120102378,1.0419782820085752,0.9941254203814152,0.3542234332425068,0.70042194092827,0.4451921783502392,0.8561790454804799,0.37123755005561415,0.16249137897758928,0.038000848958155024,0.8526875529637417,0.4328319040887355,0.18464749385079787,0.30442477876106194,0.6830238726790451,0.43639754578661466,0.8522364172183677,0.2550704099940814,0.19506121880695268,0.0664027467342405,0.8134803042223574,0.41933511122081785,0.20839841516096008,0.11616714006153273,64.97810132575758,-0.002351080152146523,-0.07764940631884643
2011,137,1254,1314,87,102,-15,0,0,13,,-0.19034090909090828,1.0947063912333201,0.9818690546094506,1.0539838444233827,0.9415802924448223,0.3658940397350993,0.6447638603696099,0.4672701301388977,0.7998267296459713,0.25147926118041014,0.20208984283525847,0.05239828242571066,0.8712486947105642,0.4343657645029774,0.19856553846924305,0.3333333333333333,0.6628056628056628,0.44799633849811005,0.8562593202909751,0.21667650342758196,0.18689307566184382,0.08554835119706244,0.8684166399839519,0.40415215056276915,0.19620478219994225,0.03480275775282818,74.03307291666667,-0.005469911149710349,0.015002023816667931
2011,137,1103,1323,56,69,-13,0,0,13,,-6.727941176470589,1.031131970617918,0.9728077295031421,1.165828520248561,1.0098687037062706,0.3602150537634409,0.7080645161290323,0.43257178189965295,0.8438319294832975,0.324689667217033,0.178156573968477,0.06006537211326693,0.8232712053017466,0.41889245937598046,0.20508168942936095,0.3918305597579425,0.7250639386189258,0.4650888371946869,0.8265046138409012,0.31782180109179464,0.16412252091872748,0.061918787446653835,0.9051797183366928,0.4094926067359051,0.1575606251843232,0.0068678661252383755,66.51989889705882,-0.020958453967554636,-0.012775714570719077
2011,137,1326,1427,75,46,29,1,0,-15,,17.50608519269777,1.1939950709273497,0.9359122381914232,1.0273792318546617,1.028632995025603,0.4128289473684211,0.7048951048951049,0.49575728530624874,0.8583097696681544,0.2748805698943858,0.1565892598041262,0.061616949732588334,0.8300002925750585,0.42928594730506425,0.22978990024706072,0.3631578947368421,0.7196969696969698,0.4304270266774565,0.7978835175221684,0.2854529616756367,0.19655501274946327,0.04261752888235403,0.8296883419821005,0.4278996106812403,0.19856981553416875,-0.010572391781250912,66.61010395537525,0.03197196100248417,-0.004155048818245799
2011,137,1345,1389,65,43,22,1,0,-11,,9.733901515151516,1.096897644745918,0.9331032508407778,0.9299899433053422,0.9128803522842439,0.3669421487603306,0.7116279069767442,0.44786082220436285,0.8675274607332407,0.2876182233312602,0.1548037366480866,0.07546492957848791,0.8219440220901181,0.41474614877504407,0.2143508936856065,0.3478260869565218,0.6433770014556042,0.40428859901209024,0.7942867347120013,0.2555316536307151,0.22958244484579152,0.08463440716723114,0.8131706540748652,0.37685527681073117,0.21602374049017026,0.032086569700545076,66.04487452651514,0.0028406756139798817,-0.017981705455367425
2011,137,1232,1393,60,77,-17,0,0,11,,-9.210227272727273,1.004410181730321,0.9876196171385337,1.1039726684832782,0.9493127014231053,0.35467980295566504,0.7125193199381762,0.4263284616948353,0.8024837971801265,0.29077334179044745,0.21240052353344802,0.08111616614830487,0.7977283015053708,0.404115673291646,0.1936065679592315,0.35175879396984927,0.6592592592592593,0.4725577713859661,0.8595922956684001,0.27161253957442594,0.18251379975907828,0.11947082347883017,0.8619873480621496,0.39508435166339784,0.21036229042830976,0.01916080221602151,66.17790009469697,-0.027630315659689486,-0.046867823585281354
2011,137,1324,1400,81,85,-4,0,0,9,,-4.983957219251337,1.1653022725658424,1.0593520841895923,1.0992196436173887,0.905216014471777,0.37714285714285717,0.7176913425345043,0.49520876790838625,0.8278615792336872,0.29082035753843605,0.1867594380282894,0.08681966167141275,0.8765891944118317,0.44188461820191904,0.16553962313212522,0.3766990291262136,0.6452742123687282,0.45574577107322833,0.856422480263779,0.22447712970082642,0.17278136375982023,0.08378642259005266,0.8539812055303194,0.3861848916990456,0.1890838293046162,0.06634322783760963,70.70188279857396,-0.00811836483385775,-0.0017243117647678385
2011,137,1207,1433,56,74,-18,0,0,-5,,0.8472485768500952,1.0842606913586508,1.0129355515458738,1.0808158151332403,1.0217574448735764,0.3603305785123967,0.7315315315315316,0.4766229347997015,0.8188957650205532,0.30011185914311544,0.20648355017391762,0.07990967834417657,0.8515605821408997,0.4175149041317635,0.1767119548063572,0.359173126614987,0.7189728958630528,0.4366768075707807,0.843197094306011,0.3455238560005145,0.17438790628599218,0.06824399579176366,0.8250712013445535,0.45311823517625216,0.22517637901439558,-0.04541199685739905,65.66104127134724,0.037774729136704766,-0.010441266367597346
2011,137,1208,1449,65,68,-3,0,0,3,,-8.589962121212121,1.0449767945191755,0.9685670700073153,1.1448493514315985,0.9675847806999902,0.3400900900900901,0.6959876543209876,0.453867631896651,0.8408121915282264,0.21003222879179764,0.20226680231910202,0.0893606826837727,0.855524654852357,0.3977254143240823,0.18484074395871605,0.3711734693877551,0.6671490593342981,0.468461424730328,0.8867447214923893,0.326471113055269,0.1694790052405792,0.09099675206591283,0.7940740628520941,0.4152115564316309,0.20287458380860565,-0.11643888426347135,69.39469696969698,0.0014461746369358042,-0.007968546861608528
2011,138,1139,1338,71,70,1,1,0,7,,-5.609879032258065,1.0931090952130353,0.9851984838633081,1.1629327176317188,0.9581834534121944,0.3620689655172413,0.7278195488721804,0.44442565707766823,0.8436232344769585,0.3126561198419301,0.16972814106910636,0.029235942034679555,0.8005647465050042,0.4273402683117734,0.1914667868541427,0.3900414937759336,0.6719160104986877,0.47285143187723166,0.8656520051058795,0.23668155852010916,0.18041297062044678,0.06063873507371221,0.855180703225846,0.4014601380856805,0.17713900264968643,0.07597456132182093,65.09750504032259,-0.027152952512828177,-0.05566563015518333
2011,138,1140,1211,89,67,22,1,0,-8,,2.736742424242424,1.128256729907261,0.9536641567384748,1.1053480750075455,0.948521528144657,0.3609625668449198,0.7557251908396947,0.4527745006030948,0.8495611339819189,0.3157195975473618,0.15341620295407973,0.07207329649910506,0.8229578779332754,0.41584749906841173,0.20187099555792498,0.3564356435643564,0.7594594594594595,0.4729205226735319,0.8108455770065613,0.23080375794477043,0.1966353691061726,0.06485341523495503,0.8050350462856533,0.40064757844588106,0.21276869019841482,0.08491583960259136,70.2640625,-0.017672971346483823,-0.021751177328817817
2011,138,1153,1163,58,69,-11,0,0,3,,2.7290043290043293,1.0719215140832938,0.9295860092251456,1.0927946137454665,0.9887183752940757,0.33865814696485624,0.6657223796033994,0.4360639126123814,0.867660597519233,0.29848101175597685,0.18095535873701873,0.07445717365946666,0.7984322059277711,0.4121245409334343,0.2237379259538034,0.3317073170731707,0.7548476454293628,0.4361512347064419,0.8946484987901145,0.2627895000602084,0.1741120717345148,0.09150336267790389,0.9015163372960165,0.40542575758290117,0.18043603804074823,0.03569151169576845,65.63575757575757,-0.003393052722296841,-0.02404627571658624
2011,138,1196,1417,73,65,8,1,0,-5,,4.297348484848484,1.0945521729314254,0.9679614915204603,1.035999986986495,0.9764099777523926,0.3559027777777778,0.6666666666666666,0.461808752929948,0.8636454818519048,0.26990840712601255,0.1918085901452403,0.06422964588569383,0.859333176416861,0.4255880924861411,0.19229837290306345,0.32806324110671936,0.6834239130434783,0.45743722733339776,0.7965315088201538,0.23499370044311668,0.21737373347125052,0.09821820081761945,0.8633257310389433,0.4203858057395796,0.17737564184529553,0.03491470668289587,66.40388257575756,-0.0004153805750055639,0.004856368856435478
2011,138,1246,1452,71,63,8,1,0,-1,,7.12414467253177,1.1435851822848673,0.9525932247533776,1.086589732470124,1.005014442187434,0.39705882352941174,0.7176966292134832,0.4619041111955511,0.8690603270997529,0.2771535951975573,0.15915972868311315,0.1077193332214082,0.8648323156581336,0.3943212505667084,0.1826597048171945,0.33506044905008636,0.7057142857142856,0.42729815326033316,0.8706801233575387,0.294268864853492,0.1895548912884201,0.07764932384140669,0.8667087633708986,0.4160107400802702,0.18795134456763013,-0.01711526965593474,65.430449657869,0.02814772372438984,-0.05154423405358188
2011,138,1287,1350,48,65,-17,0,0,1,,-2.3377609108159385,1.062857092345992,0.964605302054288,1.0975568244354301,0.9500755803942866,0.34264432029795155,0.6770370370370371,0.4580427762602881,0.8219470815528271,0.2693590476397004,0.2327481976272069,0.06534978394114183,0.7733532999794944,0.4218380649222756,0.23105236697874929,0.39970059880239517,0.6911764705882353,0.4649268923120434,0.8426448560966721,0.30773132264033964,0.16641406145188817,0.07391488292524216,0.8713859180341623,0.4018316241532728,0.19550143065827438,-0.03837227500063922,64.4074715370019,-0.013445278410379069,0.04594509770505467
2011,138,1361,1396,71,64,7,1,2,-5,,3.34375,1.103419672101659,0.9231005754175722,1.0732559534325012,0.9327361619498807,0.33575317604355714,0.7001675041876047,0.45737902593840396,0.8870284324660351,0.26927437792800113,0.17224782720784296,0.08760840316396405,0.8502058686293573,0.39610696963902464,0.19990540218736472,0.35390199637023595,0.6936507936507936,0.44826635192046604,0.8651348760267479,0.2615319075398287,0.16172026498795028,0.08514751904103715,0.8433864430684426,0.4123125468730449,0.1990725884418085,0.00774247038817244,65.262890625,0.01265912562597915,0.03426484768474425
2011,138,1243,1458,65,70,-5,0,0,1,,-3.290322580645161,1.0508671678088461,0.9603504742307092,1.18213685858084,1.015456191940093,0.37435897435897436,0.6512549537648613,0.43379040610297004,0.8281849811491708,0.27409340027254664,0.2152534031027122,0.08765533596203202,0.7593300135724078,0.42630522147203237,0.22769916885840938,0.3714710252600297,0.8240343347639484,0.44939682352424143,0.9344258263460836,0.37883861895666543,0.12658763200838227,0.06329583294360834,0.8452995618725618,0.43139153015725745,0.16746441485278424,-0.10474521868411879,63.33749999999999,-0.005260054368023126,0.0587131023656593
2011,139,1112,1400,70,69,1,1,0,1,,-4.470588235294118,1.1309841554050233,0.9870003353777042,1.0992196436173887,0.905216014471777,0.3994082840236686,0.7466007416563659,0.47286293456440065,0.8001201921194075,0.29488306666894754,0.18803921068181448,0.04806730679486323,0.8189838368964582,0.4445968872197054,0.18674453633145374,0.3766990291262136,0.6452742123687282,0.45574577107322833,0.856422480263779,0.22447712970082642,0.17278136375982023,0.08378642259005266,0.8539812055303194,0.3861848916990456,0.1890838293046162,0.07040593696812111,68.03455882352941,-0.020647416014743736,-0.029331254730475487
2011,139,1181,1276,73,71,2,1,0,-7,,13.919117647058822,1.1478710968775232,0.910467391597001,1.054380412681896,1.0082349120102378,0.37517241379310345,0.7496723460026212,0.46879749159988504,0.8522017021899624,0.30238892841815096,0.17225229644818715,0.07287696335066574,0.852862009484111,0.40081792930338755,0.21125029276600374,0.3542234332425068,0.70042194092827,0.4451921783502392,0.8561790454804799,0.37123755005561415,0.16249137897758928,0.038000848958155024,0.8526875529637417,0.4328319040887355,0.18464749385079787,-0.06884862163746319,66.41300551470589,0.02780964401749686,0.06957383866952738
2011,139,1199,1323,71,57,14,1,0,8,,-3.310483870967742,0.9861267956777504,0.8947895713542159,1.165828520248561,1.0098687037062706,0.33046471600688465,0.6631419939577039,0.4362533120227651,0.8040680803143612,0.26838039127753804,0.23186918922838354,0.10013932438911301,0.8097562234209741,0.36844484979510606,0.2201630711288705,0.3918305597579425,0.7250639386189258,0.4650888371946869,0.8265046138409012,0.31782180109179464,0.16412252091872748,0.061918787446653835,0.9051797183366928,0.4094926067359051,0.1575606251843232,-0.0494414098142566,67.59191028225806,0.0061061158844386565,0.012259505809991578
2011,139,1228,1242,59,73,-14,0,0,8,,-11.084558823529413,1.0714045032607926,0.983785995546088,1.169580676502309,0.9285470998155656,0.3869257950530035,0.7286821705426356,0.4713254590159814,0.8488285950097253,0.26835699715990774,0.19082465613842145,0.0832346799134814,0.8600739090880597,0.40056445654817247,0.18154647568591836,0.38714733542319746,0.6809045226130653,0.5135156233464709,0.8187944504192644,0.26773859586057797,0.19051787600045314,0.07155334592068907,0.8189755205277814,0.40021663613275277,0.20255373789009581,0.0006184012993297738,68.51773897058823,-0.021268992372954598,-0.007238585337187242
2011,139,1266,1393,66,62,4,1,0,8,,-3.243315508021391,1.1107337931167733,1.0192611528603153,1.1039726684832782,0.9493127014231053,0.35236220472440943,0.6913294797687862,0.4676223183250296,0.8310813730432729,0.219852220743959,0.17402276095594119,0.0622846153155583,0.8481428686483353,0.44136390841695033,0.20487059300189567,0.35175879396984927,0.6592592592592593,0.4725577713859661,0.8595922956684001,0.27161253957442594,0.18251379975907828,0.11947082347883017,0.8619873480621496,0.39508435166339784,0.21036229042830976,-0.051760318830466945,67.55977049910874,-0.025607504907244505,-0.006537884711086739
2011,139,1314,1449,86,83,3,1,0,-5,,-4.212121212121213,1.0539838444233827,0.9415802924448223,1.1448493514315985,0.9675847806999902,0.3333333333333333,0.6628056628056628,0.44799633849811005,0.8562593202909751,0.21667650342758196,0.18689307566184382,0.08554835119706244,0.8684166399839519,0.40415215056276915,0.19620478219994225,0.3711734693877551,0.6671490593342981,0.468461424730328,0.8867447214923893,0.326471113055269,0.1694790052405792,0.09099675206591283,0.7940740628520941,0.4152115564316309,0.20287458380860565,-0.10979460962768703,72.68636363636364,-0.004702840181678103,-0.014095096573478072
2011,139,1206,1326,66,98,-32,0,0,7,,-5.452205882352942,1.1268621913223746,0.9465375152725441,1.1939950709273497,0.9359122381914232,0.3966789667896679,0.6899563318777293,0.47537806389325377,0.8379262282876427,0.2599315666938843,0.16710676255303103,0.06134923967045999,0.8357074730778148,0.40757096577021146,0.20994132895287596,0.4128289473684211,0.7048951048951049,0.49575728530624874,0.8583097696681544,0.2748805698943858,0.1565892598041262,0.061616949732588334,0.8300002925750585,0.42928594730506425,0.22978990024706072,-0.01494900320050152,64.87272518382352,0.0006678800609288826,0.00554285000502619
2011,139,1345,1433,76,94,-18,0,0,-8,,7.130514705882353,1.096897644745918,0.9331032508407778,1.0808158151332403,1.0217574448735764,0.3669421487603306,0.7116279069767442,0.44786082220436285,0.8675274607332407,0.2876182233312602,0.1548037366480866,0.07546492957848791,0.8219440220901181,0.41474614877504407,0.2143508936856065,0.359173126614987,0.7189728958630528,0.4366768075707807,0.843197094306011,0.3455238560005145,0.17438790628599218,0.06824399579176366,0.8250712013445535,0.45311823517625216,0.22517637901439558,-0.0579056326692543,66.23343290441176,0.024778050517395123,-0.027864619132936752
2011,143,1112,1181,93,77,16,1,0,4,,-7.735294117647058,1.1309841554050233,0.9870003353777042,1.1478710968775232,0.910467391597001,0.3994082840236686,0.7466007416563659,0.47286293456440065,0.8001201921194075,0.29488306666894754,0.18803921068181448,0.04806730679486323,0.8189838368964582,0.4445968872197054,0.18674453633145374,0.37517241379310345,0.7496723460026212,0.46879749159988504,0.8522017021899624,0.30238892841815096,0.17225229644818715,0.07287696335066574,0.852862009484111,0.40081792930338755,0.21125029276600374,-0.007505861749203424,69.15735294117647,-0.0198567574759011,-0.030808217661526527
2011,143,1139,1458,61,54,7,1,0,4,,-2.387096774193549,1.0931090952130353,0.9851984838633081,1.18213685858084,1.015456191940093,0.3620689655172413,0.7278195488721804,0.44442565707766823,0.8436232344769585,0.3126561198419301,0.16972814106910636,0.029235942034679555,0.8005647465050042,0.4273402683117734,0.1914667868541427,0.3714710252600297,0.8240343347639484,0.44939682352424143,0.9344258263460836,0.37883861895666543,0.12658763200838227,0.06329583294360834,0.8452995618725618,0.43139153015725745,0.16746441485278424,-0.06618249911473534,62.00362903225806,-0.00045995230054463043,-0.002008432923218395
2011,143,1163,1361,74,67,7,1,0,1,,-5.0964285714285715,1.0927946137454665,0.9887183752940757,1.103419672101659,0.9231005754175722,0.3317073170731707,0.7548476454293628,0.4361512347064419,0.8946484987901145,0.2627895000602084,0.1741120717345148,0.09150336267790389,0.9015163372960165,0.40542575758290117,0.18043603804074823,0.33575317604355714,0.7001675041876047,0.45737902593840396,0.8870284324660351,0.26927437792800113,0.17224782720784296,0.08760840316396405,0.8502058686293573,0.39610696963902464,0.19990540218736472,-0.006484877867792727,65.73460937499999,-0.015273289587919292,0.030332659735605172
2011,143,1140,1196,74,83,-9,0,1,1,,4.9393939393939394,1.128256729907261,0.9536641567384748,1.0945521729314254,0.9679614915204603,0.3609625668449198,0.7557251908396947,0.4527745006030948,0.8495611339819189,0.3157195975473618,0.15341620295407973,0.07207329649910506,0.8229578779332754,0.41584749906841173,0.20187099555792498,0.3559027777777778,0.6666666666666666,0.461808752929948,0.8636454818519048,0.26990840712601255,0.1918085901452403,0.06422964588569383,0.859333176416861,0.4255880924861411,0.19229837290306345,0.045811190421349235,68.52575757575758,0.00035317054543809734,-0.0387064564859132
2011,144,1242,1350,77,57,20,1,0,-11,,7.9705882352941195,1.169580676502309,0.9285470998155656,1.0975568244354301,0.9500755803942866,0.38714733542319746,0.6809045226130653,0.5135156233464709,0.8187944504192644,0.26773859586057797,0.19051787600045314,0.07155334592068907,0.8189755205277814,0.40021663613275277,0.20255373789009581,0.39970059880239517,0.6911764705882353,0.4649268923120434,0.8426448560966721,0.30773132264033964,0.16641406145188817,0.07391488292524216,0.8713859180341623,0.4018316241532728,0.19550143065827438,-0.03999272677976168,67.2764705882353,0.02510185952747379,0.01953413182063085
2011,144,1246,1326,62,60,2,1,0,3,,-4.688948306595366,1.1435851822848673,0.9525932247533776,1.1939950709273497,0.9359122381914232,0.39705882352941174,0.7176966292134832,0.4619041111955511,0.8690603270997529,0.2771535951975573,0.15915972868311315,0.1077193332214082,0.8648323156581336,0.3943212505667084,0.1826597048171945,0.4128289473684211,0.7048951048951049,0.49575728530624874,0.8583097696681544,0.2748805698943858,0.1565892598041262,0.061616949732588334,0.8300002925750585,0.42928594730506425,0.22978990024706072,0.002273025303171472,65.77692736185384,0.0005557613138291173,0.017398692618047162
2011,144,1266,1314,63,81,-18,0,0,9,,-1.879679144385026,1.1107337931167733,1.0192611528603153,1.0539838444233827,0.9415802924448223,0.35236220472440943,0.6913294797687862,0.4676223183250296,0.8310813730432729,0.219852220743959,0.17402276095594119,0.0622846153155583,0.8481428686483353,0.44136390841695033,0.20487059300189567,0.3333333333333333,0.6628056628056628,0.44799633849811005,0.8562593202909751,0.21667650342758196,0.18689307566184382,0.08554835119706244,0.8684166399839519,0.40415215056276915,0.19620478219994225,0.0031757173163770303,70.58174019607844,-0.008792889013630789,0.012284299631910578
2011,144,1199,1433,71,72,-1,0,1,-1,,2.9762808349146113,0.9861267956777504,0.8947895713542159,1.0808158151332403,1.0217574448735764,0.33046471600688465,0.6631419939577039,0.4362533120227651,0.8040680803143612,0.26838039127753804,0.23186918922838354,0.10013932438911301,0.8097562234209741,0.36844484979510606,0.2201630711288705,0.359173126614987,0.7189728958630528,0.4366768075707807,0.843197094306011,0.3455238560005145,0.17438790628599218,0.06824399579176366,0.8250712013445535,0.45311823517625216,0.22517637901439558,-0.07714346472297645,68.09370256166983,0.042124944916565266,-0.010242797051813857
2011,145,1139,1196,74,71,3,1,1,6,,-1.0009775171065494,1.0931090952130353,0.9851984838633081,1.0945521729314254,0.9679614915204603,0.3620689655172413,0.7278195488721804,0.44442565707766823,0.8436232344769585,0.3126561198419301,0.16972814106910636,0.029235942034679555,0.8005647465050042,0.4273402683117734,0.1914667868541427,0.3559027777777778,0.6666666666666666,0.461808752929948,0.8636454818519048,0.26990840712601255,0.1918085901452403,0.06422964588569383,0.859333176416861,0.4255880924861411,0.19229837290306345,0.04274771271591754,65.75841886608015,-0.009567635838956035,-0.039742033288441725
2011,145,1112,1163,63,65,-2,0,0,2,,2.030252100840336,1.1309841554050233,0.9870003353777042,1.0927946137454665,0.9887183752940757,0.3994082840236686,0.7466007416563659,0.47286293456440065,0.8001201921194075,0.29488306666894754,0.18803921068181448,0.04806730679486323,0.8189838368964582,0.4445968872197054,0.18674453633145374,0.3317073170731707,0.7548476454293628,0.4361512347064419,0.8946484987901145,0.2627895000602084,0.1741120717345148,0.09150336267790389,0.9015163372960165,0.40542575758290117,0.18043603804074823,0.03209356660873913,67.4566911764706,-0.001229714889422695,-0.05609759512764578
2011,146,1246,1314,76,69,7,1,0,2,,3.666666666666668,1.1435851822848673,0.9525932247533776,1.0539838444233827,0.9415802924448223,0.39705882352941174,0.7176966292134832,0.4619041111955511,0.8690603270997529,0.2771535951975573,0.15915972868311315,0.1077193332214082,0.8648323156581336,0.3943212505667084,0.1826597048171945,0.3333333333333333,0.6628056628056628,0.44799633849811005,0.8562593202909751,0.21667650342758196,0.18689307566184382,0.08554835119706244,0.8684166399839519,0.40415215056276915,0.19620478219994225,0.060477091769975316,69.80719696969697,0.011869336346750914,-0.005019629141815862
2011,146,1242,1433,61,71,-10,0,0,-10,,13.058823529411766,1.169580676502309,0.9285470998155656,1.0808158151332403,1.0217574448735764,0.38714733542319746,0.6809045226130653,0.5135156233464709,0.8187944504192644,0.26773859586057797,0.19051787600045314,0.07155334592068907,0.8189755205277814,0.40021663613275277,0.20255373789009581,0.359173126614987,0.7189728958630528,0.4366768075707807,0.843197094306011,0.3455238560005145,0.17438790628599218,0.06824399579176366,0.8250712013445535,0.45311823517625216,0.22517637901439558,-0.07778526013993653,68.36875,0.06487020740959482,-0.015337484636143595
2011,152,1139,1433,70,62,8,1,0,-3,,3.3956356736242883,1.0931090952130353,0.9851984838633081,1.0808158151332403,1.0217574448735764,0.3620689655172413,0.7278195488721804,0.44442565707766823,0.8436232344769585,0.3126561198419301,0.16972814106910636,0.029235942034679555,0.8005647465050042,0.4273402683117734,0.1914667868541427,0.359173126614987,0.7189728958630528,0.4366768075707807,0.843197094306011,0.3455238560005145,0.17438790628599218,0.06824399579176366,0.8250712013445535,0.45311823517625216,0.22517637901439558,-0.032867736158584404,66.31023481973435,0.01676340818568317,-0.041020781742535706
2011,152,1163,1246,56,55,1,1,0,-1,,-5.547186147186148,1.0927946137454665,0.9887183752940757,1.1435851822848673,0.9525932247533776,0.3317073170731707,0.7548476454293628,0.4361512347064419,0.8946484987901145,0.2627895000602084,0.1741120717345148,0.09150336267790389,0.9015163372960165,0.40542575758290117,0.18043603804074823,0.39705882352941174,0.7176966292134832,0.4619041111955511,0.8690603270997529,0.2771535951975573,0.15915972868311315,0.1077193332214082,0.8648323156581336,0.3943212505667084,0.1826597048171945,-0.014364095137348876,67.08803030303031,-0.018428691752650994,0.03902941660149173
2011,154,1139,1163,41,53,-12,0,0,5,,0.4552995391705066,1.0931090952130353,0.9851984838633081,1.0927946137454665,0.9887183752940757,0.3620689655172413,0.7278195488721804,0.44442565707766823,0.8436232344769585,0.3126561198419301,0.16972814106910636,0.029235942034679555,0.8005647465050042,0.4273402683117734,0.1914667868541427,0.3317073170731707,0.7548476454293628,0.4361512347064419,0.8946484987901145,0.2627895000602084,0.1741120717345148,0.09150336267790389,0.9015163372960165,0.40542575758290117,0.18043603804074823,0.04986661978172169,66.79266129032258,-0.0068200441788229815,-0.06913021618640142
2012,134,1140,1233,78,72,6,1,0,0,,0.08669354838709609,1.0792368435175015,0.9347045712062311,1.1580313048707356,1.0076272284231846,0.34818481848184824,0.7086383601756955,0.4679396131958037,0.826144777333512,0.27064077804001013,0.17867127985582829,0.0734301034699789,0.7916865345747731,0.42059768747531445,0.2144874288743016,0.393026941362916,0.715927750410509,0.5066450759010857,0.854352257103113,0.2769222818659324,0.1713582076719476,0.035591788850510696,0.8267835823631948,0.4514125093115176,0.22236310593807265,-0.006281503825922241,72.28584929435485,-0.003945320434539379,-0.03977499529405748
2012,134,1290,1443,58,59,-1,0,0,0,,2.5757575757575757,0.9777580883911102,0.9884369881183971,0.9522642444292614,0.9930802812548499,0.328476821192053,0.6501457725947521,0.4026107705386596,0.844046160414392,0.3248798467600486,0.20316581485622512,0.044038320946801275,0.7722508369257589,0.43896313913207025,0.23009238359155232,0.30807248764415157,0.6929347826086957,0.40436026857634666,0.8065677575231854,0.2671793847281518,0.22050412934747118,0.0744702988092707,0.806163396223707,0.43399216615258884,0.21212407238079853,0.057700462031896826,69.55227272727272,-0.0033602355085842195,-0.0031100597293651777
2012,135,1143,1378,54,65,-11,0,0,0,,8.378787878787879,1.0815216795321825,0.9255806797486706,0.9802107665135784,0.9510518587021717,0.36778846153846156,0.7464114832535885,0.4803656648255437,0.8313216685853733,0.19162848166957333,0.18378022299280444,0.05683519971284047,0.8407089510361812,0.4127966515018253,0.19453771604544529,0.3107822410147992,0.7097378277153558,0.43438273833571767,0.8143850293781509,0.2467701063341962,0.22720998874807855,0.0683978718541415,0.8602225398585782,0.3949026444361966,0.18637211670537515,-0.05514162466462286,63.21915246212121,0.014044459712098667,-0.026530239804582245
2012,135,1249,1436,59,71,-12,0,0,0,,0.014705882352941124,1.055910634174871,0.9544069455196469,1.0526174624760984,0.9478838003710977,0.33170731707317075,0.72400513478819,0.43360412200766624,0.8610391336409751,0.18537078992551456,0.17460486877198983,0.07771868817377096,0.8249889989846971,0.42558035451444937,0.20399317742468476,0.3458646616541354,0.7419354838709677,0.44178296322233374,0.8330509253026657,0.2467607782735938,0.19300474284523889,0.04487521604694352,0.8331269733644548,0.4099947344833885,0.19938300846614995,-0.06138998834807924,66.30296415441177,-0.011882230622864143,0.012948991559891487
2012,136,1124,1355,68,60,8,1,0,-11,,-0.75,1.0997042341003305,0.9702794034691952,1.1466874018422764,0.9990873926281548,0.3769100169779287,0.7522255192878338,0.4668357432663283,0.8317537793848582,0.26394747859327206,0.20522376513058121,0.08269256322679505,0.8368966758175388,0.41790332556925097,0.2120760824703787,0.3930722891566265,0.7296918767507002,0.46636225912761026,0.838712360708373,0.3092078061296416,0.15511895789318225,0.03363821398280327,0.8329683798953864,0.447851620906743,0.19260803602771148,-0.04526032753636955,67.07611268939394,0.015210889738105027,0.058975544673049385
2012,136,1160,1424,68,64,4,1,0,5,,-6.875,1.016145774333376,0.9644013313630793,1.0753513433827784,0.9460174400127447,0.34099616858237547,0.6867977528089888,0.4396132932606211,0.7940501741947871,0.25107179068227514,0.19115643877443392,0.05932369877218757,0.8379452400567272,0.4138418040737925,0.1864917910246406,0.37254901960784315,0.6837349397590361,0.459250355799871,0.8247345232574815,0.31649509668392267,0.19504486536847415,0.08459088433234196,0.8205476105819015,0.40956493704462654,0.2106431357329035,-0.06542330600164753,67.759375,-0.011956964784207935,-0.021354028646760614
2012,136,1211,1452,77,54,23,1,0,-3,,5.305443548387096,1.1109856216300016,0.9426859287081772,1.0688069714690573,0.9970304514332579,0.37571157495256163,0.7148437500000001,0.47442095266013323,0.7906118616939781,0.2551984763986262,0.19883904038697356,0.057904526119460474,0.8487063933812397,0.41514800105357563,0.1947273359971252,0.30212014134275617,0.6708860759493671,0.4427462045265775,0.8803984471530497,0.2676586566896428,0.19137755425353023,0.045034676031742216,0.8283216391722025,0.4473534024653565,0.20084224156116465,-0.012460180291016587,66.78733618951614,0.03194007477266836,-0.03972999420014989
2012,136,1231,1308,79,66,13,1,0,-9,,2.424242424242424,1.1494436321674297,0.9865376252462426,1.088236257572864,0.9635247493327128,0.433264887063655,0.7621951219512194,0.48747540217074137,0.7959510712965354,0.2186311717574412,0.19005835952784297,0.0598987182354133,0.8271893001630333,0.42379713937788716,0.20124488099336688,0.32754880694143174,0.6636271529888551,0.46944030470662285,0.7981053985996464,0.19748396747079977,0.20603443379204908,0.07069172652185707,0.8201890589027006,0.4289899998149423,0.20373181498168486,0.021147204286641436,69.09583333333333,0.011613978950586856,-0.020145969174970135
2012,136,1163,1235,64,77,-13,0,0,1,,-1.7414772727272725,1.0548767118836153,0.9941943641624703,1.089314941354662,0.9814842817329323,0.33085501858736055,0.6614173228346456,0.45673320407603724,0.859040358314663,0.2502273017794609,0.19161846155108644,0.11352152453564772,0.9301210436317365,0.3859689269974087,0.16866387473504074,0.37967914438502676,0.6793002915451894,0.45319206265624573,0.8251734565136143,0.34925556908265387,0.18596751311126147,0.04726781287042085,0.8575130850208308,0.437511672759255,0.17473780396446456,-0.09902826730319297,66.2538115530303,0.02754194359081885,0.05892496047240392
2012,136,1243,1379,70,64,6,1,0,-1,,3.193548387096774,1.0553438043892944,0.9375931573923676,1.0733313912805276,1.0036796142851843,0.3423597678916828,0.666219839142091,0.4447598416834411,0.8288707513819461,0.24706817115888918,0.21288934175324192,0.0899725141593093,0.7795041549006831,0.40837709923399557,0.2381037485520248,0.3550185873605948,0.7368421052631579,0.4105776357380744,0.8791050880043488,0.26478346279838955,0.1635645573408693,0.057002721936995834,0.777670576976412,0.4524028931962065,0.21353722080066007,-0.017715291639500363,66.94032258064516,0.039103999953788826,0.04939490123249057
2012,136,1246,1443,81,66,15,1,0,-15,,20.615864527629235,1.1627593059013444,0.9029530111317867,0.9522642444292614,0.9930802812548499,0.37142857142857144,0.7204161248374512,0.4829799890670496,0.8596121812497265,0.235771669559625,0.16932078621108124,0.15058573239949702,0.896982839992106,0.37056872725878454,0.17966106387157746,0.30807248764415157,0.6929347826086957,0.40436026857634666,0.8065677575231854,0.2671793847281518,0.22050412934747118,0.0744702988092707,0.806163396223707,0.43399216615258884,0.21212407238079853,-0.03140771516852678,67.32864304812834,0.07102157969225359,0.020539638148010075
2012,136,1172,1257,62,69,-7,0,0,9,,1.7944700460829486,1.1227378866271416,0.9818615868651172,1.0010246752382836,0.8951602733353256,0.3404255319148936,0.7667161961367013,0.4487257882062431,0.858504219965165,0.33016631283151016,0.17150305870258536,0.06077513509524124,0.8061957394773615,0.4280941308972317,0.17703218008684782,0.31070889894419307,0.6860622462787551,0.42546262968752574,0.8334162938995001,0.27729362030668053,0.21390066457907161,0.08633684938103994,0.826287047148612,0.38032585464983004,0.23147255567242295,0.05287269252482962,68.8273732718894,-0.012252558864342122,-0.04323579741270844
2012,136,1140,1266,68,88,-20,0,0,11,,1.055443548387096,1.0792368435175015,0.9347045712062311,1.075077976334851,0.9400945322080556,0.34818481848184824,0.7086383601756955,0.4679396131958037,0.826144777333512,0.27064077804001013,0.17867127985582829,0.0734301034699789,0.7916865345747731,0.42059768747531445,0.2144874288743016,0.337037037037037,0.720626631853786,0.4605003836591208,0.821153243871624,0.24098535774062532,0.1872927347058786,0.05930083222804625,0.8326343181149739,0.40953941201724264,0.23586586940366192,0.02965542029938481,71.56045866935483,-0.0018095229606944763,-0.06464701330220363
2012,136,1161,1293,41,58,-17,0,0,5,,-9.179723502304148,1.086818976018805,1.0491095782245785,1.1159330024123129,0.9298351719783225,0.40522875816993464,0.7692307692307693,0.47792485649316774,0.7776883370170499,0.22788899022065737,0.1899998808629221,0.0362631652923256,0.8131714147027626,0.44011084198785083,0.18385709481811116,0.40704500978473585,0.7280832095096583,0.4780024679004985,0.7810227296538649,0.2756991595179568,0.20939806484459494,0.07853225166722737,0.8080738679813725,0.4231255630494689,0.23909077348618452,-0.04781016929729945,65.95894297235023,-0.008531445172856367,-0.05580969899069721
2012,136,1253,1307,68,75,-7,0,0,7,,-3.744959677419354,1.0923604775397278,0.9553155189830799,1.089131285455794,0.8936833846182811,0.3583916083916084,0.6711772665764546,0.4664623031091762,0.8117484598957296,0.27403966504708616,0.18878727061828277,0.04847763420973421,0.8406830836564249,0.42089047949357633,0.2175163551744924,0.38497652582159625,0.7115666178623719,0.4575393907194564,0.8138136039699774,0.2996530266410371,0.20049121452776852,0.060303600573385324,0.8126572156659035,0.38622957056003915,0.21201047520232905,-0.025613361593950945,67.19202368951613,-0.012868998271908683,0.027257306808772475
2012,136,1259,1326,59,78,-19,0,0,13,,-11.924632352941176,1.0413049807796435,0.9758584589285482,1.1162036716310655,0.8928663944129298,0.3404255319148936,0.7175675675675676,0.43026372600172913,0.8271715482410327,0.2251573914185681,0.2074749389065492,0.0839076101511178,0.7989404190896711,0.43132640368314845,0.2181713535130406,0.3260869565217391,0.6977715877437326,0.48228344315826716,0.8578772081017392,0.2240271423345224,0.17345097341103385,0.05630777550707536,0.7951720665703373,0.4066523598529733,0.22399937281699714,0.0011302490840457147,65.91847426470588,-0.03834688049335655,0.057843857722018055
2012,136,1393,1421,72,65,7,1,0,-15,,7.9818181818181815,1.1300231148449524,0.9203647434157964,1.111996417670974,1.0242388301385066,0.34533551554828146,0.6913183279742766,0.4649912400196163,0.8985657993902316,0.28269068707774486,0.15830901457482432,0.1255340837755007,0.8532339062629326,0.3876275066402006,0.25097448716791493,0.3478260869565218,0.7715355805243447,0.4711036798921636,0.7813626932980164,0.26048054623951206,0.19096408949128074,0.03929761347116759,0.8131110100817512,0.4537254629365533,0.22303597088926536,0.022210140838232806,68.28291666666667,0.02999275821190267,0.03771683111817048
2012,136,1433,1455,62,59,3,1,0,7,,-5.543643263757117,1.0421475149935169,0.9103876830823728,1.1398180833457816,0.9290785917693375,0.3373493975903615,0.6894150417827298,0.41160347595588553,0.8648757828803099,0.33580897015502037,0.17422003036726472,0.07701167010740416,0.7585124665866856,0.4238834237045678,0.27347931135432696,0.3703071672354949,0.7528089887640449,0.4856817140603584,0.8407943850485978,0.2790359194092727,0.17817663583068288,0.0704422002327116,0.8283844564165264,0.39652129939077524,0.18440044044236334,0.05677305074574768,66.69544592030361,-0.05072018120913274,0.04398869206811773
2012,136,1217,1435,70,79,-9,0,0,7,,2.093306288032455,1.0655375278523116,0.9027273102895982,1.0939534681087015,0.9779296863739049,0.35517970401691334,0.7500000000000001,0.4664992091072492,0.7765188030724286,0.2668841985645179,0.2048344098653392,0.08627533220392843,0.8343697221135307,0.4041638527576664,0.19813847883877767,0.3894039735099337,0.6975138121546962,0.46010762630885016,0.8067125097304075,0.33472403859463506,0.1976426896026443,0.06924270207177483,0.8639328402950052,0.419701776427777,0.19072214533639287,-0.06783984003011717,63.8591784989858,0.010964753234254776,-0.03312262935235755
2012,136,1285,1458,49,73,-24,0,0,9,,-1.9655172413793096,1.067853742380546,0.9300390825578534,1.0802868623932076,0.8852351711453329,0.3827160493827161,0.7189542483660131,0.47080686498056523,0.7962341849195473,0.2517974022529422,0.1853970264211915,0.06918547510243513,0.8003129456341737,0.40529017788692795,0.21954941109580678,0.360632183908046,0.7406716417910448,0.42398512605338834,0.8830694124089775,0.35705503345600176,0.15152484782687353,0.06830540151738339,0.8543047693237923,0.3832087049603974,0.18387545099340563,-0.10525763120305953,62.97413793103448,0.012370133000323191,-0.0008553694183491833
2012,137,1153,1400,65,59,6,1,0,-5,,1.0811051693404634,1.0482198040026405,0.9480729535592227,1.0835190342031786,0.992766983323599,0.3427362482369535,0.6409395973154361,0.42183229697439867,0.9188550292362656,0.32264662180618303,0.16333695312547492,0.08121008807327433,0.8635769760928632,0.41502868324845016,0.21745405184480182,0.3270223752151463,0.7307692307692307,0.43834913269760606,0.8429921188619626,0.2608113474589235,0.18555838563435811,0.06708844923422429,0.8163764234232697,0.4168697143789665,0.20306485395706111,0.06183527434725955,66.2554367201426,-0.007337902296345511,-0.010141598198128432
2012,137,1104,1166,57,58,-1,0,0,1,,-3.6723484848484844,1.0224375487430146,0.9156732515606484,1.1727800539865532,1.026901934695095,0.2847682119205298,0.7152209492635024,0.45413114640127816,0.8240027582451277,0.2241297178248679,0.2037895782772996,0.07895207921113083,0.8185900959435588,0.3900084845506358,0.21220871671595737,0.4245283018867924,0.7317415730337079,0.5139305915706119,0.8096442558326888,0.28258722535950115,0.18043897879569526,0.03947543009782451,0.8678137831938213,0.43897914738873767,0.15118950409763365,-0.058457507534633246,65.78684895833334,-0.005414391165615984,0.03518143783458416
2012,137,1196,1438,71,45,26,1,0,-3,,0.8553274682306942,1.1569920147078216,1.0072687778060296,1.03203728568477,0.8722409570287999,0.39001189060642094,0.7120000000000001,0.4616844401912064,0.8737424087264241,0.3886729367161312,0.1648695934796876,0.059530181964369704,0.8448936518648167,0.434581493148897,0.1962571500920198,0.3370288248337029,0.7244525547445256,0.4615732351615496,0.8097247262785727,0.2394527748975882,0.187088054023853,0.05708194625261044,0.8057710066003473,0.3986632960477235,0.21002176809948522,0.14922016181854297,63.42816471163245,-0.017903496035758304,0.05904090995374223
2012,137,1199,1382,66,63,3,1,0,-11,,1.746823069403714,1.0175864635479095,0.9224460602075236,1.0694355887829468,0.9873564193473258,0.3530434782608695,0.703125,0.4598883363900417,0.8007077915046158,0.2523856369750728,0.2358900034872092,0.10372375687100738,0.8225525374388348,0.38408011944129433,0.22150196298509242,0.3408163265306122,0.7604017216642754,0.462490609037832,0.7960351228443162,0.23942299839257328,0.2151414230361913,0.077709000054228,0.8210727047970039,0.4170401141282343,0.1903913951581387,0.012962638582499547,67.51831622678397,0.015178861019574774,0.011747992429365084
2012,137,1125,1207,59,74,-15,0,0,11,,4.545454545454545,1.176188559105399,0.9728042819518234,1.0682122460378962,0.9140702824420759,0.381389252948886,0.7373333333333334,0.4804787383996252,0.8368795227193961,0.33668062015117606,0.17415892263126206,0.03994326338489874,0.8222304770737753,0.4254751268648235,0.20784760080431633,0.34309623430962344,0.6960000000000001,0.46091759646237995,0.8250716445749328,0.25027895365329367,0.19728639446775198,0.0902383743640477,0.8284135955583368,0.3880991910064172,0.19832531754728225,0.08640166649788239,66.77746212121212,-0.008907396960580571,0.003568633468479354
2012,137,1178,1242,50,65,-15,0,0,13,,-10.151515151515152,1.0564264125440521,1.0159870764763255,1.1069443118825253,0.9113994723376316,0.29577464788732394,0.7405541561712845,0.4467108482486275,0.8158423252276839,0.22585447152112884,0.18989198055790868,0.08519149201063543,0.7902431488218253,0.4458480512086649,0.22553488042108044,0.35804701627486435,0.6962365591397849,0.48612439906897076,0.8103169114266602,0.24725117620561904,0.19602533482702028,0.10198909210488423,0.8138061713282712,0.38394183418959055,0.2077665219991629,-0.021396704684490203,67.4628787878788,-0.05065988391970877,0.022236278430084577
2012,137,1181,1250,70,75,-5,0,0,-13,,-1.1581439393939394,1.1279263845143956,0.9924449732686609,1.102372371713577,0.9484548699381075,0.3758765778401122,0.7015457788347206,0.45939450160698225,0.8221092707531245,0.3160676414092483,0.17658557762496407,0.06741787462144033,0.8550497117216556,0.43225771550134606,0.1863894340419479,0.35479041916167664,0.7742402315484804,0.4483084564011081,0.8438939882542951,0.30529878125856386,0.16703657090042143,0.05212129627302859,0.8078759255773257,0.4182421546615443,0.21403315106078497,0.010768860150684456,68.70389441287878,-0.0014647578169638686,0.031067225730909254
2012,137,1254,1277,67,89,-22,0,0,15,,-8.483957219251337,1.0892383998465711,1.025901636067413,1.096239721166401,0.9075005076830646,0.368421052631579,0.7314225053078556,0.47585377756531644,0.7634248151742474,0.23911894043628518,0.21451618261601357,0.04861993903642811,0.9042755033367188,0.44722050471905117,0.18419429980021765,0.3650485436893204,0.6976421636615812,0.47808463012794533,0.8284799877111586,0.2314279957820266,0.19793108449241914,0.0807818101950637,0.8254588328744409,0.380038977867135,0.1960795022565546,0.007690944654258569,70.42735071301247,-0.03470618970727257,0.027327883617449866
2012,137,1301,1361,79,65,14,1,0,5,,-0.5180265654648961,1.0778852738049014,0.998759010042357,1.0409062581681892,0.9518031869327486,0.35546875,0.7078014184397163,0.46393561885294976,0.846572220688772,0.22323556450433238,0.187943980063371,0.06990199050678617,0.8500926103383027,0.4199005217334103,0.1837684308731174,0.3372319688109162,0.7024,0.4537003750119198,0.8263124309919121,0.246053150507208,0.18847277889019842,0.04082205494517009,0.8461060070998347,0.4052241679031812,0.1870000961238642,-0.022817586002875617,67.81018738140418,-0.0022205549945996106,0.04377056956087966
2012,137,1281,1313,84,86,-2,0,0,-13,,11.746323529411764,1.205760806296683,0.9853002392996784,1.007335061313659,0.9667784774687281,0.39548022598870053,0.7657784011220197,0.503591458491837,0.8341915141632156,0.31436291183385584,0.15422776866054683,0.05013575575844226,0.8379646484515345,0.442893367402592,0.21595691059703712,0.3137614678899083,0.656578947368421,0.45386042303024277,0.7834847061006734,0.24540570585879623,0.21333434805062954,0.080770318795954,0.8377723687906163,0.40737715419002696,0.1963532547478853,0.06895720597505961,67.92720588235295,0.007107411124514573,-0.02004699220241235
2012,137,1314,1436,77,58,19,1,0,-15,,8.382352941176471,1.1208291198870246,0.9245516965859816,1.0526174624760984,0.9478838003710977,0.3392504930966469,0.6820877817319099,0.4612221794576943,0.892606238547071,0.20509853807651976,0.16147637630167344,0.08790244890830343,0.8806083822711482,0.39451931703020215,0.1830030978262807,0.3458646616541354,0.7419354838709677,0.44178296322233374,0.8330509253026657,0.2467607782735938,0.19300474284523889,0.04487521604694352,0.8331269733644548,0.4099947344833885,0.19938300846614995,-0.04166224019707404,68.38786764705883,0.01745731684427343,0.015287137951446872
2012,137,1276,1325,60,65,-5,0,0,-9,,-3.045454545454546,1.081391210656842,0.9971797915247345,1.0416242490075507,0.9352344099669829,0.35278154681139756,0.7219917012448133,0.4616690544552723,0.8451513537131914,0.3733201729205961,0.1761877527838725,0.03974839243257088,0.8397853065847344,0.4326336947964009,0.20112962884268692,0.3333333333333333,0.681159420289855,0.4291241534575277,0.8463229330612354,0.32325677190705876,0.19560287451785804,0.054581339012636454,0.7471010450198421,0.4209985751422151,0.2646820111778128,0.050063401013537345,64.61190814393939,0.010454890671779404,-0.04913106733073036
2012,137,1345,1388,72,69,3,1,0,3,,-4.751515151515152,1.1155492928266306,1.0226433235130077,1.1353026624191465,0.9724492595463226,0.3769123783031989,0.651840490797546,0.444833137615532,0.8963149038153835,0.34026786619177407,0.13402737604770185,0.06161719428984356,0.8197026778565365,0.4455733554921289,0.19856769528872906,0.3444976076555024,0.7286821705426356,0.4713088578831156,0.8391209043909574,0.3227901834359487,0.18079586719881036,0.054211742827746344,0.8349622975201524,0.4360136313639708,0.18596902806974389,0.017477682755825397,64.74867424242424,-0.0180177221978709,-0.001978394462676447
2012,137,1378,1396,58,44,14,1,0,7,,-4.629032258064516,0.9802107665135784,0.9510518587021717,1.1018230014321277,1.0052820861785676,0.3107822410147992,0.7097378277153558,0.43438273833571767,0.8143850293781509,0.2467701063341962,0.22720998874807855,0.0683978718541415,0.8602225398585782,0.3949026444361966,0.18637211670537515,0.40213523131672596,0.7184942716857611,0.47618259762522247,0.8369952078728984,0.26238372211156447,0.1802570465584986,0.06997368665564235,0.8395718945467692,0.4382123781060407,0.19323019939587496,-0.015613615777368278,64.61106350806452,0.0007549371901696689,0.012535199120146334
2012,137,1272,1387,54,61,-7,0,0,-1,,0.43738140417457316,1.1022980481068585,0.9282894185597219,1.0941414734853814,0.9038566453269509,0.36895161290322587,0.7200520833333334,0.4951596452772771,0.7959965323563203,0.21505669908066263,0.18721101436236381,0.10094062265519307,0.8252307675560744,0.38570678331153685,0.20637962363087764,0.36877076411960136,0.7147766323024055,0.4574388198051443,0.8444204965947163,0.30732007553854823,0.17718822622207933,0.06184810148960357,0.7776208715110973,0.40832077734688865,0.2336650326082171,-0.0922633764578856,65.84634724857685,0.030167409753742325,0.012162804595331478
2012,137,1323,1462,63,67,-4,0,0,-3,,1.6363636363636362,1.0646729195408426,0.9786134396870766,1.0389681223331897,0.9797311077188404,0.3291925465838509,0.7078313253012049,0.43274268689323725,0.8519617935484939,0.3142398275717298,0.1612263456059345,0.0605167048333212,0.9036154612123776,0.41334738766420476,0.17210722554696092,0.3492407809110629,0.6921017402945113,0.4546074817530154,0.8168719143057414,0.2049863028118553,0.18636922173959886,0.0645983988620126,0.8338413365888312,0.39931858157167927,0.1842031667790204,0.10925352475987452,65.24583333333334,-0.017946800476151825,0.006772529051560894
2012,138,1124,1160,80,63,17,1,0,-8,,6.28125,1.0997042341003305,0.9702794034691952,1.016145774333376,0.9644013313630793,0.3769100169779287,0.7522255192878338,0.4668357432663283,0.8317537793848582,0.26394747859327206,0.20522376513058121,0.08269256322679505,0.8368966758175388,0.41790332556925097,0.2120760824703787,0.34099616858237547,0.6867977528089888,0.4396132932606211,0.7940501741947871,0.25107179068227514,0.19115643877443392,0.05932369877218757,0.8379452400567272,0.4138418040737925,0.1864917910246406,0.012875687910996914,66.34251893939394,0.011580464255124379,0.06206469155568417
2012,138,1231,1433,63,61,2,1,0,-8,,3.1096256684491976,1.1494436321674297,0.9865376252462426,1.0421475149935169,0.9103876830823728,0.433264887063655,0.7621951219512194,0.48747540217074137,0.7959510712965354,0.2186311717574412,0.19005835952784297,0.0598987182354133,0.8271893001630333,0.42379713937788716,0.20124488099336688,0.3373493975903615,0.6894150417827298,0.41160347595588553,0.8648757828803099,0.33580897015502037,0.17422003036726472,0.07701167010740416,0.7585124665866856,0.4238834237045678,0.27347931135432696,-0.11717779839757916,66.3474376114082,0.0379791052707682,-0.007556156739098041
2012,138,1235,1246,71,87,-16,0,0,7,,-11.207720588235293,1.089314941354662,0.9814842817329323,1.1627593059013444,0.9029530111317867,0.37967914438502676,0.6793002915451894,0.45319206265624573,0.8251734565136143,0.34925556908265387,0.18596751311126147,0.04726781287042085,0.8575130850208308,0.437511672759255,0.17473780396446456,0.37142857142857144,0.7204161248374512,0.4829799890670496,0.8596121812497265,0.235771669559625,0.16932078621108124,0.15058573239949702,0.896982839992106,0.37056872725878454,0.17966106387157746,0.11348389952302887,66.73056066176471,-0.04836543595563714,-0.05576851558716389
2012,138,1257,1307,59,56,3,1,0,-1,,-5.2491071428571425,1.0010246752382836,0.8951602733353256,1.089131285455794,0.8936833846182811,0.31070889894419307,0.6860622462787551,0.42546262968752574,0.8334162938995001,0.27729362030668053,0.21390066457907161,0.08633684938103994,0.826287047148612,0.38032585464983004,0.23147255567242295,0.38497652582159625,0.7115666178623719,0.4575393907194564,0.8138136039699774,0.2996530266410371,0.20049121452776852,0.060303600573385324,0.8126572156659035,0.38622957056003915,0.21201047520232905,-0.02235940633435657,67.57262276785715,-0.013086522560860792,0.04980243702314541
2012,138,1266,1293,62,53,9,1,0,-3,,-2.1383928571428577,1.075077976334851,0.9400945322080556,1.1159330024123129,0.9298351719783225,0.337037037037037,0.720626631853786,0.4605003836591208,0.821153243871624,0.24098535774062532,0.1872927347058786,0.05930083222804625,0.8326343181149739,0.40953941201724264,0.23586586940366192,0.40704500978473585,0.7280832095096583,0.4780024679004985,0.7810227296538649,0.2756991595179568,0.20939806484459494,0.07853225166722737,0.8080738679813725,0.4231255630494689,0.23909077348618452,-0.03471380177733149,68.54319196428571,-0.0019579666045757005,0.005823204102763269
2012,138,1211,1326,66,73,-7,0,0,5,,-4.93168880455408,1.1109856216300016,0.9426859287081772,1.1162036716310655,0.8928663944129298,0.37571157495256163,0.7148437500000001,0.47442095266013323,0.7906118616939781,0.2551984763986262,0.19883904038697356,0.057904526119460474,0.8487063933812397,0.41514800105357563,0.1947273359971252,0.3260869565217391,0.6977715877437326,0.48228344315826716,0.8578772081017392,0.2240271423345224,0.17345097341103385,0.05630777550707536,0.7951720665703373,0.4066523598529733,0.22399937281699714,0.0311713340641038,66.87416982922201,-0.008179065849368117,0.010597424207972383
2012,138,1243,1393,59,75,-16,0,0,7,,-6.472140762463343,1.0553438043892944,0.9375931573923676,1.1300231148449524,0.9203647434157964,0.3423597678916828,0.666219839142091,0.4447598416834411,0.8288707513819461,0.24706817115888918,0.21288934175324192,0.0899725141593093,0.7795041549006831,0.40837709923399557,0.2381037485520248,0.34533551554828146,0.6913183279742766,0.4649912400196163,0.8985657993902316,0.28269068707774486,0.15830901457482432,0.1255340837755007,0.8532339062629326,0.3876275066402006,0.25097448716791493,-0.03562251591885568,66.90053763440861,-0.020490495464985048,-0.005697250561611411
2012,138,1435,1458,57,60,-3,0,0,1,,-3.0588235294117645,1.0939534681087015,0.9779296863739049,1.0802868623932076,0.8852351711453329,0.3894039735099337,0.6975138121546962,0.46010762630885016,0.8067125097304075,0.33472403859463506,0.1976426896026443,0.06924270207177483,0.8639328402950052,0.419701776427777,0.19072214533639287,0.360632183908046,0.7406716417910448,0.42398512605338834,0.8830694124089775,0.35705503345600176,0.15152484782687353,0.06830540151738339,0.8543047693237923,0.3832087049603974,0.18387545099340563,-0.022330994861366693,62.936764705882354,-0.00018528560595887367,0.026291422291361
2012,139,1153,1199,62,56,6,1,0,3,,-0.10071301247771824,1.0482198040026405,0.9480729535592227,1.0175864635479095,0.9224460602075236,0.3427362482369535,0.6409395973154361,0.42183229697439867,0.9188550292362656,0.32264662180618303,0.16333695312547492,0.08121008807327433,0.8635769760928632,0.41502868324845016,0.21745405184480182,0.3530434782608695,0.703125,0.4598883363900417,0.8007077915046158,0.2523856369750728,0.2358900034872092,0.10372375687100738,0.8225525374388348,0.38408011944129433,0.22150196298509242,0.07026098483111021,67.0304367201426,-0.034502301611399444,0.015540381233916323
2012,139,1196,1313,84,50,34,1,0,-8,,7.429924242424242,1.1569920147078216,1.0072687778060296,1.007335061313659,0.9667784774687281,0.39001189060642094,0.7120000000000001,0.4616844401912064,0.8737424087264241,0.3886729367161312,0.1648695934796876,0.059530181964369704,0.8448936518648167,0.434581493148897,0.1962571500920198,0.3137614678899083,0.656578947368421,0.45386042303024277,0.7834847061006734,0.24540570585879623,0.21333434805062954,0.080770318795954,0.8377723687906163,0.40737715419002696,0.1963532547478853,0.14326723085733495,67.50094696969697,-0.009690160898953137,-0.006952763067639922
2012,139,1242,1345,63,60,3,1,0,-8,,6.90909090909091,1.1069443118825253,0.9113994723376316,1.1155492928266306,1.0226433235130077,0.35804701627486435,0.6962365591397849,0.48612439906897076,0.8103169114266602,0.24725117620561904,0.19602533482702028,0.10198909210488423,0.8138061713282712,0.38394183418959055,0.2077665219991629,0.3769123783031989,0.651840490797546,0.444833137615532,0.8963149038153835,0.34026786619177407,0.13402737604770185,0.06161719428984356,0.8197026778565365,0.4455733554921289,0.19856769528872906,-0.09301668998615503,66.2590909090909,0.05146139137798855,0.0041454304142717335
2012,139,1277,1387,65,61,4,1,0,-8,,1.3197343453510442,1.096239721166401,0.9075005076830646,1.0941414734853814,0.9038566453269509,0.3650485436893204,0.6976421636615812,0.47808463012794533,0.8284799877111586,0.2314279957820266,0.19793108449241914,0.0807818101950637,0.8254588328744409,0.380038977867135,0.1960795022565546,0.36877076411960136,0.7147766323024055,0.4574388198051443,0.8444204965947163,0.30732007553854823,0.17718822622207933,0.06184810148960357,0.7776208715110973,0.40832077734688865,0.2336650326082171,-0.07589207975652162,64.5768619544592,0.024463804901277364,0.011554622832091521
2012,139,1207,1301,63,66,-3,0,0,-8,,3.980392156862746,1.0682122460378962,0.9140702824420759,1.0778852738049014,0.998759010042357,0.34309623430962344,0.6960000000000001,0.46091759646237995,0.8250716445749328,0.25027895365329367,0.19728639446775198,0.0902383743640477,0.8284135955583368,0.3880991910064172,0.19832531754728225,0.35546875,0.7078014184397163,0.46393561885294976,0.846572220688772,0.22323556450433238,0.187943980063371,0.06990199050678617,0.8500926103383027,0.4199005217334103,0.1837684308731174,0.02704338914896129,66.11764705882354,0.014391654168211643,-0.004619745268035547
2012,139,1166,1314,73,87,-14,0,0,7,,-4.632798573975045,1.1727800539865532,1.026901934695095,1.1208291198870246,0.9245516965859816,0.4245283018867924,0.7317415730337079,0.5139305915706119,0.8096442558326888,0.28258722535950115,0.18043897879569526,0.03947543009782451,0.8678137831938213,0.43897914738873767,0.15118950409763365,0.3392504930966469,0.6820877817319099,0.4612221794576943,0.892606238547071,0.20509853807651976,0.16147637630167344,0.08790244890830343,0.8806083822711482,0.39451931703020215,0.1830030978262807,0.07748868728298139,70.5248774509804,0.0041242908771910725,-0.04753667170638687
2012,139,1325,1378,62,56,6,1,0,1,,6.045454545454546,1.0416242490075507,0.9352344099669829,0.9802107665135784,0.9510518587021717,0.3333333333333333,0.681159420289855,0.4291241534575277,0.8463229330612354,0.32325677190705876,0.19560287451785804,0.054581339012636454,0.7471010450198421,0.4209985751422151,0.2646820111778128,0.3107822410147992,0.7097378277153558,0.43438273833571767,0.8143850293781509,0.2467701063341962,0.22720998874807855,0.0683978718541415,0.8602225398585782,0.3949026444361966,0.18637211670537515,0.07648666557286257,63.76347064393939,-0.015677257792104216,0.015485026101351829
2012,139,1250,1462,58,70,-12,0,0,5,,6.885416666666666,1.102372371713577,0.9484548699381075,1.0389681223331897,0.9797311077188404,0.35479041916167664,0.7742402315484804,0.4483084564011081,0.8438939882542951,0.30529878125856386,0.16703657090042143,0.05212129627302859,0.8078759255773257,0.4182421546615443,0.21403315106078497,0.3492407809110629,0.6921017402945113,0.4546074817530154,0.8168719143057414,0.2049863028118553,0.18636922173959886,0.0645983988620126,0.8338413365888312,0.39931858157167927,0.1842031667790204,0.10031247844670857,68.43647017045454,-0.012611299220886163,-0.003999537288849164
2012,143,1196,1266,68,58,10,1,0,4,,0.5236742424242422,1.1569920147078216,1.0072687778060296,1.075077976334851,0.9400945322080556,0.39001189060642094,0.7120000000000001,0.4616844401912064,0.8737424087264241,0.3886729367161312,0.1648695934796876,0.059530181964369704,0.8448936518648167,0.434581493148897,0.1962571500920198,0.337037037037037,0.720626631853786,0.4605003836591208,0.821153243871624,0.24098535774062532,0.1872927347058786,0.05930083222804625,0.8326343181149739,0.40953941201724264,0.23586586940366192,0.14768757897550586,68.17047821969697,-0.01192901229978438,-0.028567877933664554
2012,143,1257,1277,57,44,13,1,0,3,,-5.372268907563025,1.0010246752382836,0.8951602733353256,1.096239721166401,0.9075005076830646,0.31070889894419307,0.6860622462787551,0.42546262968752574,0.8334162938995001,0.27729362030668053,0.21390066457907161,0.08633684938103994,0.826287047148612,0.38032585464983004,0.23147255567242295,0.3650485436893204,0.6976421636615812,0.47808463012794533,0.8284799877111586,0.2314279957820266,0.19793108449241914,0.0807818101950637,0.8254588328744409,0.380038977867135,0.1960795022565546,0.045865624524653925,67.16028361344539,-0.02645443861155733,0.03442133065336517
2012,143,1153,1326,66,81,-15,0,0,4,,-8.382352941176471,1.0482198040026405,0.9480729535592227,1.1162036716310655,0.8928663944129298,0.3427362482369535,0.6409395973154361,0.42183229697439867,0.9188550292362656,0.32264662180618303,0.16333695312547492,0.08121008807327433,0.8635769760928632,0.41502868324845016,0.21745405184480182,0.3260869565217391,0.6977715877437326,0.48228344315826716,0.8578772081017392,0.2240271423345224,0.17345097341103385,0.05630777550707536,0.7951720665703373,0.4066523598529733,0.22399937281699714,0.09861947947166064,65.98750000000001,-0.034413734789672634,0.051944809658757585
2012,143,1393,1458,64,63,1,1,0,-3,,3.1818181818181817,1.1300231148449524,0.9203647434157964,1.0802868623932076,0.8852351711453329,0.34533551554828146,0.6913183279742766,0.4649912400196163,0.8985657993902316,0.28269068707774486,0.15830901457482432,0.1255340837755007,0.8532339062629326,0.3876275066402006,0.25097448716791493,0.360632183908046,0.7406716417910448,0.42398512605338834,0.8830694124089775,0.35705503345600176,0.15152484782687353,0.06830540151738339,0.8543047693237923,0.3832087049603974,0.18387545099340563,-0.0743643463782569,62.59166666666667,0.018293656143212378,0.0829766646016396
2012,144,1124,1462,75,70,5,1,0,-7,,5.666666666666666,1.0997042341003305,0.9702794034691952,1.0389681223331897,0.9797311077188404,0.3769100169779287,0.7522255192878338,0.4668357432663283,0.8317537793848582,0.26394747859327206,0.20522376513058121,0.08269256322679505,0.8368966758175388,0.41790332556925097,0.2120760824703787,0.3492407809110629,0.6921017402945113,0.4546074817530154,0.8168719143057414,0.2049863028118553,0.18636922173959886,0.0645983988620126,0.8338413365888312,0.39931858157167927,0.1842031667790204,0.05896117578141677,67.7723484848485,-0.003178241242129398,0.04554385227277624
2012,144,1242,1301,60,57,3,1,0,-9,,7.737967914438504,1.1069443118825253,0.9113994723376316,1.0778852738049014,0.998759010042357,0.35804701627486435,0.6962365591397849,0.48612439906897076,0.8103169114266602,0.24725117620561904,0.19602533482702028,0.10198909210488423,0.8138061713282712,0.38394183418959055,0.2077665219991629,0.35546875,0.7078014184397163,0.46393561885294976,0.846572220688772,0.22323556450433238,0.187943980063371,0.06990199050678617,0.8500926103383027,0.4199005217334103,0.1837684308731174,0.02401561170128666,67.98639705882353,0.02907373387992035,-0.017508447845730468
2012,144,1231,1246,90,102,-12,0,0,3,,-5.949197860962567,1.1494436321674297,0.9865376252462426,1.1627593059013444,0.9029530111317867,0.433264887063655,0.7621951219512194,0.48747540217074137,0.7959510712965354,0.2186311717574412,0.19005835952784297,0.0598987182354133,0.8271893001630333,0.42379713937788716,0.20124488099336688,0.37142857142857144,0.7204161248374512,0.4829799890670496,0.8596121812497265,0.235771669559625,0.16932078621108124,0.15058573239949702,0.896982839992106,0.37056872725878454,0.17966106387157746,-0.017140497802183796,66.63015819964349,-0.02436649950770542,-0.017806742740374082
2012,144,1314,1325,73,65,8,1,1,-12,,7.572192513368983,1.1208291198870246,0.9245516965859816,1.0416242490075507,0.9352344099669829,0.3392504930966469,0.6820877817319099,0.4612221794576943,0.892606238547071,0.20509853807651976,0.16147637630167344,0.08790244890830343,0.8806083822711482,0.39451931703020215,0.1830030978262807,0.3333333333333333,0.681159420289855,0.4291241534575277,0.8463229330612354,0.32325677190705876,0.19560287451785804,0.054581339012636454,0.7471010450198421,0.4209985751422151,0.2646820111778128,-0.118158233830539,70.26048351158644,0.02928864205608983,-0.0037612937212423425
2012,145,1196,1257,68,72,-4,0,0,3,,2.5852813852813847,1.1569920147078216,1.0072687778060296,1.0010246752382836,0.8951602733353256,0.39001189060642094,0.7120000000000001,0.4616844401912064,0.8737424087264241,0.3886729367161312,0.1648695934796876,0.059530181964369704,0.8448936518648167,0.434581493148897,0.1962571500920198,0.31070889894419307,0.6860622462787551,0.42546262968752574,0.8334162938995001,0.27729362030668053,0.21390066457907161,0.08633684938103994,0.826287047148612,0.38032585464983004,0.23147255567242295,0.11137931640945065,67.2075541125541,-0.009016913997693166,-0.030040265830186486
2012,145,1326,1393,77,70,7,1,0,1,,1.524064171122994,1.1162036716310655,0.8928663944129298,1.1300231148449524,0.9203647434157964,0.3260869565217391,0.6977715877437326,0.48228344315826716,0.8578772081017392,0.2240271423345224,0.17345097341103385,0.05630777550707536,0.7951720665703373,0.4066523598529733,0.22399937281699714,0.34533551554828146,0.6913183279742766,0.4649912400196163,0.8985657993902316,0.28269068707774486,0.15830901457482432,0.1255340837755007,0.8532339062629326,0.3876275066402006,0.25097448716791493,-0.05866354474322247,66.43357843137255,-0.0008663250370608555,-0.07450100596660375
2012,146,1242,1314,80,67,13,1,0,1,,-2.0267379679144373,1.1069443118825253,0.9113994723376316,1.1208291198870246,0.9245516965859816,0.35804701627486435,0.6962365591397849,0.48612439906897076,0.8103169114266602,0.24725117620561904,0.19602533482702028,0.10198909210488423,0.8138061713282712,0.38394183418959055,0.2077665219991629,0.3392504930966469,0.6820877817319099,0.4612221794576943,0.892606238547071,0.20509853807651976,0.16147637630167344,0.08790244890830343,0.8806083822711482,0.39451931703020215,0.1830030978262807,0.04215263812909928,70.39154411764706,0.017739851225944014,-0.021501138179388812
2012,146,1124,1246,70,82,-12,0,0,2,,-8.676470588235293,1.0997042341003305,0.9702794034691952,1.1627593059013444,0.9029530111317867,0.3769100169779287,0.7522255192878338,0.4668357432663283,0.8317537793848582,0.26394747859327206,0.20522376513058121,0.08269256322679505,0.8368966758175388,0.41790332556925097,0.2120760824703787,0.37142857142857144,0.7204161248374512,0.4829799890670496,0.8596121812497265,0.235771669559625,0.16932078621108124,0.15058573239949702,0.896982839992106,0.37056872725878454,0.17966106387157746,0.028175809033647053,66.80667335115865,-0.031739422055593824,0.0048897117843420546
2012,152,1242,1326,64,62,2,1,0,0,,-2.614973262032084,1.1069443118825253,0.9113994723376316,1.1162036716310655,0.8928663944129298,0.35804701627486435,0.6962365591397849,0.48612439906897076,0.8103169114266602,0.24725117620561904,0.19602533482702028,0.10198909210488423,0.8138061713282712,0.38394183418959055,0.2077665219991629,0.3260869565217391,0.6977715877437326,0.48228344315826716,0.8578772081017392,0.2240271423345224,0.17345097341103385,0.05630777550707536,0.7951720665703373,0.4066523598529733,0.22399937281699714,0.023224033871096644,67.34191176470588,0.013275740787043189,0.012944884223447972
2012,152,1246,1257,69,61,8,1,0,-3,,10.019327731092435,1.1627593059013444,0.9029530111317867,1.0010246752382836,0.8951602733353256,0.37142857142857144,0.7204161248374512,0.4829799890670496,0.8596121812497265,0.235771669559625,0.16932078621108124,0.15058573239949702,0.896982839992106,0.37056872725878454,0.17966106387157746,0.31070889894419307,0.6860622462787551,0.42546262968752574,0.8334162938995001,0.27729362030668053,0.21390066457907161,0.08633684938103994,0.826287047148612,0.38032585464983004,0.23147255567242295,-0.04152195074705553,67.39263655462184,0.03363724338528473,-0.003589222762548916
2012,154,1242,1246,59,67,-8,0,0,1,,-4.585561497326202,1.1069443118825253,0.9113994723376316,1.1627593059013444,0.9029530111317867,0.35804701627486435,0.6962365591397849,0.48612439906897076,0.8103169114266602,0.24725117620561904,0.19602533482702028,0.10198909210488423,0.8138061713282712,0.38394183418959055,0.2077665219991629,0.37142857142857144,0.7204161248374512,0.4829799890670496,0.8596121812497265,0.235771669559625,0.16932078621108124,0.15058573239949702,0.896982839992106,0.37056872725878454,0.17966106387157746,0.011479506645994036,66.99227941176471,-0.00511434846444242,-0.032119603937598606
2013,134,1251,1299,72,73,-1,0,0,0,,-3.6121323529411766,1.003975310041498,1.0626773548738155,0.9212031138541786,0.9130552007027466,0.36717428087986465,0.733433734939759,0.4222640633113694,0.8036065441448011,0.2760635085540542,0.19997912136880863,0.05053253837586232,0.8730463254229309,0.4267885930907739,0.1513587518462979,0.30168453292496167,0.6561679790026247,0.39994015843962344,0.7774012136681234,0.2893894857792812,0.22496657800989334,0.08467402444316034,0.7889678864906172,0.38383103329108803,0.23779548544560225,-0.013325977225226993,66.95955882352942,-0.010316827463970002,-0.009096685760015877
2013,134,1292,1388,54,67,-13,0,0,0,,1.892045454545455,1.0709551262396284,0.8761148074462232,1.15127439602276,0.9843063633981991,0.3782051282051282,0.6932270916334662,0.46498085859592175,0.815229906265033,0.21293393549129147,0.20649602140946224,0.0750724595762408,0.7619786777798064,0.39346670078009754,0.2384141139046993,0.37295690936106984,0.7304747320061256,0.4726008733703801,0.8530765880324476,0.32513427358847213,0.18291871046906386,0.056352134999049314,0.8066453165656359,0.4202383549989592,0.17879511467679668,-0.11220033809718066,65.72413589015153,0.009575819722201617,0.02147006126972051
2013,135,1241,1254,68,55,13,1,0,0,,-2.237076648841355,1.008907658002729,0.9855396521643255,1.1216226206821094,1.0820735614090637,0.3333333333333333,0.7005730659025787,0.41998276029974935,0.8339336040382995,0.26706845626005676,0.17245898811142185,0.08703034600753616,0.792545327743053,0.4281841567027649,0.21142756738729818,0.38510301109350237,0.6896149358226372,0.4860478709678916,0.7910281315577948,0.2717029572161737,0.20238717695276615,0.05833227432877741,0.8548859391207245,0.4701854983142535,0.18316899467704104,-0.004634500956116949,67.7587789661319,-0.01203188452832682,-0.050349982559464324
2013,135,1129,1247,71,80,-9,0,0,0,,-1.845977011494253,1.0683351539598283,1.0025986863365826,1.0730378971806267,0.9789262091793286,0.3865248226950355,0.7486136783733826,0.44960408501942756,0.8311179622581704,0.2921828391775755,0.18266861099231962,0.03282396648529255,0.7592720800461571,0.44551355654352814,0.2007543135496587,0.37073170731707317,0.7384898710865562,0.45188147839197523,0.8492705531036512,0.30449366624669943,0.17290856709879268,0.06409652777065777,0.827762117953137,0.45814145407447276,0.2189825781745785,-0.012310827069123953,67.16038793103448,0.0051752520791985,-0.041726614851500865
2013,136,1112,1125,81,64,17,1,0,-5,,-2.6729166666666675,1.092740212358122,0.9451246192721088,1.120708272977235,0.9484007105014941,0.362962962962963,0.7477477477477478,0.4526119381800059,0.8311590232816083,0.3155555394124172,0.19507229516814747,0.07101427322409376,0.8096059360164484,0.4178381341016873,0.20399083206209478,0.3755656108597285,0.7352941176470589,0.4990680434708791,0.8149716225037614,0.3201756504063876,0.1973514599440609,0.050721734700656884,0.7854595126872762,0.41486782956295826,0.24999806042683034,-0.004620110993970417,67.94234374999999,-0.024713204914801112,-0.008654407591200397
2013,136,1137,1139,56,68,-12,0,0,5,,4.653409090909091,1.0774274974881712,0.9228562035018482,1.0577801069068562,0.9762608420772583,0.36009732360097324,0.7463651050080775,0.45544503959957444,0.8468164765717886,0.205725822023722,0.15119116934379706,0.07353686538600317,0.8770061306298746,0.3790390526859172,0.14300702860849723,0.34340222575516693,0.6885245901639344,0.450587007874503,0.8274094137510268,0.2953129147427345,0.20397462576878175,0.04284629644377515,0.8203926984753718,0.4193359877299173,0.1722584760333411,-0.08958709271901252,63.594708806818176,0.0225774833845358,-0.03729805705012179
2013,136,1143,1424,64,61,3,1,0,7,,-4.353861192570871,1.0120205572530492,0.9689321255252509,1.0246868039878192,0.9228066906085131,0.30413625304136255,0.7254545454545455,0.4500293184995824,0.8506879902436026,0.19890224444806043,0.18760799797733432,0.0806224659772754,0.8826020246654386,0.3999926029676944,0.16588314278886887,0.327217125382263,0.7063953488372093,0.4374920300242514,0.8256640115754226,0.2874527306894891,0.2024941148654228,0.09883748550458571,0.8480010046980935,0.3922880117028802,0.18511643706196165,-0.0885504862414287,68.05476539589444,0.002416348605258356,0.011425459132144655
2013,136,1161,1281,84,72,12,1,0,-1,,-1.3509286412512225,1.129533299306236,0.9839744131425902,1.1095327295666257,0.9608718695958515,0.33403361344537813,0.7086092715231788,0.445166048413722,0.878489929126677,0.23804619759153378,0.16701741545246465,0.03394263460811438,0.8113008588443112,0.42115135969097,0.16861058935935083,0.3398692810457516,0.7394468704512374,0.4621473179290292,0.8622591552452904,0.2699040505291534,0.19315674885114154,0.059759027993111107,0.8668500903943541,0.40167079685068924,0.1759179038610037,-0.03185785293761961,66.4421798631476,-0.018230916177793932,-0.013575906682975591
2013,136,1211,1380,64,58,6,1,0,-15,,9.140086206896552,1.1776851281642795,0.9171763238078108,1.021392216838329,0.8887798122311142,0.36446886446886445,0.7116991643454039,0.49765231116310815,0.8418041432303095,0.2625381309888605,0.17157884558083503,0.051553274044215544,0.8462975922170032,0.38162799836546873,0.2072293113309948,0.3636363636363636,0.6877022653721683,0.42706901860762764,0.8149922943307124,0.27958750680485545,0.16851615071658493,0.07320844671197227,0.8364891775324396,0.3748680283601256,0.2040875029053924,-0.01704937581599497,65.15897090517242,0.03191166127506867,0.05154459747503881
2013,136,1217,1307,68,62,6,1,0,11,,-2.325708061002179,1.0647979233827842,0.9945493934402118,1.0379935738553403,0.9231608935316009,0.4009324009324009,0.7234375000000001,0.48404568241096574,0.7278982001418055,0.245498381954145,0.20948690372706902,0.07638666910912643,0.8278959307940156,0.4453849498228134,0.2093323660071548,0.3544715447154471,0.7217391304347827,0.4234847527095993,0.7974546959759035,0.27855969836481026,0.1754511873088982,0.07008790974909072,0.8600627835424804,0.390305513535289,0.1934329374762235,-0.03306131641066526,64.95703976034858,0.0027407467069209823,0.002676134628689264
2013,136,1257,1299,79,48,31,1,0,-15,,15.382352941176471,1.085401385979314,0.8527573025243965,0.9212031138541786,0.9130552007027466,0.330550918196995,0.7114882506527416,0.4454584743902797,0.8580937792413151,0.26026688325100455,0.18805961411601302,0.08102409930411197,0.7816063475355168,0.3870068032826183,0.27710240823688687,0.30168453292496167,0.6561679790026247,0.39994015843962344,0.7774012136681234,0.2893894857792812,0.22496657800989334,0.08467402444316034,0.7889678864906172,0.38383103329108803,0.23779548544560225,-0.029122602528276642,67.39411764705882,0.021171272979563005,0.042016184505097254
2013,136,1172,1266,58,59,-1,0,0,11,,4.835685483870968,1.126736510844558,0.9576934971106248,1.0593162812188717,0.973496901678146,0.366412213740458,0.8009118541033434,0.46418040698557833,0.8208400454884589,0.3171941970790591,0.1687303202681292,0.053369970021521176,0.8166726101248651,0.41202079245129475,0.18948800828737716,0.30068337129840544,0.7225519287833827,0.4674836146904962,0.8088084511320441,0.21934863669108254,0.2104313442552199,0.06358793996035929,0.854225069253405,0.40438009734277947,0.19957246279337712,0.09784556038797657,64.93238407258065,-0.005471951406716635,-0.07178634156431268
2013,136,1272,1388,54,52,2,1,0,-5,,-0.8566176470588243,1.077801397736447,0.9243253433461708,1.15127439602276,0.9843063633981991,0.3790613718411553,0.6662180349932706,0.4774851876010596,0.8190633868583985,0.23166206321420604,0.2070632728925155,0.10934359234668867,0.8069832171182244,0.4058243302112367,0.21909546448552653,0.37295690936106984,0.7304747320061256,0.4726008733703801,0.8530765880324476,0.32513427358847213,0.18291871046906386,0.056352134999049314,0.8066453165656359,0.4202383549989592,0.17879511467679668,-0.09347221037426609,67.6321461397059,0.009649169509200972,0.02038250786244533
2013,136,1276,1355,71,56,15,1,0,-9,,5.147177419354839,1.1610611821003016,0.9720908415373727,1.1246085092254439,1.0257341589391447,0.3753993610223642,0.7102272727272727,0.481347119109233,0.9000072126138344,0.3058221859969129,0.14319436403591349,0.04990426120607144,0.8768553905246684,0.4204776414360165,0.18757165950823396,0.3944805194805195,0.772887323943662,0.4670529278497334,0.8478007968124122,0.30683387161225534,0.16101259330386053,0.03848298098580419,0.8628388704408669,0.45015099541806647,0.1717770833325854,-0.001011685615342428,64.39637096774194,0.021983772620774777,0.03993479990970206
2013,136,1277,1434,65,54,11,1,0,-11,,-0.75,1.0542632975924993,0.9273613361870837,1.0950908507670924,0.9545864931077194,0.34415584415584416,0.7101449275362319,0.46548517776797677,0.8270521788435214,0.22561609089037812,0.20506960799763313,0.07058290531972004,0.8329844388144683,0.40066090036718865,0.19545640207924023,0.37480314960629924,0.7373887240356083,0.48875417267727184,0.7640054567606206,0.3052887545313806,0.21952225162318076,0.06056254251642108,0.8022049223251796,0.4171402354511603,0.19319371613504327,-0.07967266364100248,64.658203125,-0.003394829912661712,0.02462114137971605
2013,136,1329,1332,55,68,-13,0,0,-7,,1.413602941176471,1.0540219643260593,0.9193447748337904,1.0208390988543627,0.9050937369169848,0.31616341030195383,0.75,0.4436181892929505,0.8191839671970591,0.25646295845427336,0.18064658221252125,0.0868217743930368,0.8137249815222546,0.3894288839261965,0.21671638366412108,0.32264150943396225,0.7099337748344371,0.44786252961380973,0.8142174644397486,0.22354117556031672,0.212117930940229,0.07353505329828029,0.7949209342649219,0.4130557491548494,0.22296028562771997,0.03292178289395664,69.48180147058824,0.009691262453896843,-0.003763068555014626
2013,136,1308,1387,44,64,-20,0,0,9,,-5.424242424242425,1.0305986924826211,0.9601056833518268,1.0607351236205786,0.8942101503404091,0.3259259259259259,0.6577017114914425,0.4640466245780402,0.7860075386163403,0.1866898682248288,0.21620843051831376,0.09964263893234003,0.8523318373660276,0.40542278721390396,0.18667847484303002,0.347008547008547,0.7060367454068243,0.451618415590835,0.793551160514916,0.27244142803902693,0.17633416189198534,0.06289302258501395,0.7815542705375366,0.411492071025772,0.23319440907613637,-0.08575155981419813,65.56818181818181,0.009248746399536656,0.046147930231563494
2013,136,1285,1393,34,81,-47,0,0,9,,-6.429556650246306,1.0817921953894343,1.0123576754713413,1.074214708569359,0.921206144800132,0.37764932562620424,0.7669421487603305,0.47295713120887684,0.7732468981968921,0.27664099971278194,0.18863167806648437,0.056253381526932884,0.8360433980282941,0.432292484316225,0.1854658275429071,0.334384858044164,0.6754507628294035,0.43924826716755777,0.883668375163257,0.27528004280765106,0.1900932826840611,0.11259471439792541,0.8211946976679698,0.38232164920236666,0.23435924913252343,0.0013609569051308834,65.78270935960592,-0.00813098553626962,-0.09185665368330326
2013,136,1103,1433,42,88,-46,0,0,7,,-2.8519924098671723,1.0641225383969937,0.9268776887097961,1.1121905792801186,0.9419949461492052,0.3323029366306028,0.6425269645608629,0.45733163257712384,0.8432280388196103,0.3075448916519797,0.2028682326767282,0.10119215114891059,0.8175791228167875,0.3944307866418342,0.20592404549429622,0.3515625,0.7010785824345146,0.44960404933903053,0.8978200270329861,0.3235759932011235,0.1715307754301069,0.06235408214163575,0.7361822853401851,0.4435834906735268,0.28419457958646155,-0.016031101549143834,68.47527277039848,0.028440143634893,-0.017782889193159956
2013,136,1338,1455,55,73,-18,0,0,-1,,5.420955882352942,1.1378767803183552,0.92016748055012,1.0749193362788894,0.934593290781418,0.36,0.6640866873065016,0.4764050986120486,0.8782323183766878,0.227306876646614,0.1768554578210543,0.08058471334800534,0.8024409179220321,0.39388725124218066,0.22375465453080312,0.3368421052631579,0.687869822485207,0.4450220278832729,0.8621750769611062,0.3041340472543923,0.1978967687617775,0.08752840495792545,0.7896423942724164,0.4002397579365409,0.20351415383949142,-0.0768271706077783,62.96511948529412,0.018867788711567968,0.043859685065071874
2013,137,1153,1166,63,67,-4,0,0,3,,-4.415329768270945,1.0045199178305226,0.909340777972361,1.1631323279331394,0.9662870662266215,0.31734837799717913,0.6491994177583698,0.4001759312513624,0.8754667090030465,0.3287854948628204,0.19437716535351257,0.11022619197961118,0.84121985721219,0.3904040305597565,0.1989290871160493,0.4209039548022599,0.7504159733777039,0.5105016849878249,0.8115263924445845,0.3226290543886439,0.1897690214456788,0.043205776940395124,0.8852299842957848,0.4097903430779992,0.16018684635649869,0.006156440474176461,65.34836229946524,-0.045469720609109865,0.06553390398145442
2013,137,1107,1181,61,73,-12,0,0,13,,-8.757352941176471,1.0211394613877918,0.9570666599894933,1.143816775525232,0.9520273128511026,0.3642857142857143,0.7339181286549709,0.4381195288634296,0.793745579752589,0.2618762249530515,0.2115812015971629,0.03804261650624669,0.8407239919241757,0.423126725125942,0.19886164718109411,0.40589198036006546,0.7316017316017316,0.4791799883996426,0.8358511031506929,0.27814657402629256,0.15541671447756725,0.0656448017188831,0.8415536525954592,0.420439907520217,0.20803703263047102,-0.01627034907324104,65.86155790441177,-0.021873638570969023,-0.01334700092222002
2013,137,1195,1207,78,68,10,1,0,13,,-3.807459677419354,1.0369413645515615,0.9568374069656994,1.026954814345722,0.8815829466910301,0.33073322932917315,0.6703470031545742,0.4565826445666882,0.823535757974723,0.28632089689241164,0.2091284219503246,0.06480257230470446,0.8217840572996152,0.4117771160299858,0.2223732112404075,0.3575638506876228,0.6804835924006909,0.455030767238322,0.8052914102991241,0.26347438690182895,0.20202121975204476,0.07385240100147197,0.8179253082424375,0.3773661236815156,0.22304269748823494,0.022846509990582686,66.31121471774193,-0.01642955751005193,0.013083151630650214
2013,137,1196,1322,79,47,32,1,0,-11,,12.420875420875419,1.1449763177968972,0.8566051616542181,1.0567448280594982,0.9889109204598513,0.3804945054945055,0.6812977099236641,0.4819494584797435,0.871102700491329,0.35094933727381833,0.17652073724470305,0.0664259523486329,0.8168608355017836,0.3786923995619348,0.22389459110033497,0.3144016227180527,0.6902654867256637,0.44558900819375075,0.8362939333852714,0.24989576766919822,0.1872028985962943,0.07612891614081134,0.8184878699820074,0.4357841423293959,0.21901932281077574,0.10105356960462011,68.18796296296296,0.04672609652672699,-0.04656403853222629
2013,137,1160,1228,49,57,-8,0,0,3,,1.162878787878788,1.019034358329331,0.9530388489602108,1.0352109816538262,0.9986360952189653,0.3473895582329317,0.6842837273991655,0.4391385234657636,0.8195270755894642,0.23440548200109088,0.1985023958771331,0.053147221419989565,0.8738379667895595,0.40441261240553317,0.19406787668138561,0.32274459974587044,0.7219430485762144,0.414194291363672,0.8761170108629476,0.3610210613656864,0.17335682094306157,0.07375126646559955,0.8059654608457003,0.4309527102021158,0.22078687992264706,-0.12661557936459553,66.3895478219697,0.02574216494933712,-0.010346476801901372
2013,137,1231,1241,83,62,21,1,0,-15,,16.72192513368984,1.1771344877115986,0.9205448671238116,1.008907658002729,0.9855396521643255,0.41126279863481224,0.7449344457687722,0.4874095983893407,0.814848890050577,0.2615725687753937,0.19102956111975364,0.06400912424513985,0.8531517888181704,0.3889622237801414,0.20991549227171635,0.3333333333333333,0.7005730659025787,0.41998276029974935,0.8339336040382995,0.26706845626005676,0.17245898811142185,0.08703034600753616,0.792545327743053,0.4281841567027649,0.21142756738729818,-0.0054958874846630645,66.22014260249554,0.05332438550610741,0.060228996630485476
2013,137,1235,1323,76,58,18,1,0,3,,1.188948306595365,1.12219690735178,0.9946623964117646,1.1054659709091215,0.9903487503603313,0.37015945330296124,0.7307110438729199,0.4594497010977576,0.8517848248486138,0.3743977163579949,0.18692537081035662,0.04779232734748188,0.8397199088125291,0.42674830671603914,0.1837809805488977,0.3733333333333333,0.7074380165289257,0.46375803712523406,0.8733601598482781,0.28066266486063923,0.17370361632022233,0.06584015830783854,0.9006687239213571,0.4212091863336152,0.16188912957251153,0.09373505149735567,67.37456550802139,-0.0049237282049502396,-0.0029557539359881257
2013,137,1242,1443,64,57,7,1,0,-15,,13.205882352941178,1.0964298380467266,0.8930143855493958,1.0042906650428762,0.9881302901833928,0.3673835125448029,0.7326203208556149,0.4815827837663703,0.8081978763343708,0.23887617090348007,0.1993909016078983,0.11458310965193769,0.8457320332351744,0.36135107671991573,0.1881796270042934,0.3323353293413173,0.6800573888091822,0.4319839310918235,0.8079642905476864,0.2942198462009655,0.22479894230601855,0.05973045292525438,0.8132528892913627,0.4307187001219105,0.2049382317795542,-0.055343675297485406,67.77022058823529,0.059483238038270825,-0.0175957828419816
2013,137,1243,1247,61,63,-2,0,0,-9,,0.8060606060606057,1.07439927651233,0.9710377047288962,1.0730378971806267,0.9789262091793286,0.35942492012779553,0.6894824707846411,0.43369649710672803,0.8938859757259913,0.2980525040815358,0.18061611230699576,0.07098821908594435,0.807267339191937,0.42817893457529344,0.2240344875932705,0.37073170731707317,0.7384898710865562,0.45188147839197523,0.8492705531036512,0.30449366624669943,0.17290856709879268,0.06409652777065777,0.827762117953137,0.45814145407447276,0.2189825781745785,-0.006441162165163661,65.76125,0.005888769106966063,0.048583820951411116
2013,137,1274,1334,78,49,29,1,0,-13,,7.398674242424242,1.084018153088124,0.9382144100384954,1.0600203573186733,1.0253818562599475,0.35828025477707004,0.6772151898734177,0.46275784719913404,0.8457876589379391,0.29621155099845775,0.16917889036479106,0.08033048718557315,0.8547763812910645,0.4030944273972055,0.18359221059704714,0.391304347826087,0.7001569858712716,0.450334717706777,0.8239739071544359,0.2628427541668019,0.17683647116352744,0.024445642651298605,0.8063269906413125,0.43282916562084706,0.19961553488240488,0.033368796831655834,63.89553740530303,0.02107893385799925,-0.002340621271765375
2013,137,1278,1417,83,63,20,1,0,5,,0.9558823529411766,1.0725721634882441,0.9698067130560334,1.0593617315279609,0.9780940033996098,0.326171875,0.6846473029045643,0.4411221002841503,0.8517277051275562,0.2529220872436392,0.21666619547752203,0.10899771843434242,0.844265448709071,0.3976862186360429,0.2000662710151432,0.33943089430894313,0.7224669603524229,0.45706383811665247,0.8624393580251244,0.20634207724289585,0.15669416705931405,0.058201623967947695,0.8831038236208706,0.4243649810762151,0.20065242644685363,0.04658001000074333,67.08991268382353,0.00536851230383506,0.06032379295349266
2013,137,1279,1458,57,46,11,1,0,7,,1.0,1.0815963853646888,0.9448734147377067,1.0543320671476646,0.8960493260140753,0.32952924393723254,0.6839565741857659,0.44173633004117346,0.8622879858321413,0.28703323966412464,0.1585320997869847,0.08776910795987114,0.8304632379276726,0.4088612954387863,0.2163585998488451,0.33421750663129973,0.632688927943761,0.42454464551984694,0.9022923545579291,0.3597671036407779,0.15644282866935655,0.07822182656645799,0.8630844591059904,0.39654491294549943,0.1788825178767956,-0.07273386397665327,66.9860294117647,0.002437651014019826,0.027554227971155143
2013,137,1314,1437,78,71,7,1,0,-1,,4.5606060606060606,1.0622017773286945,0.9676639628727988,0.9892437857056092,0.9503136218364775,0.3700305810397554,0.6733668341708543,0.4393550425796282,0.9021791673416875,0.2780334395768327,0.17004689587140265,0.05352694153201932,0.8383228676584582,0.42693109421683795,0.21117961305127445,0.33678756476683935,0.7217598097502973,0.416214681144768,0.753189976201825,0.26545779719019547,0.22789322722040511,0.06489383749246856,0.7843628335921531,0.4035021892340568,0.21902926784489188,0.01257564238663722,69.95789535984848,-0.0001442717739604804,0.022295229330603017
2013,137,1233,1326,70,95,-25,0,0,13,,-6.424242424242424,1.1198469811937275,1.048750943340317,1.079788525164267,0.9179444797114726,0.37281292059219384,0.7784431137724551,0.4588250702286128,0.8571167265109684,0.31107294461633384,0.16920395615417028,0.04940802747402348,0.8462398015957854,0.4504455788048461,0.19684282938695655,0.3509700176366843,0.6934189406099519,0.45624968689074136,0.8631361583685679,0.2677319106963603,0.16399661595242776,0.08077017214374554,0.8321530578559002,0.39618349125552016,0.20590620617306674,0.043341033919973515,68.13977272727274,-0.025843352105727246,0.032681599197624034
2013,137,1328,1361,55,70,-15,0,0,3,,-2.1645161290322577,1.0520707944644436,0.9841821309057666,1.0210592716195361,0.9228258764873072,0.32627118644067793,0.7600619195046439,0.4367731499182723,0.858136736530781,0.225994530173175,0.17491190014631303,0.04953648835644214,0.8465951486010187,0.4193441275281836,0.19803608891031158,0.3241758241758242,0.6836902800658978,0.4378173195415545,0.8416956878171715,0.272158513847993,0.17814955405238558,0.07663939420777961,0.8488710916567974,0.3905305490917345,0.18361310620820223,-0.046163983674818,67.22719086021505,-0.014928874029865646,0.027797235490694683
2013,137,1301,1396,72,76,-4,0,0,-1,,2.8143382352941178,1.1223409431824893,1.0169976552922764,1.0671837846084353,1.0052520299415328,0.3930131004366812,0.6825595984943538,0.49491643836646315,0.8268928713740504,0.19582348865087523,0.17916662782022344,0.0684813291932013,0.8946605738131734,0.41879115980780623,0.16816777683616357,0.333810888252149,0.7252252252252253,0.43215974485183595,0.8625982661421598,0.32112266613895035,0.16075095496145078,0.06573096239352744,0.8263248133002633,0.4360977936973439,0.20173137617007786,-0.12529917748807512,68.53138786764706,0.04003166370208244,0.02565254152268842
2013,138,1112,1217,74,51,23,1,0,-8,,4.890046296296297,1.092740212358122,0.9451246192721088,1.0647979233827842,0.9945493934402118,0.362962962962963,0.7477477477477478,0.4526119381800059,0.8311590232816083,0.3155555394124172,0.19507229516814747,0.07101427322409376,0.8096059360164484,0.4178381341016873,0.20399083206209478,0.4009324009324009,0.7234375000000001,0.48404568241096574,0.7278982001418055,0.245498381954145,0.20948690372706902,0.07638666910912643,0.8278959307940156,0.4453849498228134,0.2093323660071548,0.0700571574582722,65.9597511574074,-0.0019434642549168712,0.029809254716087474
2013,138,1161,1257,56,82,-26,0,0,7,,-6.878557874762809,1.129533299306236,0.9839744131425902,1.085401385979314,0.8527573025243965,0.33403361344537813,0.7086092715231788,0.445166048413722,0.878489929126677,0.23804619759153378,0.16701741545246465,0.03394263460811438,0.8113008588443112,0.42115135969097,0.16861058935935083,0.330550918196995,0.7114882506527416,0.4454584743902797,0.8580937792413151,0.26026688325100455,0.18805961411601302,0.08102409930411197,0.7816063475355168,0.3870068032826183,0.27710240823688687,-0.022220685659470774,65.9680265654649,-0.01721849119245472,-0.03466154299782498
2013,138,1139,1266,72,74,-2,0,0,3,,-1.3489736070381229,1.0577801069068562,0.9762608420772583,1.0593162812188717,0.973496901678146,0.34340222575516693,0.6885245901639344,0.450587007874503,0.8274094137510268,0.2953129147427345,0.20397462576878175,0.04284629644377515,0.8203926984753718,0.4193359877299173,0.1722584760333411,0.30068337129840544,0.7225519287833827,0.4674836146904962,0.8088084511320441,0.21934863669108254,0.2104313442552199,0.06358793996035929,0.854225069253405,0.40438009734277947,0.19957246279337712,0.07596427805165198,64.83060850439882,-0.01592624860156555,-0.04807938630789588
2013,138,1276,1433,78,53,25,1,0,-1,,-1.0919117647058822,1.1610611821003016,0.9720908415373727,1.1121905792801186,0.9419949461492052,0.3753993610223642,0.7102272727272727,0.481347119109233,0.9000072126138344,0.3058221859969129,0.14319436403591349,0.04990426120607144,0.8768553905246684,0.4204776414360165,0.18757165950823396,0.3515625,0.7010785824345146,0.44960404933903053,0.8978200270329861,0.3235759932011235,0.1715307754301069,0.06235408214163575,0.7361822853401851,0.4435834906735268,0.28419457958646155,-0.017753807204210603,66.69301470588235,0.027424459503856413,-0.0453031306282089
2013,138,1272,1277,48,70,-22,0,0,3,,2.5808823529411757,1.077801397736447,0.9243253433461708,1.0542632975924993,0.9273613361870837,0.3790613718411553,0.6662180349932706,0.4774851876010596,0.8190633868583985,0.23166206321420604,0.2070632728925155,0.10934359234668867,0.8069832171182244,0.4058243302112367,0.21909546448552653,0.34415584415584416,0.7101449275362319,0.46548517776797677,0.8270521788435214,0.22561609089037812,0.20506960799763313,0.07058290531972004,0.8329844388144683,0.40066090036718865,0.19545640207924023,0.0060459723238279195,67.17589613970588,0.0034182899945174317,0.012845610184536227
2013,138,1332,1387,74,57,17,1,0,8,,-2.458110516934047,1.0208390988543627,0.9050937369169848,1.0607351236205786,0.8942101503404091,0.32264150943396225,0.7099337748344371,0.44786252961380973,0.8142174644397486,0.22354117556031672,0.212117930940229,0.07353505329828029,0.7949209342649219,0.4130557491548494,0.22296028562771997,0.347008547008547,0.7060367454068243,0.451618415590835,0.793551160514916,0.27244142803902693,0.17633416189198534,0.06289302258501395,0.7815542705375366,0.411492071025772,0.23319440907613637,-0.048900252478710216,67.64212344028519,-0.002659782053051285,0.03542389011346547
2013,138,1143,1393,60,66,-6,0,0,8,,-8.095852534562212,1.0120205572530492,0.9689321255252509,1.074214708569359,0.921206144800132,0.30413625304136255,0.7254545454545455,0.4500293184995824,0.8506879902436026,0.19890224444806043,0.18760799797733432,0.0806224659772754,0.8826020246654386,0.3999926029676944,0.16588314278886887,0.334384858044164,0.6754507628294035,0.43924826716755777,0.883668375163257,0.27528004280765106,0.1900932826840611,0.11259471439792541,0.8211946976679698,0.38232164920236666,0.23435924913252343,-0.07637779835959063,66.51220046082949,-0.0034449512166515595,-0.05545730132724369
2013,138,1211,1455,70,76,-6,0,0,-8,,8.577205882352942,1.1776851281642795,0.9171763238078108,1.0749193362788894,0.934593290781418,0.36446886446886445,0.7116991643454039,0.49765231116310815,0.8418041432303095,0.2625381309888605,0.17157884558083503,0.051553274044215544,0.8462975922170032,0.38162799836546873,0.2072293113309948,0.3368421052631579,0.687869822485207,0.4450220278832729,0.8621750769611062,0.3041340472543923,0.1978967687617775,0.08752840495792545,0.7896423942724164,0.4002397579365409,0.20351415383949142,-0.04159591626553183,64.85886948529412,0.0356210214254537,0.02475088623919297
2013,139,1166,1181,50,66,-16,0,0,5,,-0.5808823529411757,1.1631323279331394,0.9662870662266215,1.143816775525232,0.9520273128511026,0.4209039548022599,0.7504159733777039,0.5105016849878249,0.8115263924445845,0.3226290543886439,0.1897690214456788,0.043205776940395124,0.8852299842957848,0.4097903430779992,0.16018684635649869,0.40589198036006546,0.7316017316017316,0.4791799883996426,0.8358511031506929,0.27814657402629256,0.15541671447756725,0.0656448017188831,0.8415536525954592,0.420439907520217,0.20803703263047102,0.04448248036235136,66.78177849264706,0.020985630515200027,-0.03414907588287408
2013,139,1195,1361,81,71,10,1,0,8,,-2.0687499999999996,1.0369413645515615,0.9568374069656994,1.0210592716195361,0.9228258764873072,0.33073322932917315,0.6703470031545742,0.4565826445666882,0.823535757974723,0.28632089689241164,0.2091284219503246,0.06480257230470446,0.8217840572996152,0.4117771160299858,0.2223732112404075,0.3241758241758242,0.6836902800658978,0.4378173195415545,0.8416956878171715,0.272158513847993,0.17814955405238558,0.07663939420777961,0.8488710916567974,0.3905305490917345,0.18361310620820223,0.014162383044418636,68.39526041666667,-0.0012406209565588577,0.029868371476419964
2013,139,1196,1278,78,64,14,1,0,-8,,11.189393939393938,1.1449763177968972,0.8566051616542181,1.0725721634882441,0.9698067130560334,0.3804945054945055,0.6812977099236641,0.4819494584797435,0.871102700491329,0.35094933727381833,0.17652073724470305,0.0664259523486329,0.8168608355017836,0.3786923995619348,0.22389459110033497,0.326171875,0.6846473029045643,0.4411221002841503,0.8517277051275562,0.2529220872436392,0.21666619547752203,0.10899771843434242,0.844265448709071,0.3976862186360429,0.2000662710151432,0.09802725003017915,63.120182291666666,0.029910588634850743,-0.06910771029233764
2013,139,1231,1396,58,52,6,1,0,-8,,12.889204545454547,1.1771344877115986,0.9205448671238116,1.0671837846084353,1.0052520299415328,0.41126279863481224,0.7449344457687722,0.4874095983893407,0.814848890050577,0.2615725687753937,0.19102956111975364,0.06400912424513985,0.8531517888181704,0.3889622237801414,0.20991549227171635,0.333810888252149,0.7252252252252253,0.43215974485183595,0.8625982661421598,0.32112266613895035,0.16075095496145078,0.06573096239352744,0.8263248133002633,0.4360977936973439,0.20173137617007786,-0.05955009736355665,67.99969223484848,0.05119271172735368,0.04144342553989555
2013,139,1242,1314,70,58,12,1,0,-7,,6.851158645276293,1.0964298380467266,0.8930143855493958,1.0622017773286945,0.9676639628727988,0.3673835125448029,0.7326203208556149,0.4815827837663703,0.8081978763343708,0.23887617090348007,0.1993909016078983,0.11458310965193769,0.8457320332351744,0.36135107671991573,0.1881796270042934,0.3700305810397554,0.6733668341708543,0.4393550425796282,0.9021791673416875,0.2780334395768327,0.17004689587140265,0.05352694153201932,0.8383228676584582,0.42693109421683795,0.21117961305127445,-0.03915726867335262,70.18558377896613,0.05390387934183216,-0.014778393165034376
2013,139,1247,1279,76,74,2,1,0,1,,-4.150980392156862,1.0730378971806267,0.9789262091793286,1.0815963853646888,0.9448734147377067,0.37073170731707317,0.7384898710865562,0.45188147839197523,0.8492705531036512,0.30449366624669943,0.17290856709879268,0.06409652777065777,0.827762117953137,0.45814145407447276,0.2189825781745785,0.32952924393723254,0.6839565741857659,0.44173633004117346,0.8622879858321413,0.28703323966412464,0.1585320997869847,0.08776910795987114,0.8304632379276726,0.4088612954387863,0.2163585998488451,0.017460426582574795,69.75132352941176,-0.01956750514244232,-0.012593356857062088
2013,139,1228,1274,59,63,-4,0,0,5,,-6.03030303030303,1.0352109816538262,0.9986360952189653,1.084018153088124,0.9382144100384954,0.32274459974587044,0.7219430485762144,0.414194291363672,0.8761170108629476,0.3610210613656864,0.17335682094306157,0.07375126646559955,0.8059654608457003,0.4309527102021158,0.22078687992264706,0.35828025477707004,0.6772151898734177,0.46275784719913404,0.8457876589379391,0.29621155099845775,0.16917889036479106,0.08033048718557315,0.8547763812910645,0.4030944273972055,0.18359221059704714,0.06480951036722865,65.31477272727273,-0.038210919320186165,0.03830574307967183
2013,139,1235,1326,75,78,-3,0,0,8,,-2.9393939393939394,1.12219690735178,0.9946623964117646,1.079788525164267,0.9179444797114726,0.37015945330296124,0.7307110438729199,0.4594497010977576,0.8517848248486138,0.3743977163579949,0.18692537081035662,0.04779232734748188,0.8397199088125291,0.42674830671603914,0.1837809805488977,0.3509700176366843,0.6934189406099519,0.45624968689074136,0.8631361583685679,0.2677319106963603,0.16399661595242776,0.08077017214374554,0.8321530578559002,0.39618349125552016,0.20590620617306674,0.10666580566163458,67.65,-0.013682400626751301,0.020030498239516303
2013,143,1266,1274,71,61,10,1,0,1,,-2.98435972629521,1.0593162812188717,0.973496901678146,1.084018153088124,0.9382144100384954,0.30068337129840544,0.7225519287833827,0.4674836146904962,0.8088084511320441,0.21934863669108254,0.2104313442552199,0.06358793996035929,0.854225069253405,0.40438009734277947,0.19957246279337712,0.35828025477707004,0.6772151898734177,0.46275784719913404,0.8457876589379391,0.29621155099845775,0.16917889036479106,0.08033048718557315,0.8547763812910645,0.4030944273972055,0.18359221059704714,-0.07686291430737521,64.71659335288368,0.0017200487728941116,0.05959185535635625
2013,143,1112,1326,70,73,-3,0,0,4,,-1.7698863636363633,1.092740212358122,0.9451246192721088,1.079788525164267,0.9179444797114726,0.362962962962963,0.7477477477477478,0.4526119381800059,0.8311590232816083,0.3155555394124172,0.19507229516814747,0.07101427322409376,0.8096059360164484,0.4178381341016873,0.20399083206209478,0.3509700176366843,0.6934189406099519,0.45624968689074136,0.8631361583685679,0.2677319106963603,0.16399661595242776,0.08077017214374554,0.8321530578559002,0.39618349125552016,0.20590620617306674,0.04782362871605689,65.64211647727274,-0.01264619577845133,0.016577713704293173
2013,143,1231,1393,50,61,-11,0,0,-3,,6.288311688311689,1.1771344877115986,0.9205448671238116,1.074214708569359,0.921206144800132,0.41126279863481224,0.7449344457687722,0.4874095983893407,0.814848890050577,0.2615725687753937,0.19102956111975364,0.06400912424513985,0.8531517888181704,0.3889622237801414,0.20991549227171635,0.334384858044164,0.6754507628294035,0.43924826716755777,0.883668375163257,0.27528004280765106,0.1900932826840611,0.11259471439792541,0.8211946976679698,0.38232164920236666,0.23435924913252343,-0.01370747403225736,67.06841991341992,0.020760378322004114,-0.012456520994837628
2013,143,1247,1455,58,72,-14,0,0,4,,-2.268627450980391,1.0730378971806267,0.9789262091793286,1.0749193362788894,0.934593290781418,0.37073170731707317,0.7384898710865562,0.45188147839197523,0.8492705531036512,0.30449366624669943,0.17290856709879268,0.06409652777065777,0.827762117953137,0.45814145407447276,0.2189825781745785,0.3368421052631579,0.687869822485207,0.4450220278832729,0.8621750769611062,0.3041340472543923,0.1978967687617775,0.08752840495792545,0.7896423942724164,0.4002397579365409,0.20351415383949142,0.00035961899230713135,66.09433823529412,-0.02552112281461477,-0.0016092787558313892
2013,144,1181,1277,71,61,10,1,0,-1,,4.75,1.143816775525232,0.9520273128511026,1.0542632975924993,0.9273613361870837,0.40589198036006546,0.7316017316017316,0.4791799883996426,0.8358511031506929,0.27814657402629256,0.15541671447756725,0.0656448017188831,0.8415536525954592,0.420439907520217,0.20803703263047102,0.34415584415584416,0.7101449275362319,0.46548517776797677,0.8270521788435214,0.22561609089037812,0.20506960799763313,0.07058290531972004,0.8329844388144683,0.40066090036718865,0.19545640207924023,0.052530483135914435,66.39296875,-0.0030420982606812474,-0.005512573129514364
2013,144,1195,1196,50,62,-12,0,0,12,,-12.908143939393938,1.0369413645515615,0.9568374069656994,1.1449763177968972,0.8566051616542181,0.33073322932917315,0.6703470031545742,0.4565826445666882,0.823535757974723,0.28632089689241164,0.2091284219503246,0.06480257230470446,0.8217840572996152,0.4117771160299858,0.2223732112404075,0.3804945054945055,0.6812977099236641,0.4819494584797435,0.871102700491329,0.35094933727381833,0.17652073724470305,0.0664259523486329,0.8168608355017836,0.3786923995619348,0.22389459110033497,-0.0646284403814067,66.25651041666667,-0.0292257651905532,0.012151732145136207
2013,144,1257,1332,77,69,8,1,0,-11,,7.470588235294118,1.085401385979314,0.8527573025243965,1.0208390988543627,0.9050937369169848,0.330550918196995,0.7114882506527416,0.4454584743902797,0.8580937792413151,0.26026688325100455,0.18805961411601302,0.08102409930411197,0.7816063475355168,0.3870068032826183,0.27710240823688687,0.32264150943396225,0.7099337748344371,0.44786252961380973,0.8142174644397486,0.22354117556031672,0.212117930940229,0.07353505329828029,0.7949209342649219,0.4130557491548494,0.22296028562771997,0.03672570769068784,69.00698529411764,0.011822445324350506,0.0434928500330094
2013,144,1242,1276,85,87,-2,0,1,-3,,2.4742647058823533,1.0964298380467266,0.8930143855493958,1.1610611821003016,0.9720908415373727,0.3673835125448029,0.7326203208556149,0.4815827837663703,0.8081978763343708,0.23887617090348007,0.1993909016078983,0.11458310965193769,0.8457320332351744,0.36135107671991573,0.1881796270042934,0.3753993610223642,0.7102272727272727,0.481347119109233,0.9000072126138344,0.3058221859969129,0.14319436403591349,0.04990426120607144,0.8768553905246684,0.4204776414360165,0.18757165950823396,-0.06694601509343284,66.32573529411765,0.029681114686619048,0.001315372417630356
2013,145,1266,1393,39,55,-16,0,0,-1,,-4.999078341013826,1.0593162812188717,0.973496901678146,1.074214708569359,0.921206144800132,0.30068337129840544,0.7225519287833827,0.4674836146904962,0.8088084511320441,0.21934863669108254,0.2104313442552199,0.06358793996035929,0.854225069253405,0.40438009734277947,0.19957246279337712,0.334384858044164,0.6754507628294035,0.43924826716755777,0.883668375163257,0.27528004280765106,0.1900932826840611,0.11259471439792541,0.8211946976679698,0.38232164920236666,0.23435924913252343,-0.05593140611656852,65.60736175115207,0.0030884496912627624,-0.013663928212509724
2013,145,1326,1455,66,70,-4,0,0,-7,,2.6283422459893053,1.079788525164267,0.9179444797114726,1.0749193362788894,0.934593290781418,0.3509700176366843,0.6934189406099519,0.45624968689074136,0.8631361583685679,0.2677319106963603,0.16399661595242776,0.08077017214374554,0.8321530578559002,0.39618349125552016,0.20590620617306674,0.3368421052631579,0.687869822485207,0.4450220278832729,0.8621750769611062,0.3041340472543923,0.1978967687617775,0.08752840495792545,0.7896423942724164,0.4002397579365409,0.20351415383949142,-0.03640213655803198,64.38536096256685,0.007641962844244565,-0.018098974847424065
2013,146,1181,1257,63,85,-22,0,0,1,,-2.7132352941176467,1.143816775525232,0.9520273128511026,1.085401385979314,0.8527573025243965,0.40589198036006546,0.7316017316017316,0.4791799883996426,0.8358511031506929,0.27814657402629256,0.15541671447756725,0.0656448017188831,0.8415536525954592,0.420439907520217,0.20803703263047102,0.330550918196995,0.7114882506527416,0.4454584743902797,0.8580937792413151,0.26026688325100455,0.18805961411601302,0.08102409930411197,0.7816063475355168,0.3870068032826183,0.27710240823688687,0.017879690775288004,68.28729319852941,0.00014420488588212654,-0.04954131863173811
2013,146,1196,1276,59,79,-20,0,0,-1,,6.501893939393938,1.1449763177968972,0.8566051616542181,1.1610611821003016,0.9720908415373727,0.3804945054945055,0.6812977099236641,0.4819494584797435,0.871102700491329,0.35094933727381833,0.17652073724470305,0.0664259523486329,0.8168608355017836,0.3786923995619348,0.22389459110033497,0.3753993610223642,0.7102272727272727,0.481347119109233,0.9000072126138344,0.3058221859969129,0.14319436403591349,0.04990426120607144,0.8768553905246684,0.4204776414360165,0.18757165950823396,0.04512715127690542,63.329166666666666,0.021193790622296094,0.000734276194988559
2013,152,1257,1455,72,68,4,1,0,-8,,6.852941176470589,1.085401385979314,0.8527573025243965,1.0749193362788894,0.934593290781418,0.330550918196995,0.7114882506527416,0.4454584743902797,0.8580937792413151,0.26026688325100455,0.18805961411601302,0.08102409930411197,0.7816063475355168,0.3870068032826183,0.27710240823688687,0.3368421052631579,0.687869822485207,0.4450220278832729,0.8621750769611062,0.3041340472543923,0.1978967687617775,0.08752840495792545,0.7896423942724164,0.4002397579365409,0.20351415383949142,-0.04386716400338775,66.20514705882353,0.006834700580464648,0.04541599008734121
2013,152,1276,1393,61,56,5,1,0,0,,0.180357142857142,1.1610611821003016,0.9720908415373727,1.074214708569359,0.921206144800132,0.3753993610223642,0.7102272727272727,0.481347119109233,0.9000072126138344,0.3058221859969129,0.14319436403591349,0.04990426120607144,0.8768553905246684,0.4204776414360165,0.18757165950823396,0.334384858044164,0.6754507628294035,0.43924826716755777,0.883668375163257,0.27528004280765106,0.1900932826840611,0.11259471439792541,0.8211946976679698,0.38232164920236666,0.23435924913252343,0.03054214318926185,65.13357142857143,0.0019714298540127184,-0.05646170329330047
2013,154,1257,1276,82,76,6,1,0,-3,,4.150735294117647,1.085401385979314,0.8527573025243965,1.1610611821003016,0.9720908415373727,0.330550918196995,0.7114882506527416,0.4454584743902797,0.8580937792413151,0.26026688325100455,0.18805961411601302,0.08102409930411197,0.7816063475355168,0.3870068032826183,0.27710240823688687,0.3753993610223642,0.7102272727272727,0.481347119109233,0.9000072126138344,0.3058221859969129,0.14319436403591349,0.04990426120607144,0.8768553905246684,0.4204776414360165,0.18757165950823396,-0.045555302745908355,65.92205882352941,-0.0012089032827775625,0.04776425760528025
2014,134,1107,1291,71,64,7,1,0,0,,3.90625,1.0379098309688146,1.000322474044672,1.0859851759980879,1.0974636243019948,0.3642691415313225,0.7482014388489209,0.4407431788338379,0.8052379723295894,0.21403065248094785,0.19808291946918746,0.05597023121335698,0.8502088869918745,0.41895038256664396,0.1867679027887515,0.35633626097867,0.7406340057636888,0.44376256992862795,0.8291543524913966,0.3543830907297084,0.16895732683059667,0.05130165014173296,0.8327347495402866,0.4942918678511296,0.18603250321376757,-0.14035243824876056,67.074609375,0.0361610470948478,-0.0005902855942095941
2014,134,1301,1462,74,59,15,1,0,0,,-2.949197860962567,1.0790664735137443,1.0646087311554728,1.0886176123309848,1.0308076994867175,0.30278884462151395,0.6614950634696757,0.4557724231034386,0.8749770798566864,0.22759945894729117,0.15822783916553337,0.06915712959919093,0.845308791053439,0.4289426285246802,0.17635421854928332,0.35390946502057613,0.6883289124668435,0.4754183289461966,0.8215620505568514,0.222111936839806,0.18555781809209226,0.054042367713888054,0.8282579401294051,0.42926903389400584,0.16898525149187743,0.005487522107485154,66.04976604278076,-0.009659750236716225,0.039836434841623025
2014,135,1142,1411,81,69,12,1,0,0,,-4.827083333333333,1.0277992351347986,1.0625499356855939,1.0897745127103626,1.063059479174997,0.33509700176366847,0.6866791744840526,0.40510207369079526,0.8914246380772056,0.31197683748097227,0.147261402809679,0.05330920571650791,0.8249862311115729,0.44025408490452256,0.17892715131071038,0.35879218472468916,0.710955710955711,0.4618777111511641,0.7863112849184348,0.2558967461463205,0.19250926033643515,0.058164961970524724,0.8840686236254804,0.44780863151589123,0.15858009011976934,0.05608009133465175,64.69901041666667,-0.02461054542450014,-0.001157737655989477
2014,135,1234,1397,65,78,-13,0,1,0,,2.78125,1.1574975116004989,0.9882579236947042,1.1179392757788655,0.9698103519658728,0.35283018867924526,0.7327293318233296,0.4661704443901307,0.8520860537013603,0.23455300159036335,0.15851015212900363,0.08528957022965268,0.8291528072276173,0.41967376689749203,0.18842886656505714,0.3296296296296296,0.7078189300411523,0.4453271099713573,0.8757395440460766,0.26901856580353806,0.1715126108703594,0.08785853160691326,0.8471968940956693,0.4140896217098423,0.1714639528115502,-0.034465564213174704,67.04218750000001,0.0076295946155618966,0.001823592507407934
2014,136,1163,1386,89,81,8,1,1,-3,,4.401960784313725,1.0865409032357147,0.9511356255812647,1.076883014533303,1.0107617169560705,0.3872,0.7605042016806722,0.4471606850863827,0.8245613510780785,0.2788845455844194,0.17777913576779106,0.10888190058414372,0.8541050555273548,0.3891031703256209,0.1944811652153268,0.38028169014084506,0.6414342629482073,0.47113486664826043,0.7972978817086238,0.2932076660358923,0.18542388590725797,0.07996319834860645,0.8716992304612317,0.4191630339953839,0.15389275264870161,-0.014323120451472937,66.0436274509804,0.003042841053942591,0.041530679596960274
2014,136,1173,1326,60,59,1,1,0,5,,-4.2718360071301245,1.1077511600197485,1.0195946775132858,1.0641449815260369,0.9141096088998648,0.3780487804878049,0.6813333333333333,0.46834023356340454,0.8332270742285208,0.26321623763667296,0.18060204231238722,0.05117587404092738,0.7902513412899199,0.43940791713467087,0.19108279492571525,0.3256198347107438,0.6888604353393086,0.44931486007408883,0.81950828181464,0.27197841074375134,0.16883671630544442,0.08386941599973152,0.8230945211194942,0.40727266607029144,0.21995286898659536,-0.008762173107078386,65.9477161319073,-0.006554938787531828,0.0175290665015152
2014,136,1107,1196,55,67,-12,0,0,15,,-10.606617647058824,1.0379098309688146,1.000322474044672,1.1172258828827357,0.9137152302992123,0.3642691415313225,0.7482014388489209,0.4407431788338379,0.8052379723295894,0.21403065248094785,0.19808291946918746,0.05597023121335698,0.8502088869918745,0.41895038256664396,0.1867679027887515,0.36808846761453395,0.6606683804627249,0.46509273691124803,0.8369687943604405,0.296335749955953,0.1782791053510178,0.0558116427030532,0.8095875199067987,0.4018821366046543,0.22007931032305628,-0.08230509747500517,63.48614430147059,-0.020708902019699882,-0.010622335488154055
2014,136,1153,1217,57,61,-4,0,0,-7,,-1.7439916405433635,1.0740935786376975,0.9183152822952448,1.114323838305018,0.9316426603705922,0.33507853403141363,0.7085076708507672,0.42488201400814585,0.8762933958828443,0.273150507151199,0.17389669141948114,0.1051958753704007,0.8107450581282242,0.39717479334799743,0.22397537255600633,0.3888888888888889,0.7260273972602739,0.4752236761436889,0.8009201254198687,0.22563925545356084,0.17581545656111813,0.09585132423686674,0.7938370582345213,0.40995985212672514,0.21719288105929788,0.047511251697638146,64.78601097178684,-0.01877830167840766,0.04765216885064283
2014,136,1257,1264,71,64,7,1,0,-9,,13.772058823529413,1.1839836552534864,0.8823581808735244,1.0744351644129742,0.9737950330834395,0.37127371273712734,0.6587112171837708,0.4741068213935581,0.8818940526900894,0.3130943651407146,0.14786401470471755,0.08654951836188944,0.7783914299008687,0.3948805041703667,0.25313558135513015,0.3667262969588551,0.6623246492985972,0.45340043569725175,0.7752492456607077,0.2425930902783484,0.1962431273150636,0.11024348131996677,0.7644177042756625,0.40954369538528285,0.2174610635394322,0.07050127486236618,70.67890625000001,0.017684788455611222,0.011192075035112992
2014,136,1276,1459,57,40,17,1,0,-13,,6.754440961337513,1.1714512647217108,1.030267694608434,1.0496171744690088,1.0066828844581597,0.39381153305203936,0.7613814756671899,0.47737037663008497,0.8466713727806121,0.33973436835954984,0.14798392181297387,0.045339660066765736,0.8612063098824521,0.4459984096259474,0.17268109136282175,0.3585313174946005,0.664783427495292,0.4388322388872345,0.8673813479285563,0.25741545376094116,0.16268878636200568,0.03032261331035655,0.7971659399511823,0.4525714686842922,0.1959098323164396,0.08231891459860868,63.01154649947753,0.022555598400597676,-0.009636604090957124
2014,136,1174,1277,78,93,-15,0,0,9,,-6.235294117647058,1.116684358515678,1.058551900508228,1.1307285950049382,0.982392384055772,0.34512022630834516,0.7088036117381489,0.44714974575467714,0.847749232303594,0.2928512963461211,0.134131874262202,0.058147051819876644,0.8541201395201036,0.4422481814841574,0.1672801683491473,0.3914285714285714,0.6931297709923664,0.47405392523974554,0.859094055104775,0.30833399326275146,0.17123047447200937,0.08975715230638884,0.8150235745487725,0.4033308148643242,0.18403860488835674,-0.015482696916630345,69.10257352941176,-0.032910773052450826,0.0010488701766269148
2014,136,1295,1328,80,75,5,1,1,7,,1.0044642857142856,1.168493657714029,1.0529113853811385,1.134621789834818,1.0452812186147855,0.3491271820448878,0.753646677471637,0.5054188187581027,0.827344686721067,0.22379515724393145,0.1537368910477692,0.08297641607274645,0.804813841501568,0.4377961821355453,0.17540770493493021,0.3781163434903047,0.75,0.4513917331594691,0.8483308204450172,0.31633178006506096,0.15750498588733397,0.05478220152844515,0.8297149512356197,0.4363252409972751,0.17745985512177426,-0.09253662282112951,68.29330357142857,0.026278072230181693,-0.019194069084260357
2014,136,1140,1332,68,87,-19,0,0,3,,-1.177083333333333,1.1259246197690405,1.035305269517608,1.1471919524359444,1.0333391552943831,0.37336244541484714,0.6883910386965376,0.46963238896858905,0.8361950828013125,0.1862684556407844,0.15403163921644628,0.04828823812470263,0.8381415564269006,0.4332069464563865,0.16827204065229603,0.3921259842519685,0.7661691542288557,0.47259744632204653,0.8213010997397008,0.2803695066962376,0.1634489157434881,0.06098123272065914,0.7824410183413562,0.44299432573743736,0.19336047311420276,-0.09410105105545322,73.10184659090909,0.0034111609637966778,-0.005725381051239875
2014,136,1160,1338,48,77,-29,0,0,-1,,-7.205882352941176,1.0398846142864844,0.9997023817858917,1.1260564200799568,0.9773048628811614,0.32007233273056057,0.7163841807909604,0.4381096787352126,0.796682992165391,0.24025599539068498,0.19480833336433168,0.059288589913287976,0.832577154824134,0.4318770483665368,0.18151706065583031,0.3564154786150713,0.7105575326215896,0.4587605840582025,0.8429135944302925,0.2293009952745254,0.16495698003090248,0.0575793135937733,0.8209404182955643,0.41457597423138604,0.19211709643705616,0.010955000116159574,65.9235294117647,-0.01897598972907033,-0.02789444399129204
2014,136,1308,1361,69,73,-4,0,1,9,,-1.3690702087286528,1.1389504875239116,0.9995743882777477,1.0666415796645428,0.9100478099945526,0.3623188405797102,0.685916919959473,0.4906256633064588,0.7898299760337028,0.210462374155969,0.18673765663532535,0.10190776731946138,0.8846651706658729,0.4080567382187475,0.16135799572657727,0.33949191685912244,0.6640726329442282,0.42886026559927615,0.8655076257464135,0.21835284114344114,0.1525294949556319,0.09237877131665981,0.8205815727309991,0.39940249447835974,0.21131982409337763,-0.007890466987472144,65.7391959203036,0.0265555769833975,0.03019607120148593
2014,136,1301,1387,80,83,-3,0,1,7,,-6.934535104364326,1.0790664735137443,1.0646087311554728,1.0311694981324502,0.9110284366102323,0.30278884462151395,0.6614950634696757,0.4557724231034386,0.8749770798566864,0.22759945894729117,0.15822783916553337,0.06915712959919093,0.845308791053439,0.4289426285246802,0.17635421854928332,0.32007233273056057,0.7107558139534883,0.4456237176573448,0.8067452062901441,0.26385674900743505,0.18607475449499472,0.07720334615009686,0.8136132782739223,0.4047799113491788,0.2095108549664137,-0.03625729006014389,66.75247865275142,-0.007007005864703819,0.06435762020268954
2014,136,1393,1444,77,53,24,1,0,-11,,4.591733870967742,1.1162762045462085,0.9784929393788185,1.0602106786667065,1.0086675045970135,0.33472803347280333,0.7032163742690059,0.43962475501106885,0.9056451923056712,0.24520209198533827,0.1456235393069775,0.09864402549415849,0.8112566153057106,0.41225548696608283,0.2196667972698948,0.32971014492753625,0.7177914110429449,0.4664386251767384,0.7498694936407796,0.2630240778272612,0.21020794512198007,0.0611571972852022,0.8460705712420443,0.41393242110693673,0.18578729043673206,-0.01782198584192296,64.37242943548387,-0.012568468012407796,0.031157789938495273
2014,136,1113,1400,85,87,-2,0,0,3,,2.065340909090909,1.0701909684657371,0.9812857054598799,1.0655292298076133,1.0052748401194636,0.3863298662704309,0.6936339522546419,0.4511197480097071,0.7997292822470885,0.30198183834835685,0.16339889038408673,0.09361454128816894,0.8477929361056281,0.4170194040156597,0.1714642327066878,0.32437619961612285,0.663972286374134,0.4342351870888761,0.8628291368856632,0.22705072943316906,0.1784767973936887,0.10166241268485056,0.8411403114651568,0.39875579768976355,0.16506654702502305,0.07493110891518778,69.98255208333333,-0.0006895227025325301,-0.0768870048406684
2014,136,1437,1454,73,53,20,1,0,-13,,12.452651515151516,1.1440203934174493,0.9653135503184821,1.0308032743651443,1.0409041381703563,0.36079900124843944,0.7128712871287128,0.4583551576637847,0.8186341627972356,0.3658439287345004,0.1716338029896974,0.07210126744515755,0.8024098621727288,0.40944853564513534,0.20170915528413155,0.32959326788218796,0.7327478042659974,0.43164929734087765,0.7779130022590968,0.3163003046260468,0.19905088040515265,0.04337817600141886,0.8256613884253542,0.4435277148669985,0.1863009153476074,0.04954362410845359,68.51505681818182,0.030392519772385107,0.007215259655635742
2014,136,1110,1458,35,75,-40,0,0,13,,-3.657196969696969,1.0487450793155166,0.9663701262881474,1.1634475884354154,1.0020950134477058,0.3822975517890772,0.7096153846153846,0.4982721381781443,0.7641238986284408,0.2720949101105829,0.22709169207362978,0.0693186224499227,0.8049892304672769,0.4155746133851293,0.19840958298321487,0.37317784256559766,0.7441558441558441,0.4573732675447318,0.8384176994481177,0.3307906883156987,0.12675488369514326,0.061289524146548945,0.8817482580733346,0.43337744875415707,0.15413689555095295,-0.05869577820511579,62.17992424242424,0.029350853001220145,0.0073025502547342525
2014,137,1112,1451,68,59,9,1,0,-15,,11.161764705882353,1.1271953018793426,0.8849880815453249,1.1082228633067346,1.0484653655565965,0.3564356435643564,0.6549118387909321,0.4692637712984722,0.8639920225193024,0.22952623202822814,0.16046262328945368,0.07952478649289374,0.8181384356649052,0.3800008166357798,0.19120371320856008,0.3937621832358674,0.7379912663755459,0.4770091915705327,0.7581382726785179,0.2835074146797363,0.19140918477355776,0.06681627975158935,0.8767979134650872,0.43759014629069537,0.13611171816766063,-0.05398118265150814,64.94288340336135,0.02492195469142755,0.035925916709017236
2014,137,1124,1304,74,60,14,1,0,-5,,3.2649071358748776,1.1395717532774168,1.0594127787693113,1.02343623039068,0.992961328074608,0.384251968503937,0.6728855721393036,0.4506676625285946,0.8612253292613429,0.29821401464423763,0.18062054233604738,0.09765130435316105,0.8861664578184805,0.4309356009874813,0.15908338392377663,0.3388581952117864,0.7187948350071736,0.42967730035927826,0.8059128828161559,0.27053568996517385,0.16693463296782873,0.05641675493816523,0.8023391509035198,0.4202254793384959,0.1892992486677417,0.02767832467906378,65.16196236559139,0.005140120260165415,0.09902475082327444
2014,137,1166,1418,76,66,10,1,0,-11,,8.50830889540567,1.2128727376740456,1.034567451037843,1.0993709252267196,1.0516846509045488,0.4211822660098522,0.7516025641025641,0.5007190538213802,0.8428612564837866,0.37691720827835723,0.15097571988032396,0.02457113696588397,0.8681447240589938,0.42295025092433647,0.1497178516448278,0.37395659432387307,0.6646634615384616,0.4613142318761572,0.8263876981923335,0.2649908705328439,0.19005189576066478,0.06593992574013947,0.8019871275673587,0.4556107664121459,0.18810694356055765,0.1119263377455133,69.1368523949169,0.036032668716516114,-0.06363585397876126
2014,137,1211,1329,85,77,8,1,0,-1,,0.030303030303031164,1.1411056110819588,0.9700477540975759,1.1308249049423036,0.9756312530319154,0.3873720136518771,0.7101648351648351,0.49069933060188736,0.8194370603624581,0.26827419092269755,0.1697622790665518,0.0713781718652217,0.8356090317538136,0.3930374343211678,0.17732803370606334,0.36817472698907955,0.7238403451995685,0.4662483619640343,0.8018846941213428,0.27561129308000054,0.14772085683205427,0.08196305850786131,0.8186814076156819,0.4070587535480063,0.20190913746373673,-0.007337102157302988,68.74431818181819,0.019236143932345795,-0.0021494908393371315
2014,137,1235,1300,93,75,18,1,0,-11,,-3.9980449657869013,1.132377800867544,1.0116909884095049,1.1094082618938965,0.9106714284315949,0.350832266325224,0.6942257217847769,0.472807294580385,0.8479635228188197,0.32263671119334997,0.14376681413770942,0.04607245982264924,0.8692123008282091,0.41505504244914876,0.1615163238297026,0.325678496868476,0.7258454106280193,0.45534504654104835,0.809639560460145,0.23816066760214913,0.17284254995216355,0.07780388449474712,0.7691828048180213,0.37926107976844287,0.2402836588075307,0.08447604359120084,69.31395405669599,-0.00916585732068459,-0.059298949965634506
2014,137,1184,1242,69,80,-11,0,0,13,,-3.699902248289346,1.1462379220326038,1.0713775265173946,1.1459690275471899,1.0198035043662506,0.38633193863319387,0.7535014005602242,0.48497186782942153,0.7817593825309602,0.3432168897609451,0.15896713305159618,0.03715571872621518,0.711297226572721,0.4926056649863931,0.2427820913955838,0.3452157598499062,0.7110862262038073,0.49639838694083754,0.7952888109671353,0.23323994610404264,0.18903033756600998,0.10109135810678593,0.816922738553624,0.41634617852414724,0.16493424285327457,0.10997694365690247,68.55101417399806,-0.0438430027868309,-0.04944647345095177
2014,137,1243,1246,49,56,-7,0,0,1,,-5.264705882352942,1.0493589233171656,0.9847332894099271,1.1230840647551759,0.9882584408599914,0.3344887348353553,0.6584362139917695,0.4384140170757389,0.840172262908131,0.2727824452098103,0.18531378577939386,0.0555229274859481,0.8108688564462344,0.4081708871840547,0.18959854106955024,0.325187969924812,0.6823529411764705,0.45305720811607847,0.8251881851462469,0.23390681900288662,0.17997164419483164,0.1067424553320104,0.8529836259605538,0.406890702162476,0.16242628209278173,0.0388756262069237,67.0870174632353,-0.007961688030959146,-0.02422484736892294
2014,137,1203,1272,66,71,-5,0,0,1,,-0.14616935483870996,1.0745097475142749,0.9761191316342284,1.0823668879135266,0.9858282740481087,0.36852589641434264,0.6536585365853659,0.46487817146748267,0.8061530811440606,0.22934412800311885,0.1889793855414217,0.07252891298971804,0.8404962945863641,0.4150288091359604,0.19518365105677407,0.33534136546184734,0.652530779753762,0.4743051861231855,0.833846893272273,0.22736553537914878,0.18789885711561521,0.07902364980356763,0.8362246456640501,0.43842344925947324,0.20541004959150022,0.0019785926239700713,69.61980846774193,0.006983812733905026,-0.01591075580291479
2014,137,1181,1273,71,78,-7,0,0,-11,,1.8168880455407965,1.1958682553594553,1.0275002320092876,1.1322651408022903,0.97802966693139,0.3939790575916231,0.7259740259740259,0.46473010460158726,0.8782285528311133,0.34280113137612356,0.1428780629657495,0.05709558242548272,0.8168176990874106,0.4554922582002665,0.18660771217498703,0.3884673748103187,0.7348484848484849,0.47141789065747153,0.836298415881238,0.3131317391222616,0.1773423419301405,0.07688211094947567,0.8118150302733628,0.4102216847320984,0.19063742013993173,0.029669392253861948,67.14195920303605,-0.025979179762026183,0.019141056450834526
2014,137,1314,1344,79,77,2,1,0,-5,,3.573529411764706,1.0792389899436752,0.9795791779429005,1.089455589580972,1.0364019350563964,0.3358395989974937,0.6252927400468384,0.46542424748721645,0.8528545291613744,0.17931592153314915,0.17079500184981108,0.08256762559904396,0.8126616202382456,0.41269015638936446,0.19387139665970773,0.34967320261437906,0.7814814814814814,0.4283666107225289,0.8466315520569347,0.26877669276970567,0.17245715775906323,0.08329057166689366,0.8536307078735406,0.44492763371501337,0.1628751181194053,-0.08946077123655652,68.91824448529411,0.0346475570451682,0.021249062681892195
2014,137,1372,1433,77,75,2,1,1,7,,2.688804554079697,1.1571054747895857,0.9709704846212567,1.0521561105890151,0.9097677616685599,0.3518225039619651,0.7114568599717115,0.4622521351277904,0.865783237162254,0.3101953741149315,0.1669156134058013,0.0684622754891846,0.7115393030694102,0.4597471211992604,0.24366592824063854,0.34854771784232363,0.6741130091984231,0.42017438095771326,0.882891266415128,0.29915369998640345,0.16987141366568984,0.08104581348368066,0.7531191992593937,0.4320365560340442,0.2560687761855528,0.011041674128528023,68.53262571157495,0.007183594502430446,0.012398063093764122
2014,137,1307,1390,53,58,-5,0,0,-3,,3.3939393939393945,1.1181241365855463,0.9930653191911096,1.0871265564189798,1.0200628449136178,0.33741258741258745,0.7266272189349112,0.4640095296327993,0.8178156962307194,0.25824949213657167,0.1596700640445534,0.08620936901520916,0.886668405672925,0.390253935223215,0.14807325501809132,0.37072243346007605,0.7028714107365793,0.4687588621391378,0.8045956317228217,0.23485636723554276,0.16700635092054333,0.07548429657302523,0.8298104386714783,0.4257011185683196,0.17171789979855512,0.023393124901028906,67.08863636363637,0.015348925419383042,0.018350112475431613
2014,137,1269,1397,67,86,-19,0,0,-5,,-3.78125,1.0591906667562945,0.9780538731940395,1.1179392757788655,0.9698103519658728,0.3473053892215569,0.6820580474934037,0.4615684615646607,0.8264343285172673,0.2188683346021045,0.18861748139905782,0.09167381516421802,0.8348370904506993,0.42301380476454914,0.18839589413916,0.3296296296296296,0.7078189300411523,0.4453271099713573,0.8757395440460766,0.26901856580353806,0.1715126108703594,0.08785853160691326,0.8471968940956693,0.4140896217098423,0.1714639528115502,-0.050150231201433554,67.47382812500001,0.0036585842692982706,-0.005585803581427684
2014,137,1409,1417,59,76,-17,0,0,9,,-5.331550802139037,1.0578076441512225,0.9679415647623169,1.1575684763017478,0.9979523278021577,0.3253424657534247,0.6749999999999999,0.44204761437702905,0.8087038647841193,0.2563339792601854,0.16541113935222593,0.07027802797989978,0.7726420022352619,0.40245679531783757,0.2043637879445381,0.390990990990991,0.7493638676844784,0.49163400360400566,0.8380667008202259,0.23079681718925582,0.1488722472803521,0.049773838745351136,0.7993348812699668,0.4323412266188576,0.20443190675049347,0.025537162070929598,69.9338458110517,-0.009850978962978263,0.005850194668838404
2014,137,1157,1438,59,70,-11,0,0,15,,-9.147058823529411,1.0181378674031643,1.0002898641043199,1.0902253484226914,0.9087918491102384,0.32029795158286783,0.6925373134328359,0.4382292316572381,0.8290394720192612,0.2574651792472745,0.2016780122600204,0.04886455381919074,0.8249307058270986,0.40627304217812016,0.18597954331978664,0.36452241715399614,0.6634877384196185,0.4533953399327645,0.8448563808889343,0.25147412268807323,0.1681999814196795,0.07851816657939617,0.8332804394742892,0.38508475966164857,0.1860519535004345,0.005991056559201291,64.99705882352941,-0.018177195395998935,0.013249013346765981
2014,137,1142,1455,37,64,-27,0,0,15,,-17.793939393939393,1.0277992351347986,1.0625499356855939,1.1579578629419425,0.9254276214661614,0.33509700176366847,0.6866791744840526,0.40510207369079526,0.8914246380772056,0.31197683748097227,0.147261402809679,0.05330920571650791,0.8249862311115729,0.44025408490452256,0.17892715131071038,0.3471582181259601,0.7286729857819906,0.4594695883361694,0.8349830093897997,0.3052547870189131,0.16145440643302544,0.09560430541463048,0.8218178260798434,0.39633638439014707,0.1847666475741491,0.006722050462059148,62.66049242424242,-0.049142607579874764,0.014880311613777564
2014,138,1163,1437,77,65,12,1,0,5,,-3.202205882352942,1.0865409032357147,0.9511356255812647,1.1440203934174493,0.9653135503184821,0.3872,0.7605042016806722,0.4471606850863827,0.8245613510780785,0.2788845455844194,0.17777913576779106,0.10888190058414372,0.8541050555273548,0.3891031703256209,0.1944811652153268,0.36079900124843944,0.7128712871287128,0.4583551576637847,0.8186341627972356,0.3658439287345004,0.1716338029896974,0.07210126744515755,0.8024098621727288,0.40944853564513534,0.20170915528413155,-0.086959383150081,67.28216911764707,0.004575446371056169,0.018754902165597387
2014,138,1173,1393,55,53,2,1,0,8,,-2.898674242424242,1.1077511600197485,1.0195946775132858,1.1162762045462085,0.9784929393788185,0.3780487804878049,0.6813333333333333,0.46834023356340454,0.8332270742285208,0.26321623763667296,0.18060204231238722,0.05117587404092738,0.7902513412899199,0.43940791713467087,0.19108279492571525,0.33472803347280333,0.7032163742690059,0.43962475501106885,0.9056451923056712,0.24520209198533827,0.1456235393069775,0.09864402549415849,0.8112566153057106,0.41225548696608283,0.2196667972698948,0.01801414565133469,63.577035984848486,0.000781524191873828,-0.032648434433757756
2014,138,1196,1338,61,45,16,1,0,-8,,2.6764705882352953,1.1172258828827357,0.9137152302992123,1.1260564200799568,0.9773048628811614,0.36808846761453395,0.6606683804627249,0.46509273691124803,0.8369687943604405,0.296335749955953,0.1782791053510178,0.0558116427030532,0.8095875199067987,0.4018821366046543,0.22007931032305628,0.3564154786150713,0.7105575326215896,0.4587605840582025,0.8429135944302925,0.2293009952745254,0.16495698003090248,0.0575793135937733,0.8209404182955643,0.41457597423138604,0.19211709643705616,0.06703475468142761,63.67610294117647,0.009512995239888578,-0.01262328658863765
2014,138,1257,1387,66,51,15,1,0,-1,,12.888994307400381,1.1839836552534864,0.8823581808735244,1.0311694981324502,0.9110284366102323,0.37127371273712734,0.6587112171837708,0.4741068213935581,0.8818940526900894,0.3130943651407146,0.14786401470471755,0.08654951836188944,0.7783914299008687,0.3948805041703667,0.25313558135513015,0.32007233273056057,0.7107558139534883,0.4456237176573448,0.8067452062901441,0.26385674900743505,0.18607475449499472,0.07720334615009686,0.8136132782739223,0.4047799113491788,0.2095108549664137,0.04923761613327954,68.59475806451613,0.019191255457512713,0.05883641646860116
2014,138,1276,1400,79,65,14,1,0,-5,,4.93939393939394,1.1714512647217108,1.030267694608434,1.0655292298076133,1.0052748401194636,0.39381153305203936,0.7613814756671899,0.47737037663008497,0.8466713727806121,0.33973436835954984,0.14798392181297387,0.045339660066765736,0.8612063098824521,0.4459984096259474,0.17268109136282175,0.32437619961612285,0.663972286374134,0.4342351870888761,0.8628291368856632,0.22705072943316906,0.1784767973936887,0.10166241268485056,0.8411403114651568,0.39875579768976355,0.16506654702502305,0.11268363892638078,66.5746212121212,-0.0020537111974874844,-0.06108524996381792
2014,138,1217,1277,73,80,-7,0,0,8,,1.520283975659229,1.114323838305018,0.9316426603705922,1.1307285950049382,0.982392384055772,0.3888888888888889,0.7260273972602739,0.4752236761436889,0.8009201254198687,0.22563925545356084,0.17581545656111813,0.09585132423686674,0.7938370582345213,0.40995985212672514,0.21719288105929788,0.3914285714285714,0.6931297709923664,0.47405392523974554,0.859094055104775,0.30833399326275146,0.17123047447200937,0.08975715230638884,0.8150235745487725,0.4033308148643242,0.18403860488835674,-0.08269473780919062,66.43109787018255,-0.0027296431792288023,-0.0001369579501269147
2014,138,1295,1361,44,63,-19,0,0,8,,-3.2304147465437785,1.168493657714029,1.0529113853811385,1.0666415796645428,0.9100478099945526,0.3491271820448878,0.753646677471637,0.5054188187581027,0.827344686721067,0.22379515724393145,0.1537368910477692,0.08297641607274645,0.804813841501568,0.4377961821355453,0.17540770493493021,0.33949191685912244,0.6640726329442282,0.42886026559927615,0.8655076257464135,0.21835284114344114,0.1525294949556319,0.09237877131665981,0.8205815727309991,0.39940249447835974,0.21131982409337763,0.005442316100490313,64.07294066820276,0.0190824327508205,-0.02847363673772818
2014,138,1332,1458,77,85,-8,0,0,5,,-1.1259469696969688,1.1471919524359444,1.0333391552943831,1.1634475884354154,1.0020950134477058,0.3921259842519685,0.7661691542288557,0.47259744632204653,0.8213010997397008,0.2803695066962376,0.1634489157434881,0.06098123272065914,0.7824410183413562,0.44299432573743736,0.19336047311420276,0.37317784256559766,0.7441558441558441,0.4573732675447318,0.8384176994481177,0.3307906883156987,0.12675488369514326,0.061289524146548945,0.8817482580733346,0.43337744875415707,0.15413689555095295,-0.050421181619461075,67.30336174242424,0.0028036508970172846,0.047715128532809514
2014,139,1112,1211,84,61,23,1,0,-7,,3.63903743315508,1.1271953018793426,0.8849880815453249,1.1411056110819588,0.9700477540975759,0.3564356435643564,0.6549118387909321,0.4692637712984722,0.8639920225193024,0.22952623202822814,0.16046262328945368,0.07952478649289374,0.8181384356649052,0.3800008166357798,0.19120371320856008,0.3873720136518771,0.7101648351648351,0.49069933060188736,0.8194370603624581,0.26827419092269755,0.1697622790665518,0.0713781718652217,0.8356090317538136,0.3930374343211678,0.17732803370606334,-0.038747958894469414,65.68188502673797,-0.004199470809013617,0.020566637876793137
2014,139,1124,1166,85,55,30,1,0,3,,-6.7272727272727275,1.1395717532774168,1.0594127787693113,1.2128727376740456,1.034567451037843,0.384251968503937,0.6728855721393036,0.4506676625285946,0.8612253292613429,0.29821401464423763,0.18062054233604738,0.09765130435316105,0.8861664578184805,0.4309356009874813,0.15908338392377663,0.4211822660098522,0.7516025641025641,0.5007190538213802,0.8428612564837866,0.37691720827835723,0.15097571988032396,0.02457113696588397,0.8681447240589938,0.42295025092433647,0.1497178516448278,-0.0787031936341196,65.26212121212122,-0.0290183706779652,0.09301691790291344
2014,139,1235,1314,85,83,2,1,0,-3,,1.7196969696969688,1.132377800867544,1.0116909884095049,1.0792389899436752,0.9795791779429005,0.350832266325224,0.6942257217847769,0.472807294580385,0.8479635228188197,0.32263671119334997,0.14376681413770942,0.04607245982264924,0.8692123008282091,0.41505504244914876,0.1615163238297026,0.3358395989974937,0.6252927400468384,0.46542424748721645,0.8528545291613744,0.17931592153314915,0.17079500184981108,0.08256762559904396,0.8126616202382456,0.41269015638936446,0.19387139665970773,0.14332078966020081,71.95636837121212,0.002509080516692186,-0.06167049069827202
2014,139,1246,1455,78,76,2,1,0,7,,-5.7959001782531185,1.1230840647551759,0.9882584408599914,1.1579578629419425,0.9254276214661614,0.325187969924812,0.6823529411764705,0.45305720811607847,0.8251881851462469,0.23390681900288662,0.17997164419483164,0.1067424553320104,0.8529836259605538,0.406890702162476,0.16242628209278173,0.3471582181259601,0.7286729857819906,0.4594695883361694,0.8349830093897997,0.3052547870189131,0.16145440643302544,0.09560430541463048,0.8218178260798434,0.39633638439014707,0.1847666475741491,-0.0713479680160265,66.20904634581106,-0.00848334899620995,0.05305252296083951
2014,139,1242,1390,57,60,-3,0,0,-8,,4.272727272727273,1.1459690275471899,1.0198035043662506,1.0871265564189798,1.0200628449136178,0.3452157598499062,0.7110862262038073,0.49639838694083754,0.7952888109671353,0.23323994610404264,0.18903033756600998,0.10109135810678593,0.816922738553624,0.41634617852414724,0.16493424285327457,0.37072243346007605,0.7028714107365793,0.4687588621391378,0.8045956317228217,0.23485636723554276,0.16700635092054333,0.07548429657302523,0.8298104386714783,0.4257011185683196,0.17171789979855512,-0.0016164211315001231,68.55530303030304,0.018497232422936105,0.04651007564260856
2014,139,1273,1397,63,83,-20,0,0,3,,0.616935483870968,1.1322651408022903,0.97802966693139,1.1179392757788655,0.9698103519658728,0.3884673748103187,0.7348484848484849,0.47141789065747153,0.836298415881238,0.3131317391222616,0.1773423419301405,0.07688211094947567,0.8118150302733628,0.4102216847320984,0.19063742013993173,0.3296296296296296,0.7078189300411523,0.4453271099713573,0.8757395440460766,0.26901856580353806,0.1715126108703594,0.08785853160691326,0.8471968940956693,0.4140896217098423,0.1714639528115502,0.04411317331872355,65.80066784274194,0.01497935883192908,-0.019481264178433322
2014,139,1372,1417,60,77,-17,0,0,8,,1.7476280834914615,1.1571054747895857,0.9709704846212567,1.1575684763017478,0.9979523278021577,0.3518225039619651,0.7114568599717115,0.4622521351277904,0.865783237162254,0.3101953741149315,0.1669156134058013,0.0684622754891846,0.7115393030694102,0.4597471211992604,0.24366592824063854,0.390990990990991,0.7493638676844784,0.49163400360400566,0.8380667008202259,0.23079681718925582,0.1488722472803521,0.049773838745351136,0.7993348812699668,0.4323412266188576,0.20443190675049347,0.07939855692567566,68.17784629981026,-0.028393881528309073,0.04621859901576608
2014,139,1272,1438,60,78,-18,0,0,7,,-3.9696394686907013,1.0823668879135266,0.9858282740481087,1.0902253484226914,0.9087918491102384,0.33534136546184734,0.652530779753762,0.4743051861231855,0.833846893272273,0.22736553537914878,0.18789885711561521,0.07902364980356763,0.8362246456640501,0.43842344925947324,0.20541004959150022,0.36452241715399614,0.6634877384196185,0.4533953399327645,0.8448563808889343,0.25147412268807323,0.1681999814196795,0.07851816657939617,0.8332804394742892,0.38508475966164857,0.1860519535004345,-0.024108587308924456,65.73092979127135,-0.016214421703701853,0.04034308145413101
2014,143,1112,1361,70,64,6,1,0,-3,,4.395635673624289,1.1271953018793426,0.8849880815453249,1.0666415796645428,0.9100478099945526,0.3564356435643564,0.6549118387909321,0.4692637712984722,0.8639920225193024,0.22952623202822814,0.16046262328945368,0.07952478649289374,0.8181384356649052,0.3800008166357798,0.19120371320856008,0.33949191685912244,0.6640726329442282,0.42886026559927615,0.8655076257464135,0.21835284114344114,0.1525294949556319,0.09237877131665981,0.8205815727309991,0.39940249447835974,0.21131982409337763,0.011173390884786999,64.50868121442124,0.029902591770888,-0.007899212072305928
2014,143,1173,1390,82,72,10,1,0,1,,0.8787878787878789,1.1077511600197485,1.0195946775132858,1.0871265564189798,1.0200628449136178,0.3780487804878049,0.6813333333333333,0.46834023356340454,0.8332270742285208,0.26321623763667296,0.18060204231238722,0.05117587404092738,0.7902513412899199,0.43940791713467087,0.19108279492571525,0.37072243346007605,0.7028714107365793,0.4687588621391378,0.8045956317228217,0.23485636723554276,0.16700635092054333,0.07548429657302523,0.8298104386714783,0.4257011185683196,0.17171789979855512,0.028359870401130194,66.87462121212121,-0.007062713571042267,0.03118199446069969
2014,143,1196,1417,79,68,11,1,0,-3,,1.7352941176470598,1.1172258828827357,0.9137152302992123,1.1575684763017478,0.9979523278021577,0.36808846761453395,0.6606683804627249,0.46509273691124803,0.8369687943604405,0.296335749955953,0.1782791053510178,0.0558116427030532,0.8095875199067987,0.4018821366046543,0.22007931032305628,0.390990990990991,0.7493638676844784,0.49163400360400566,0.8380667008202259,0.23079681718925582,0.1488722472803521,0.049773838745351136,0.7993348812699668,0.4323412266188576,0.20443190675049347,0.0655389327666972,66.99852941176471,0.0019589116607228174,0.02436505895628438
2014,143,1124,1458,52,69,-17,0,0,4,,-3.5757575757575752,1.1395717532774168,1.0594127787693113,1.1634475884354154,1.0020950134477058,0.384251968503937,0.6728855721393036,0.4506676625285946,0.8612253292613429,0.29821401464423763,0.18062054233604738,0.09765130435316105,0.8861664578184805,0.4309356009874813,0.15908338392377663,0.37317784256559766,0.7441558441558441,0.4573732675447318,0.8384176994481177,0.3307906883156987,0.12675488369514326,0.061289524146548945,0.8817482580733346,0.43337744875415707,0.15413689555095295,-0.032576673671461054,64.10075757575757,-0.002131878624730743,0.09538138663353063
2014,144,1163,1235,81,76,5,1,0,4,,-0.23440285204991085,1.0865409032357147,0.9511356255812647,1.132377800867544,1.0116909884095049,0.3872,0.7605042016806722,0.4471606850863827,0.8245613510780785,0.2788845455844194,0.17777913576779106,0.10888190058414372,0.8541050555273548,0.3891031703256209,0.1944811652153268,0.350832266325224,0.6942257217847769,0.472807294580385,0.8479635228188197,0.32263671119334997,0.14376681413770942,0.04607245982264924,0.8692123008282091,0.41505504244914876,0.1615163238297026,-0.04375216560893058,69.66900623885918,0.00015263131476278557,0.04127754919920368
2014,144,1246,1257,74,69,5,1,0,4,,-11.882352941176471,1.1230840647551759,0.9882584408599914,1.1839836552534864,0.8823581808735244,0.325187969924812,0.6823529411764705,0.45305720811607847,0.8251881851462469,0.23390681900288662,0.17997164419483164,0.1067424553320104,0.8529836259605538,0.406890702162476,0.16242628209278173,0.37127371273712734,0.6587112171837708,0.4741068213935581,0.8818940526900894,0.3130943651407146,0.14786401470471755,0.08654951836188944,0.7783914299008687,0.3948805041703667,0.25313558135513015,-0.07918754613782797,68.4639705882353,-0.016529905634794506,0.00910892362634208
2014,144,1276,1397,73,71,2,1,0,-9,,-0.09469696969696884,1.1714512647217108,1.030267694608434,1.1179392757788655,0.9698103519658728,0.39381153305203936,0.7613814756671899,0.47737037663008497,0.8466713727806121,0.33973436835954984,0.14798392181297387,0.045339660066765736,0.8612063098824521,0.4459984096259474,0.17268109136282175,0.3296296296296296,0.7078189300411523,0.4453271099713573,0.8757395440460766,0.26901856580353806,0.1715126108703594,0.08785853160691326,0.8471968940956693,0.4140896217098423,0.1714639528115502,0.07071580255601179,63.33308475378787,6.723937131131175e-05,-0.046527300011404704
2014,144,1277,1438,61,59,2,1,0,3,,-0.02941176470588225,1.1307285950049382,0.982392384055772,1.0902253484226914,0.9087918491102384,0.3914285714285714,0.6931297709923664,0.47405392523974554,0.859094055104775,0.30833399326275146,0.17123047447200937,0.08975715230638884,0.8150235745487725,0.4033308148643242,0.18403860488835674,0.36452241715399614,0.6634877384196185,0.4533953399327645,0.8448563808889343,0.25147412268807323,0.1681999814196795,0.07851816657939617,0.8332804394742892,0.38508475966164857,0.1860519535004345,0.05685987057467823,63.74669117647059,0.0012062650521527107,0.0014138202481934758
2014,145,1173,1196,52,62,-10,0,0,10,,-7.0365418894830665,1.1077511600197485,1.0195946775132858,1.1172258828827357,0.9137152302992123,0.3780487804878049,0.6813333333333333,0.46834023356340454,0.8332270742285208,0.26321623763667296,0.18060204231238722,0.05117587404092738,0.7902513412899199,0.43940791713467087,0.19108279492571525,0.36808846761453395,0.6606683804627249,0.46509273691124803,0.8369687943604405,0.296335749955953,0.1782791053510178,0.0558116427030532,0.8095875199067987,0.4018821366046543,0.22007931032305628,-0.033119512319280064,64.75028966131907,-0.017139141938929958,-0.003364726982099109
2014,145,1112,1458,63,64,-1,0,1,-1,,5.942067736185384,1.1271953018793426,0.8849880815453249,1.1634475884354154,1.0020950134477058,0.3564356435643564,0.6549118387909321,0.4692637712984722,0.8639920225193024,0.22952623202822814,0.16046262328945368,0.07952478649289374,0.8181384356649052,0.3800008166357798,0.19120371320856008,0.37317784256559766,0.7441558441558441,0.4573732675447318,0.8384176994481177,0.3307906883156987,0.12675488369514326,0.061289524146548945,0.8817482580733346,0.43337744875415707,0.15413689555095295,-0.10126445628747055,64.0902183600713,0.03263356793605887,0.043446719666558664
2014,146,1163,1277,60,54,6,1,0,3,,-1.882352941176471,1.0865409032357147,0.9511356255812647,1.1307285950049382,0.982392384055772,0.3872,0.7605042016806722,0.4471606850863827,0.8245613510780785,0.2788845455844194,0.17777913576779106,0.10888190058414372,0.8541050555273548,0.3891031703256209,0.1944811652153268,0.3914285714285714,0.6931297709923664,0.47405392523974554,0.859094055104775,0.30833399326275146,0.17123047447200937,0.08975715230638884,0.8150235745487725,0.4033308148643242,0.18403860488835674,-0.029449447678332075,66.45992647058824,-0.00633279780732976,0.016376427653714165
2014,146,1246,1276,75,72,3,1,0,6,,0.23440285204991085,1.1230840647551759,0.9882584408599914,1.1714512647217108,1.030267694608434,0.325187969924812,0.6823529411764705,0.45305720811607847,0.8251881851462469,0.23390681900288662,0.17997164419483164,0.1067424553320104,0.8529836259605538,0.406890702162476,0.16242628209278173,0.39381153305203936,0.7613814756671899,0.47737037663008497,0.8466713727806121,0.33973436835954984,0.14798392181297387,0.045339660066765736,0.8612063098824521,0.4459984096259474,0.17268109136282175,-0.10582754935666322,65.56775846702317,0.00739726947473246,0.0710589015018398
2014,152,1163,1196,63,53,10,1,0,6,,-4.058823529411766,1.0865409032357147,0.9511356255812647,1.1172258828827357,0.9137152302992123,0.3872,0.7605042016806722,0.4471606850863827,0.8245613510780785,0.2788845455844194,0.17777913576779106,0.10888190058414372,0.8541050555273548,0.3891031703256209,0.1944811652153268,0.36808846761453395,0.6606683804627249,0.46509273691124803,0.8369687943604405,0.296335749955953,0.1782791053510178,0.0558116427030532,0.8095875199067987,0.4018821366046543,0.22007931032305628,-0.017451204371533635,64.61323529411766,-0.0025765427729159684,0.004824394551788513
2014,152,1246,1458,74,73,1,1,0,6,,0.2950089126559732,1.1230840647551759,0.9882584408599914,1.1634475884354154,1.0020950134477058,0.325187969924812,0.6823529411764705,0.45305720811607847,0.8251881851462469,0.23390681900288662,0.17997164419483164,0.1067424553320104,0.8529836259605538,0.406890702162476,0.16242628209278173,0.37317784256559766,0.7441558441558441,0.4573732675447318,0.8384176994481177,0.3307906883156987,0.12675488369514326,0.061289524146548945,0.8817482580733346,0.43337744875415707,0.15413689555095295,-0.09688386931281207,65.41889483065954,0.011085343581513807,0.08292491174011213
2014,154,1163,1246,60,54,6,1,0,-1,,-0.529411764705884,1.0865409032357147,0.9511356255812647,1.1230840647551759,0.9882584408599914,0.3872,0.7605042016806722,0.4471606850863827,0.8245613510780785,0.2788845455844194,0.17777913576779106,0.10888190058414372,0.8541050555273548,0.3891031703256209,0.1944811652153268,0.325187969924812,0.6823529411764705,0.45305720811607847,0.8251881851462469,0.23390681900288662,0.17997164419483164,0.1067424553320104,0.8529836259605538,0.406890702162476,0.16242628209278173,0.04497772658153276,66.77426470588236,0.00594550440357966,-0.03463051033829734
2015,134,1214,1264,74,64,10,1,0,0,,-3.2234848484848486,0.9646839181224137,0.9867349733874825,1.016141541356044,0.9757369929039803,0.3040650406504065,0.6521197007481296,0.4102339467699726,0.8096497664844707,0.26951085819375903,0.2036004314005224,0.07531636209650072,0.7879907521039001,0.41705815742320584,0.20099203564805068,0.33983739837398375,0.6943069306930693,0.43867084580738963,0.766715389605046,0.28011895026888195,0.21067812236772096,0.052996960868790285,0.736910468095752,0.4394573698797856,0.24091016254485936,-0.010608092075122921,69.12916666666666,-0.0030188432904186824,-0.005143337943660176
2015,134,1140,1279,90,94,-4,0,0,0,,3.78125,1.162348562991463,1.0278855504311104,1.0866269979862795,1.005284522115057,0.3845029239766082,0.77,0.46355402088317454,0.8379953288000443,0.3035862897891392,0.16440129086874142,0.050092737891601395,0.8135227359326676,0.4424857142770139,0.17884136152724595,0.3382352941176471,0.7784172661870503,0.4302358254953783,0.8643652945840636,0.287233034273842,0.16699000404624875,0.0659410434612271,0.8267838199675921,0.4021672684348605,0.1888670370276615,0.016353255515297205,68.814453125,-0.0035001252271785743,-0.017603753500918917
2015,135,1129,1173,55,56,-1,0,0,0,,1.6324535679374392,1.1023849779911992,0.9561318938415091,1.0574320022027228,0.9398753218780264,0.3913043478260869,0.7279411764705882,0.4551172148240281,0.8441181331208679,0.3551323845874188,0.1612141055209493,0.0445005294168498,0.8194290078388125,0.4218233538685388,0.19286084186138783,0.35206611570247937,0.6818757921419518,0.46371195614763205,0.7611031602166775,0.2839351672861158,0.17849595660775033,0.048486367741993865,0.8134118114481929,0.42275855590641703,0.21127043007020008,0.07119721730130302,63.95416666666667,-0.003829769642862857,0.008637246714744862
2015,135,1316,1352,77,81,-4,0,0,0,,4.146627565982405,1.1004764965290366,1.0101206618761613,1.031378586595687,1.0064910675980607,0.379746835443038,0.7278195488721804,0.45599282065364444,0.8102343521037743,0.3416986404742442,0.18022299656195873,0.06872940125756151,0.8548650095584243,0.437017623135011,0.18199348980756072,0.3801801801801802,0.7140649149922721,0.44865087866700243,0.8173753328790067,0.2514136784889762,0.2028669077909429,0.051823976420728,0.827576915408189,0.42393638079594875,0.21769485052201756,0.09028496198526798,67.22480449657868,-0.0028696501762101034,-0.03060491007672156
2015,136,1112,1411,93,72,21,1,0,-13,,17.08823529411765,1.1350309013475406,0.8754509572386381,1.0325438615986915,1.026265693011835,0.3598326359832636,0.6990846681922196,0.48669429561839855,0.81435212640284,0.21022747515427,0.16682708030994417,0.0699698533610016,0.7699011071355214,0.39285315021509626,0.2113390078861468,0.32028469750889677,0.6618531889290011,0.44492698628683786,0.7992088310492295,0.2518571184538199,0.19844360767826436,0.05477088993403961,0.8649962233698906,0.44234904579900763,0.18658704566421064,-0.04162964329954991,66.55698529411765,0.04563160245773601,-0.05768171227471108
2015,136,1116,1459,56,53,3,1,0,-7,,2.069852941176471,1.0982677456524979,0.9941113130023631,1.0706602342732034,0.961047706881487,0.35030864197530864,0.7242268041237114,0.448082496640917,0.8660975013166856,0.2693849903921605,0.16597815872986846,0.08443764927630336,0.7992772447781851,0.4309584247816519,0.22465467247114404,0.3712686567164179,0.6898222940226171,0.458367839721365,0.8316814119866934,0.27353423207098526,0.17207883467820406,0.05116643211391003,0.8039366544529246,0.4252470678310371,0.19877650088857785,-0.004149241678824744,66.28035386029413,-0.007998350015531397,0.06771308841022788
2015,136,1139,1400,56,48,8,1,0,-5,,0.8295454545454541,1.0671935778808266,0.9372720805385726,1.0613087424376708,0.9492397610186252,0.35797665369649806,0.6796657381615598,0.4442468882425778,0.850206197178764,0.2463216692732762,0.1746492616541596,0.055351729696893934,0.8049245643050095,0.41784965809749586,0.19201971158881412,0.3393739703459637,0.7253414264036419,0.439110194905006,0.8471363386803282,0.28916204782817745,0.19910416156642988,0.13902234716069356,0.8907593475474013,0.36864285740218156,0.14255303492817228,-0.04284037855490125,64.56460700757576,-0.022035053678871264,-0.034266906483722104
2015,136,1153,1345,66,65,1,1,1,-1,,1.6089015151515156,1.0415253769923742,0.9238609610406275,1.0625690472392462,0.9878535784977732,0.3333333333333333,0.6739130434782609,0.4565529727904322,0.8242908324313271,0.2548143083592342,0.21272966450473055,0.10324949248741339,0.874351061745765,0.39218611089215466,0.20091063389713243,0.3345008756567425,0.6848404255319148,0.45464694701907177,0.8172859563556907,0.2636232614418064,0.19847783039884126,0.09553545569606538,0.8409507411504706,0.40095682612071587,0.1770474891275333,-0.008808953082572235,62.92947443181818,0.005338370499960832,0.011989415818915772
2015,136,1186,1207,74,84,-10,0,0,9,,-0.967741935483871,1.1463184412286185,1.077985701021389,1.0739552552020628,0.9844967517228802,0.39615384615384613,0.713841368584759,0.46901971216836463,0.8431888674106323,0.36528496437866126,0.1604381055704863,0.08016005134740534,0.8352842721443855,0.4548635048203004,0.17876193445595526,0.34740882917466415,0.701923076923077,0.455473204912453,0.8080142909000679,0.2568404431504481,0.19288190939488647,0.09316751448190386,0.7936558492711661,0.4058957872909234,0.20682827897562833,0.10844452122821319,67.45524193548387,-0.017710605136732727,-0.0256507891851111
2015,136,1124,1209,56,57,-1,0,0,-11,,0.625,1.0946035234353424,0.9585247763263254,1.092998728445245,0.9513861112963281,0.3822525597269625,0.6666666666666666,0.43587513416588436,0.8758540008421858,0.2915172026992604,0.1956451578106784,0.07185039009250119,0.8521807027708523,0.40799871497370604,0.1957916173145165,0.3184713375796178,0.7325227963525835,0.4765626838723662,0.8307623821340846,0.23017838405357127,0.1648522448962623,0.08181039488007286,0.8125876854960995,0.3796951510407245,0.2256160949751277,0.06133881864568913,63.913281250000004,-0.03449555681973171,0.04078190712637231
2015,136,1214,1246,56,79,-23,0,0,15,,-21.789661319073083,0.9646839181224137,0.9867349733874825,1.1578429848188208,0.8369753678983332,0.3040650406504065,0.6521197007481296,0.4102339467699726,0.8096497664844707,0.26951085819375903,0.2036004314005224,0.07531636209650072,0.7879907521039001,0.41705815742320584,0.20099203564805068,0.3497164461247637,0.7224242424242424,0.4704540860077319,0.86031623898242,0.24015440656664708,0.16331167042618996,0.12456294851760547,0.8392700728440288,0.3583807039595544,0.21866385413577055,0.02935645162711195,67.06335784313725,-0.059448796350705324,-0.043372699839979045
2015,136,1261,1301,65,66,-1,0,0,1,,0.9990530303030303,1.0349900773342096,0.9523966622380705,1.0806631334382608,1.0104760773696064,0.3388581952117864,0.6886792452830188,0.45659145383836197,0.8331493315989578,0.2373441773301917,0.20392736859212346,0.09955883741317752,0.8732581750960313,0.4015502244422641,0.19206446221474238,0.36079077429983525,0.6833578792341679,0.4407522920302742,0.8758863070299266,0.2835950467742499,0.16179873952164697,0.09230302366597988,0.8789946192456484,0.4081358362480204,0.15377784407988757,-0.04625086944405821,68.18186553030303,0.011212386806921992,0.015393092499298322
2015,136,1217,1314,65,67,-2,0,0,9,,-4.551322751322751,1.015198671237251,0.9384938664051631,1.1095175919258289,0.9835588945680785,0.34146341463414637,0.7132352941176471,0.4299440603716575,0.8306207518085997,0.22054176959439703,0.1839581438576737,0.08664184295057453,0.8206341795440184,0.4075541742389873,0.19960038387258236,0.34504132231404955,0.6997319034852547,0.4763344016061215,0.8761214081390332,0.19820673637263703,0.18032669263801068,0.07263962246480309,0.842544539339227,0.4008464081638493,0.17703077010591176,0.022335033221760003,66.19917989417989,-0.026549053654801036,-0.049968777017596056
2015,136,1318,1323,65,69,-4,0,0,11,,-9.588235294117647,1.070454891753687,1.0121082365391418,1.2097844328564822,1.0169917766049241,0.38834951456310685,0.7254623044096729,0.49110560011308524,0.767004054373766,0.23672807126835932,0.21373973731747387,0.06666777990440427,0.8725729027206482,0.44694390218625024,0.15637191076311638,0.39245810055865926,0.7398255813953488,0.5101999810147556,0.8381477403902925,0.32481009450307247,0.14337883169988663,0.06053839149063589,0.9027520494878964,0.42749854880436894,0.17301349146209974,-0.08808202323471315,64.74595588235294,-0.019269867141775865,-0.025922654611991724
2015,136,1326,1433,75,72,3,1,1,3,,6.452813852813852,1.1343817140672672,0.9487283197831392,1.0627309523231794,0.9696707437912794,0.37190082644628103,0.6783536585365854,0.48768088881045407,0.8605146030385857,0.27621350193469,0.16995562670564363,0.09071112829375551,0.8398804285466062,0.4105329166819317,0.2200456356949022,0.34178743961352653,0.6555269922879178,0.4200572806891347,0.8734591283226619,0.34915689113610293,0.15470805364862547,0.08240787751752983,0.776500909578164,0.43548423030408845,0.23746838345549967,-0.07294338920141291,67.41997835497835,0.04628746087173802,0.01467821951937609
2015,136,1235,1412,59,60,-1,0,0,-11,,8.272727272727273,1.1258686552834891,0.9876432895045443,1.0155262886728489,0.9922867290093373,0.36557610241820765,0.696078431372549,0.4833886724313753,0.8331807474141855,0.30722223490782746,0.1576171288994686,0.061520067771555866,0.8701334728507484,0.41802401273012463,0.1850411953426696,0.33150183150183143,0.7393225331369662,0.4314034473516765,0.8249957243485695,0.24562754673819115,0.2055987483004839,0.09130380004629804,0.8452298296032151,0.42288350991776413,0.19744255204557207,0.061594688169636314,68.38901515151515,0.02842236113366914,-0.0492146315785823
2015,136,1374,1417,59,60,-1,0,0,-5,,5.71780303030303,1.1028397594942971,0.9434968893813341,1.053857996241754,1.004722610065081,0.36,0.7045769764216366,0.4844352284460586,0.8138825834606246,0.18700068409512058,0.19596820480705324,0.07579400864219947,0.839821606057229,0.3850537937856565,0.20102923184937568,0.36347517730496454,0.6757142857142858,0.44105668817021354,0.8588710074133791,0.2506773009909167,0.17428204107337913,0.06608363146814154,0.8330001738323408,0.4205268158893091,0.18523616702185755,-0.0636766168957961,65.53014914772727,0.03942578118974882,0.02291445243376755
2015,136,1372,1428,50,57,-7,0,0,7,,-1.0172043010752692,1.1591557278458688,0.9626600520714658,1.1340205071254081,0.9136915543541898,0.3812709030100334,0.7318116975748931,0.4933567372147652,0.8140135563535534,0.2972052078846309,0.2042859135954884,0.06698029768976115,0.7322110622056557,0.4418682862190817,0.24194583443430853,0.4016806722689075,0.701780415430267,0.48151862663009964,0.8053146005030742,0.306654636692846,0.1794533764458548,0.09761621657364926,0.8418049292008879,0.38202916151309263,0.18156835187273965,-0.009449428808215088,65.53426075268817,-0.024000507060661813,0.0403403266712592
2015,136,1248,1437,52,93,-41,0,0,15,,-14.317836812144213,1.1389612788318166,1.1159436188466023,1.170884558537212,0.926654686263053,0.41414141414141414,0.7649325626204239,0.49178137913918013,0.8371052678753865,0.29862208149469976,0.1682578200979808,0.043532450598715904,0.8912186226142568,0.46358867161203865,0.16944516312074392,0.38881829733163914,0.7271557271557272,0.4705775674372755,0.8264907601743067,0.3559330626171122,0.1655411353360752,0.07326443134233981,0.8323359974098408,0.40666002299224857,0.21476568071640853,-0.05731098112241245,65.02759724857685,-0.017862418458942764,-0.011521573350978698
2015,136,1279,1462,57,76,-19,0,0,5,,-0.7867647058823533,1.0866269979862795,1.005284522115057,1.09650437447303,1.0026170371716931,0.3382352941176471,0.7784172661870503,0.4302358254953783,0.8643652945840636,0.287233034273842,0.16699000404624875,0.0659410434612271,0.8267838199675921,0.4021672684348605,0.1888670370276615,0.3491027732463295,0.7251051893408135,0.4754213250169483,0.8189554842489419,0.26996352940326424,0.18176439226085467,0.05114809083082087,0.8138079711995536,0.43778416856897534,0.19183232806617637,0.017269504870577768,67.05783547794118,-0.004784299693727623,0.039934901782825105
2015,137,1173,1344,66,53,13,1,0,5,,2.5757575757575752,1.0574320022027228,0.9398753218780264,1.060252354009665,0.9929353373256006,0.35206611570247937,0.6818757921419518,0.46371195614763205,0.7611031602166775,0.2839351672861158,0.17849595660775033,0.048486367741993865,0.8134118114481929,0.42275855590641703,0.21127043007020008,0.3096153846153846,0.709592641261498,0.4442484594417426,0.8367254931383912,0.23818050912966604,0.17989682624853995,0.08602774459302064,0.8078661310250027,0.4239774903058454,0.19590960058045986,0.045754658156449746,65.35227272727272,0.010341215552658878,-0.06246967422509747
2015,137,1181,1352,85,56,29,1,0,-15,,13.757575757575758,1.2074030462810874,0.975251793209752,1.031378586595687,1.0064910675980607,0.38580246913580246,0.6913907284768211,0.502792787918697,0.8521876067149342,0.29396840003221997,0.16664849568250578,0.06382554257955184,0.8736267839650721,0.4292422673073444,0.1868303138044192,0.3801801801801802,0.7140649149922721,0.44865087866700243,0.8173753328790067,0.2514136784889762,0.2028669077909429,0.051823976420728,0.827576915408189,0.42393638079594875,0.21769485052201756,0.042554721543243745,67.02954545454546,0.02441801137014943,-0.00011359235345964613
2015,137,1211,1295,86,76,10,1,0,-13,,14.82121212121212,1.2041169663875217,0.9327140633887238,1.0410181926016355,0.9843744491616975,0.40798611111111116,0.6894586894586894,0.5200730687288098,0.8396102356540778,0.270147782324137,0.16307036319961812,0.05755811699630167,0.8664273975556794,0.3886146982769109,0.17453772161216258,0.3788706739526412,0.693950177935943,0.4296231387884821,0.8390670135582045,0.29688006254199184,0.15831927857489833,0.07065667048943818,0.8390323434860808,0.4201451408705592,0.16561584559846426,-0.026732280217854842,63.37568181818182,0.06099018626698799,0.061162740879154964
2015,137,1172,1234,52,83,-31,0,0,3,,2.5687499999999996,1.174385703695091,1.0223787735965795,1.073954179968306,0.9598740485536259,0.39268292682926825,0.701923076923077,0.4716341490581741,0.8891752145509059,0.40592728981482845,0.14252591790210534,0.05070203102049754,0.8473110096147948,0.44182850658955297,0.17308779414535966,0.3321100917431193,0.7453769559032717,0.4307262827862832,0.8597547006882076,0.2626046646418163,0.17396573485105904,0.08343447408887956,0.8622999893201659,0.39357303712133634,0.18837912982797628,0.14332262517301214,66.02591145833333,-0.0036738015981628847,-0.028399959333835878
2015,137,1242,1308,75,56,19,1,0,-13,,-1.6963946869070217,1.0614429767700122,0.96857867814642,1.0754647045236323,0.9410820891714639,0.375,0.7201492537313433,0.43984288150702944,0.8214499985512366,0.23274241026953466,0.18986930971884086,0.08669272455279155,0.8726997308808172,0.3958265095999452,0.1739450934446164,0.36432160804020103,0.7072135785007072,0.46502448076401787,0.8060052355427352,0.20301929880349776,0.21926425654611512,0.06931356438482907,0.8307079965105407,0.4237536881927194,0.2045458842506817,0.0297231114660369,65.19684535104363,0.001372789667892893,-0.01760583152030526
2015,137,1257,1414,57,55,2,1,0,-9,,6.33266129032258,1.0342296084409905,0.9001789604549086,1.0409070006608185,0.9792618275483058,0.3042016806722689,0.6600846262341326,0.43085236147998907,0.8598300841800899,0.280225174820374,0.17779385309075937,0.10034901468987369,0.8216550345662842,0.3892612758184151,0.21472694069350268,0.38252427184466015,0.6832061068702291,0.4503398975577363,0.8493060291130977,0.2588418516307931,0.18011211712153788,0.08369846963228614,0.856997373222767,0.40110885958031944,0.1713428669741861,0.021383323189580916,65.42178679435483,-0.0038199761579214564,0.021319268413181658
2015,137,1268,1434,65,62,3,1,0,-9,,-2.424242424242424,1.07049201764688,0.9702475249907562,1.074944287801121,0.9398350975851428,0.37248840803709427,0.756972111553785,0.43786831972086276,0.7919166393944816,0.30334513734073576,0.18326949094515066,0.07164485137050314,0.8848199517194297,0.4023731826858477,0.17202629632892597,0.3813084112149533,0.6870748299319728,0.45261196582676083,0.8443796854118658,0.2829168732070259,0.19020004383754135,0.08208494826353295,0.8391912402363286,0.38829377666943743,0.18713034180231305,0.02042826413370985,64.26522727272727,-0.014411526061154145,-0.017088101338916584
2015,137,1208,1277,63,70,-7,0,0,3,,-4.314338235294118,1.036286945740872,0.9658513414458363,1.1096589377822443,0.9784431115006571,0.3435114503816794,0.68875,0.43872937281894825,0.7911601175112078,0.24947993332229074,0.19316876207044945,0.08108845049336857,0.8622977029199955,0.3880756740831932,0.16670338555605768,0.3861236802413273,0.6327868852459017,0.473618208786839,0.8685048522333326,0.300980222614468,0.17899574421412903,0.08433396770133333,0.8264159735943502,0.40349394159902396,0.16917817268727042,-0.05150028929217726,65.46783088235294,-0.009735284226029983,0.0013292692813675622
2015,137,1320,1461,71,54,17,1,0,-7,,6.5606060606060606,1.1280823376653195,0.9244246867980781,1.0256853124654022,0.9596275488438907,0.3980263157894736,0.7259380097879282,0.4890137290453768,0.7942214818436999,0.3193184179892398,0.1794416916167352,0.05000722428587876,0.8488395547058936,0.39078612100674415,0.19274032152931034,0.3225255972696246,0.7090909090909091,0.45915229001394015,0.769891840398105,0.3073124772981768,0.18559492952436657,0.05749145539297427,0.8563035519938129,0.4073710743889555,0.18079622844827245,0.012005940691063033,59.14582149621212,0.023223196206824004,0.009532900956767454
2015,137,1107,1328,60,69,-9,0,0,11,,-3.90625,1.0702171041682011,0.9792931633417026,1.046186823114804,0.9159808250873744,0.360146252285192,0.7609375,0.4440302531389222,0.8197537017315828,0.2797530513953146,0.18972217271771818,0.0319142106740834,0.8131061409088135,0.4217581994589667,0.20140678727475908,0.34340222575516693,0.7352941176470589,0.43747991148808435,0.8519299754258374,0.2850345648277916,0.1756227899812517,0.08481177460078691,0.8615762371795926,0.3858994602670493,0.20210292501704216,-0.005281513432477014,65.0734375,-0.01465419877053975,-0.024839862859547646
2015,137,1329,1332,73,79,-6,0,0,1,,-0.396969696969697,1.0345254400463273,0.9735894710104086,1.0900089605442933,1.0345095056435303,0.346218487394958,0.7308319738988581,0.4382929286658697,0.797095246386867,0.3071678980093314,0.18698563994854675,0.09498655033875084,0.8045121587172397,0.40672892118298404,0.21032745332333536,0.3670694864048338,0.768695652173913,0.45783746297829037,0.8596855799749168,0.2913131431277833,0.16957160248306077,0.07157044854924477,0.8590500637112318,0.4270284474298768,0.16810072574308274,0.01585475488154814,66.63359848484848,0.0003774959672360745,-0.010126113075413834
2015,137,1361,1385,76,64,12,1,0,-1,,4.95210166177908,1.0049809421825255,0.8752971568396528,1.0478419049854637,0.9908892743497832,0.32082551594746717,0.629746835443038,0.41974820005773145,0.8700913193006266,0.2647996810262534,0.18446045676243145,0.09634036477086463,0.8415784374568177,0.3780837076094859,0.21428374312777382,0.35064935064935066,0.690625,0.44111030753376645,0.8471475891775806,0.2587104993636753,0.1569024758293422,0.11082365953179203,0.8739280213148409,0.40571394393259663,0.19393007151674274,0.0060891816625781026,64.24203323558163,0.003134064423537808,0.012977807269059616
2015,137,1125,1438,67,79,-12,0,0,13,,-10.980846774193548,1.094570426425957,1.0359407254232686,1.1066811737237088,0.8564170226141498,0.3787128712871287,0.6900900900900901,0.47448042784161415,0.8078397695825486,0.3876633199233059,0.20466653630373952,0.034118603182200946,0.8483354779085721,0.4516674174479188,0.18846685275548405,0.36080178173719374,0.7229129662522202,0.46504135753690024,0.8743170639003609,0.23948436619052624,0.1604290336005227,0.08550985173732434,0.8502549143734022,0.36281318604570173,0.1804307357380062,0.14817895373277964,63.11450352822581,-0.039707580548751564,0.0025806371846200937
2015,137,1138,1452,62,68,-6,0,0,7,,-0.375,1.0896722158850192,0.9935944237342889,1.0622480164556145,0.9649120156308509,0.3403880070546737,0.7216624685138538,0.4346269966690216,0.8561071057299434,0.2586150213919071,0.1633331731496248,0.06972966162975656,0.8326758144870946,0.423539924715265,0.1972301867633253,0.3183856502242152,0.6604010025062657,0.4123365163896007,0.8862340717393233,0.3018831580640015,0.1876144513596915,0.05963164051981787,0.6695460298426814,0.46914209600333073,0.2802100639036214,-0.04326813667209439,69.33125000000001,0.033946325783743236,-0.03211111450751336
2015,137,1231,1455,76,81,-5,0,0,3,,-6.745845552297165,1.1539258036665705,1.066569234744475,1.1196647716028028,0.9093140643815325,0.40314136125654454,0.7147385103011094,0.4694913791204239,0.8758537153688555,0.34797072618185887,0.16995498655936475,0.054840098350001684,0.8667815396127019,0.4601083260985713,0.1620241233986646,0.35906040268456374,0.6911519198664441,0.4456200576116264,0.889882611830532,0.3156667602077819,0.15102301866402912,0.07856093043534867,0.7879748853793171,0.40228023543047714,0.2152236261449799,0.032303965974076976,64.24330400782014,-0.016978384579648342,0.02305584803619176
2015,137,1157,1458,72,86,-14,0,0,15,,-9.93711967545639,1.087631820878635,1.0005729725494006,1.206481000264814,0.9442543561562983,0.35401459854014594,0.7034700315457413,0.4409776532199016,0.8511808819073323,0.2914172830464506,0.1768617821646584,0.06069292958019523,0.8403117555641907,0.4071374993943995,0.17069036694085438,0.3574660633484163,0.7633228840125392,0.4790124364685284,0.8895172396674826,0.33097906921095843,0.12377658455000144,0.06636525119067208,0.8747466754221592,0.42111239515834326,0.16511119258227552,-0.03956178616450784,62.297439148073025,-0.012029943742341509,0.03480375072767272
2015,138,1112,1326,73,58,15,1,0,-8,,4.399286987522283,1.1350309013475406,0.8754509572386381,1.1343817140672672,0.9487283197831392,0.3598326359832636,0.6990846681922196,0.48669429561839855,0.81435212640284,0.21022747515427,0.16682708030994417,0.0699698533610016,0.7699011071355214,0.39285315021509626,0.2113390078861468,0.37190082644628103,0.6783536585365854,0.48768088881045407,0.8605146030385857,0.27621350193469,0.16995562670564363,0.09071112829375551,0.8398804285466062,0.4105329166819317,0.2200456356949022,-0.06598602678042001,66.88785650623886,0.008346586637389963,-0.04367597410391377
2015,138,1153,1246,51,64,-13,0,0,7,,-13.847426470588236,1.0415253769923742,0.9238609610406275,1.1578429848188208,0.8369753678983332,0.3333333333333333,0.6739130434782609,0.4565529727904322,0.8242908324313271,0.2548143083592342,0.21272966450473055,0.10324949248741339,0.874351061745765,0.39218611089215466,0.20091063389713243,0.3497164461247637,0.7224242424242424,0.4704540860077319,0.86031623898242,0.24015440656664708,0.16331167042618996,0.12456294851760547,0.8392700728440288,0.3583807039595544,0.21866385413577055,0.01465990179258711,62.36934742647058,-0.023853260074949978,-0.014757173373088461
2015,138,1301,1437,71,68,3,1,0,7,,-10.412655971479502,1.0806631334382608,1.0104760773696064,1.170884558537212,0.926654686263053,0.36079077429983525,0.6833578792341679,0.4407522920302742,0.8758863070299266,0.2835950467742499,0.16179873952164697,0.09230302366597988,0.8789946192456484,0.4081358362480204,0.15377784407988757,0.38881829733163914,0.7271557271557272,0.4705775674372755,0.8264907601743067,0.3559330626171122,0.1655411353360752,0.07326443134233981,0.8323359974098408,0.40666002299224857,0.21476568071640853,-0.07233801584286231,65.14096479500891,-0.015650544331386573,0.0018460740240561213
2015,138,1116,1314,78,87,-9,0,0,1,,-1.6319327731092432,1.0982677456524979,0.9941113130023631,1.1095175919258289,0.9835588945680785,0.35030864197530864,0.7242268041237114,0.448082496640917,0.8660975013166856,0.2693849903921605,0.16597815872986846,0.08443764927630336,0.7992772447781851,0.4309584247816519,0.22465467247114404,0.34504132231404955,0.6997319034852547,0.4763344016061215,0.8761214081390332,0.19820673637263703,0.18032669263801068,0.07263962246480309,0.842544539339227,0.4008464081638493,0.17703077010591176,0.07117825401952349,70.48273109243698,-0.029181960791503536,-0.0024269098921754217
2015,138,1139,1323,64,67,-3,0,1,3,,-4.8014705882352935,1.0671935778808266,0.9372720805385726,1.2097844328564822,1.0169917766049241,0.35797665369649806,0.6796657381615598,0.4442468882425778,0.850206197178764,0.2463216692732762,0.1746492616541596,0.055351729696893934,0.8049245643050095,0.41784965809749586,0.19201971158881412,0.39245810055865926,0.7398255813953488,0.5101999810147556,0.8381477403902925,0.32481009450307247,0.14337883169988663,0.06053839149063589,0.9027520494878964,0.42749854880436894,0.17301349146209974,-0.07848842522979627,65.17982536764706,-0.028152101032652366,0.0011048946842910912
2015,138,1412,1417,75,92,-17,0,0,3,,-3.1515151515151514,1.0155262886728489,0.9922867290093373,1.053857996241754,1.004722610065081,0.33150183150183143,0.7393225331369662,0.4314034473516765,0.8249957243485695,0.24562754673819115,0.2055987483004839,0.09130380004629804,0.8452298296032151,0.42288350991776413,0.19744255204557207,0.36347517730496454,0.6757142857142858,0.44105668817021354,0.8588710074133791,0.2506773009909167,0.17428204107337913,0.06608363146814154,0.8330001738323408,0.4205268158893091,0.18523616702185755,-0.005049754252725525,67.6064393939394,-0.006004967423496044,0.024546878681749873
2015,138,1207,1428,64,75,-11,0,0,-1,,-8.419354838709678,1.0739552552020628,0.9844967517228802,1.1340205071254081,0.9136915543541898,0.34740882917466415,0.701923076923077,0.455473204912453,0.8080142909000679,0.2568404431504481,0.19288190939488647,0.09316751448190386,0.7936558492711661,0.4058957872909234,0.20682827897562833,0.4016806722689075,0.701780415430267,0.48151862663009964,0.8053146005030742,0.306654636692846,0.1794533764458548,0.09761621657364926,0.8418049292008879,0.38202916151309263,0.18156835187273965,-0.04981419354239791,64.4508064516129,-0.024956023747738698,0.024469272540687426
2015,138,1209,1462,67,75,-8,0,0,8,,2.2757352941176467,1.092998728445245,0.9513861112963281,1.09650437447303,1.0026170371716931,0.3184713375796178,0.7325227963525835,0.4765626838723662,0.8307623821340846,0.23017838405357127,0.1648522448962623,0.08181039488007286,0.8125876854960995,0.3796951510407245,0.2256160949751277,0.3491027732463295,0.7251051893408135,0.4754213250169483,0.8189554842489419,0.26996352940326424,0.18176439226085467,0.05114809083082087,0.8138079711995536,0.43778416856897534,0.19183232806617637,-0.03978514534969296,65.84572610294119,0.029615188191834396,0.03393095147370828
2015,139,1181,1361,68,49,19,1,0,-7,,6.787878787878789,1.2074030462810874,0.975251793209752,1.0049809421825255,0.8752971568396528,0.38580246913580246,0.6913907284768211,0.502792787918697,0.8521876067149342,0.29396840003221997,0.16664849568250578,0.06382554257955184,0.8736267839650721,0.4292422673073444,0.1868303138044192,0.32082551594746717,0.629746835443038,0.41974820005773145,0.8700913193006266,0.2647996810262534,0.18446045676243145,0.09634036477086463,0.8415784374568177,0.3780837076094859,0.21428374312777382,0.02916871900596657,64.0125,0.01594301408155352,0.006069979357131605
2015,139,1211,1234,87,68,19,1,0,-5,,9.589962121212121,1.2041169663875217,0.9327140633887238,1.073954179968306,0.9598740485536259,0.40798611111111116,0.6894586894586894,0.5200730687288098,0.8396102356540778,0.270147782324137,0.16307036319961812,0.05755811699630167,0.8664273975556794,0.3886146982769109,0.17453772161216258,0.3321100917431193,0.7453769559032717,0.4307262827862832,0.8597547006882076,0.2626046646418163,0.17396573485105904,0.08343447408887956,0.8622999893201659,0.39357303712133634,0.18837912982797628,0.007543117682320688,64.81909327651516,0.04715256239347598,-0.01924568704877938
2015,139,1257,1320,66,53,13,1,0,-1,,-1.3731060606060606,1.0342296084409905,0.9001789604549086,1.1280823376653195,0.9244246867980781,0.3042016806722689,0.6600846262341326,0.43085236147998907,0.8598300841800899,0.280225174820374,0.17779385309075937,0.10034901468987369,0.8216550345662842,0.3892612758184151,0.21472694069350268,0.3980263157894736,0.7259380097879282,0.4890137290453768,0.7942214818436999,0.3193184179892398,0.1794416916167352,0.05000722428587876,0.8488395547058936,0.39078612100674415,0.19274032152931034,-0.03909324316886581,62.37082149621212,-0.02831826118852937,0.06426002425366795
2015,139,1277,1438,60,54,6,1,0,5,,-6.123161764705882,1.1096589377822443,0.9784431115006571,1.1066811737237088,0.8564170226141498,0.3861236802413273,0.6327868852459017,0.473618208786839,0.8685048522333326,0.300980222614468,0.17899574421412903,0.08433396770133333,0.8264159735943502,0.40349394159902396,0.16917817268727042,0.36080178173719374,0.7229129662522202,0.46504135753690024,0.8743170639003609,0.23948436619052624,0.1604290336005227,0.08550985173732434,0.8502549143734022,0.36281318604570173,0.1804307357380062,0.06149585642394176,61.927596507352945,-0.016051952151691695,0.011370971346800651
2015,139,1173,1328,66,72,-6,0,0,8,,-1.8844696969696972,1.0574320022027228,0.9398753218780264,1.046186823114804,0.9159808250873744,0.35206611570247937,0.6818757921419518,0.46371195614763205,0.7611031602166775,0.2839351672861158,0.17849595660775033,0.048486367741993865,0.8134118114481929,0.42275855590641703,0.21127043007020008,0.34340222575516693,0.7352941176470589,0.43747991148808435,0.8519299754258374,0.2850345648277916,0.1756227899812517,0.08481177460078691,0.8615762371795926,0.3858994602670493,0.20210292501704216,-0.0010993975416758173,66.65572916666667,-0.005313525489910043,-0.05183044788999608
2015,139,1268,1452,59,69,-10,0,0,-1,,-0.8513257575757578,1.07049201764688,0.9702475249907562,1.0622480164556145,0.9649120156308509,0.37248840803709427,0.756972111553785,0.43786831972086276,0.7919166393944816,0.30334513734073576,0.18326949094515066,0.07164485137050314,0.8848199517194297,0.4023731826858477,0.17202629632892597,0.3183856502242152,0.6604010025062657,0.4123365163896007,0.8862340717393233,0.3018831580640015,0.1876144513596915,0.05963164051981787,0.6695460298426814,0.46914209600333073,0.2802100639036214,0.0014619792767342488,67.40163352272728,0.04615035832437253,-0.062055782466000076
2015,139,1242,1455,65,78,-13,0,0,-5,,-6.277039848197344,1.0614429767700122,0.96857867814642,1.1196647716028028,0.9093140643815325,0.375,0.7201492537313433,0.43984288150702944,0.8214499985512366,0.23274241026953466,0.18986930971884086,0.08669272455279155,0.8726997308808172,0.3958265095999452,0.1739450934446164,0.35906040268456374,0.6911519198664441,0.4456200576116264,0.889882611830532,0.3156667602077819,0.15102301866402912,0.07856093043534867,0.7879748853793171,0.40228023543047714,0.2152236261449799,-0.08292434993824724,64.2887808349146,0.000338274862967447,0.0241167414719341
2015,139,1332,1458,65,72,-7,0,0,7,,-11.73440285204991,1.0900089605442933,1.0345095056435303,1.206481000264814,0.9442543561562983,0.3670694864048338,0.768695652173913,0.45783746297829037,0.8596855799749168,0.2913131431277833,0.16957160248306077,0.07157044854924477,0.8590500637112318,0.4270284474298768,0.16810072574308274,0.3574660633484163,0.7633228840125392,0.4790124364685284,0.8895172396674826,0.33097906921095843,0.12377658455000144,0.06636525119067208,0.8747466754221592,0.42111239515834326,0.16511119258227552,-0.03966592608317515,64.17553475935829,-0.01354551288088579,0.03150780544468357
2015,143,1112,1462,68,60,8,1,0,-4,,11.911764705882353,1.1350309013475406,0.8754509572386381,1.09650437447303,1.0026170371716931,0.3598326359832636,0.6990846681922196,0.48669429561839855,0.81435212640284,0.21022747515427,0.16682708030994417,0.0699698533610016,0.7699011071355214,0.39285315021509626,0.2113390078861468,0.3491027732463295,0.7251051893408135,0.4754213250169483,0.8189554842489419,0.26996352940326424,0.18176439226085467,0.05114809083082087,0.8138079711995536,0.43778416856897534,0.19183232806617637,-0.059736054248994225,67.10036764705883,0.02810199447766465,-0.010870129762432401
2015,143,1246,1452,78,39,39,1,0,-4,,13.847426470588236,1.1578429848188208,0.8369753678983332,1.0622480164556145,0.9649120156308509,0.3497164461247637,0.7224242424242424,0.4704540860077319,0.86031623898242,0.24015440656664708,0.16331167042618996,0.12456294851760547,0.8392700728440288,0.3583807039595544,0.21866385413577055,0.3183856502242152,0.6604010025062657,0.4123365163896007,0.8862340717393233,0.3018831580640015,0.1876144513596915,0.05963164051981787,0.6695460298426814,0.46914209600333073,0.2802100639036214,-0.061728751497354434,67.2130974264706,0.08443948083095376,0.0034620614523738213
2015,143,1323,1455,81,70,11,1,0,-4,,0.3700189753320675,1.2097844328564822,1.0169917766049241,1.1196647716028028,0.9093140643815325,0.39245810055865926,0.7398255813953488,0.5101999810147556,0.8381477403902925,0.32481009450307247,0.14337883169988663,0.06053839149063589,0.9027520494878964,0.42749854880436894,0.17301349146209974,0.35906040268456374,0.6911519198664441,0.4456200576116264,0.889882611830532,0.3156667602077819,0.15102301866402912,0.07856093043534867,0.7879748853793171,0.40228023543047714,0.2152236261449799,0.009143334295290573,63.28731024667932,0.019680805014618774,-0.008557773429609172
2015,143,1314,1458,72,79,-7,0,0,3,,-6.250420168067228,1.1095175919258289,0.9835588945680785,1.206481000264814,0.9442543561562983,0.34504132231404955,0.6997319034852547,0.4763344016061215,0.8761214081390332,0.19820673637263703,0.18032669263801068,0.07263962246480309,0.842544539339227,0.4008464081638493,0.17703077010591176,0.3574660633484163,0.7633228840125392,0.4790124364685284,0.8895172396674826,0.33097906921095843,0.12377658455000144,0.06636525119067208,0.8747466754221592,0.42111239515834326,0.16511119258227552,-0.1327723328383214,64.85699579831932,0.00879397606604354,0.07060737433278907
2015,144,1181,1428,63,57,6,1,0,-4,,0.5464320625610952,1.2074030462810874,0.975251793209752,1.1340205071254081,0.9136915543541898,0.38580246913580246,0.6913907284768211,0.502792787918697,0.8521876067149342,0.29396840003221997,0.16664849568250578,0.06382554257955184,0.8736267839650721,0.4292422673073444,0.1868303138044192,0.4016806722689075,0.701780415430267,0.48151862663009964,0.8053146005030742,0.306654636692846,0.1794533764458548,0.09761621657364926,0.8418049292008879,0.38202916151309263,0.18156835187273965,-0.012686236660626016,64.99869257086999,-0.012969472252827241,0.03482601219687931
2015,144,1211,1417,74,62,12,1,0,-9,,13.151515151515152,1.2041169663875217,0.9327140633887238,1.053857996241754,1.004722610065081,0.40798611111111116,0.6894586894586894,0.5200730687288098,0.8396102356540778,0.270147782324137,0.16307036319961812,0.05755811699630167,0.8664273975556794,0.3886146982769109,0.17453772161216258,0.36347517730496454,0.6757142857142858,0.44105668817021354,0.8588710074133791,0.2506773009909167,0.17428204107337913,0.06608363146814154,0.8330001738323408,0.4205268158893091,0.18523616702185755,0.019470481333220324,66.49924242424242,0.05546424908549724,-0.00047555630469986454
2015,144,1257,1301,75,65,10,1,0,-4,,4.71780303030303,1.0342296084409905,0.9001789604549086,1.0806631334382608,1.0104760773696064,0.3042016806722689,0.6600846262341326,0.43085236147998907,0.8598300841800899,0.280225174820374,0.17779385309075937,0.10034901468987369,0.8216550345662842,0.3892612758184151,0.21472694069350268,0.36079077429983525,0.6833578792341679,0.4407522920302742,0.8758863070299266,0.2835950467742499,0.16179873952164697,0.09230302366597988,0.8789946192456484,0.4081358362480204,0.15377784407988757,-0.0033698719538758914,65.75491240530303,0.004487314939660092,0.0032682736628795173
2015,144,1277,1328,62,58,4,1,0,4,,-0.7169117647058822,1.1096589377822443,0.9784431115006571,1.046186823114804,0.9159808250873744,0.3861236802413273,0.6327868852459017,0.473618208786839,0.8685048522333326,0.300980222614468,0.17899574421412903,0.08433396770133333,0.8264159735943502,0.40349394159902396,0.16917817268727042,0.34340222575516693,0.7352941176470589,0.43747991148808435,0.8519299754258374,0.2850345648277916,0.1756227899812517,0.08481177460078691,0.8615762371795926,0.3858994602670493,0.20210292501704216,0.015945657786676393,66.85376838235294,0.00927190798339006,-0.009433300435472303
2015,145,1246,1323,68,66,2,1,0,-2,,7.764705882352942,1.1578429848188208,0.8369753678983332,1.2097844328564822,1.0169917766049241,0.3497164461247637,0.7224242424242424,0.4704540860077319,0.86031623898242,0.24015440656664708,0.16331167042618996,0.12456294851760547,0.8392700728440288,0.3583807039595544,0.21866385413577055,0.39245810055865926,0.7398255813953488,0.5101999810147556,0.8381477403902925,0.32481009450307247,0.14337883169988663,0.06053839149063589,0.9027520494878964,0.42749854880436894,0.17301349146209974,-0.08465568793642539,64.90698529411765,0.014685974918895395,0.06276415216941228
2015,145,1112,1458,78,85,-7,0,0,1,,2.0588235294117645,1.1350309013475406,0.8754509572386381,1.206481000264814,0.9442543561562983,0.3598326359832636,0.6990846681922196,0.48669429561839855,0.81435212640284,0.21022747515427,0.16682708030994417,0.0699698533610016,0.7699011071355214,0.39285315021509626,0.2113390078861468,0.3574660633484163,0.7633228840125392,0.4790124364685284,0.8895172396674826,0.33097906921095843,0.12377658455000144,0.06636525119067208,0.8747466754221592,0.42111239515834326,0.16511119258227552,-0.12075159405668842,63.37058823529412,0.017970552046558563,0.0019117426576116259
2015,146,1181,1211,66,52,14,1,0,-1,,-2.09090909090909,1.2074030462810874,0.975251793209752,1.2041169663875217,0.9327140633887238,0.38580246913580246,0.6913907284768211,0.502792787918697,0.8521876067149342,0.29396840003221997,0.16664849568250578,0.06382554257955184,0.8736267839650721,0.4292422673073444,0.1868303138044192,0.40798611111111116,0.6894586894586894,0.5200730687288098,0.8396102356540778,0.270147782324137,0.16307036319961812,0.05755811699630167,0.8664273975556794,0.3886146982769109,0.17453772161216258,0.02382061770808297,65.9405303030303,-0.028953924920273155,0.025309169080903415
2015,146,1257,1277,70,76,-6,0,1,-3,,1.2169117647058822,1.0342296084409905,0.9001789604549086,1.1096589377822443,0.9784431115006571,0.3042016806722689,0.6600846262341326,0.43085236147998907,0.8598300841800899,0.280225174820374,0.17779385309075937,0.10034901468987369,0.8216550345662842,0.3892612758184151,0.21472694069350268,0.3861236802413273,0.6327868852459017,0.473618208786839,0.8685048522333326,0.300980222614468,0.17899574421412903,0.08433396770133333,0.8264159735943502,0.40349394159902396,0.16917817268727042,-0.020755047794093984,65.71431525735295,-0.014266590763120535,0.020405255823717328
2015,152,1181,1277,81,61,20,1,0,-6,,6.559714795008913,1.2074030462810874,0.975251793209752,1.1096589377822443,0.9784431115006571,0.38580246913580246,0.6913907284768211,0.502792787918697,0.8521876067149342,0.29396840003221997,0.16664849568250578,0.06382554257955184,0.8736267839650721,0.4292422673073444,0.1868303138044192,0.3861236802413273,0.6327868852459017,0.473618208786839,0.8685048522333326,0.300980222614468,0.17899574421412903,0.08433396770133333,0.8264159735943502,0.40349394159902396,0.16917817268727042,-0.0070118225822480285,65.91622103386808,0.0017131267117687643,0.03306882877599693
2015,152,1246,1458,64,71,-7,0,0,0,,5.1764705882352935,1.1578429848188208,0.8369753678983332,1.206481000264814,0.9442543561562983,0.3497164461247637,0.7224242424242424,0.4704540860077319,0.86031623898242,0.24015440656664708,0.16331167042618996,0.12456294851760547,0.8392700728440288,0.3583807039595544,0.21866385413577055,0.3574660633484163,0.7633228840125392,0.4790124364685284,0.8895172396674826,0.33097906921095843,0.12377658455000144,0.06636525119067208,0.8747466754221592,0.42111239515834326,0.16511119258227552,-0.09082466264431135,62.11654411764705,0.027086670368996202,0.08201401227777594
2015,154,1181,1458,68,63,5,1,0,0,,-0.7344028520499108,1.2074030462810874,0.975251793209752,1.206481000264814,0.9442543561562983,0.38580246913580246,0.6913907284768211,0.502792787918697,0.8521876067149342,0.29396840003221997,0.16664849568250578,0.06382554257955184,0.8736267839650721,0.4292422673073444,0.1868303138044192,0.3574660633484163,0.7633228840125392,0.4790124364685284,0.8895172396674826,0.33097906921095843,0.12377658455000144,0.06636525119067208,0.8747466754221592,0.42111239515834326,0.16511119258227552,-0.037010669178738465,63.258868092691614,0.007825239650583682,0.05571382010558701
2016,134,1192,1195,65,96,-31,0,0,0,76.80000000000001,-4.401557285873192,1.0567618215181245,1.0792267152510204,1.0683231526938355,1.0210093761381505,0.3646677471636953,0.6988906497622821,0.4586045537421159,0.8342992595912634,0.2755524210016863,0.17899393000751035,0.04406736522808123,0.7926665052957707,0.45708331700198124,0.21001720699529686,0.3458823529411765,0.6451104100946372,0.47170057753555406,0.8461532106419171,0.20479814392392373,0.1676423996900058,0.06763746377250046,0.8433346964108052,0.4256111102619865,0.1603433011983631,0.07075427707776258,71.88524749721913,-0.022284115266716475,0.037648412154489164
2016,134,1435,1455,50,70,-20,0,0,0,10.400000000000002,-4.303427419354838,1.0970749800585167,0.9713536600676551,1.0972161837943393,0.8885277269978389,0.38848920863309355,0.6990291262135923,0.4603735434838694,0.8181790691402224,0.3106391371871076,0.16662839328846327,0.08855428816154108,0.88886397798923,0.38874015277500473,0.1426408393677529,0.32850940665701883,0.7157584683357879,0.4362797605670586,0.8754783167771234,0.33749083454944745,0.1464186269081126,0.07322448400696883,0.731141263953567,0.3856426571688693,0.2310883661691058,-0.026851697362339833,68.2427041330645,0.010498143655337744,0.010869791484028668
2016,135,1221,1380,59,55,4,1,0,0,34.39999999999998,-6.204301075268817,0.9877235521003191,1.0606939513227862,1.025824424006984,0.9985810548131344,0.3273231622746186,0.6925465838509317,0.4136446987894851,0.8204704722455007,0.33487533918517115,0.16454518191180678,0.04679097811054879,0.8140733102203277,0.45886827329519214,0.1993671476503077,0.3446969696969697,0.6734104046242775,0.43588670542123614,0.8329600324096961,0.2464242015900772,0.16230788615277156,0.05805214194691172,0.8193621461122268,0.4204090482311697,0.19509957900806713,0.08845113759509396,67.82649071358749,-0.03035061584788673,-0.035925817235355595
2016,135,1276,1409,67,62,5,1,0,0,-17.39999999999999,1.9198435972629522,1.1225264996499753,1.0308095208025019,1.0665759613843946,1.0023887475212763,0.38415366146458585,0.7392120075046904,0.4658345260389613,0.8554000258969193,0.3801806249326176,0.14687486776696926,0.0371558638289897,0.846093829277369,0.4497124500915837,0.17722671048381172,0.32926829268292684,0.6778242677824268,0.44512990469643127,0.8342055107954475,0.3078500446863828,0.1557489302742519,0.047593161546445516,0.8188404921887389,0.41912139185827224,0.20643332556185,0.07233058024623484,67.92150537634409,-0.004943218445390751,-0.035950312521246086
2016,136,1114,1345,85,83,2,1,2,7,44.800000000000004,-3.2115749525616692,1.0859046872793134,0.9329264707114314,1.1391309741271318,0.9507012191313955,0.3870967741935484,0.7344632768361582,0.45859488633117307,0.850746235839327,0.2953652226844594,0.159357979587454,0.059827675123008205,0.8037269558807425,0.3911901489173186,0.21446818405164308,0.3684210526315789,0.7424460431654676,0.47366122836915847,0.8542934831129854,0.30257837270884336,0.17405465076538607,0.07529447500893308,0.8790303018884388,0.3947988188912036,0.13704067604285003,-0.007213150024383941,66.34749762808349,-0.005728836032050211,-0.004948694879619797
2016,136,1139,1403,71,61,10,1,0,1,-7.200000000000003,6.870967741935484,1.1402750718162877,1.0160930238911035,1.0710240557179476,1.0342051775415386,0.3866432337434095,0.7314439946018894,0.4665746305616155,0.8569823620870419,0.26184186024971073,0.14630846392345184,0.058308919171484404,0.8139527639310457,0.43410013883866677,0.18465249287594615,0.344294003868472,0.7459016393442623,0.4540697744767365,0.810052800549171,0.24740648244339145,0.17622347572798178,0.07252703454077442,0.8485547589286575,0.42736643262652846,0.1884734979415256,0.014435377806319288,68.99475806451612,0.0028855749363703165,-0.014887619801975949
2016,136,1160,1163,67,74,-7,0,0,-1,23.599999999999998,-5.5735294117647065,1.054793490584982,0.9875351886391796,1.0860244006401316,0.9384177478954813,0.3893376413570275,0.7369109947643979,0.4238531413638397,0.8367686670338175,0.2718568408532131,0.18835983371097337,0.08437760493774196,0.8378756047109792,0.4185294610357872,0.1533073761410157,0.3621212121212121,0.7865748709122202,0.45835520454099976,0.8554468511618931,0.2893260047363561,0.1651160645393426,0.08669289054910369,0.8473272066289138,0.3816352542113246,0.18186876381809816,-0.017469163883143013,69.4079963235294,-0.035698135000811315,0.007755414959540796
2016,136,1181,1423,93,85,8,1,0,-9,-60.2,3.0272727272727282,1.1827122244590558,1.0495421827770919,1.0930472640136069,1.0038568803578864,0.3868520859671303,0.7222222222222222,0.4608049586061145,0.8692817588577098,0.3505590710342923,0.14519130697517957,0.06663390534913355,0.9027956103455557,0.44778012099295117,0.17511677745571444,0.34094616639477976,0.7036474164133739,0.4546202904592448,0.8589621076536283,0.2874467069203062,0.1613308229877898,0.07593413682288556,0.759078039953327,0.4236743462272384,0.20121742736355214,0.06311236411398607,69.98946969696969,-0.008960553309421582,0.031714072523593095
2016,136,1211,1371,68,52,16,1,0,5,-1.0,5.6893939393939394,1.1656583700188472,0.975114623736693,1.0566589814678085,0.9575229787506574,0.37613293051359514,0.7598187311178247,0.4871228558742926,0.8455785314022557,0.30511768641841147,0.1646933971191809,0.04886757018817088,0.8801715821632379,0.40379246972684263,0.14866769023285095,0.3525305410122164,0.6658195679796697,0.4520558999085056,0.8306296357433092,0.247686574322684,0.19286924895584287,0.07845443417397635,0.840815436988185,0.4054428380179311,0.19268670706469526,0.05743111209572746,69.69187973484847,0.01835866212843773,-0.03797686043971238
2016,136,1151,1231,74,99,-25,0,0,7,82.2,-5.6875,1.0958246871882562,0.9884270866715424,1.1921080735561616,1.002058008609267,0.3610271903323263,0.732620320855615,0.4514088376761472,0.8198466647375241,0.3040493086999585,0.17916733435372711,0.08432793881373712,0.8235071758055756,0.4420378720800154,0.20296746914331706,0.4146981627296588,0.7230273752012882,0.50227296442545,0.8439060510483452,0.3457876290732074,0.19642333527589823,0.06835487325916338,0.843527736015289,0.44143064432412266,0.18791027971714946,-0.04173832037324893,68.566796875,-0.025735677252597733,-0.02772570517015127
2016,136,1233,1235,81,94,-13,0,0,9,73.39999999999999,-0.9375,1.1005821948747734,1.0074751947590421,1.1336384517908291,1.0327543562806878,0.37209302325581395,0.7124802527646129,0.458163480603779,0.8415421434915469,0.3718596508190597,0.1753032062131919,0.06781038366321376,0.8307397856333659,0.4232071425440804,0.19355798726757925,0.3802008608321377,0.7061143984220908,0.5014832879007634,0.8629215359348554,0.30221594527041773,0.1600391064014364,0.0649145630954018,0.8936751722935495,0.4361468874314155,0.17009287865258743,0.06964370554864197,72.3046875,-0.01519003120482465,0.00865728968288837
2016,136,1122,1242,79,105,-26,0,0,15,209.4,-15.06060606060606,1.0469257148657873,1.081209170371718,1.1450044794948424,0.959859875783408,0.3486394557823129,0.6701754385964912,0.4641630351702963,0.7797576035631691,0.2495814931119996,0.20304273596037026,0.046220857996046145,0.8378541686533698,0.4651716369375437,0.18667040847637162,0.4220472440944882,0.706199460916442,0.49172731349057325,0.8210927286433536,0.277022083385414,0.179218106891489,0.06977887673652027,0.8213347515837328,0.3988733452377258,0.19055760989212175,-0.027440590273414417,70.85719696969696,-0.0469312850100474,0.0005380868883642087
2016,136,1246,1392,85,57,28,1,0,-9,-86.4,1.1450980392156858,1.1651492564813761,0.9874612635211162,1.1134724296502079,0.9602700662544993,0.37048665620094196,0.6833976833976834,0.48035010595995853,0.8718049296281538,0.2738236242041967,0.15838259835384946,0.09745034825363376,0.831634051190254,0.39911986792927395,0.17862119115833683,0.37524177949709864,0.6689895470383276,0.4813615193769246,0.8697724812321322,0.2550964527926196,0.1709405238252032,0.07988926877859746,0.8409852427357588,0.4144645837771416,0.18511701312135348,0.018727171411577093,68.25213235294117,0.007166651215450792,0.04579395017508914
2016,136,1138,1274,72,79,-7,0,0,11,112.19999999999999,-8.145833333333334,1.0488689568942486,1.038997279294941,1.1413381144034038,1.0070112235887143,0.3351724137931035,0.7094017094017094,0.4372681738236874,0.8162484214426285,0.30194816518550455,0.18969533940878575,0.057781507927122513,0.8267817164598714,0.4376795238742332,0.1765189424750381,0.3656093489148581,0.7507122507122507,0.4777672970286607,0.8311521792976265,0.2833109154497481,0.16043165625055486,0.06329549081297262,0.8654984319409651,0.4306505460366281,0.17332047837930067,0.018637249735756423,69.61725852272727,-0.02376405052128916,0.005764837831423342
2016,136,1195,1314,67,83,-16,0,0,15,173.39999999999998,-9.981744421906694,1.0683231526938355,1.0210093761381505,1.1574186529037729,0.9907490727106203,0.3458823529411765,0.6451104100946372,0.47170057753555406,0.8461532106419171,0.20479814392392373,0.1676423996900058,0.06763746377250046,0.8433346964108052,0.4256111102619865,0.1603433011983631,0.313893653516295,0.7375886524822696,0.48112724301665266,0.9060080978835171,0.2421564696051714,0.15357073208214336,0.07260563736269972,0.8583664366086127,0.4102458403206968,0.18567211922232768,-0.03735832568124767,71.03015973630832,-0.012395967711194167,-0.05165901436509235
2016,136,1344,1425,70,69,1,1,0,1,-6.0,-1.8484848484848486,1.054106587492068,0.9831468407172917,1.092464799066967,1.0146800308704076,0.3209876543209877,0.7271505376344086,0.4248755861660307,0.851219992640309,0.31317579625354475,0.16288411695632335,0.06153070158441474,0.8385659282177247,0.4366377920726755,0.20572112578520377,0.38518518518518524,0.6784260515603799,0.45771587076769454,0.8558270339256154,0.2775691647035437,0.16491886838486924,0.08304186361936378,0.8856308155680477,0.4210966599421878,0.17013274755139793,0.035606631550001044,72.18901515151515,-0.024190708366075786,-0.01719234931624536
2016,136,1201,1428,69,80,-11,0,0,11,69.6,-4.016098484848484,1.0524336681552429,0.9932548285786185,1.1173243879624524,1.0123381395744182,0.3430034129692833,0.6959459459459459,0.43356245165394786,0.8557563205535293,0.26007544667774596,0.15137964900920978,0.06797972333241273,0.7702257734174531,0.4207811267769368,0.20624817542666024,0.3604651162790698,0.716927453769559,0.48281901408167494,0.8128144544333664,0.30708764803818966,0.17869735359102856,0.06815284328764577,0.904785285266356,0.41667276910388146,0.1511666533408944,-0.047012201360443706,69.54976325757576,-0.02668246005039121,0.005304548093855277
2016,136,1214,1438,45,81,-36,0,0,15,230.0,-9.796969696969697,1.017558954450195,1.013941679840735,1.1483974153159269,0.972831326502891,0.30889235569422774,0.6541935483870968,0.42062401613707606,0.8362819620575437,0.2906078231076493,0.18746223849947913,0.06188765610513385,0.8292048218407454,0.42590854714558524,0.170364772510278,0.4049079754601227,0.7539823008849557,0.49052566078832105,0.8618855093896364,0.24205424005841786,0.15330702777259722,0.05994160711813067,0.8068446100925672,0.4226870630674054,0.195931366725572,0.048553583049231464,67.50625,-0.03656156436471242,0.030336941528148698
2016,136,1112,1455,55,65,-10,0,0,-5,-6.199999999999999,-1.4975562072336253,1.1348144595918992,0.9645790903919214,1.0972161837943393,0.8885277269978389,0.38256227758007116,0.722877358490566,0.4859599015333143,0.8140240023929476,0.23849559643679624,0.17804775730555858,0.07750261045919915,0.8529658935410858,0.4121939247568004,0.16294551538279026,0.32850940665701883,0.7157584683357879,0.4362797605670586,0.8754783167771234,0.33749083454944745,0.1464186269081126,0.07322448400696883,0.731141263953567,0.3856426571688693,0.2310883661691058,-0.09899523811265121,69.08168377321604,0.011564436689162294,0.021636981170190306
2016,136,1124,1463,75,79,-4,0,0,-7,-23.799999999999997,-4.275462962962964,1.1246783184463696,1.026371717080331,1.1079858942585996,0.9421239461516274,0.37358490566037733,0.7272727272727273,0.46477262086908594,0.8568901140812585,0.24409001888595352,0.1886918052910296,0.07256094247805309,0.7951994560548068,0.44914308280696824,0.19831805177246747,0.37124463519313305,0.6666666666666666,0.4715548068644059,0.8363292851435424,0.25794523094844307,0.1999353347159561,0.08196749520222289,0.8146084070278569,0.4097778158913116,0.18157001299634,-0.013855212062489547,67.56374421296296,-0.023073726455488275,0.024469719727258865
2016,137,1143,1218,66,77,-11,0,0,-9,-36.800000000000004,-2.709090909090909,1.0878151679350312,0.971782123175087,1.0785327171176926,0.9277428818811729,0.36867088607594933,0.6564102564102564,0.4626049515190056,0.8267058259697299,0.27754365111583273,0.17700617805675722,0.08061335946717764,0.853209591557345,0.39546131094823334,0.14113250228572694,0.32786885245901637,0.6862244897959184,0.46105735535083947,0.789010442760897,0.313325568632399,0.183867893743532,0.06897701991086884,0.7923050236548745,0.39913024160857596,0.1989097463069046,-0.035781917516566286,70.35969696969697,0.002608263414254408,0.0031764238818769996
2016,137,1234,1396,72,70,2,1,1,-3,-52.8,8.168346774193548,1.1241631617864905,0.9897975317306155,1.0286993806658726,1.005811430694007,0.38230884557721145,0.7192429022082019,0.4495202350240978,0.8836039798631942,0.30954948068224664,0.1493867516199726,0.07824640514179616,0.8809174582816078,0.41671206704186287,0.1877497986691738,0.33964817320703655,0.6843100189035917,0.40707299214314724,0.9150527628807831,0.34592641325267715,0.13661459085170677,0.05267442785558492,0.8782395069656375,0.4184361294333189,0.1655368403869585,-0.03637693257043051,68.21689768145161,0.022085652636203323,0.0217898378592406
2016,137,1268,1355,79,74,5,1,0,-7,-59.60000000000001,2.092741935483871,1.120197846850233,0.9951755039523685,1.1037982040971144,1.0005966833607447,0.37575757575757573,0.7604501607717041,0.486318553338253,0.8111736233072396,0.3067857550428103,0.18905444572169042,0.09055635495275667,0.8849099705009652,0.41153147689614317,0.16597847707399455,0.36153846153846153,0.7423398328690809,0.44673797320870806,0.8319796293724523,0.3068667018939243,0.17024020577991966,0.037214373369640584,0.8090302966626804,0.4276218889979512,0.1704205327681579,-8.094685111398325e-05,68.03303931451613,0.02783549611567654,0.013425830168014241
2016,137,1277,1292,81,90,-9,0,0,-13,-121.60000000000001,12.285578747628083,1.1802606183305646,0.9392059663701433,1.0456321839134546,0.9806220046318449,0.4335664335664335,0.7302631578947368,0.48572281438057724,0.8825717716284515,0.3125164629149283,0.17493716864941794,0.08689627467768478,0.8595612687995042,0.3794432015919333,0.1422192697994754,0.3887147335423197,0.6071987480438185,0.4488006047128556,0.8350305491461189,0.29998520106276405,0.17229335382561362,0.06328190759787829,0.7783423937917752,0.431106350422848,0.19281709449868328,0.012531261852164244,68.35087760910817,0.04429267924931818,0.0356569688891073
2016,137,1320,1400,75,72,3,1,0,5,42.800000000000004,1.3551136363636367,1.0569523731562311,0.9792195359923441,1.0605828111198745,1.0091427131957689,0.371866295264624,0.7540394973070017,0.4536989547731756,0.8075910035114593,0.34173821502588453,0.15167187021825557,0.04774940001757691,0.8597012515987243,0.4252124462234121,0.18783618734911792,0.33890577507598785,0.6648275862068965,0.43302946619184246,0.8484860823220455,0.3060517835053173,0.15424008815969734,0.07602184035465125,0.8342515746099318,0.42286102246333024,0.18358984916946275,0.03568643152056722,65.51835937499999,0.009159032410625656,-0.08612879767766896
2016,137,1276,1323,63,70,-7,0,0,5,12.0,1.1174242424242422,1.1225264996499753,1.0308095208025019,1.1540006786510388,1.0751572748082698,0.38415366146458585,0.7392120075046904,0.4658345260389613,0.8554000258969193,0.3801806249326176,0.14687486776696926,0.0371558638289897,0.846093829277369,0.4497124500915837,0.17722671048381172,0.36891679748822603,0.7352941176470589,0.47101484566585294,0.880610650087234,0.3043369796696396,0.14773976812205833,0.06526971384235346,0.911962269618063,0.4309232147972514,0.14668717553551427,0.07584364526297804,65.91510416666667,-0.011984777460611995,-0.06075370357226079
2016,137,1167,1328,68,82,-14,0,0,13,96.6,-1.4859913793103452,1.0445110644281859,0.9238640982214126,1.113946144331394,0.9756614513996101,0.3458149779735683,0.6512345679012346,0.44988548516542126,0.8456725682885844,0.22914157803411117,0.18077467144270717,0.09440266018322227,0.7834367196616465,0.3937558497160916,0.21856595498310943,0.4260204081632653,0.7279752704791345,0.45984146563476475,0.8365327674280737,0.342110417713675,0.17990648197317016,0.08005494579812401,0.8759294079104878,0.40817929691501104,0.17658795570194655,-0.11296883967956384,70.42781519396551,0.002233733364787993,0.017317006222729137
2016,137,1221,1332,52,91,-39,0,0,15,255.6,-13.484848484848484,0.9877235521003191,1.0606939513227862,1.1267951060403227,0.9969232893876032,0.3273231622746186,0.6925465838509317,0.4136446987894851,0.8204704722455007,0.33487533918517115,0.16454518191180678,0.04679097811054879,0.8140733102203277,0.45886827329519214,0.1993671476503077,0.3505311077389985,0.7148337595907928,0.4634834924361149,0.8472557652835093,0.28797528364649727,0.16288050953778432,0.09918142557173776,0.823412782037534,0.43302876752587555,0.20559252242859838,0.04690005553867388,67.9598484848485,-0.037839149707973196,-0.06430344864036108
2016,137,1372,1452,70,56,14,1,0,11,43.6,2.6974789915966397,1.1471087746581097,0.9339028639629154,1.1029258755443492,0.9448080872869933,0.37478991596638656,0.7436823104693141,0.4879428753989953,0.8435302524867595,0.30815671640254444,0.18132766436012496,0.06379804786141895,0.7410437109194701,0.4470363711278428,0.25831959637881835,0.32854864433811803,0.6698412698412699,0.45131268134885405,0.8444101243469673,0.2588096403624417,0.19473905575604886,0.05024210046609846,0.6891794273486687,0.4318062716087277,0.25407422665060164,0.049347076040102744,70.4735294117647,0.010700047265513102,-0.026535245599909496
2016,137,1153,1386,76,78,-2,0,0,1,-6.399999999999999,2.6360294117647056,1.083114954209511,0.9331785581203242,1.1009322391050824,0.9875548107734429,0.34522111269614836,0.703875968992248,0.4260866579956243,0.8970044668117031,0.32824813307356493,0.1652522356207694,0.10010348499030144,0.8551331860602162,0.3922119894671086,0.20445821895480654,0.3269230769230769,0.7126137841352406,0.4556439913027947,0.8506883656556742,0.3032427970494152,0.14259775229929725,0.05409375354059695,0.8784635356404223,0.41742203409793577,0.16211877723142964,0.025005336024149727,68.97405790441177,-0.002173644338171632,0.0653258738228707
2016,137,1173,1393,51,70,-19,0,0,-3,5.200000000000003,2.875,1.053923796855703,0.9472993679177667,1.0689327213697455,0.9962449199854253,0.3467741935483871,0.6726027397260274,0.4614413451016517,0.7998994443179771,0.27873902437203946,0.1888244088861184,0.07816188162231774,0.824357263677884,0.4043316535068319,0.17830094951882158,0.36082474226804123,0.6828885400313972,0.42777721854493383,0.8553953491494677,0.36907357209935915,0.18326798210835282,0.07039748251010533,0.8712261468859167,0.4141597503695641,0.20586535320269658,-0.09033454772731969,67.755078125,0.021746111709725013,-0.07718472305905827
2016,137,1401,1453,92,65,27,1,0,-11,-106.2,7.685383244206774,1.100789191154821,0.9556134883469821,1.0727643144638093,1.0299306903751066,0.3503355704697987,0.6728476821192053,0.4516486184852181,0.8643274367891146,0.3195278593300611,0.17009745594681464,0.06562090041808807,0.8280408009911275,0.40717009919083674,0.2079161004014666,0.3502994011976048,0.6571428571428571,0.446472790506005,0.8425868073971782,0.26053120787569894,0.1550044248856636,0.0724334060834983,0.8126782013636611,0.45029727869386466,0.2090614336071388,0.05899665145436217,73.21306818181819,0.024151503741120517,0.013412536896773908
2016,137,1333,1433,67,75,-8,0,0,-3,25.0,-8.47843137254902,1.0479595491117508,1.0302284188088748,1.095335219205294,0.9589960895662674,0.37272727272727274,0.6806853582554517,0.4395206319782742,0.8400311103471705,0.2671730862426168,0.16785144760483217,0.05762550769399154,0.8189983539564121,0.4338745160209697,0.19592881343955446,0.3559077809798271,0.6900584795321638,0.4534642315412312,0.8800343710878459,0.2894584053414109,0.16083456449090178,0.07007464704134364,0.7804175440791357,0.4404847578712426,0.2201802493534086,-0.022285319098794054,69.7153431372549,-0.003666678856342087,0.002434677470353863
2016,137,1421,1437,56,86,-30,0,0,13,113.0,-7.813092979127136,1.0546987909079142,0.9659475165777124,1.1337627977863405,0.9403832182666467,0.3221601489757914,0.701058201058201,0.45155169217693536,0.8142341321430661,0.2455044284211784,0.18654780847456054,0.05734262465372395,0.8011298027165917,0.43711268781150614,0.2230396370511987,0.3435655253837072,0.7771084337349397,0.4697094890450951,0.8388003901438147,0.3688748415849926,0.16308635783467068,0.060313781573794245,0.8299340905010503,0.4008075034387858,0.2043126134516179,-0.12337041316381422,69.39174573055028,-0.027231490620440002,0.01747261835688646
2016,137,1338,1458,43,47,-4,0,0,3,3.0,2.752016129032258,1.1224516751565625,1.032960631804549,1.0685273890949845,0.9958240749761132,0.35135135135135137,0.7575757575757576,0.4580469079691676,0.8635371535871171,0.2671032590588634,0.1748493371551414,0.060274739619091446,0.8411382487671746,0.4436207144641408,0.17106859995606508,0.3576271186440678,0.707492795389049,0.4342050966134606,0.8511252343174828,0.2891644587284388,0.16821892038258993,0.059180953025952575,0.8228165060623214,0.43248198850928404,0.18714258329546174,-0.022061199669575426,65.84987399193548,0.00635154270042515,0.017515702764159147
2016,137,1451,1462,53,71,-18,0,0,13,128.8,-4.247983870967742,1.0698492762960854,0.9816267857948108,1.1223410402613334,0.9730223342452413,0.36046511627906974,0.6771653543307086,0.47747237573650847,0.7572386016683765,0.31857139114491373,0.1964317404614827,0.05514035914561365,0.8657582656722488,0.4259320902708293,0.1552890796942262,0.36160714285714285,0.7307692307692307,0.4562330596968315,0.8346083327034081,0.2893230042037655,0.1752614787384867,0.05141663780559235,0.8123314925483475,0.4182010279087774,0.19305538184936466,0.02924838694114823,71.17016129032257,0.006754126838812491,-0.05383624260869635
2016,138,1181,1463,71,64,7,1,0,-8,-29.599999999999998,-1.5690235690235692,1.1827122244590558,1.0495421827770919,1.1079858942585996,0.9421239461516274,0.3868520859671303,0.7222222222222222,0.4608049586061145,0.8692817588577098,0.3505590710342923,0.14519130697517957,0.06663390534913355,0.9027956103455557,0.44778012099295117,0.17511677745571444,0.37124463519313305,0.6666666666666666,0.4715548068644059,0.8363292851435424,0.25794523094844307,0.1999353347159561,0.08196749520222289,0.8146084070278569,0.4097778158913116,0.18157001299634,0.09261384008584922,68.00993265993264,-0.02437607667996544,0.023143912231782138
2016,138,1211,1428,82,59,23,1,0,8,-0.20000000000000284,5.265151515151516,1.1656583700188472,0.975114623736693,1.1173243879624524,1.0123381395744182,0.37613293051359514,0.7598187311178247,0.4871228558742926,0.8455785314022557,0.30511768641841147,0.1646933971191809,0.04886757018817088,0.8801715821632379,0.40379246972684263,0.14866769023285095,0.3604651162790698,0.716927453769559,0.48281901408167494,0.8128144544333664,0.30708764803818966,0.17869735359102856,0.06815284328764577,0.904785285266356,0.41667276910388146,0.1511666533408944,-0.0019699616197781933,68.31460700757576,0.008592070584828249,0.0016190359155991985
2016,138,1231,1246,73,67,6,1,0,1,8.8,1.9632352941176467,1.1921080735561616,1.002058008609267,1.1651492564813761,0.9874612635211162,0.4146981627296588,0.7230273752012882,0.50227296442545,0.8439060510483452,0.3457876290732074,0.19642333527589823,0.06835487325916338,0.843527736015289,0.44143064432412266,0.18791027971714946,0.37048665620094196,0.6833976833976834,0.48035010595995853,0.8718049296281538,0.2738236242041967,0.15838259835384946,0.09745034825363376,0.831634051190254,0.39911986792927395,0.17862119115833683,0.07196400486901072,68.87111672794117,-0.010193958964678562,-0.016360698772075022
2016,138,1114,1235,61,78,-17,0,0,8,35.0,3.060483870967742,1.0859046872793134,0.9329264707114314,1.1336384517908291,1.0327543562806878,0.3870967741935484,0.7344632768361582,0.45859488633117307,0.850746235839327,0.2953652226844594,0.159357979587454,0.059827675123008205,0.8037269558807425,0.3911901489173186,0.21446818405164308,0.3802008608321377,0.7061143984220908,0.5014832879007634,0.8629215359348554,0.30221594527041773,0.1600391064014364,0.0649145630954018,0.8936751722935495,0.4361468874314155,0.17009287865258743,-0.006850722585958313,68.30432207661289,0.001034168472253294,-0.006633293339362134
2016,138,1163,1242,61,73,-12,0,0,8,25.400000000000002,-2.3734402852049907,1.0860244006401316,0.9384177478954813,1.1450044794948424,0.959859875783408,0.3621212121212121,0.7865748709122202,0.45835520454099976,0.8554468511618931,0.2893260047363561,0.1651160645393426,0.08669289054910369,0.8473272066289138,0.3816352542113246,0.18186876381809816,0.4220472440944882,0.706199460916442,0.49172731349057325,0.8210927286433536,0.277022083385414,0.179218106891489,0.06977887673652027,0.8213347515837328,0.3988733452377258,0.19055760989212175,0.012303921350942104,68.83399064171122,-0.008067008961586186,-0.014337269896843363
2016,138,1274,1455,65,57,8,1,0,-8,-5.799999999999999,-4.897177419354838,1.1413381144034038,1.0070112235887143,1.0972161837943393,0.8885277269978389,0.3656093489148581,0.7507122507122507,0.4777672970286607,0.8311521792976265,0.2833109154497481,0.16043165625055486,0.06329549081297262,0.8654984319409651,0.4306505460366281,0.17332047837930067,0.32850940665701883,0.7157584683357879,0.4362797605670586,0.8754783167771234,0.33749083454944745,0.1464186269081126,0.07322448400696883,0.731141263953567,0.3856426571688693,0.2310883661691058,-0.054179919099699325,66.39856350806451,-0.0017601762030783341,0.022196010853216652
2016,138,1314,1344,85,66,19,1,0,-8,-41.2,8.463458110516934,1.1574186529037729,0.9907490727106203,1.054106587492068,0.9831468407172917,0.313893653516295,0.7375886524822696,0.48112724301665266,0.9060080978835171,0.2421564696051714,0.15357073208214336,0.07260563736269972,0.8583664366086127,0.4102458403206968,0.18567211922232768,0.3209876543209877,0.7271505376344086,0.4248755861660307,0.851219992640309,0.31317579625354475,0.16288411695632335,0.06153070158441474,0.8385659282177247,0.4366377920726755,0.20572112578520377,-0.07101932664837335,70.71545231729056,0.041321804301300336,0.0363188205234386
2016,138,1139,1438,69,77,-8,0,0,8,33.4,-1.2776148582600193,1.1402750718162877,1.0160930238911035,1.1483974153159269,0.972831326502891,0.3866432337434095,0.7314439946018894,0.4665746305616155,0.8569823620870419,0.26184186024971073,0.14630846392345184,0.058308919171484404,0.8139527639310457,0.43410013883866677,0.18465249287594615,0.4049079754601227,0.7539823008849557,0.49052566078832105,0.8618855093896364,0.24205424005841786,0.15330702777259722,0.05994160711813067,0.8068446100925672,0.4226870630674054,0.195931366725572,0.019787620191292876,65.83225806451613,-0.0176820529989834,0.022201142461543033
2016,139,1218,1268,60,73,-13,0,0,8,38.400000000000006,1.6750000000000007,1.0785327171176926,0.9277428818811729,1.120197846850233,0.9951755039523685,0.32786885245901637,0.6862244897959184,0.46105735535083947,0.789010442760897,0.313325568632399,0.183867893743532,0.06897701991086884,0.7923050236548745,0.39913024160857596,0.1989097463069046,0.37575757575757573,0.7604501607717041,0.486318553338253,0.8111736233072396,0.3067857550428103,0.18905444572169042,0.09055635495275667,0.8849099705009652,0.41153147689614317,0.16597847707399455,0.006539813589588717,69.53244791666665,-0.0064299813499232306,-0.00969535480484307
2016,139,1323,1372,76,75,1,1,0,-8,-15.0,-10.160714285714286,1.1540006786510388,1.0751572748082698,1.1471087746581097,0.9339028639629154,0.36891679748822603,0.7352941176470589,0.47101484566585294,0.880610650087234,0.3043369796696396,0.14773976812205833,0.06526971384235346,0.911962269618063,0.4309232147972514,0.14668717553551427,0.37478991596638656,0.7436823104693141,0.4879428753989953,0.8435302524867595,0.30815671640254444,0.18132766436012496,0.06379804786141895,0.7410437109194701,0.4470363711278428,0.25831959637881835,-0.003819736732904866,67.44218749999999,-0.0004074367012754654,0.0016424465873582372
2016,139,1328,1433,85,81,4,1,0,-8,-27.0,0.056985294117646745,1.113946144331394,0.9756614513996101,1.095335219205294,0.9589960895662674,0.4260204081632653,0.7279752704791345,0.45984146563476475,0.8365327674280737,0.342110417713675,0.17990648197317016,0.08005494579812401,0.8759294079104878,0.40817929691501104,0.17658795570194655,0.3559077809798271,0.6900584795321638,0.4534642315412312,0.8800343710878459,0.2894584053414109,0.16083456449090178,0.07007464704134364,0.7804175440791357,0.4404847578712426,0.2201802493534086,0.052652012372264134,71.41812959558823,0.019341347524882535,-0.0021973694368914165
2016,139,1332,1386,69,64,5,1,0,-7,-26.799999999999997,1.475044563279858,1.1267951060403227,0.9969232893876032,1.1009322391050824,0.9875548107734429,0.3505311077389985,0.7148337595907928,0.4634834924361149,0.8472557652835093,0.28797528364649727,0.16288050953778432,0.09918142557173776,0.823412782037534,0.43302876752587555,0.20559252242859838,0.3269230769230769,0.7126137841352406,0.4556439913027947,0.8506883656556742,0.3032427970494152,0.14259775229929725,0.05409375354059695,0.8784635356404223,0.41742203409793577,0.16211877723142964,-0.015267513402917932,70.1980280748663,-0.0038836161473098096,0.058318456579799505
2016,139,1292,1393,50,75,-25,0,0,5,81.4,-0.403225806451613,1.0456321839134546,0.9806220046318449,1.0689327213697455,0.9962449199854253,0.3887147335423197,0.6071987480438185,0.4488006047128556,0.8350305491461189,0.29998520106276405,0.17229335382561362,0.06328190759787829,0.7783423937917752,0.431106350422848,0.19281709449868328,0.36082474226804123,0.6828885400313972,0.42777721854493383,0.8553953491494677,0.36907357209935915,0.18326798210835282,0.07039748251010533,0.8712261468859167,0.4141597503695641,0.20586535320269658,-0.0690883710365951,67.53559727822581,0.002038393057318899,-0.07512690932055455
2016,139,1320,1401,88,92,-4,0,2,8,59.0,-5.745989304812834,1.0569523731562311,0.9792195359923441,1.100789191154821,0.9556134883469821,0.371866295264624,0.7540394973070017,0.4536989547731756,0.8075910035114593,0.34173821502588453,0.15167187021825557,0.04774940001757691,0.8597012515987243,0.4252124462234121,0.18783618734911792,0.3503355704697987,0.6728476821192053,0.4516486184852181,0.8643274367891146,0.3195278593300611,0.17009745594681464,0.06562090041808807,0.8280408009911275,0.40717009919083674,0.2079161004014666,0.022210355695823414,66.29374999999999,-0.007996005372308879,-0.10253884780929212
2016,139,1234,1437,68,87,-19,0,0,5,19.2,-3.877609108159394,1.1241631617864905,0.9897975317306155,1.1337627977863405,0.9403832182666467,0.38230884557721145,0.7192429022082019,0.4495202350240978,0.8836039798631942,0.30954948068224664,0.1493867516199726,0.07824640514179616,0.8809174582816078,0.41671206704186287,0.1877497986691738,0.3435655253837072,0.7771084337349397,0.4697094890450951,0.8388003901438147,0.3688748415849926,0.16308635783467068,0.060313781573794245,0.8299340905010503,0.4008075034387858,0.2043126134516179,-0.05932536090274598,68.76351992409867,-0.018046908812037188,0.03175027231997335
2016,139,1458,1462,66,63,3,1,0,5,19.400000000000002,-6.0,1.0685273890949845,0.9958240749761132,1.1223410402613334,0.9730223342452413,0.3576271186440678,0.707492795389049,0.4342050966134606,0.8511252343174828,0.2891644587284388,0.16821892038258993,0.059180953025952575,0.8228165060623214,0.43248198850928404,0.18714258329546174,0.36160714285714285,0.7307692307692307,0.4562330596968315,0.8346083327034081,0.2893230042037655,0.1752614787384867,0.05141663780559235,0.8123314925483475,0.4182010279087774,0.19305538184936466,-0.00015854547532667684,68.52890625,-0.01815446184193875,0.001543512187299978
2016,143,1242,1268,79,63,16,1,0,-4,-18.400000000000002,3.5719696969696972,1.1450044794948424,0.959859875783408,1.120197846850233,0.9951755039523685,0.4220472440944882,0.706199460916442,0.49172731349057325,0.8210927286433536,0.277022083385414,0.179218106891489,0.06977887673652027,0.8213347515837328,0.3988733452377258,0.19055760989212175,0.37575757575757573,0.7604501607717041,0.486318553338253,0.8111736233072396,0.3067857550428103,0.18905444572169042,0.09055635495275667,0.8849099705009652,0.41153147689614317,0.16597847707399455,-0.029763671657396296,68.86896306818181,0.009033445905368809,0.006482015943194752
2016,143,1328,1401,77,63,14,1,0,-1,-6.799999999999999,-0.413602941176471,1.113946144331394,0.9756614513996101,1.100789191154821,0.9556134883469821,0.4260204081632653,0.7279752704791345,0.45984146563476475,0.8365327674280737,0.342110417713675,0.17990648197317016,0.08005494579812401,0.8759294079104878,0.40817929691501104,0.17658795570194655,0.3503355704697987,0.6728476821192053,0.4516486184852181,0.8643274367891146,0.3195278593300611,0.17009745594681464,0.06562090041808807,0.8280408009911275,0.40717009919083674,0.2079161004014666,0.022582558383613893,70.458203125,0.003591824712686209,-0.022822915288516765
2016,143,1181,1332,68,82,-14,0,0,3,6.6,0.2424242424242422,1.1827122244590558,1.0495421827770919,1.1267951060403227,0.9969232893876032,0.3868520859671303,0.7222222222222222,0.4608049586061145,0.8692817588577098,0.3505590710342923,0.14519130697517957,0.06663390534913355,0.9027956103455557,0.44778012099295117,0.17511677745571444,0.3505311077389985,0.7148337595907928,0.4634834924361149,0.8472557652835093,0.28797528364649727,0.16288050953778432,0.09918142557173776,0.823412782037534,0.43302876752587555,0.20559252242859838,0.06258378738779502,69.26742424242423,-0.008714943648538087,0.011725490643993086
2016,143,1274,1437,69,92,-23,0,0,1,10.4,-4.452205882352942,1.1413381144034038,1.0070112235887143,1.1337627977863405,0.9403832182666467,0.3656093489148581,0.7507122507122507,0.4777672970286607,0.8311521792976265,0.2833109154497481,0.16043165625055486,0.06329549081297262,0.8654984319409651,0.4306505460366281,0.17332047837930067,0.3435655253837072,0.7771084337349397,0.4697094890450951,0.8388003901438147,0.3688748415849926,0.16308635783467068,0.060313781573794245,0.8299340905010503,0.4008075034387858,0.2043126134516179,-0.0855639261352445,67.16732536764707,-0.010892617307138308,0.010574470476284292
2016,144,1231,1314,86,101,-15,0,0,4,14.0,0.6691176470588243,1.1921080735561616,1.002058008609267,1.1574186529037729,0.9907490727106203,0.4146981627296588,0.7230273752012882,0.50227296442545,0.8439060510483452,0.3457876290732074,0.19642333527589823,0.06835487325916338,0.843527736015289,0.44143064432412266,0.18791027971714946,0.313893653516295,0.7375886524822696,0.48112724301665266,0.9060080978835171,0.2421564696051714,0.15357073208214336,0.07260563736269972,0.8583664366086127,0.4102458403206968,0.18567211922232768,0.10363115946803603,70.07405790441177,-0.0050195412973143005,-0.011970800361752798
2016,144,1323,1458,61,56,5,1,0,-1,-0.3999999999999986,0.8125,1.1540006786510388,1.0751572748082698,1.0685273890949845,0.9958240749761132,0.36891679748822603,0.7352941176470589,0.47101484566585294,0.880610650087234,0.3043369796696396,0.14773976812205833,0.06526971384235346,0.911962269618063,0.4309232147972514,0.14668717553551427,0.3576271186440678,0.707492795389049,0.4342050966134606,0.8511252343174828,0.2891644587284388,0.16821892038258993,0.059180953025952575,0.8228165060623214,0.43248198850928404,0.18714258329546174,0.015172520941200751,64.98984375,0.01918426138221252,0.010440774713632917
2016,144,1211,1393,60,63,-3,0,0,1,-19.6,8.25,1.1656583700188472,0.975114623736693,1.0689327213697455,0.9962449199854253,0.37613293051359514,0.7598187311178247,0.4871228558742926,0.8455785314022557,0.30511768641841147,0.1646933971191809,0.04886757018817088,0.8801715821632379,0.40379246972684263,0.14866769023285095,0.36082474226804123,0.6828885400313972,0.42777721854493383,0.8553953491494677,0.36907357209935915,0.18326798210835282,0.07039748251010533,0.8712261468859167,0.4141597503695641,0.20586535320269658,-0.06395588568094768,67.141015625,0.03485645898604012,-0.05193924155425639
2016,144,1235,1438,71,84,-13,0,0,3,17.599999999999998,-3.8219696969696972,1.1336384517908291,1.0327543562806878,1.1483974153159269,0.972831326502891,0.3802008608321377,0.7061143984220908,0.5014832879007634,0.8629215359348554,0.30221594527041773,0.1600391064014364,0.0649145630954018,0.8936751722935495,0.4361468874314155,0.17009287865258743,0.4049079754601227,0.7539823008849557,0.49052566078832105,0.8618855093896364,0.24205424005841786,0.15330702777259722,0.05994160711813067,0.8068446100925672,0.4226870630674054,0.195931366725572,0.06016170521199987,66.778515625,-0.0012510986257839307,0.008813432856703551
2016,145,1328,1332,80,68,12,1,0,1,-3.1999999999999993,0.8172348484848477,1.113946144331394,0.9756614513996101,1.1267951060403227,0.9969232893876032,0.4260204081632653,0.7279752704791345,0.45984146563476475,0.8365327674280737,0.342110417713675,0.17990648197317016,0.08005494579812401,0.8759294079104878,0.40817929691501104,0.17658795570194655,0.3505311077389985,0.7148337595907928,0.4634834924361149,0.8472557652835093,0.28797528364649727,0.16288050953778432,0.09918142557173776,0.823412782037534,0.43302876752587555,0.20559252242859838,0.05413513406717774,70.92240767045453,0.010603721904757168,-0.027101840734915783
2016,145,1242,1437,59,64,-5,0,0,-1,-2.6,-0.5677361853832448,1.1450044794948424,0.959859875783408,1.1337627977863405,0.9403832182666467,0.4220472440944882,0.706199460916442,0.49172731349057325,0.8210927286433536,0.277022083385414,0.179218106891489,0.06977887673652027,0.8213347515837328,0.3988733452377258,0.19055760989212175,0.3435655253837072,0.7771084337349397,0.4697094890450951,0.8388003901438147,0.3688748415849926,0.16308635783467068,0.060313781573794245,0.8299340905010503,0.4008075034387858,0.2043126134516179,-0.09185275819957861,69.17847593582889,0.011975991323269097,0.019430121974120584
2016,146,1314,1323,88,74,14,1,0,-5,-32.400000000000006,7.580882352941176,1.1574186529037729,0.9907490727106203,1.1540006786510388,1.0751572748082698,0.313893653516295,0.7375886524822696,0.48112724301665266,0.9060080978835171,0.2421564696051714,0.15357073208214336,0.07260563736269972,0.8583664366086127,0.4102458403206968,0.18567211922232768,0.36891679748822603,0.7352941176470589,0.47101484566585294,0.880610650087234,0.3043369796696396,0.14773976812205833,0.06526971384235346,0.911962269618063,0.4309232147972514,0.14668717553551427,-0.062180510064468175,68.28851102941177,0.015394885913677159,0.02406556219631295
2016,146,1393,1438,68,62,6,1,0,9,40.4,-6.196969696969697,1.0689327213697455,0.9962449199854253,1.1483974153159269,0.972831326502891,0.36082474226804123,0.6828885400313972,0.42777721854493383,0.8553953491494677,0.36907357209935915,0.18326798210835282,0.07039748251010533,0.8712261468859167,0.4141597503695641,0.20586535320269658,0.4049079754601227,0.7539823008849557,0.49052566078832105,0.8618855093896364,0.24205424005841786,0.15330702777259722,0.05994160711813067,0.8068446100925672,0.4226870630674054,0.195931366725572,0.1270193320409413,63.633984375,-0.02711056477277296,0.05980450249686553
2016,152,1314,1393,83,66,17,1,0,-9,-40.2,8.205882352941176,1.1574186529037729,0.9907490727106203,1.0689327213697455,0.9962449199854253,0.313893653516295,0.7375886524822696,0.48112724301665266,0.9060080978835171,0.2421564696051714,0.15357073208214336,0.07260563736269972,0.8583664366086127,0.4102458403206968,0.18567211922232768,0.36082474226804123,0.6828885400313972,0.42777721854493383,0.8553953491494677,0.36907357209935915,0.18326798210835282,0.07039748251010533,0.8712261468859167,0.4141597503695641,0.20586535320269658,-0.12691710249418775,68.47405790441177,0.0286319672602931,-1.835238632053038e-05
2016,152,1328,1437,51,95,-44,0,0,0,3.4000000000000004,-3.295955882352942,1.113946144331394,0.9756614513996101,1.1337627977863405,0.9403832182666467,0.4260204081632653,0.7279752704791345,0.45984146563476475,0.8365327674280737,0.342110417713675,0.17990648197317016,0.08005494579812401,0.8759294079104878,0.40817929691501104,0.17658795570194655,0.3435655253837072,0.7771084337349397,0.4697094890450951,0.8388003901438147,0.3688748415849926,0.16308635783467068,0.060313781573794245,0.8299340905010503,0.4008075034387858,0.2043126134516179,-0.02676442387131761,70.08724724264707,-0.008619908443277757,0.015627747642144696
2016,154,1314,1437,74,77,-3,0,0,-1,-2.2,-0.5588235294117663,1.1574186529037729,0.9907490727106203,1.1337627977863405,0.9403832182666467,0.313893653516295,0.7375886524822696,0.48112724301665266,0.9060080978835171,0.2421564696051714,0.15357073208214336,0.07260563736269972,0.8583664366086127,0.4102458403206968,0.18567211922232768,0.3435655253837072,0.7771084337349397,0.4697094890450951,0.8388003901438147,0.3688748415849926,0.16308635783467068,0.060313781573794245,0.8299340905010503,0.4008075034387858,0.2043126134516179,-0.12671837197982122,69.56286764705882,0.0009897085448233311,0.05578803920771336
2017,134,1243,1448,95,88,7,1,0,0,-3.400000000000002,0.03787878787878807,1.0568489024001673,0.9872569787853456,1.1494741960218313,1.0940229599545337,0.3605546995377504,0.6892265193370166,0.4587500946588574,0.7952414043444694,0.28980474410373686,0.19192676171623882,0.06927400952729365,0.8192412233637583,0.42398121424298874,0.22252109959166924,0.38656716417910447,0.7722513089005235,0.4739457613024921,0.8283525365349811,0.2920200722981174,0.16351864495733273,0.062770022469013,0.8324703372025857,0.45244081594082486,0.16066994983175606,-0.002215328194380528,69.93489583333334,0.006631967527100713,0.018594312323064854
2017,134,1291,1309,67,66,1,1,0,0,23.80000000000001,-1.5861344537815125,0.9886796905470376,0.9994267023723069,1.0173389561239674,0.996797877468181,0.3565217391304348,0.6747967479674796,0.44674147426692773,0.7972104990000355,0.29298432787397694,0.18970702340665802,0.07087657388074564,0.8296695858336232,0.44841566611936085,0.21741118751426355,0.3113456464379947,0.7097264437689969,0.46416883652786306,0.7765229360051658,0.1960247405214239,0.23657870819914656,0.05286958654694501,0.8055652161320813,0.442508915708289,0.22380852946186866,0.09695958735255303,69.49275210084033,-0.011667056336003623,-0.05563000262931206
2017,135,1300,1413,63,67,-4,0,0,0,-27.400000000000006,8.933333333333334,1.0780976211049493,0.9368232265855176,0.9833712546965315,0.9799419985723318,0.33282674772036475,0.6928213689482472,0.4571225240173461,0.8449082124834729,0.3234047998206097,0.17825544530996848,0.05491898002451026,0.8724149796882307,0.3989523702001142,0.19483369226962327,0.35062611806797855,0.6612021857923497,0.43343780363503087,0.791432978861975,0.24759085477705012,0.20047874198186222,0.06088715044922034,0.8144096966573089,0.4282691393752716,0.19963207697710733,0.0758139450435596,69.33635416666667,0.026500744778736318,0.028080565600568153
2017,135,1344,1425,71,75,-4,0,0,0,-5.799999999999997,-1.8901515151515156,1.0330397587437767,0.9826223091632742,1.1120383522996833,1.0264432510611678,0.368,0.6906906906906907,0.447391230545968,0.8028098787292365,0.28837047858092624,0.18449285171441474,0.054184854937988046,0.8218337590533613,0.4449539524063656,0.20395392806824028,0.3632538569424965,0.7391304347826086,0.4570120308187937,0.8452194896085825,0.3045675394173004,0.15759297985418874,0.08708165977397911,0.8815565199614995,0.4304471104228985,0.17941048338343493,-0.016197060836374177,69.43880208333333,-0.012063821128146357,-0.03824934196784968
2017,136,1112,1315,100,82,18,1,0,-13,-135.2,6.430672268907563,1.136308222009367,0.9689207808494312,1.0630475823435346,1.0048820775636342,0.3975694444444444,0.7578124999999999,0.47625039322423307,0.823151528461799,0.253216611534678,0.1711236089039492,0.05676602317057229,0.8457363890165829,0.4180297423544329,0.17626520672655466,0.3843058350100603,0.7317880794701986,0.4754340799816577,0.7973132637567222,0.24150074527305013,0.1864775951814138,0.04871761371229646,0.7908305058742334,0.4447106329401816,0.2007336146920438,0.011715866261627877,70.46271008403362,0.013748601914161995,0.02221319634165697
2017,136,1139,1457,76,64,12,1,0,-9,-78.2,-0.19677419354838666,1.1336706222258381,1.0111241974297562,1.0882965593187985,0.9704305554557636,0.36349693251533743,0.7396825396825397,0.47906556797551014,0.8364323243652718,0.31309552969122906,0.1515058611760076,0.05158773534236523,0.7922111958246509,0.44589862117206414,0.19988334123044788,0.3798955613577023,0.719298245614035,0.4546997717386623,0.8048224859811176,0.3520740275262645,0.1780994404921316,0.08785395077390887,0.8343776341713306,0.408249768681284,0.18643841646836082,-0.03897849783503543,70.08301075268818,-0.0066415281269661675,-0.00040636819833744786
2017,136,1190,1196,65,80,-15,0,0,9,60.6,-1.53125,1.0944378519335685,0.9667893319584576,1.1045553877093905,0.9327608780487329,0.3821656050955414,0.6978233034571063,0.49566250014425506,0.7666237659467116,0.2685973131649602,0.2062858420980711,0.08675742777782289,0.7764574810928947,0.4182104386707522,0.22022640713261316,0.362043795620438,0.7264397905759162,0.4508252803809617,0.8382200271504481,0.3030036985075084,0.16710455043293052,0.08322134569840618,0.8095877504055677,0.40904909885206925,0.21094456959316704,-0.034406385342548196,71.701171875,0.017837939972305206,-0.02574661791364985
2017,136,1195,1199,80,86,-6,0,0,11,84.0,-5.115151515151515,1.1179360506137777,1.030215910425196,1.1335843676157857,0.9900540352158805,0.3393501805054152,0.6954314720812182,0.48808600535876595,0.8491106029014256,0.2700200615925624,0.1800306903402306,0.05884906093354303,0.844936237308614,0.4313925646647179,0.17353670403093951,0.3563579277864992,0.6919060052219322,0.4831263215821638,0.8499355819830103,0.2657697600352135,0.16273865601495371,0.08728529950628054,0.8133163327185939,0.4137139021926363,0.19939823304176885,0.004250301557348901,70.52799242424243,-0.006359489347739722,-0.0023906215950584286
2017,136,1211,1355,66,46,20,1,0,-15,-160.2,24.486742424242426,1.1872135654165743,0.8662834705040142,1.1019489294329823,1.1162185254153154,0.3819334389857369,0.7378378378378379,0.5189376662975013,0.824527064984016,0.2690764012166106,0.15783790287329155,0.07277179947633769,0.8678768473131964,0.36843583641687233,0.17687910283981698,0.36107711138310894,0.7700831024930748,0.45464445706794343,0.7926438748181418,0.36567460810636027,0.18366995813956483,0.03666596055548068,0.8741225072133999,0.45362841029923895,0.16234234497147385,-0.09659820688974968,70.62848011363636,0.0747428915559622,-0.011057672840604216
2017,136,1235,1305,84,73,11,1,0,-7,-37.6,-0.15062388591800335,1.1244674547657743,1.007238681462117,1.1231988746495594,0.9977154609116323,0.40220048899755495,0.6958041958041958,0.46875871253449575,0.8746537401406566,0.3462043145485447,0.13955456268043287,0.056905032314886764,0.8672285650041134,0.4317725061847972,0.19862084807107286,0.3847102342786683,0.7034400948991697,0.45270263204220884,0.8340440706007728,0.3359567677414207,0.1566444102898258,0.07006426033453617,0.8676215846879803,0.42702579948525904,0.1586180491386202,0.01024754680712403,71.5141822638146,0.0056546868963743835,0.004071629213122485
2017,136,1278,1292,72,81,-9,0,0,-7,-13.0,-4.727272727272727,1.0449644459751704,0.9551097913409946,1.1229491815441204,0.9511962118098695,0.3440677966101695,0.7070063694267515,0.43409087829234516,0.8409237820344376,0.24871254540053236,0.1623533136202423,0.10433300049678168,0.8744994454164385,0.40105360422697256,0.17649965779537993,0.36998254799301916,0.7005347593582887,0.48814799916854357,0.8681470367763009,0.265775784775813,0.15805505483692128,0.055041732326119044,0.7818184088936536,0.41840497313869307,0.2018538451354037,-0.01706323937528062,68.94469696969696,-0.018352875982238948,0.02282231867787643
2017,136,1321,1435,68,66,2,1,0,-1,8.600000000000001,2.911764705882353,1.073280547047438,0.9847902253340929,1.062046220770236,1.006939301878191,0.3408769448373409,0.7512355848434926,0.4376502378036793,0.8757446057420557,0.3136009961497589,0.15921188226891306,0.08664061634204669,0.8491841086836353,0.4046062968790354,0.17920299383262805,0.376536312849162,0.7757009345794392,0.43410958885409423,0.8075059547241772,0.39193231226433506,0.18359784101869653,0.0644547654325807,0.8603414075279617,0.4236626920136168,0.1608689415525634,-0.07833131611457617,66.76874999999998,0.011298522042083259,0.04900782762237488
2017,136,1323,1343,60,58,2,1,0,-7,-38.199999999999996,0.008403361344537785,1.1471163434832277,1.014499932428468,1.0959866559759786,0.9515555173630522,0.3855421686746988,0.7993019197207679,0.46102679374100974,0.8816640899231254,0.36029587099673743,0.1388922985680518,0.06332398939291958,0.8650124609319549,0.4332993579218588,0.18819382549270025,0.3810178817056396,0.7360406091370559,0.4496075951537096,0.8702433405997013,0.4027456297334068,0.15314192278404,0.06137973356327514,0.7997678928722084,0.4250215299265143,0.20625377534811715,-0.04244975873666934,66.46113445378151,0.001570685295977814,0.04705314466424393
2017,136,1345,1436,80,70,10,1,0,-9,-42.6,2.423295454545455,1.1286216779685796,0.9481418477477426,1.1284880429219226,0.9611643525064577,0.40620592383638926,0.7636932707355243,0.47967201356493067,0.8200747763303076,0.31175004267202044,0.18431766405980768,0.03969937266754229,0.866065512198068,0.41583123698588276,0.17033289829081347,0.3670212765957447,0.7003205128205128,0.49614763419895397,0.8358192415428036,0.265505758004272,0.16896938879819373,0.082850389304898,0.8355849271490893,0.4314275643740844,0.19808722245179028,0.046244284667748436,68.0895478219697,-0.00043964662291079426,-0.007347487237255534
2017,136,1388,1433,85,77,8,1,0,-3,-32.800000000000004,7.235294117647058,1.188032253340298,0.9237339511644957,1.0664715592389684,0.9517603719933556,0.39943342776203966,0.7477876106194691,0.49705684843270265,0.8767966853506481,0.36666086293628225,0.1727976160131923,0.060928171626709764,0.8600402199808794,0.40990780312620373,0.15413504728867433,0.33446519524617996,0.7073509015256588,0.46224718980023427,0.8373449009619375,0.24811970226065738,0.17810379680925476,0.07221980019975603,0.7831987532979563,0.4178750813724485,0.20972358569080132,0.11854116067562487,65.31663602941177,0.021388468439356545,-0.021454617227510853
2017,136,1291,1437,56,76,-20,0,0,15,206.8,-15.147058823529413,0.9886796905470376,0.9994267023723069,1.1806977097364941,0.9564530548014661,0.3565217391304348,0.6747967479674796,0.44674147426692773,0.7972104990000355,0.29298432787397694,0.18970702340665802,0.07087657388074564,0.8296695858336232,0.44841566611936085,0.21741118751426355,0.3703703703703704,0.7935285053929121,0.4971728555646835,0.8233853126610005,0.3625671341104442,0.16932857846151445,0.05472002959887023,0.8557427583338394,0.41892657261039096,0.20109182628499206,-0.06958280623646729,67.46176470588236,-0.0399602374033628,0.0016014464954570151
2017,136,1423,1438,71,76,-5,0,0,7,53.2,-1.9375,1.1835230989027619,1.050256364621266,1.092848646991369,0.9097407728694255,0.35976331360946745,0.6891025641025641,0.481078863260502,0.8979476054503935,0.37660309105535983,0.13913030648993066,0.06158819290152845,0.781121512769082,0.4846116300486346,0.20409008006305343,0.3929824561403509,0.7081447963800905,0.4672595854074547,0.8826540647536983,0.29299545122783605,0.1561825168161769,0.08364924976289216,0.7894931229590559,0.39531729517170144,0.20971161922239684,0.08360763982752378,65.64609375,-0.03773752851194295,0.040003843744528145
2017,136,1137,1452,80,86,-6,0,0,9,71.0,-6.852941176470587,1.0820128993184788,0.960696621096455,1.122746748728049,0.9169115573927873,0.37738419618528607,0.6789250353606789,0.48438451648741226,0.7942635970399443,0.3064714232348371,0.1883332451031866,0.06696805265444847,0.8153174004151001,0.42687250570560176,0.19662115953419884,0.36146272855133615,0.678007290400972,0.4564952481380395,0.8718744093031537,0.2892110581212134,0.16821977870105223,0.08870856007103871,0.7272282378102033,0.4238151979407547,0.27915888242811404,0.01726036511362372,71.62867647058823,0.012415980292262818,-0.081445364121703
2017,136,1439,1458,74,84,-10,0,0,1,19.400000000000002,-5.685661764705882,1.1233721361689266,1.063487933481899,1.0996604294608476,0.9439368224828412,0.40256045519203415,0.7342657342657343,0.49033744779539445,0.7815424711513242,0.31332020253290943,0.17129919435399463,0.04517578478589806,0.8788189265047639,0.4463016075418987,0.16560914012768618,0.35546334716459194,0.6439873417721519,0.4516706153214097,0.8874982223061685,0.3263366762121986,0.16783122203934897,0.065993882868425,0.8285192231514873,0.4109457371813717,0.19856408326041183,-0.013016473679289153,67.9989200367647,0.0016554810567289135,-0.03865348618298686
2017,136,1268,1462,65,76,-11,0,0,-5,1.0,1.7352941176470589,1.078308387839988,1.011754428200832,1.0910846824834701,1.03655254734951,0.36699857752489334,0.7007518796992481,0.45332429424702797,0.8157519447056321,0.3316378649049741,0.1888127286823235,0.07920296790068171,0.8660549728826653,0.4173519300796325,0.17937575047029208,0.3399715504978663,0.6876574307304786,0.4555492450415619,0.8329190631948858,0.30457049418153576,0.18699519769696304,0.046288870830848955,0.816367752332148,0.4514537382119472,0.17732994402133673,0.027067370723438344,68.4157495256167,0.015938428668890392,0.015201355271032724
2017,137,1116,1371,77,71,6,1,0,-1,-10.399999999999999,2.6691176470588234,1.1116089013578705,1.039741414363067,1.0473020693481288,1.0095254981503934,0.36393442622950817,0.7619647355163728,0.46047765716559136,0.84084590586927,0.2504769404744828,0.1635681795248709,0.07763249836068359,0.8357312393563884,0.42259156034402806,0.18425844542531317,0.33793103448275863,0.6432584269662921,0.4513054526370458,0.844554975076543,0.26212800281868753,0.19459177591732219,0.04393618342810111,0.815014521757484,0.4337610232831031,0.1763208485545012,-0.01165106234420471,70.73419117647059,0.01017083373381028,0.028268703504214954
2017,137,1124,1308,91,73,18,1,0,-11,-75.2,-0.7860215053763451,1.1056307862727752,0.9786617988210374,1.1098463429106133,0.9707916731880989,0.35344827586206895,0.71160409556314,0.4664225236008214,0.8537569450443182,0.28848884935934827,0.2057448191204421,0.08550397206092607,0.8705744261707172,0.4022818948395579,0.16769547388236763,0.3343373493975904,0.7089452603471296,0.46636073111451,0.8117723539618898,0.319035190082677,0.1976351730240353,0.06184378622006112,0.8203819977545854,0.4241546140583503,0.19297649811389186,-0.030546340723328735,67.31963709677419,0.010967255852551983,0.02499204366681107
2017,137,1153,1243,75,61,14,1,0,-5,-8.400000000000002,8.859180035650624,1.1205570693820537,0.9307849690432488,1.0568489024001673,0.9872569787853456,0.34332425068119893,0.6829268292682927,0.4521960169077466,0.9005116536964797,0.33111591304755067,0.15152788295064742,0.09205762048577519,0.8339020891017165,0.3870546769747895,0.20776446395165907,0.3605546995377504,0.6892265193370166,0.4587500946588574,0.7952414043444694,0.28980474410373686,0.19192676171623882,0.06927400952729365,0.8192412233637583,0.42398121424298874,0.22252109959166924,0.041311168943813814,67.00686274509803,0.015186229758544167,0.015604481074218635
2017,137,1181,1407,87,65,22,1,0,-13,-110.4,7.2109243697479,1.158748143318697,1.0001752803772976,1.0899363668649136,1.0448309217313447,0.3759791122715404,0.7582278481012658,0.477430526067253,0.8363173138936416,0.3165276187945049,0.16214974085545628,0.07440050734193109,0.8595571535879846,0.4337251963421606,0.16972683162149133,0.35421994884910485,0.7217280813214739,0.4497509785791144,0.8224836310791354,0.33094576006554055,0.17413056492659143,0.05816998552482775,0.843423519347531,0.433916761720174,0.17786424939289258,-0.014418141271035634,69.58125,0.013935556433076035,0.0029175298844184017
2017,137,1242,1413,100,62,38,1,0,-15,-189.20000000000002,9.84375,1.143887921597849,1.0020329182576486,0.9833712546965315,0.9799419985723318,0.40493468795355586,0.6657342657342658,0.48715735172778574,0.8407330406232404,0.2977569525925843,0.18110208700877917,0.07623489825788721,0.8542447210971591,0.42010704851866976,0.18529530594701304,0.35062611806797855,0.6612021857923497,0.43343780363503087,0.791432978861975,0.24759085477705012,0.20047874198186222,0.06088715044922034,0.8144096966573089,0.4282691393752716,0.19963207697710733,0.05016609781553416,71.458203125,0.030940819474678416,0.04065713079632016
2017,137,1246,1297,79,70,9,1,0,-13,-144.2,11.321691176470589,1.1399390084288856,0.9544114571243154,1.0767771322632114,1.0192767557918894,0.35346097201767307,0.7007786429365963,0.4762139517178704,0.838338356156659,0.2650828349883129,0.16038143463428514,0.08768064366718185,0.8098336462215675,0.42422573416673864,0.19440813478421445,0.36129032258064514,0.6764275256222547,0.45460467943565747,0.823835812250907,0.3514361380361504,0.19007413418248692,0.043678344037092386,0.8453458542452313,0.44203270579180126,0.1689531886726087,-0.0863533030478375,72.48219209558823,0.019708121953637803,0.018440138060534572
2017,137,1240,1257,63,78,-15,0,0,13,149.2,-10.8125,1.0560591321992836,1.0399557333966398,1.1201672467127608,0.950958348531594,0.3668261562998405,0.7167530224525043,0.46053826813144416,0.8175429113986392,0.30090278882635574,0.20605870767939358,0.06622421763276726,0.8444401357317723,0.4224009164402771,0.16714573368432198,0.3584905660377358,0.6847507331378299,0.4550385690816869,0.886898094969987,0.28824701625296134,0.1601655410072249,0.09686412709366368,0.8046313207302002,0.3997436414618425,0.19628997988479302,0.012655772573394397,67.390234375,-0.008578787964338697,-0.027160397630984656
2017,137,1276,1329,92,91,1,1,0,-3,-6.199999999999999,2.031336405529955,1.1657884398308014,1.0155260157496069,1.1676810776639033,1.0770726591069346,0.3813953488372093,0.774526678141136,0.48366413795646007,0.8487990502840018,0.3828597779271091,0.14647038681073415,0.051941324732794114,0.8322427234457045,0.46327204703550323,0.2011554836306025,0.40259740259740256,0.7865013774104683,0.46871640636495804,0.8528302106409488,0.3076412636223446,0.18365286853100662,0.05256293130926002,0.7777558376486277,0.46535377602509365,0.20594072633074417,0.0752185143047645,68.46634792626728,0.00851473029054628,-0.08316972988546162
2017,137,1274,1277,58,78,-20,0,0,-1,-10.399999999999999,2.3238636363636362,1.0632796466775285,0.9844476097305402,1.0469777859398681,1.0004230578564166,0.35901926444833626,0.7183333333333334,0.4524397397177568,0.8389593627083772,0.27477684704007577,0.19472986317306637,0.06810393197509913,0.8504114860479904,0.42092654627856996,0.18239059361654658,0.37590711175616837,0.6644951140065146,0.4688954184909187,0.8038190380547139,0.3054524012475954,0.206751657151938,0.08254026571983943,0.8491592614251808,0.40747184129269926,0.16040113029394773,-0.030675554207519606,66.89147727272727,-0.014955191879516327,0.019074732783298742
2017,137,1314,1411,103,64,39,1,0,-15,-204.0,10.836007130124777,1.1644162022962237,0.9815854758534178,1.0675580017711914,1.0252296104206373,0.3665644171779141,0.7065368567454798,0.4679170576476647,0.9139272639714401,0.27553776426398807,0.16322566956650034,0.054896397418009196,0.8203350018834463,0.41892117365817144,0.18488183085276377,0.29640718562874246,0.7340182648401826,0.43735808140824306,0.8269606104658759,0.2823925823744977,0.16635466052600772,0.05243664659022496,0.8560273481519671,0.4425080050297446,0.1918429860172509,-0.006854818110509642,71.07359625668448,0.027072903805497428,0.0037372751726652
2017,137,1233,1332,77,93,-16,0,0,11,109.0,-9.185383244206774,1.101495691230527,1.0383281588781086,1.1381984214251748,0.9504082914926452,0.39712918660287083,0.7699386503067486,0.4560937719162323,0.8419652964825168,0.33987949759195546,0.16511138574383066,0.04778770463994945,0.8510496172195186,0.4334114302040909,0.18224552462628724,0.37866666666666665,0.706060606060606,0.48130927141947133,0.842039340311246,0.3301387504746784,0.16889955378512014,0.11116600152686072,0.8516249274258748,0.40636841100735094,0.19978285670918297,0.009740747117277071,71.07669340463457,-0.026129259349989498,-0.019630652069988486
2017,137,1166,1348,72,84,-12,0,0,-5,-9.000000000000004,0.45454545454545503,1.1160075082850935,1.0091739679540324,1.0840368615769538,0.9639320565802083,0.4008379888268157,0.683453237410072,0.5079196677651207,0.828782491584448,0.2981920092230559,0.17089710950417272,0.04788653740690039,0.8465759590725275,0.4393868187779065,0.19634921034117656,0.33990147783251234,0.6569148936170212,0.45371814868516436,0.8513296295410581,0.27342637094960304,0.1651675789028694,0.11316230646995201,0.7935500984103616,0.4059601130896438,0.1945863229076472,0.02476563827345285,70.33787878787878,0.010387406695846813,-0.040490008067209926
2017,137,1266,1376,73,93,-20,0,0,3,-5.200000000000003,0.580645161290323,1.1572457973874195,1.0533762811920215,1.008757070171859,0.9169651510448512,0.43046357615894043,0.7793345008756568,0.48881581811563973,0.8308848892740271,0.3430115901645182,0.17116478275446134,0.06188740275169905,0.8153053966100976,0.4577274863942546,0.18416885843035352,0.3338735818476499,0.691256830601093,0.41345425896050547,0.8313716996559165,0.2800932433821794,0.18830984355201724,0.07082850541993099,0.7433354015458731,0.4013970742750584,0.24596216835644366,0.06291834678233882,71.24072580645161,0.009515573517969,-0.05158607649182567
2017,137,1245,1417,80,97,-17,0,0,11,112.2,-11.942067736185384,1.058965063422398,1.0128474316587646,1.2039203639514824,1.0141167600775565,0.31432360742705573,0.7172995780590717,0.4271003798225874,0.8856061702685339,0.3097443549483416,0.17988070785613902,0.0628041337168882,0.8242042321276793,0.43546582794910893,0.19311246482985894,0.4052044609665427,0.7447916666666667,0.5184851810922749,0.8688562277586371,0.32794286940875883,0.15264893014140674,0.08125670096190203,0.8870571724836206,0.4221631566637041,0.16054057080923784,-0.018198514460417203,73.32902183600713,-0.05234373627754618,0.047975588847694484
2017,137,1374,1425,65,66,-1,0,0,-5,-49.4,9.19073083778966,1.1681109147261737,0.9377930945905429,1.1120383522996833,1.0264432510611678,0.40615835777126097,0.6953352769679301,0.47437662955196075,0.8692652596475193,0.31668347006979186,0.16971673704939097,0.062417826972486434,0.8671628985754762,0.38442214175383915,0.18192575680506745,0.3632538569424965,0.7391304347826086,0.4570120308187937,0.8452194896085825,0.3045675394173004,0.15759297985418874,0.08708165977397911,0.8815565199614995,0.4304471104228985,0.17941048338343493,0.012115930652491447,67.31348039215686,0.03169478370111323,0.008901708039956158
2017,137,1173,1455,58,64,-6,0,0,-3,35.0,-10.103030303030305,1.0934392021679322,0.9592686129143118,1.177562474548742,0.8995468035925286,0.38668779714738505,0.6912378303198887,0.46778941661980866,0.789414977865815,0.3034678273785117,0.17027967812158348,0.06820303726746178,0.8005010820286962,0.41335089009359444,0.20733484590495674,0.4073550212164073,0.7335858585858586,0.47180910788084796,0.8487746303194884,0.3083775882726409,0.15970088817557998,0.06758815968321799,0.7996151522033422,0.3815872191111626,0.19792848478152902,-0.0049097608941292,69.55117424242424,-0.01789168112173556,-0.03002601747593603
2017,138,1112,1388,69,60,9,1,0,-5,2.9999999999999982,-4.6764705882352935,1.136308222009367,0.9689207808494312,1.188032253340298,0.9237339511644957,0.3975694444444444,0.7578124999999999,0.47625039322423307,0.823151528461799,0.253216611534678,0.1711236089039492,0.05676602317057229,0.8457363890165829,0.4180297423544329,0.17626520672655466,0.39943342776203966,0.7477876106194691,0.49705684843270265,0.8767966853506481,0.36666086293628225,0.1727976160131923,0.060928171626709764,0.8600402199808794,0.40990780312620373,0.15413504728867433,-0.11344425140160425,63.82141544117647,-0.01446419721834935,0.022134952132906838
2017,138,1139,1292,74,65,9,1,0,-8,-21.999999999999996,-3.0058651026392953,1.1336706222258381,1.0111241974297562,1.1229491815441204,0.9511962118098695,0.36349693251533743,0.7396825396825397,0.47906556797551014,0.8364323243652718,0.31309552969122906,0.1515058611760076,0.05158773534236523,0.7922111958246509,0.44589862117206414,0.19988334123044788,0.36998254799301916,0.7005347593582887,0.48814799916854357,0.8681470367763009,0.265775784775813,0.15805505483692128,0.055041732326119044,0.7818184088936536,0.41840497313869307,0.2018538451354037,0.04731974491541607,66.62217741935484,-0.018288039613202245,0.0002180584927503615
2017,138,1196,1438,65,39,26,1,0,-1,-1.200000000000001,0.75,1.1045553877093905,0.9327608780487329,1.092848646991369,0.9097407728694255,0.362043795620438,0.7264397905759162,0.4508252803809617,0.8382200271504481,0.3030036985075084,0.16710455043293052,0.08322134569840618,0.8095877504055677,0.40904909885206925,0.21094456959316704,0.3929824561403509,0.7081447963800905,0.4672595854074547,0.8826540647536983,0.29299545122783605,0.1561825168161769,0.08364924976289216,0.7894931229590559,0.39531729517170144,0.20971161922239684,0.010008247279672366,65.84140625,-0.015083054353430436,0.043122591846158076
2017,138,1211,1321,79,73,6,1,0,-7,-39.6,17.394830659536545,1.1872135654165743,0.8662834705040142,1.073280547047438,0.9847902253340929,0.3819334389857369,0.7378378378378379,0.5189376662975013,0.824527064984016,0.2690764012166106,0.15783790287329155,0.07277179947633769,0.8678768473131964,0.36843583641687233,0.17687910283981698,0.3408769448373409,0.7512355848434926,0.4376502378036793,0.8757446057420557,0.3136009961497589,0.15921188226891306,0.08664061634204669,0.8491841086836353,0.4046062968790354,0.17920299383262805,-0.04452459493314831,68.75076871657754,0.05872894447799254,-0.03868259477294711
2017,138,1235,1345,76,80,-4,0,0,1,-1.1999999999999993,-4.089962121212121,1.1244674547657743,1.007238681462117,1.1286216779685796,0.9481418477477426,0.40220048899755495,0.6958041958041958,0.46875871253449575,0.8746537401406566,0.3462043145485447,0.13955456268043287,0.056905032314886764,0.8672285650041134,0.4317725061847972,0.19862084807107286,0.40620592383638926,0.7636932707355243,0.47967201356493067,0.8200747763303076,0.31175004267202044,0.18431766405980768,0.03969937266754229,0.866065512198068,0.41583123698588276,0.17033289829081347,0.03445427187652428,71.41227509469697,-0.01342728511467467,0.015216394863531546
2017,138,1323,1452,71,83,-12,0,0,1,12.600000000000001,-6.852941176470587,1.1471163434832277,1.014499932428468,1.122746748728049,0.9169115573927873,0.3855421686746988,0.7993019197207679,0.46102679374100974,0.8816640899231254,0.36029587099673743,0.1388922985680518,0.06332398939291958,0.8650124609319549,0.4332993579218588,0.18819382549270025,0.36146272855133615,0.678007290400972,0.4564952481380395,0.8718744093031537,0.2892110581212134,0.16821977870105223,0.08870856007103871,0.7272282378102033,0.4238151979407547,0.27915888242811404,0.07108481287552404,70.33970588235294,-0.002476307189066884,-0.05821095489710326
2017,138,1437,1458,62,65,-3,0,0,-7,-21.2,4.352941176470589,1.1806977097364941,0.9564530548014661,1.0996604294608476,0.9439368224828412,0.3703703703703704,0.7935285053929121,0.4971728555646835,0.8233853126610005,0.3625671341104442,0.16932857846151445,0.05472002959887023,0.8557427583338394,0.41892657261039096,0.20109182628499206,0.35546334716459194,0.6439873417721519,0.4516706153214097,0.8874982223061685,0.3263366762121986,0.16783122203934897,0.065993882868425,0.8285192231514873,0.4109457371813717,0.19856408326041183,0.03623045789824564,65.59522058823529,0.01876070240712724,-0.017082672604386562
2017,138,1199,1462,66,91,-25,0,0,-8,-22.999999999999996,7.9171122994652405,1.1335843676157857,0.9900540352158805,1.0910846824834701,1.03655254734951,0.3563579277864992,0.6919060052219322,0.4831263215821638,0.8499355819830103,0.2657697600352135,0.16273865601495371,0.08728529950628054,0.8133163327185939,0.4137139021926363,0.19939823304176885,0.3399715504978663,0.6876574307304786,0.4555492450415619,0.8329190631948858,0.30457049418153576,0.18699519769696304,0.046288870830848955,0.816367752332148,0.4514537382119472,0.17732994402133673,-0.038800734146322235,70.52399732620322,0.03265845627995634,0.025276771629881067
2017,139,1124,1425,82,78,4,1,0,-8,-45.0,3.0654936461388065,1.1056307862727752,0.9786617988210374,1.1120383522996833,1.0264432510611678,0.35344827586206895,0.71160409556314,0.4664225236008214,0.8537569450443182,0.28848884935934827,0.2057448191204421,0.08550397206092607,0.8705744261707172,0.4022818948395579,0.16769547388236763,0.3632538569424965,0.7391304347826086,0.4570120308187937,0.8452194896085825,0.3045675394173004,0.15759297985418874,0.08708165977397911,0.8815565199614995,0.4304471104228985,0.17941048338343493,-0.01607869005795215,67.90672043010753,0.01878785418268414,0.03722991160551492
2017,139,1242,1277,90,70,20,1,0,-8,-32.599999999999994,6.980113636363637,1.143887921597849,1.0020329182576486,1.0469777859398681,1.0004230578564166,0.40493468795355586,0.6657342657342658,0.48715735172778574,0.8407330406232404,0.2977569525925843,0.18110208700877917,0.07623489825788721,0.8542447210971591,0.42010704851866976,0.18529530594701304,0.37590711175616837,0.6644951140065146,0.4688954184909187,0.8038190380547139,0.3054524012475954,0.206751657151938,0.08254026571983943,0.8491592614251808,0.40747184129269926,0.16040113029394773,-0.0076954486550110945,70.49499289772727,0.0028133630054483216,0.04370460447234148
2017,139,1246,1455,65,62,3,1,0,-8,-1.6000000000000005,-4.950089126559716,1.1399390084288856,0.9544114571243154,1.177562474548742,0.8995468035925286,0.35346097201767307,0.7007786429365963,0.4762139517178704,0.838338356156659,0.2650828349883129,0.16038143463428514,0.08768064366718185,0.8098336462215675,0.42422573416673864,0.19440813478421445,0.4073550212164073,0.7335858585858586,0.47180910788084796,0.8487746303194884,0.3083775882726409,0.15970088817557998,0.06758815968321799,0.7996151522033422,0.3815872191111626,0.19792848478152902,-0.04329475328432797,72.42318404634581,-0.019116835609276794,0.014185991926675912
2017,139,1257,1276,69,73,-4,0,0,-5,-8.0,2.430357142857142,1.1201672467127608,0.950958348531594,1.1657884398308014,1.0155260157496069,0.3584905660377358,0.6847507331378299,0.4550385690816869,0.886898094969987,0.28824701625296134,0.1601655410072249,0.09686412709366368,0.8046313207302002,0.3997436414618425,0.19628997988479302,0.3813953488372093,0.774526678141136,0.48366413795646007,0.8487990502840018,0.3828597779271091,0.14647038681073415,0.051941324732794114,0.8322427234457045,0.46327204703550323,0.2011554836306025,-0.09461276167414778,66.73814732142857,0.017451418349443748,0.05340792218695567
2017,139,1116,1314,65,72,-7,0,0,7,31.2,-7.6301247771836005,1.1116089013578705,1.039741414363067,1.1644162022962237,0.9815854758534178,0.36393442622950817,0.7619647355163728,0.46047765716559136,0.84084590586927,0.2504769404744828,0.1635681795248709,0.07763249836068359,0.8357312393563884,0.42259156034402806,0.18425844542531317,0.3665644171779141,0.7065368567454798,0.4679170576476647,0.9139272639714401,0.27553776426398807,0.16322566956650034,0.054896397418009196,0.8203350018834463,0.41892117365817144,0.18488183085276377,-0.02506082378950525,72.03021390374332,-0.005554893583964993,-0.0020772642638088312
2017,139,1332,1348,75,72,3,1,0,-8,-21.6,4.818181818181818,1.1381984214251748,0.9504082914926452,1.0840368615769538,0.9639320565802083,0.37866666666666665,0.706060606060606,0.48130927141947133,0.842039340311246,0.3301387504746784,0.16889955378512014,0.11116600152686072,0.8516249274258748,0.40636841100735094,0.19978285670918297,0.33990147783251234,0.6569148936170212,0.45371814868516436,0.8513296295410581,0.27342637094960304,0.1651675789028694,0.11316230646995201,0.7935500984103616,0.4059601130896438,0.1945863229076472,0.05671237952507535,68.38939393939393,0.013591412408299863,-0.001070911264245633
2017,139,1181,1376,81,88,-7,0,0,-5,-30.400000000000002,3.893087557603687,1.158748143318697,1.0001752803772976,1.008757070171859,0.9169651510448512,0.3759791122715404,0.7582278481012658,0.477430526067253,0.8363173138936416,0.3165276187945049,0.16214974085545628,0.07440050734193109,0.8595571535879846,0.4337251963421606,0.16972683162149133,0.3338735818476499,0.691256830601093,0.41345425896050547,0.8313716996559165,0.2800932433821794,0.18830984355201724,0.07082850541993099,0.7433354015458731,0.4013970742750584,0.24596216835644366,0.036434375412325526,70.36693548387096,0.01582407251982265,-0.02771589711996414
2017,139,1153,1417,67,79,-12,0,0,3,2.599999999999998,-1.38324420677362,1.1205570693820537,0.9307849690432488,1.2039203639514824,1.0141167600775565,0.34332425068119893,0.6829268292682927,0.4521960169077466,0.9005116536964797,0.33111591304755067,0.15152788295064742,0.09205762048577519,0.8339020891017165,0.3870546769747895,0.20776446395165907,0.4052044609665427,0.7447916666666667,0.5184851810922749,0.8688562277586371,0.32794286940875883,0.15264893014140674,0.08125670096190203,0.8870571724836206,0.4221631566637041,0.16054057080923784,0.0031730436387918393,70.54777183600713,-0.015590342247806865,0.03929268256013796
2017,143,1211,1452,61,58,3,1,0,-3,-7.0,7.777183600713014,1.1872135654165743,0.8662834705040142,1.122746748728049,0.9169115573927873,0.3819334389857369,0.7378378378378379,0.5189376662975013,0.824527064984016,0.2690764012166106,0.15783790287329155,0.07277179947633769,0.8678768473131964,0.36843583641687233,0.17687910283981698,0.36146272855133615,0.678007290400972,0.4564952481380395,0.8718744093031537,0.2892110581212134,0.16821977870105223,0.08870856007103871,0.7272282378102033,0.4238151979407547,0.27915888242811404,-0.02013465690460281,71.99488636363637,0.05891088984167203,-0.07977244363191771
2017,143,1242,1345,98,66,32,1,0,-3,-6.4,-2.625,1.143887921597849,1.0020329182576486,1.1286216779685796,0.9481418477477426,0.40493468795355586,0.6657342657342658,0.48715735172778574,0.8407330406232404,0.2977569525925843,0.18110208700877917,0.07623489825788721,0.8542447210971591,0.42010704851866976,0.18529530594701304,0.40620592383638926,0.7636932707355243,0.47967201356493067,0.8200747763303076,0.31175004267202044,0.18431766405980768,0.03969937266754229,0.866065512198068,0.41583123698588276,0.17033289829081347,-0.013993090079436166,71.68984375,0.0016047633150340634,0.05088555400071415
2017,143,1276,1332,68,69,-1,0,0,4,2.200000000000001,-4.045887445887445,1.1657884398308014,1.0155260157496069,1.1381984214251748,0.9504082914926452,0.3813953488372093,0.774526678141136,0.48366413795646007,0.8487990502840018,0.3828597779271091,0.14647038681073415,0.051941324732794114,0.8322427234457045,0.46327204703550323,0.2011554836306025,0.37866666666666665,0.706060606060606,0.48130927141947133,0.842039340311246,0.3301387504746784,0.16889955378512014,0.11116600152686072,0.8516249274258748,0.40636841100735094,0.19978285670918297,0.052721027452430735,66.62150432900432,-0.027274384745581748,-0.03975160662762778
2017,143,1112,1462,71,73,-2,0,0,-9,-24.4,7.558823529411765,1.136308222009367,0.9689207808494312,1.0910846824834701,1.03655254734951,0.3975694444444444,0.7578124999999999,0.47625039322423307,0.823151528461799,0.253216611534678,0.1711236089039492,0.05676602317057229,0.8457363890165829,0.4180297423544329,0.17626520672655466,0.3399715504978663,0.6876574307304786,0.4555492450415619,0.8329190631948858,0.30457049418153576,0.18699519769696304,0.046288870830848955,0.816367752332148,0.4514537382119472,0.17732994402133673,-0.05135388264685775,67.69044117647059,0.027062572020092712,-0.00284962025953428
2017,144,1196,1458,84,83,1,1,1,-4,-13.200000000000001,1.1893382352941178,1.1045553877093905,0.9327608780487329,1.0996604294608476,0.9439368224828412,0.362043795620438,0.7264397905759162,0.4508252803809617,0.8382200271504481,0.3030036985075084,0.16710455043293052,0.08322134569840618,0.8095877504055677,0.40904909885206925,0.21094456959316704,0.35546334716459194,0.6439873417721519,0.4516706153214097,0.8874982223061685,0.3263366762121986,0.16783122203934897,0.065993882868425,0.8285192231514873,0.4109457371813717,0.19856408326041183,-0.023332977704690172,68.0969669117647,0.0005256516944272538,0.005594779464816457
2017,144,1246,1417,86,75,11,1,0,-1,-11.0,-0.6773618538324424,1.1399390084288856,0.9544114571243154,1.2039203639514824,1.0141167600775565,0.35346097201767307,0.7007786429365963,0.4762139517178704,0.838338356156659,0.2650828349883129,0.16038143463428514,0.08768064366718185,0.8098336462215675,0.42422573416673864,0.19440813478421445,0.4052044609665427,0.7447916666666667,0.5184851810922749,0.8688562277586371,0.32794286940875883,0.15264893014140674,0.08125670096190203,0.8870571724836206,0.4221631566637041,0.16054057080923784,-0.06286003442044591,75.17166889483066,-0.022166903438719576,0.02044385841822738
2017,144,1139,1314,80,92,-12,0,0,3,22.6,-5.521016617790811,1.1336706222258381,1.0111241974297562,1.1644162022962237,0.9815854758534178,0.36349693251533743,0.7396825396825397,0.47906556797551014,0.8364323243652718,0.31309552969122906,0.1515058611760076,0.05158773534236523,0.7922111958246509,0.44589862117206414,0.19988334123044788,0.3665644171779141,0.7065368567454798,0.4679170576476647,0.9139272639714401,0.27553776426398807,0.16322566956650034,0.054896397418009196,0.8203350018834463,0.41892117365817144,0.18488183085276377,0.037557765427240986,69.77445014662757,-0.007914468593023694,-0.057076635326450686
2017,144,1124,1376,50,70,-20,0,0,-4,-25.400000000000002,1.64516129032258,1.1056307862727752,0.9786617988210374,1.008757070171859,0.9169651510448512,0.35344827586206895,0.71160409556314,0.4664225236008214,0.8537569450443182,0.28848884935934827,0.2057448191204421,0.08550397206092607,0.8705744261707172,0.4022818948395579,0.16769547388236763,0.3338735818476499,0.691256830601093,0.41345425896050547,0.8313716996559165,0.2800932433821794,0.18830984355201724,0.07082850541993099,0.7433354015458731,0.4013970742750584,0.24596216835644366,0.008395605977168874,68.06532258064516,0.02604172203790822,0.015425837163789757
2017,145,1211,1462,83,59,24,1,0,-10,-40.8,20.159536541889484,1.1872135654165743,0.8662834705040142,1.0910846824834701,1.03655254734951,0.3819334389857369,0.7378378378378379,0.5189376662975013,0.824527064984016,0.2690764012166106,0.15783790287329155,0.07277179947633769,0.8678768473131964,0.36843583641687233,0.17687910283981698,0.3399715504978663,0.6876574307304786,0.4555492450415619,0.8329190631948858,0.30457049418153576,0.18699519769696304,0.046288870830848955,0.816367752332148,0.4514537382119472,0.17732994402133673,-0.03549409296492517,69.82172459893049,0.0732031615255071,-0.026014090803501366
2017,145,1242,1332,60,74,-14,0,0,-2,-5.4,-2.9592803030303028,1.143887921597849,1.0020329182576486,1.1381984214251748,0.9504082914926452,0.40493468795355586,0.6657342657342658,0.48715735172778574,0.8407330406232404,0.2977569525925843,0.18110208700877917,0.07623489825788721,0.8542447210971591,0.42010704851866976,0.18529530594701304,0.37866666666666665,0.706060606060606,0.48130927141947133,0.842039340311246,0.3301387504746784,0.16889955378512014,0.11116600152686072,0.8516249274258748,0.40636841100735094,0.19978285670918297,-0.03238179788209411,70.70484138257575,-0.003945278601502178,0.017586174794382736
2017,146,1246,1314,73,75,-2,0,0,1,3.5999999999999996,0.9286987522281649,1.1399390084288856,0.9544114571243154,1.1644162022962237,0.9815854758534178,0.35346097201767307,0.7007786429365963,0.4762139517178704,0.838338356156659,0.2650828349883129,0.16038143463428514,0.08768064366718185,0.8098336462215675,0.42422573416673864,0.19440813478421445,0.3665644171779141,0.7065368567454798,0.4679170576476647,0.9139272639714401,0.27553776426398807,0.16322566956650034,0.054896397418009196,0.8203350018834463,0.41892117365817144,0.18488183085276377,-0.010454929275675151,73.83719919786097,0.001496166780819208,-0.025485572719680327
2017,146,1196,1376,70,77,-7,0,0,-3,-29.6,4.783266129032258,1.1045553877093905,0.9327608780487329,1.008757070171859,0.9169651510448512,0.362043795620438,0.7264397905759162,0.4508252803809617,0.8382200271504481,0.3030036985075084,0.16710455043293052,0.08322134569840618,0.8095877504055677,0.40904909885206925,0.21094456959316704,0.3338735818476499,0.691256830601093,0.41345425896050547,0.8313716996559165,0.2800932433821794,0.18830984355201724,0.07082850541993099,0.7433354015458731,0.4013970742750584,0.24596216835644366,0.02291045512532902,70.96537298387096,0.014859498421722739,-0.021523632473393728
2017,152,1211,1376,77,73,4,1,0,-6,-37.2,16.488758553274685,1.1872135654165743,0.8662834705040142,1.008757070171859,0.9169651510448512,0.3819334389857369,0.7378378378378379,0.5189376662975013,0.824527064984016,0.2690764012166106,0.15783790287329155,0.07277179947633769,0.8678768473131964,0.36843583641687233,0.17687910283981698,0.3338735818476499,0.691256830601093,0.41345425896050547,0.8313716996559165,0.2800932433821794,0.18830984355201724,0.07082850541993099,0.7433354015458731,0.4013970742750584,0.24596216835644366,-0.011016842165568808,71.20557184750733,0.06922232259759098,-0.059167448476358464
2017,152,1314,1332,77,76,1,1,0,-2,-10.399999999999999,0.1212121212121211,1.1644162022962237,0.9815854758534178,1.1381984214251748,0.9504082914926452,0.3665644171779141,0.7065368567454798,0.4679170576476647,0.9139272639714401,0.27553776426398807,0.16322566956650034,0.054896397418009196,0.8203350018834463,0.41892117365817144,0.18488183085276377,0.37866666666666665,0.706060606060606,0.48130927141947133,0.842039340311246,0.3301387504746784,0.16889955378512014,0.11116600152686072,0.8516249274258748,0.40636841100735094,0.19978285670918297,-0.05460098621069032,70.69734848484848,-0.012972488211313582,0.02350154062414833
2017,154,1211,1314,65,71,-6,0,0,0,-2.2,10.000000000000002,1.1872135654165743,0.8662834705040142,1.1644162022962237,0.9815854758534178,0.3819334389857369,0.7378378378378379,0.5189376662975013,0.824527064984016,0.2690764012166106,0.15783790287329155,0.07277179947633769,0.8678768473131964,0.36843583641687233,0.17687910283981698,0.3665644171779141,0.7065368567454798,0.4679170576476647,0.9139272639714401,0.27553776426398807,0.16322566956650034,0.054896397418009196,0.8203350018834463,0.41892117365817144,0.18488183085276377,-0.006461363047377489,71.8034090909091,0.0507529729455678,-0.061743759259133335
2018,134,1254,1347,61,71,-10,0,0,0,72.20000000000002,-2.183712121212121,1.056771741212003,1.0529467800109238,1.0423570151574661,1.003249973143357,0.3484646194926569,0.6963562753036437,0.4585382410997045,0.803248979588881,0.3127926027707455,0.1946831607495093,0.04959491155354786,0.8647476546281814,0.4471269466359018,0.1630566835332693,0.3510028653295129,0.7333333333333333,0.4254717512454324,0.8561741172884778,0.34012499435025784,0.18552699223580185,0.055308229143802644,0.8181382943038398,0.4300429950223656,0.20183699124449478,-0.02733239157951234,68.45256865530303,0.007991269120367905,-0.006842399107554686
2018,134,1382,1417,65,58,7,1,0,0,17.4,1.3125,1.1164054709845619,1.0063578373642308,1.116390832539701,1.0426641158782357,0.39807383627608345,0.7537212449255751,0.4588472133741665,0.8286539884672652,0.27841805117143936,0.163647190966527,0.06340875920077009,0.7985774462294569,0.4226918047463449,0.2034860358014096,0.3831417624521073,0.7219858156028369,0.46190078006595847,0.8376774692082685,0.335799437123801,0.16269989888876943,0.060481916681251344,0.8770473346783291,0.4251511175637553,0.14787476821125087,-0.05738138595236164,71.6546875,-0.00029712693719075034,0.019059367742201516
2018,135,1113,1393,56,60,-4,0,0,0,3.4000000000000057,5.193548387096774,1.1428934958414148,1.0307993810434215,1.034956932958807,0.9791327669700843,0.3639947437582129,0.7381864623243933,0.46644009919943186,0.8234161743566426,0.33487685711591453,0.14771506898453546,0.05844331452821696,0.8241644536648052,0.4418263270311905,0.20283999727371024,0.32166666666666666,0.7406380027739252,0.4212372084902392,0.8364707223994731,0.281971995481553,0.19159641077750353,0.10072592758958536,0.8405258670622782,0.398342254555465,0.19531265603715023,0.05290486163436153,69.17460899315738,0.0008594091167335449,-0.022404217974783758
2018,135,1300,1411,46,64,-18,0,0,0,45.19999999999999,1.765654648956357,1.0300550271490092,1.0403081552306086,1.06739895020092,1.0902922612366854,0.33213644524236985,0.6818181818181819,0.4620224652193653,0.8324855154440853,0.26250834796636086,0.20752635234007585,0.058733066838595124,0.853239571607382,0.4253436034049592,0.16712632060441115,0.36338797814207646,0.7186046511627907,0.4439846648552718,0.8048882464042136,0.29731220356845556,0.17246953432855863,0.06037361602054481,0.8778570299147127,0.4558374582158794,0.15958997859176535,-0.0348038556020947,70.60056925996204,0.02426582758750684,0.007785768502709178
2018,136,1104,1439,86,83,3,1,0,1,18.8,-5.586397058823529,1.0292621617644044,0.9955919757365687,1.1182493924567147,1.0175866662240731,0.3243647234678625,0.6722365038560412,0.4591704173065301,0.7895766775210534,0.2806864281348949,0.20104017040791933,0.09273755021298534,0.8308723372784462,0.4177211799656623,0.18718809590832924,0.38514442916093533,0.7095310136157338,0.4958785318272178,0.8025364981554539,0.3236338100442927,0.1668533118809078,0.038146967325983855,0.8510716472335339,0.42621501030952336,0.18465409255447301,-0.042947381909397786,70.58030790441177,-0.01410714208841335,0.030292079944518435
2018,136,1112,1138,68,89,-21,0,0,-9,-56.6,1.524064171122994,1.1633226370701681,1.0156205436650265,1.1380241498026324,1.0230281434764594,0.37660256410256415,0.7602739726027398,0.5078894748271947,0.8208632831514989,0.2651471474788483,0.17709645478044825,0.07792360729735197,0.8358208904214725,0.43259777113086534,0.16609732319904308,0.3719298245614035,0.6959876543209876,0.4748654633086444,0.8718804511637619,0.3474752920422211,0.1658356162810801,0.07081668155122549,0.8085448627426344,0.42950425426731786,0.18184934257522684,-0.08232814456337278,71.98571746880572,0.01496524732750143,-0.012034325863274797
2018,136,1181,1233,89,67,22,1,0,-13,-135.6,11.393939393939394,1.1871981628928276,0.972539148989491,1.092711998975517,1.0441370864340556,0.3779310344827586,0.7082748948106592,0.4905058207295415,0.8693442851229709,0.3110814479588505,0.17737359546450165,0.08435410613932066,0.9002083149280758,0.40117887362451554,0.16953347350270548,0.38807785888077856,0.7385620915032679,0.4634842102913879,0.8371383234632109,0.34418027731577766,0.15898443556723363,0.049544280516558833,0.8475332309131252,0.45947340846308277,0.18902736542547746,-0.03309882935692715,72.1723484848485,0.04265807263836041,0.07247856111008988
2018,136,1196,1382,77,62,15,1,0,-5,-43.0,-0.28125,1.0967290543719403,1.0079549923209594,1.1164054709845619,1.0063578373642308,0.37532133676092544,0.71875,0.43303910174608984,0.8797228861380837,0.35177044361786947,0.14174616066132784,0.08195391945106449,0.8324592762481787,0.43144903433490844,0.20083559620268823,0.39807383627608345,0.7537212449255751,0.4588472133741665,0.8286539884672652,0.27841805117143936,0.163647190966527,0.06340875920077009,0.7985774462294569,0.4226918047463449,0.2034860358014096,0.0733523924464301,69.500390625,-0.017282670608320116,0.000688679241188539
2018,136,1211,1422,68,64,4,1,0,-9,-76.0,8.575901328273245,1.1990114900065687,0.952103857279955,1.0646250020767452,0.9417216101666982,0.37409200968523004,0.7224806201550388,0.5048620335058378,0.8722972263816235,0.3441539718930681,0.15739976150400792,0.06339458162959326,0.8323079561103408,0.4062470672821933,0.17327232417173766,0.35518474374255066,0.7012448132780082,0.4408895325817429,0.8673905239194458,0.3978847718647635,0.1976637254055781,0.07313518267412782,0.7598891959951343,0.4138782561112924,0.2154315092501707,-0.05373079997169539,69.23573292220112,0.03580184487659699,-0.012272016690598408
2018,136,1222,1361,67,65,2,1,0,-5,-30.0,3.8699902248289355,1.1271523522668248,0.9507925783558296,1.0921979995884343,0.9760046214757607,0.38670284938941657,0.7165605095541401,0.46676686171515835,0.8656282238171324,0.3267690923086916,0.17686761413719737,0.05774724549081897,0.78806993108204,0.3975618584876009,0.19416895058407185,0.34328358208955223,0.7216981132075472,0.45864138526301634,0.8486922634463948,0.30641206920723346,0.17001690980528003,0.05435505133106243,0.8217637681617301,0.4216290333037804,0.19361992977761294,0.02035702310145815,69.50566959921798,0.016096325634160746,0.015664602306655895
2018,136,1242,1335,76,60,16,1,0,-15,-102.0,4.4620493358633775,1.1595103676078191,1.0146803632424641,1.0582489169129257,0.9644483679428164,0.40256709451575257,0.7,0.49643698574676925,0.8615841912091229,0.3590276786286694,0.1668396096944353,0.0666782973616603,0.8825286748087726,0.42408329462294136,0.18503913641873537,0.34776902887139105,0.6634146341463415,0.4629703473261651,0.8250110938702316,0.34405748233849165,0.16664935052569188,0.04727420523640787,0.8230169223161988,0.4213801860883359,0.1697391057810713,0.014970196290177762,70.92018500948767,0.015381764942999365,0.0732878387799249
2018,136,1172,1246,73,78,-5,0,0,7,26.6,2.4338235294117645,1.160797096647681,1.0230862285693114,1.0929706325171253,1.0087295073425286,0.391304347826087,0.7972972972972973,0.4839139642112076,0.8612335289799852,0.41226263894281445,0.1449761907386518,0.03515665124502026,0.8466772113947265,0.43568884604233366,0.16256931109803094,0.3606237816764133,0.6968973747016706,0.47327525935739345,0.8201153276523846,0.21594038412855757,0.18486781372287037,0.07968450655910718,0.8694481274332737,0.4082967626374452,0.1709590533015123,0.19632225481425689,68.06994485294118,-0.008376689275537141,-0.1024964938207541
2018,136,1260,1274,64,62,2,1,0,5,9.0,3.527217741935484,1.0903151924974783,0.9362244323048318,1.0778244537479913,0.9918813074784301,0.40034071550255534,0.7247706422018348,0.5081155194906347,0.7848001498700705,0.281401477786011,0.1875110981652449,0.04342156899677324,0.837933153508795,0.41518302216221853,0.19805060923137052,0.3632286995515695,0.6629213483146067,0.46576013057651483,0.8621191327853365,0.3162591617531526,0.16503981732931006,0.0690136986784854,0.8412139175641504,0.43428097739839866,0.18913269162938878,-0.03485768396714162,67.15923639112904,0.030726672075150008,-0.044824757484025424
2018,136,1276,1285,61,47,14,1,0,-11,-68.2,0.859582542694497,1.1144443823868209,0.9618251759006426,1.1001679131899815,0.9683203264558983,0.3630952380952381,0.6570458404074703,0.4656809120492886,0.8679882863189075,0.375555673560653,0.13964697401836107,0.0571039235934564,0.8138491491931463,0.4330898847700406,0.19133436258785896,0.3413173652694611,0.7154811715481171,0.4718638824732998,0.8400275444768972,0.22959987082584998,0.17428069009678102,0.06191227435655404,0.766432227326313,0.42938939828336065,0.21227799004132383,0.14595580273480302,68.44144924098671,-0.004941728455345629,-0.0475801863039792
2018,136,1326,1355,81,73,8,1,0,-7,-53.599999999999994,1.3916666666666666,1.1123583282582794,0.9793580848726794,1.1446116222217309,1.0306855349903037,0.35294117647058826,0.7263339070567987,0.48656458087013593,0.8437855645702024,0.2805760679739404,0.17198405638439682,0.06996235654663212,0.8369071041799543,0.4182143724019038,0.17825258513631265,0.39173967459324155,0.7640791476407915,0.46081517717708986,0.8422623719095643,0.36702291431448203,0.13796172708490936,0.03488923059619819,0.8737360558796912,0.4365559836273053,0.14233728363561277,-0.08644684634054162,70.52481770833333,0.022045507459223734,0.034930365518453965
2018,136,1328,1348,78,83,-5,0,1,3,6.600000000000001,-4.765120967741936,1.0984389924552918,1.0599531302538643,1.1000860103044858,0.9795836598640917,0.3627450980392157,0.7484848484848485,0.4656876233809029,0.8313097356140068,0.3396745082587977,0.17289455033851342,0.06799243826576819,0.8769911745798823,0.44765419984747107,0.17141013490934823,0.34991974317817015,0.7068676716917923,0.46091232091364637,0.8812043849486941,0.2828092880930045,0.1546956549953467,0.06621062889433749,0.7543601640826189,0.45416318586168397,0.22687501968718857,0.05686522016579321,73.4293472782258,0.0056421442407347255,-0.00255644588539905
2018,136,1301,1371,83,94,-11,0,0,1,12.599999999999998,1.0625,1.1184399834773875,1.0312386478232645,1.1043644479099075,1.0267174841080067,0.3722304283604136,0.6997041420118343,0.47106256070985514,0.8614015711533181,0.29346051059738704,0.17001550553461606,0.06492631158286687,0.8172583398586732,0.46650612638672756,0.20748126540729891,0.3640625,0.6928783382789317,0.4701419388365754,0.8512754841892451,0.27921141892199136,0.17918524070142838,0.057485621932256745,0.8495205860880091,0.43707294390531554,0.17939459261591809,0.014249091675395675,71.95703125,-0.014256280304066116,0.012933110367369993
2018,136,1397,1460,73,47,26,1,0,-11,-115.80000000000001,2.6619318181818183,1.0941427826626704,0.9816352531395283,1.013323943074146,0.9413165850817388,0.3837037037037037,0.7561327561327561,0.4436864335296726,0.845124965249329,0.30096568496344445,0.17873585454328852,0.08260074611293838,0.8129746385159099,0.41030820592344364,0.20613547210777333,0.34006211180124224,0.7194570135746606,0.43342577088126394,0.8219436284704067,0.288040805039746,0.18418559336142307,0.04000036673862055,0.7996554711429879,0.41480370758449536,0.21086239426459555,0.012924879923698451,69.15772964015153,0.007378082154730126,0.05731663878450982
2018,136,1372,1403,60,70,-10,0,0,11,90.2,-0.7787878787878775,1.0690764670578925,0.9421915733268861,1.0964383827168394,0.9385076603676709,0.3741134751773049,0.7011494252873564,0.47315558341113395,0.7970846282056983,0.25837302917909893,0.20793027226431346,0.056899808357250135,0.7036028774949148,0.42926708656415385,0.2617072315487656,0.3659305993690852,0.7009345794392523,0.46555369697776955,0.8215719686433699,0.28173531525693846,0.18353496316331042,0.07861502343431659,0.782469703057011,0.4025644856929086,0.2187071907043667,-0.023362286077839522,70.80507575757576,-0.00955035721894043,-8.944645453856648e-05
2018,136,1347,1437,61,87,-26,0,0,15,168.39999999999998,-14.113970588235293,1.0423570151574661,1.003249973143357,1.2298140017008377,0.9975853734568138,0.3510028653295129,0.7333333333333333,0.4254717512454324,0.8561741172884778,0.34012499435025784,0.18552699223580185,0.055308229143802644,0.8181382943038398,0.4300429950223656,0.20183699124449478,0.39794871794871794,0.7712854757929883,0.5052569887018338,0.8711872727025387,0.4070424943937325,0.14543137318538402,0.0650175091848198,0.8487396121410528,0.4355253221986511,0.18478496491139346,-0.06691750004347469,67.56895680147059,-0.03715145514005791,0.027184807564108016
2018,137,1120,1158,62,58,4,1,0,-9,-93.0,4.643145161290323,1.1319468169163502,1.0013771595355354,1.115681957272433,1.0396827884670614,0.36619718309859156,0.7858048162230672,0.4411849835887172,0.8407367433849985,0.36315638696516633,0.16634872779816398,0.09366180963841199,0.789443231340025,0.426612948981148,0.2076663543430095,0.3637770897832817,0.7675507020280812,0.4634035934970277,0.8325848690203831,0.3092498054927447,0.14552035931854565,0.06530594856242154,0.8414675183722802,0.4390242364173287,0.17799177514640097,0.05390658147242161,70.55858114919354,-0.0049036612360648935,0.03721402975113314
2018,137,1116,1139,62,79,-17,0,0,-3,7.200000000000003,-0.7745098039215685,1.1194389832637721,1.053750069950804,1.1069569488732287,1.022293126329964,0.4009077155824508,0.6779220779220779,0.47602202935554927,0.8419682480808116,0.2693876808273461,0.1521424758393496,0.07923892086868949,0.8054909913881929,0.42925961699101123,0.19452458616210713,0.3557312252964427,0.7705223880597015,0.4750035051214283,0.8645133135573672,0.32142033218915333,0.15619532692201665,0.05262854131251163,0.7879779376029258,0.4516828801869901,0.1967497404355897,-0.052032651361807236,71.8953431372549,0.011720893715049918,0.04926212996898405
2018,137,1153,1209,68,53,15,1,0,-13,-89.19999999999999,10.667279411764707,1.118212548296069,0.8659112496426286,1.0818774142786094,0.9881774736518312,0.35683453237410073,0.6868965517241379,0.4518675296638995,0.8721000899201217,0.3066916729596335,0.17194572571747063,0.1010966960028975,0.8284636902297636,0.3705579936378722,0.2228457315957843,0.39072847682119205,0.6827586206896552,0.4613420611295538,0.8345617569893307,0.3428378682788385,0.1672724100625364,0.07852563848403689,0.8187301249022916,0.3920243019327375,0.20918118838337146,-0.03614619531920499,67.6686580882353,0.005995888414605521,0.043482970463005866
2018,137,1155,1308,79,68,11,1,0,-7,-39.0,-3.397916666666667,1.0770238435656077,0.9779211981477524,1.0809352279595124,0.9236093998473797,0.36639118457300274,0.7569786535303776,0.4536410516569883,0.8226673588111849,0.33576775123472125,0.17768792214897441,0.08349407696237982,0.8590817221655386,0.4106823824638955,0.17645547619015972,0.3397626112759644,0.6425925925925926,0.457833689747855,0.886212004446705,0.3233905571975047,0.17365044276486266,0.05301655576588205,0.800080630857985,0.39971026332743337,0.19287076337212933,0.012377194037216543,68.98033854166667,-0.007582378613664398,-0.014841600923194864
2018,137,1199,1281,67,54,13,1,0,1,1.3999999999999986,2.096774193548387,1.1095699848377716,1.0122550455592672,1.0870897208967178,1.002209847441881,0.35127478753541075,0.6845151953690304,0.4769589061756212,0.8379400446433751,0.30872773936673215,0.17658064181981736,0.08340637743816554,0.8422626898129163,0.42130066879118294,0.1892208120097982,0.3920529801324503,0.74565560821485,0.4577497244012597,0.7951221805157237,0.36034181024695866,0.206823857707353,0.06891401444460125,0.8744591627688585,0.40866205956392815,0.15978118441264377,-0.051614070880226515,70.51451612903226,0.0032852862735532895,0.013263374797368277
2018,137,1166,1243,59,69,-10,0,0,-1,-6.600000000000001,4.35386119257087,1.1391774720572825,1.024016082733417,1.0822934930536778,1.016717397620635,0.37631887456037516,0.749034749034749,0.4962652759620182,0.8373917835563394,0.37460256875898557,0.15364579713088022,0.03852374909446291,0.871740794653524,0.43807950299986026,0.15873493106962597,0.3438438438438438,0.742998352553542,0.47104997904393003,0.8213352417355022,0.30254328274332887,0.17097116833729395,0.05529215272971888,0.8074473088774787,0.4306982582786617,0.21365599573065508,0.0720592860156567,70.28383431085044,0.008917026098444802,-0.05970972321500806
2018,137,1267,1455,81,75,6,1,0,9,90.8,-7.141098484848484,1.09066160630584,1.0291215604504287,1.1811705408522175,1.017319187485982,0.3558413719185423,0.7663690476190476,0.46917489787372424,0.8081288159145268,0.3688365214251766,0.1713876316837939,0.08867797466870833,0.8675855361364918,0.4435479252197099,0.18183228842826138,0.38522427440633245,0.7379209370424598,0.4781871558546375,0.8659626806665023,0.3384091279933279,0.16411793180448642,0.06668461494963125,0.8243793626563587,0.42431659670397587,0.16348277744603415,0.030427393431848693,73.52908380681818,-0.014121793248323633,-0.019465326867750044
2018,137,1137,1277,78,82,-4,0,0,11,89.0,-7.887700534759359,1.1015126451794792,0.9901180798884568,1.1783455314355764,0.9501319420230117,0.3431122448979592,0.7180094786729858,0.47594601822100935,0.7974818431860078,0.31383523858928414,0.1704069631659691,0.07236953499705563,0.8340422709178964,0.42232561666900476,0.1715160580945034,0.41281669150521616,0.7507374631268436,0.5025293305844568,0.8309783482976262,0.2994083158612871,0.19055663541112852,0.11870599573792118,0.892431849656791,0.3671063651902274,0.14341892722655697,0.01442692272799706,71.16996434937612,-0.04090128192111242,-0.040960597113805064
2018,137,1305,1400,87,83,4,1,1,-3,-7.799999999999997,6.69073083778966,1.1641260402266864,1.0165373961340436,1.0308444054155246,0.9897573013933103,0.39759036144578314,0.7467191601049868,0.47105382180388017,0.84626048170258,0.3421422864181908,0.13825617920433136,0.06803540280605837,0.8504709133808458,0.43141771384340727,0.18130512528326428,0.31536388140161725,0.6682170542635658,0.4400229945713056,0.8505950131089085,0.3248332484509236,0.17091113880664438,0.08466343024866158,0.8656885011438333,0.4221199114430528,0.1831982741061587,0.017309037967267182,70.5111853832442,0.01086651241611003,-0.013993767775047905
2018,137,1252,1314,66,84,-18,0,0,13,155.6,-6.477832512315271,1.040127319711907,1.0066914778506708,1.1389060871628587,1.0287179475277632,0.32991202346041054,0.7247579529737207,0.4581998702081364,0.7799926255177388,0.30384655342194455,0.2002621392546953,0.04736555006889556,0.7724582994824233,0.4586929663076744,0.19888619047549572,0.36432160804020103,0.7407975460122699,0.4592230823638374,0.9083005856734567,0.3197142096011039,0.16638373430345713,0.06683834993894391,0.8730180971027645,0.4236416830079531,0.16182214684947938,-0.015867656179159362,74.8710221674877,-0.018037247727711203,-0.06323803767491343
2018,137,1168,1345,48,74,-26,0,0,13,142.20000000000002,-14.5,1.0310356461060937,1.0151166616334182,1.1812472488814107,0.9695523861716344,0.3433179723502304,0.7368421052631579,0.47311271392979903,0.7483200971326629,0.21386508618937547,0.2058267134351423,0.057167169251285295,0.8288981454428356,0.4231573971238793,0.18378470335740102,0.4201030927835051,0.742816091954023,0.4968867349681644,0.8273958253991007,0.33298027291219745,0.15411479311378493,0.08430204943408047,0.87743931057227,0.4115102811149508,0.17568744746852374,-0.11911518672282198,69.50347363083164,-0.017710568523646886,-0.005890180585830962
2018,137,1393,1395,57,52,5,1,0,5,27.799999999999997,-4.0625,1.034956932958807,0.9791327669700843,1.1643243530202643,1.0602880438370699,0.32166666666666666,0.7406380027739252,0.4212372084902392,0.8364707223994731,0.281971995481553,0.19159641077750353,0.10072592758958536,0.8405258670622782,0.398342254555465,0.19531265603715023,0.40029542097488924,0.7077625570776256,0.5011527936271202,0.8448743408910839,0.2965461853145974,0.17792061024349784,0.05987012463669367,0.8283403185827254,0.4625025851572583,0.17404315556058314,-0.014574189833044426,68.3166074810606,-0.007877627267543819,0.01982663413077601
2018,137,1344,1401,69,73,-4,0,0,3,21.6,-4.158088235294118,1.044275251002658,1.029131828029572,1.0555049623237607,0.9947047598511691,0.3333333333333333,0.703225806451613,0.44432373729046953,0.8241210648220965,0.2718485212293647,0.17624430100900576,0.06295818419966911,0.8344853890090865,0.44594618427771493,0.18802726310187523,0.327639751552795,0.6672025723472669,0.4593109596187791,0.8561324624530429,0.283753506181972,0.19073432010834898,0.09454922777239252,0.8816309352963431,0.4065977185524043,0.15834846992036639,-0.011904984952607278,70.78460477941177,-0.027167844026810106,-0.021320927344725793
2018,137,1420,1438,74,54,20,1,0,15,169.4,-12.635386119257088,1.0522217562914828,1.0234523340436918,1.111173319946979,0.8807387984638392,0.38172715894868586,0.6495412844036698,0.439488744733545,0.8498297794670386,0.3750903702776471,0.16910928069735034,0.04595907087433119,0.8167904924978215,0.44883626692399115,0.2065993268156938,0.3900481540930979,0.7584650112866818,0.46292134296227494,0.892098794669756,0.31135254341130386,0.14157827913635562,0.07468175981315876,0.828304160572583,0.37524485754303627,0.20825585982712166,0.06373782686634322,64.75515640273704,-0.04851200380484244,0.009233684398631259
2018,137,1293,1452,68,85,-17,0,0,7,48.800000000000004,0.7271805273833678,1.1510341762137941,0.9726625378058897,1.125912157995257,0.9879868219588684,0.37442218798150995,0.7277227722772277,0.47983037884516533,0.8389521296381579,0.3343738564528941,0.17214066376912202,0.0537146468129255,0.8436694280537335,0.41423053602694476,0.18168033916330958,0.35301062573789854,0.7658321060382917,0.43573861344269893,0.9044595224724732,0.35141421531673317,0.15978615532003776,0.09754807247713003,0.7565349468409129,0.4238197746048521,0.2318011845846879,-0.01704035886383909,69.14357251521298,0.026840501990186838,-0.03460844301664867
2018,137,1411,1462,83,102,-19,0,0,15,238.39999999999998,-11.876114081996434,1.06739895020092,1.0902922612366854,1.1584832665724742,1.019820318260962,0.36338797814207646,0.7186046511627907,0.4439846648552718,0.8048882464042136,0.29731220356845556,0.17246953432855863,0.06037361602054481,0.8778570299147127,0.4558374582158794,0.15958997859176535,0.3690987124463519,0.790012804097311,0.49306769533770667,0.8108866620327791,0.2914620989350491,0.1714404824856826,0.0462451226962032,0.8592569564192735,0.4328413126978358,0.1558967490705749,0.005850104633406461,72.7823752228164,-0.03603958800023921,0.04149024090870457
2018,138,1181,1348,87,62,25,1,0,-5,-40.6,6.809659090909092,1.1871981628928276,0.972539148989491,1.1000860103044858,0.9795836598640917,0.3779310344827586,0.7082748948106592,0.4905058207295415,0.8693442851229709,0.3110814479588505,0.17737359546450165,0.08435410613932066,0.9002083149280758,0.40117887362451554,0.16953347350270548,0.34991974317817015,0.7068676716917923,0.46091232091364637,0.8812043849486941,0.2828092880930045,0.1546956549953467,0.06621062889433749,0.7543601640826189,0.45416318586168397,0.22687501968718857,0.028272159865846025,70.3591737689394,0.04128890602653179,0.048893033472075964
2018,138,1211,1326,90,84,6,1,0,-1,-7.0,8.257352941176471,1.1990114900065687,0.952103857279955,1.1123583282582794,0.9793580848726794,0.37409200968523004,0.7224806201550388,0.5048620335058378,0.8722972263816235,0.3441539718930681,0.15739976150400792,0.06339458162959326,0.8323079561103408,0.4062470672821933,0.17327232417173766,0.35294117647058826,0.7263339070567987,0.48656458087013593,0.8437855645702024,0.2805760679739404,0.17198405638439682,0.06996235654663212,0.8369071041799543,0.4182143724019038,0.17825258513631265,0.06357790391912771,69.42516084558824,0.015132378877706243,0.0022662741844763357
2018,138,1242,1371,83,79,4,1,0,-7,-20.799999999999997,4.8713235294117645,1.1595103676078191,1.0146803632424641,1.1043644479099075,1.0267174841080067,0.40256709451575257,0.7,0.49643698574676925,0.8615841912091229,0.3590276786286694,0.1668396096944353,0.0666782973616603,0.8825286748087726,0.42408329462294136,0.18503913641873537,0.3640625,0.6928783382789317,0.4701419388365754,0.8512754841892451,0.27921141892199136,0.17918524070142838,0.057485621932256745,0.8495205860880091,0.43707294390531554,0.17939459261591809,0.07981625970667805,70.89480698529411,0.019642348096284012,-0.007355547633615234
2018,138,1138,1246,75,95,-20,0,0,8,59.0,1.7406417112299462,1.1380241498026324,1.0230281434764594,1.0929706325171253,1.0087295073425286,0.3719298245614035,0.6959876543209876,0.4748654633086444,0.8718804511637619,0.3474752920422211,0.1658356162810801,0.07081668155122549,0.8085448627426344,0.42950425426731786,0.18184934257522684,0.3606237816764133,0.6968973747016706,0.47327525935739345,0.8201153276523846,0.21594038412855757,0.18486781372287037,0.07968450655910718,0.8694481274332737,0.4082967626374452,0.1709590533015123,0.13153490791366354,72.35777629233513,-0.009808643839310849,-0.030074160990338994
2018,138,1260,1397,63,62,1,1,0,8,31.4,1.8380681818181817,1.0903151924974783,0.9362244323048318,1.0941427826626704,0.9816352531395283,0.40034071550255534,0.7247706422018348,0.5081155194906347,0.7848001498700705,0.281401477786011,0.1875110981652449,0.04342156899677324,0.837933153508795,0.41518302216221853,0.19805060923137052,0.3837037037037037,0.7561327561327561,0.4436864335296726,0.845124965249329,0.30096568496344445,0.17873585454328852,0.08260074611293838,0.8129746385159099,0.41030820592344364,0.20613547210777333,-0.019564207177433457,66.82882339015151,0.029777134861093624,-0.08326923419532256
2018,138,1222,1276,63,64,-1,0,0,3,6.6,2.3975044563279866,1.1271523522668248,0.9507925783558296,1.1144443823868209,0.9618251759006426,0.38670284938941657,0.7165605095541401,0.46676686171515835,0.8656282238171324,0.3267690923086916,0.17686761413719737,0.05774724549081897,0.78806993108204,0.3975618584876009,0.19416895058407185,0.3630952380952381,0.6570458404074703,0.4656809120492886,0.8679882863189075,0.375555673560653,0.13964697401836107,0.0571039235934564,0.8138491491931463,0.4330898847700406,0.19133436258785896,-0.04878658125196139,67.2588123885918,0.018306987974154754,0.05038043338299636
2018,138,1196,1403,66,69,-3,0,0,3,7.800000000000001,-3.920454545454545,1.0967290543719403,1.0079549923209594,1.0964383827168394,0.9385076603676709,0.37532133676092544,0.71875,0.43303910174608984,0.8797228861380837,0.35177044361786947,0.14174616066132784,0.08195391945106449,0.8324592762481787,0.43144903433490844,0.20083559620268823,0.3659305993690852,0.7009345794392523,0.46555369697776955,0.8215719686433699,0.28173531525693846,0.18353496316331042,0.07861502343431659,0.782469703057011,0.4025644856929086,0.2187071907043667,0.07003512836093101,68.87632575757576,-0.03069957193683981,-0.011720576406335947
2018,138,1104,1437,58,81,-23,0,0,8,47.800000000000004,-13.794117647058822,1.0292621617644044,0.9955919757365687,1.2298140017008377,0.9975853734568138,0.3243647234678625,0.6722365038560412,0.4591704173065301,0.7895766775210534,0.2806864281348949,0.20104017040791933,0.09273755021298534,0.8308723372784462,0.4177211799656623,0.18718809590832924,0.39794871794871794,0.7712854757929883,0.5052569887018338,0.8711872727025387,0.4070424943937325,0.14543137318538402,0.0650175091848198,0.8487396121410528,0.4355253221986511,0.18478496491139346,-0.1263560662588376,70.53051470588235,-0.014141214581157469,0.021069861751285557
2018,139,1120,1155,53,84,-31,0,0,-1,-0.5999999999999979,2.59375,1.1319468169163502,1.0013771595355354,1.0770238435656077,0.9779211981477524,0.36619718309859156,0.7858048162230672,0.4411849835887172,0.8407367433849985,0.36315638696516633,0.16634872779816398,0.09366180963841199,0.789443231340025,0.426612948981148,0.2076663543430095,0.36639118457300274,0.7569786535303776,0.4536410516569883,0.8226673588111849,0.33576775123472125,0.17768792214897441,0.08349407696237982,0.8590817221655386,0.4106823824638955,0.17645547619015972,0.027388635730445088,70.79765625,-0.014193317292761798,0.034415301841765944
2018,139,1199,1462,75,70,5,1,0,8,29.8,-2.497556207233626,1.1095699848377716,1.0122550455592672,1.1584832665724742,1.019820318260962,0.35127478753541075,0.6845151953690304,0.4769589061756212,0.8379400446433751,0.30872773936673215,0.17658064181981736,0.08340637743816554,0.8422626898129163,0.42130066879118294,0.1892208120097982,0.3690987124463519,0.790012804097311,0.49306769533770667,0.8108866620327791,0.2914620989350491,0.1714404824856826,0.0462451226962032,0.8592569564192735,0.4328413126978358,0.1558967490705749,0.01726564043168305,73.1572091886608,-0.002284072627716238,0.04719482034381217
2018,139,1243,1420,50,43,7,1,0,-7,-133.20000000000002,2.96871945259042,1.0822934930536778,1.016717397620635,1.0522217562914828,1.0234523340436918,0.3438438438438438,0.742998352553542,0.47104997904393003,0.8213352417355022,0.30254328274332887,0.17097116833729395,0.05529215272971888,0.8074473088774787,0.4306982582786617,0.21365599573065508,0.38172715894868586,0.6495412844036698,0.439488744733545,0.8498297794670386,0.3750903702776471,0.16910928069735034,0.04595907087433119,0.8167904924978215,0.44883626692399115,0.2065993268156938,-0.07254708753431821,67.82939882697946,0.024849621477857187,0.020434464905354388
2018,139,1153,1305,73,75,-2,0,0,-5,-27.800000000000004,7.117647058823531,1.118212548296069,0.8659112496426286,1.1641260402266864,1.0165373961340436,0.35683453237410073,0.6868965517241379,0.4518675296638995,0.8721000899201217,0.3066916729596335,0.17194572571747063,0.1010966960028975,0.8284636902297636,0.3705579936378722,0.2228457315957843,0.39759036144578314,0.7467191601049868,0.47105382180388017,0.84626048170258,0.3421422864181908,0.13825617920433136,0.06803540280605837,0.8504709133808458,0.43141771384340727,0.18130512528326428,-0.03545061345855727,69.06360294117647,0.020836714032777204,0.0571313462108996
2018,139,1139,1345,73,76,-3,0,0,8,19.799999999999997,-9.166666666666668,1.1069569488732287,1.022293126329964,1.1812472488814107,0.9695523861716344,0.3557312252964427,0.7705223880597015,0.4750035051214283,0.8645133135573672,0.32142033218915333,0.15619532692201665,0.05262854131251163,0.7879779376029258,0.4516828801869901,0.1967497404355897,0.4201030927835051,0.742816091954023,0.4968867349681644,0.8273958253991007,0.33298027291219745,0.15411479311378493,0.08430204943408047,0.87743931057227,0.4115102811149508,0.17568744746852374,-0.011559940723044115,70.09901960784313,-0.031027914459387684,-0.02136148951076472
2018,139,1277,1393,53,55,-2,0,0,-8,-46.599999999999994,13.181818181818183,1.1783455314355764,0.9501319420230117,1.034956932958807,0.9791327669700843,0.41281669150521616,0.7507374631268436,0.5025293305844568,0.8309783482976262,0.2994083158612871,0.19055663541112852,0.11870599573792118,0.892431849656791,0.3671063651902274,0.14341892722655697,0.32166666666666666,0.7406380027739252,0.4212372084902392,0.8364707223994731,0.281971995481553,0.19159641077750353,0.10072592758958536,0.8405258670622782,0.398342254555465,0.19531265603715023,0.017436320379734083,66.94734848484848,0.05626400572972762,-0.0021442614458452303
2018,139,1314,1401,65,86,-21,0,0,-5,-25.4,3.6696428571428577,1.1389060871628587,1.0287179475277632,1.0555049623237607,0.9947047598511691,0.36432160804020103,0.7407975460122699,0.4592230823638374,0.9083005856734567,0.3197142096011039,0.16638373430345713,0.06683834993894391,0.8730180971027645,0.4236416830079531,0.16182214684947938,0.327639751552795,0.6672025723472669,0.4593109596187791,0.8561324624530429,0.283753506181972,0.19073432010834898,0.09454922777239252,0.8816309352963431,0.4065977185524043,0.15834846992036639,0.035960703419131934,71.41167410714286,-0.008565920855245268,0.009962686846283209
2018,139,1267,1452,71,94,-23,0,0,8,97.39999999999999,-6.102495543672013,1.09066160630584,1.0291215604504287,1.125912157995257,0.9879868219588684,0.3558413719185423,0.7663690476190476,0.46917489787372424,0.8081288159145268,0.3688365214251766,0.1713876316837939,0.08867797466870833,0.8675855361364918,0.4435479252197099,0.18183228842826138,0.35301062573789854,0.7658321060382917,0.43573861344269893,0.9044595224724732,0.35141421531673317,0.15978615532003776,0.09754807247713003,0.7565349468409129,0.4238197746048521,0.2318011845846879,0.01742230610844342,73.78659759358288,0.006854066908083711,-0.062042014459436357
2018,143,1199,1211,75,60,15,1,0,5,35.6,-10.09203036053131,1.1095699848377716,1.0122550455592672,1.1990114900065687,0.952103857279955,0.35127478753541075,0.6845151953690304,0.4769589061756212,0.8379400446433751,0.30872773936673215,0.17658064181981736,0.08340637743816554,0.8422626898129163,0.42130066879118294,0.1892208120097982,0.37409200968523004,0.7224806201550388,0.5048620335058378,0.8722972263816235,0.3441539718930681,0.15739976150400792,0.06339458162959326,0.8323079561103408,0.4062470672821933,0.17327232417173766,-0.03542623252633598,72.07887808349145,-0.021478364419603102,0.03335749310111913
2018,143,1243,1246,61,58,3,1,0,4,19.6,-1.956327985739751,1.0822934930536778,1.016717397620635,1.0929706325171253,1.0087295073425286,0.3438438438438438,0.742998352553542,0.47104997904393003,0.8213352417355022,0.30254328274332887,0.17097116833729395,0.05529215272971888,0.8074473088774787,0.4306982582786617,0.21365599573065508,0.3606237816764133,0.6968973747016706,0.47327525935739345,0.8201153276523846,0.21594038412855757,0.18486781372287037,0.07968450655910718,0.8694481274332737,0.4082967626374452,0.1709590533015123,0.0866028986147713,68.56270053475936,-0.012313387977339996,-0.03659107259498445
2018,143,1260,1305,69,68,1,1,0,4,11.799999999999997,-0.5496323529411757,1.0903151924974783,0.9362244323048318,1.1641260402266864,1.0165373961340436,0.40034071550255534,0.7247706422018348,0.5081155194906347,0.7848001498700705,0.281401477786011,0.1875110981652449,0.04342156899677324,0.837933153508795,0.41518302216221853,0.19805060923137052,0.39759036144578314,0.7467191601049868,0.47105382180388017,0.84626048170258,0.3421422864181908,0.13825617920433136,0.06803540280605837,0.8504709133808458,0.43141771384340727,0.18130512528326428,-0.06074080863217979,68.61955422794117,0.02664819468397167,-0.040614501264326475
2018,143,1276,1401,99,72,27,1,0,-4,-23.4,4.930147058823529,1.1144443823868209,0.9618251759006426,1.0555049623237607,0.9947047598511691,0.3630952380952381,0.6570458404074703,0.4656809120492886,0.8679882863189075,0.375555673560653,0.13964697401836107,0.0571039235934564,0.8138491491931463,0.4330898847700406,0.19133436258785896,0.327639751552795,0.6672025723472669,0.4593109596187791,0.8561324624530429,0.283753506181972,0.19073432010834898,0.09454922777239252,0.8816309352963431,0.4065977185524043,0.15834846992036639,0.09180216737868102,68.44122242647059,-0.010061106893563432,-0.05865484488656725
2018,144,1181,1393,69,65,4,1,0,-9,-48.8,12.090909090909092,1.1871981628928276,0.972539148989491,1.034956932958807,0.9791327669700843,0.3779310344827586,0.7082748948106592,0.4905058207295415,0.8693442851229709,0.3110814479588505,0.17737359546450165,0.08435410613932066,0.9002083149280758,0.40117887362451554,0.16953347350270548,0.32166666666666666,0.7406380027739252,0.4212372084902392,0.8364707223994731,0.281971995481553,0.19159641077750353,0.10072592758958536,0.8405258670622782,0.398342254555465,0.19531265603715023,0.029109452477297515,68.275,0.03321599658512586,0.02301244686613979
2018,144,1155,1242,76,80,-4,0,0,4,10.799999999999999,-3.0900735294117645,1.0770238435656077,0.9779211981477524,1.1595103676078191,1.0146803632424641,0.36639118457300274,0.7569786535303776,0.4536410516569883,0.8226673588111849,0.33576775123472125,0.17768792214897441,0.08349407696237982,0.8590817221655386,0.4106823824638955,0.17645547619015972,0.40256709451575257,0.7,0.49643698574676925,0.8615841912091229,0.3590276786286694,0.1668396096944353,0.0666782973616603,0.8825286748087726,0.42408329462294136,0.18503913641873537,-0.023259927393948165,69.08426011029411,-0.014697510965367533,-0.03483325409713389
2018,144,1345,1403,65,78,-13,0,0,-1,-9.4,4.954545454545455,1.1812472488814107,0.9695523861716344,1.0964383827168394,0.9385076603676709,0.4201030927835051,0.742816091954023,0.4968867349681644,0.8273958253991007,0.33298027291219745,0.15411479311378493,0.08430204943408047,0.87743931057227,0.4115102811149508,0.17568744746852374,0.3659305993690852,0.7009345794392523,0.46555369697776955,0.8215719686433699,0.28173531525693846,0.18353496316331042,0.07861502343431659,0.782469703057011,0.4025644856929086,0.2187071907043667,0.051244957655258994,68.67742869875222,0.011193621284176336,-0.028279912197794577
2018,144,1437,1452,90,78,12,1,0,-4,-10.6,5.5588235294117645,1.2298140017008377,0.9975853734568138,1.125912157995257,0.9879868219588684,0.39794871794871794,0.7712854757929883,0.5052569887018338,0.8711872727025387,0.4070424943937325,0.14543137318538402,0.0650175091848198,0.8487396121410528,0.4355253221986511,0.18478496491139346,0.35301062573789854,0.7658321060382917,0.43573861344269893,0.9044595224724732,0.35141421531673317,0.15978615532003776,0.09754807247713003,0.7565349468409129,0.4238197746048521,0.2318011845846879,0.055628279076999354,70.8389705882353,0.0289064138326679,-0.05800582970829016
2018,145,1243,1260,62,78,-16,0,0,-2,-6.399999999999999,-5.171401515151516,1.0822934930536778,1.016717397620635,1.0903151924974783,0.9362244323048318,0.3438438438438438,0.742998352553542,0.47104997904393003,0.8213352417355022,0.30254328274332887,0.17097116833729395,0.05529215272971888,0.8074473088774787,0.4306982582786617,0.21365599573065508,0.40034071550255534,0.7247706422018348,0.5081155194906347,0.7848001498700705,0.281401477786011,0.1875110981652449,0.04342156899677324,0.837933153508795,0.41518302216221853,0.19805060923137052,0.021141804957317878,66.27049005681818,-0.02629038828157393,0.05521608485733981
2018,145,1199,1276,54,58,-4,0,0,6,34.6,-2.827324478178368,1.1095699848377716,1.0122550455592672,1.1144443823868209,0.9618251759006426,0.35127478753541075,0.6845151953690304,0.4769589061756212,0.8379400446433751,0.30872773936673215,0.17658064181981736,0.08340637743816554,0.8422626898129163,0.42130066879118294,0.1892208120097982,0.3630952380952381,0.6570458404074703,0.4656809120492886,0.8679882863189075,0.375555673560653,0.13964697401836107,0.0571039235934564,0.8138491491931463,0.4330898847700406,0.19133436258785896,-0.06682793419392086,69.7906427893738,0.011533605052595153,0.05569211075303315
2018,146,1181,1242,81,85,-4,0,1,1,-4.4,4.532085561497327,1.1871981628928276,0.972539148989491,1.1595103676078191,1.0146803632424641,0.3779310344827586,0.7082748948106592,0.4905058207295415,0.8693442851229709,0.3110814479588505,0.17737359546450165,0.08435410613932066,0.9002083149280758,0.40117887362451554,0.16953347350270548,0.40256709451575257,0.7,0.49643698574676925,0.8615841912091229,0.3590276786286694,0.1668396096944353,0.0666782973616603,0.8825286748087726,0.42408329462294136,0.18503913641873537,-0.0479462306698189,70.7270276292335,0.008486627990599016,0.03635834336922128
2018,146,1403,1437,59,71,-12,0,0,2,13.2,-5.6310160427807485,1.0964383827168394,0.9385076603676709,1.2298140017008377,0.9975853734568138,0.3659305993690852,0.7009345794392523,0.46555369697776955,0.8215719686433699,0.28173531525693846,0.18353496316331042,0.07861502343431659,0.782469703057011,0.4025644856929086,0.2187071907043667,0.39794871794871794,0.7712854757929883,0.5052569887018338,0.8711872727025387,0.4070424943937325,0.14543137318538402,0.0650175091848198,0.8487396121410528,0.4355253221986511,0.18478496491139346,-0.12530717913679407,69.77926693404635,-0.003371227609160865,0.033176599236305004
2018,152,1260,1276,57,69,-12,0,0,8,35.0,-0.461397058823529,1.0903151924974783,0.9362244323048318,1.1144443823868209,0.9618251759006426,0.40034071550255534,0.7247706422018348,0.5081155194906347,0.7848001498700705,0.281401477786011,0.1875110981652449,0.04342156899677324,0.837933153508795,0.41518302216221853,0.19805060923137052,0.3630952380952381,0.6570458404074703,0.4656809120492886,0.8679882863189075,0.375555673560653,0.13964697401836107,0.0571039235934564,0.8138491491931463,0.4330898847700406,0.19133436258785896,-0.09415419577464201,65.82286305147059,0.030170735024584117,-0.014081049697874992
2018,152,1242,1437,79,95,-16,0,0,0,6.6000000000000005,-5.617647058823529,1.1595103676078191,1.0146803632424641,1.2298140017008377,0.9975853734568138,0.40256709451575257,0.7,0.49643698574676925,0.8615841912091229,0.3590276786286694,0.1668396096944353,0.0666782973616603,0.8825286748087726,0.42408329462294136,0.18503913641873537,0.39794871794871794,0.7712854757929883,0.5052569887018338,0.8711872727025387,0.4070424943937325,0.14543137318538402,0.0650175091848198,0.8487396121410528,0.4355253221986511,0.18478496491139346,-0.04801481576506311,70.52977941176471,0.0013110123103226012,0.02958870231690569
2018,154,1276,1437,62,79,-17,0,0,2,7.2,-6.0588235294117645,1.1144443823868209,0.9618251759006426,1.2298140017008377,0.9975853734568138,0.3630952380952381,0.6570458404074703,0.4656809120492886,0.8679882863189075,0.375555673560653,0.13964697401836107,0.0571039235934564,0.8138491491931463,0.4330898847700406,0.19133436258785896,0.39794871794871794,0.7712854757929883,0.5052569887018338,0.8711872727025387,0.4070424943937325,0.14543137318538402,0.0650175091848198,0.8487396121410528,0.4355253221986511,0.18478496491139346,-0.03148682083307952,68.43088235294118,-0.018570319611967367,-0.021801870248636335
2019,134,1125,1396,81,70,11,1,0,0,-17.799999999999997,8.5125,1.1631570712551091,0.996900624486016,1.05464500825775,0.9994432409675492,0.37067938021454117,0.7355679702048418,0.5006527273790548,0.8524228893857244,0.37715798998763217,0.15393559610604127,0.05938435017457661,0.8535824551247805,0.4276874320675177,0.16294533075683806,0.3305785123966942,0.7311320754716981,0.4388022839258167,0.8497552467065544,0.3204149335623328,0.15579589448027528,0.038900700574217024,0.808701946312999,0.44386306274284065,0.20746017409143003,0.056743056425299365,73.01635416666666,0.0390130370642805,-0.02786362819526622
2019,134,1192,1341,82,76,6,1,0,0,-4.599999999999994,0.13685239491691137,1.088064136740831,1.0419251631433244,1.0350829927506162,0.9938073782404989,0.4040066777963272,0.7442244224422443,0.4767365281717122,0.8039910159898187,0.280815230389807,0.19558668130873944,0.06157671910821254,0.8421389675413103,0.451137341736258,0.20427824975462341,0.3143297380585516,0.6814988290398126,0.4362342883523654,0.8120339633461858,0.2717611164724906,0.174241786698115,0.03028817524461324,0.7485773839096465,0.45387755110693584,0.24617842201111875,0.009054113917316364,70.5147605083089,0.02162122459501231,-0.003543078734895455
2019,135,1113,1385,74,65,9,1,0,0,-10.800000000000004,2.022727272727273,1.0652150639654436,0.9966008434099569,1.0644828592122573,1.0194192207109118,0.3411764705882353,0.6706875753920386,0.4509367469059157,0.8134773769019155,0.2914525509429768,0.18482909731865593,0.05502896807429397,0.8027313918113169,0.4129124366400138,0.1893448458278397,0.36118251928020567,0.7252931323283083,0.4549420844017258,0.8450453494082932,0.3237207634634554,0.14204769247358767,0.05715580185292169,0.7883862334723389,0.43616764689905385,0.20882196357747745,-0.03226821252047862,73.03881392045454,0.009624936381614935,0.03912908850688068
2019,135,1295,1300,78,74,4,1,0,0,-97.60000000000002,-1.2849462365591398,1.0807375849381227,1.1019842081745952,1.001731631788424,1.0092591522459127,0.3684210526315789,0.7647058823529412,0.45228782683098345,0.8166762352163545,0.3943356743923298,0.15694098072289595,0.04318782149759422,0.8700648917811511,0.4712731958779861,0.14622243664682244,0.31177446102819234,0.7036363636363637,0.4447107501343438,0.8150806181940834,0.29946296861002164,0.22932447781557344,0.0455514259788184,0.8376516858102393,0.4436349141728088,0.1774210003897629,0.09487270578230816,67.35900537634409,-0.010030602504268848,-0.07711889903771663
2019,136,1120,1308,78,77,1,1,0,-7,-34.0,-2.5496323529411757,1.1300451712579387,0.9968857494017087,1.1348557955958156,0.9523732904528902,0.3807654563297351,0.7158555729984302,0.4475788716717166,0.8664432609710458,0.4307886600913377,0.17257309899217504,0.09120361480779202,0.768256463155403,0.4401235968293755,0.2551218618720266,0.340522133938706,0.673374613003096,0.46079919737229996,0.8695030806011175,0.40479845951565296,0.17663480142496168,0.045655304326534286,0.7918678738144843,0.42577286182137153,0.19219577162635915,0.02599020057568474,69.01438419117648,-0.013785530354293696,0.029880105871112006
2019,136,1124,1393,78,69,9,1,0,1,13.600000000000001,0.4384469696969697,1.0745772790939894,1.0031009674520885,1.0331001127393258,0.9724048275354691,0.339572192513369,0.6738410596026491,0.44208138353047355,0.8697512637107874,0.35124574620684934,0.19891302492136517,0.08469564937162509,0.8232725721406939,0.4237609217027444,0.18477713243308014,0.329559748427673,0.6808199121522694,0.42620963812855456,0.8313470882762924,0.35955589289699796,0.18330759899679025,0.08662562680633018,0.8119596818719294,0.401014708696832,0.2325634805809705,-0.008310146690148623,67.25913825757576,-0.003437233801996731,0.0182490277676558
2019,136,1196,1305,70,61,9,1,0,3,-1.3999999999999986,-9.382352941176471,1.0449632276378893,0.9705624869409553,1.1353360664248067,0.9466683483681122,0.33454106280193235,0.7184801381692573,0.4281133606973259,0.8608034258897507,0.3729223303872473,0.18024799948738116,0.07025878937441496,0.8083327891807631,0.423411990898528,0.22392490836052056,0.3513838748495788,0.7079646017699115,0.46527910030970254,0.8288538857294016,0.35558874610588137,0.1433114689294685,0.0663759052585331,0.8289939207636444,0.4106323026921578,0.19262519025184066,0.017333584281365944,68.27917780748663,-0.024972713909373445,0.060238840256080506
2019,136,1199,1436,76,69,7,1,0,-9,-58.199999999999996,-1.7683823529411766,1.0620893896339785,0.9614917117041166,1.0970511132637948,0.9487720743401521,0.33552631578947373,0.740638002773925,0.44390904722089397,0.8276242088540089,0.3176249823572862,0.19155062450519583,0.076052656687198,0.7976527926097136,0.41153716393486883,0.20244966849889504,0.3531073446327684,0.7531446540880503,0.4550475588856601,0.8272971246261391,0.3343233062167948,0.16567656483377027,0.07240203988635853,0.8142061632526022,0.42234964901452765,0.19407677749088278,-0.01669832385950859,68.4000919117647,-0.00016301329255369312,0.05562788906561733
2019,136,1192,1211,49,87,-38,0,0,15,198.2,-21.529814271749757,1.088064136740831,1.0419251631433244,1.2373015629943844,0.9082311212204633,0.4040066777963272,0.7442244224422443,0.4767365281717122,0.8039910159898187,0.280815230389807,0.19558668130873944,0.06157671910821254,0.8421389675413103,0.451137341736258,0.20427824975462341,0.36505681818181823,0.7674094707520891,0.5309468548303148,0.8461842574187577,0.2979357239883715,0.1444853910848794,0.08976353644209822,0.860610295314298,0.38722718087274693,0.1889740073134348,-0.01712049359856449,70.20263929618768,-0.059060243761056785,0.027053681820844222
2019,136,1242,1318,87,53,34,1,0,-9,-59.4,-0.524064171122995,1.0582787205229596,0.9829255851768903,1.1305463284743045,1.043094220283529,0.3504273504273504,0.6974281391830559,0.46334316232711603,0.8296745834170036,0.2906533594984172,0.1869961931013506,0.06410437476930352,0.8584501264169336,0.41064533049649365,0.18356884879290036,0.38795180722891565,0.750814332247557,0.4838912857735863,0.805954826136937,0.37521596685131975,0.16692170840258963,0.037522963101625256,0.8416737667562715,0.45774442798401066,0.1663236347981034,-0.08456260735290255,69.33835784313726,0.013275487020523336,0.050935571285836256
2019,136,1101,1246,44,79,-35,0,0,13,132.6,-4.475444096133751,1.0747488384436115,0.9641641027112468,1.132761173212689,0.9529151150033163,0.38321167883211676,0.7233273056057865,0.45886075945562815,0.8302360630798001,0.28536969759084035,0.17160497038804473,0.05002598674131112,0.7612383792708084,0.44121237786903994,0.2319868345008703,0.3638025594149909,0.7397435897435897,0.479222216506032,0.821355501089472,0.24545966070481878,0.18612034976724884,0.08799912989572346,0.847374902271993,0.40162026606412365,0.18259873473801413,0.03991003688602157,67.37449059561129,-0.029976784427660053,-0.03682736921343266
2019,136,1261,1463,79,74,5,1,0,-11,-58.8,1.1651785714285712,1.1246008001157723,1.00683025970549,1.1040724263721782,0.9972376355786013,0.3230088495575221,0.7540322580645161,0.4648316101692933,0.8544407984617972,0.2928147037850449,0.1813615894018387,0.07411013338633275,0.8149401724872685,0.43537045152736603,0.20661244853151095,0.3739279588336192,0.7334630350194552,0.4966516605321037,0.8209494965781987,0.2836463722255069,0.17858175485729585,0.0687169840768794,0.8554384409361387,0.4136457636871792,0.15193591090959027,0.009168331559538001,72.93973214285714,-0.026772369101498605,0.08433322123113307
2019,136,1125,1268,77,79,-2,0,0,5,28.200000000000003,5.918749999999999,1.1631570712551091,0.996900624486016,1.0712616246974231,0.9860765838515891,0.37067938021454117,0.7355679702048418,0.5006527273790548,0.8524228893857244,0.37715798998763217,0.15393559610604127,0.05938435017457661,0.8535824551247805,0.4276874320675177,0.16294533075683806,0.3531202435312024,0.7482876712328768,0.4546968076473487,0.8377574145537457,0.3107978288054874,0.19849275761700652,0.08212049767171012,0.8869337947873928,0.39840969946998334,0.14168347739656922,0.06636016118214477,70.67729166666666,0.008339093567085842,-0.04249551623696024
2019,136,1276,1285,74,55,19,1,0,-13,-122.0,4.4797794117647065,1.0833478081312706,0.8961702216663777,1.1182985052049172,1.0054473304698612,0.35038363171355497,0.6977186311787072,0.45113128835560823,0.8813721350019369,0.35394616751695823,0.13459772346617283,0.07537957197059768,0.8560528111496686,0.40075788285120856,0.18258765110345612,0.38095238095238093,0.6951219512195121,0.4923032248586696,0.829330438478557,0.3178104916908488,0.17557099326812034,0.05140341746340491,0.789922603830445,0.43757700130490423,0.19319428906224748,0.03613567582610944,66.73956801470588,-0.002176409024682857,-0.011908243973648536
2019,136,1133,1277,65,76,-11,0,0,13,152.60000000000002,-12.112299465240643,1.0051970278171225,0.9846529555718877,1.1462933585366115,0.9469698937805843,0.3683360258481422,0.6917057902973396,0.4325183473100561,0.8097717425879021,0.28484468294523735,0.18835616475304096,0.06954932934233174,0.8212798840247751,0.413865389271997,0.18427440159681302,0.38367346938775515,0.75,0.4854095776913908,0.8336347175142858,0.3154126292535041,0.18672528290304116,0.08766173658442314,0.896532168929748,0.37830581719632056,0.14908828564950416,-0.030567946308266758,67.36089572192513,-0.044225401228505545,-0.0345310520838914
2019,136,1257,1278,76,86,-10,0,0,-3,-27.800000000000004,5.109625668449198,1.0710588636069602,0.9759646811374642,1.0306008331268302,1.017157434286012,0.34172661870503596,0.7746268656716417,0.43573003786596,0.833894176226173,0.3651135672871853,0.17716249324648128,0.04985160403541926,0.8513784971099579,0.40735764435224997,0.1616950820055733,0.3212996389891697,0.6794554455445545,0.4374229421673867,0.8285457407324761,0.23817894392817002,0.17556619376511176,0.0673826404218832,0.8648296913605763,0.4353171818985008,0.1659844839574373,0.1269346233590153,68.99505347593583,0.013133316622412017,-0.021802740638133256
2019,136,1266,1293,64,83,-19,0,0,-7,-21.800000000000004,-4.570532915360502,1.0860524779630767,0.9685922670929938,1.1439014447883173,0.9624263453688539,0.393173198482933,0.7588235294117648,0.4612059578556964,0.8050779537797058,0.3365435029610372,0.19405087023207052,0.07015237368280303,0.8356848567439805,0.4036075636972136,0.16561916273730865,0.3441358024691358,0.7418244406196214,0.48706026137694436,0.8493482048015563,0.31496999111229124,0.17117017199231538,0.07371350200393524,0.8510189497361673,0.41130203170892726,0.19570878223654692,0.021573511848745952,71.42955851619644,-0.00907991775476713,-0.040616032533037694
2019,136,1330,1345,48,61,-13,0,0,11,99.8,-4.051470588235294,1.0124769783215621,0.9304329330858724,1.1379947939090913,0.9968980674127128,0.3529411764705882,0.6597582037996544,0.41163871198022656,0.8825978547484158,0.3292599470888597,0.17814155683596294,0.08507052216690114,0.8264642971228486,0.3912945647737715,0.18525935964222037,0.36416861826697894,0.7322695035460993,0.4497950690692413,0.8997402293811242,0.39914599001262563,0.15918539834950293,0.07393900660650815,0.8140659612151833,0.42306787054205064,0.19432413603940218,-0.06988604292376593,66.14126838235293,-0.003191525660367789,-0.01933553156372736
2019,136,1388,1437,57,61,-4,0,0,5,5.400000000000002,1.163101604278074,1.1286567546306259,0.9911350876037487,1.1226841865612491,1.0154907069754469,0.3780864197530864,0.7449908925318761,0.47591276430461643,0.8673230854361245,0.3046340017346874,0.1632360258202622,0.04672318985037788,0.8366140729643976,0.43531206601565364,0.16335369097264363,0.3528836754643206,0.7274074074074075,0.4417684171654621,0.8470013216515442,0.4518785912924869,0.16923453099643637,0.05333726481397444,0.8452732299193247,0.4363846613259992,0.18167148493750307,-0.1472445895577995,65.59000668449198,0.0176084712247499,-0.019876111130791796
2019,136,1371,1459,68,84,-16,0,0,3,30.6,-11.212121212121211,1.0450157105743902,1.0078015850215356,1.1757669181766757,0.9806425691949667,0.3235294117647059,0.7082111436950146,0.4422886020666515,0.8369288211472696,0.30603642510987267,0.1738382588014704,0.06600888868940179,0.820216022371504,0.43048821283870675,0.20040892687074988,0.4158163265306123,0.7054108216432865,0.48725606379392555,0.8729769724068314,0.3798238878629034,0.1632152495206194,0.0539565429367678,0.8034214753856279,0.43612156141863184,0.19332404090341263,-0.07378746275303072,69.95117424242424,-0.019667056573674457,0.005075156399713565
2019,137,1113,1138,74,91,-17,0,0,5,40.8,-9.068181818181818,1.0652150639654436,0.9966008434099569,1.1295808009658868,0.9438537198732018,0.3411764705882353,0.6706875753920386,0.4509367469059157,0.8134773769019155,0.2914525509429768,0.18482909731865593,0.05502896807429397,0.8027313918113169,0.4129124366400138,0.1893448458278397,0.3357817418677859,0.6881258941344778,0.45969430894213903,0.8772343277294922,0.3870561206001712,0.157521451642648,0.06761345079471874,0.8142593863901999,0.41947849295601425,0.20551220560046377,-0.09560356965719441,74.09108664772728,-0.0010957528601114874,0.0041359143449831715
2019,137,1181,1295,85,62,23,1,0,-15,-190.2,17.392789373814043,1.129188243143987,0.9185475238542761,1.0807375849381227,1.1019842081745952,0.3019559902200489,0.6897470039946737,0.4790387672524092,0.861621089860795,0.3226972663017755,0.17720332610807304,0.10574535605560921,0.8662413897945807,0.3963465664160756,0.19807637610452566,0.3684210526315789,0.7647058823529412,0.45228782683098345,0.8166762352163545,0.3943356743923298,0.15694098072289595,0.04318782149759422,0.8700648917811511,0.4712731958779861,0.14622243664682244,-0.07163840809055433,70.62432400379507,0.05083878494166816,0.09971580949762882
2019,137,1209,1222,55,84,-29,0,0,11,89.2,-11.632352941176471,1.0699583028053195,1.0237279064536697,1.1182986639231174,0.9121442963438814,0.38403990024937656,0.6564885496183206,0.45921787742776854,0.8104292818184445,0.3556454326511546,0.16643677578193253,0.07703148746270805,0.8409908088738787,0.42655846988840623,0.21059586462474114,0.3593570608495981,0.7017001545595054,0.4447095533267746,0.8844764648168026,0.37978374456906877,0.16755546915486388,0.08007165802372325,0.8244067907075954,0.37166884938329264,0.18163540716649704,-0.024138311917914157,69.22272518382353,-0.020190648202059847,-0.023560841340128758
2019,137,1153,1234,72,79,-7,0,0,-3,-10.8,4.833333333333333,1.0915470850558684,0.9587270848041252,1.1047265472734447,1.0397273656226655,0.34984520123839014,0.7043010752688172,0.4322391188534078,0.8802798707410723,0.29009705869337266,0.16040297153034433,0.08582698553865324,0.8244822939027439,0.4071557470832919,0.2080928019080473,0.36129905277401897,0.7403245942571784,0.4558461753599806,0.8133146495270059,0.31788668966283856,0.17172259450275357,0.05520880688923542,0.8458976174045795,0.45029604955626673,0.1855142214349648,-0.027789630969465906,68.14142156862745,0.009766622983200968,0.038351922245285386
2019,137,1251,1280,80,76,4,1,0,7,46.800000000000004,2.6911045943304,1.1187061345098874,0.9549753059474937,1.119041922560191,1.0146660285620575,0.36619718309859156,0.7790432801822323,0.48788015365958226,0.8417667768236732,0.35306414245358614,0.17292464213875114,0.04814833420290641,0.8039828017835924,0.4265080856825765,0.20661693550764804,0.37765957446808507,0.7147435897435898,0.47414129911912917,0.8470500839881441,0.33087917284652574,0.19188342015781598,0.08712510965113233,0.8309482094018253,0.43676711819918573,0.19600612701869227,0.0221849696070604,66.94707966764419,0.011998943528531147,-0.05720128692569987
2019,137,1233,1314,73,88,-15,0,0,15,187.39999999999998,-11.902462121212121,1.0801202933205276,1.0544982939092924,1.1202022681541475,0.9622190788176583,0.35074626865671643,0.7412280701754386,0.4543759336054915,0.8110785921358903,0.35405657624260845,0.1728574742486369,0.04633931303238716,0.8538007901957323,0.4449898392568659,0.18564905755551755,0.36536030341340076,0.7415565345080763,0.46304465959498253,0.8757359693477069,0.3154650148426587,0.16890190253214235,0.05578805539141704,0.8231946278693487,0.4166417348124876,0.1836761047355663,0.038591561399949736,73.9952178030303,-0.018508415216934693,-0.007326143936676632
2019,137,1235,1326,59,62,-3,0,0,-5,-26.0,5.693404634581105,1.1271868452692257,0.9985519648485789,1.029786282739301,0.9925601628410968,0.3650190114068441,0.7322314049586778,0.476890598228816,0.854759224714242,0.3399853219133788,0.1605317882010605,0.07681018423995378,0.8760691309824221,0.4190688454787785,0.18769213930056927,0.343448275862069,0.7338709677419354,0.4383156639677037,0.8229852134428679,0.3280854430598273,0.18606231108795754,0.04430669652087724,0.8264847431468604,0.4245312101552581,0.18405517885017636,0.011899878853551538,68.07681595365419,0.022018649468795948,0.025416946027961518
2019,137,1279,1328,72,95,-23,0,0,-1,2.5999999999999943,2.09375,1.090080580111842,1.0075679500145351,1.0149473765793358,0.982424614150467,0.35802469135802467,0.7829059829059829,0.46046218202664857,0.8348844402006553,0.3312676168891312,0.1827278223748135,0.06401569700108511,0.8101766897908459,0.44201935605929843,0.20809736800696885,0.34248788368336025,0.6911262798634812,0.4459201831401157,0.8362784562828648,0.27676522908171935,0.1734523132791596,0.04938481253105049,0.8845517017697792,0.4052042048918295,0.1732203957211045,0.054502387807411845,69.519140625,-0.011136576140468035,0.029812075108659575
2019,137,1332,1458,72,54,18,1,0,7,27.6,-0.09350649350649398,1.0607419999642642,0.9459901793407581,1.0450531015645461,0.9272939340336407,0.3432258064516129,0.7185929648241207,0.45226194791086105,0.8461255110411775,0.33272546577583617,0.1784563237428683,0.07837179704011284,0.8014131899058266,0.40468934397157524,0.2108063683808354,0.36604361370716515,0.6486486486486486,0.45371376265710645,0.867714712782838,0.29512150936677584,0.144124271158662,0.07409342879877566,0.8708363495756288,0.3928692756064635,0.1711498251006149,0.037603956409060335,66.2366774891775,-0.006635941555678593,0.03436397570499272
2019,137,1159,1397,70,77,-7,0,0,13,121.0,-6.757575757575758,1.1093301221254537,1.0255750762784723,1.1599341141055795,0.9921883641876921,0.390625,0.7430683918669131,0.4803264623364844,0.8323836094660374,0.3417935557197741,0.1935156260175816,0.058039111878226836,0.8447534080142216,0.4393443904519475,0.17901534302857794,0.36190476190476195,0.767019667170953,0.4959483321903219,0.8546944926859322,0.2716490563125911,0.15766515777100046,0.08907008111548279,0.8482471422565876,0.40421013104301534,0.18158188800689312,0.07014449940718298,69.24166666666667,-0.02537806463138481,-0.027312918152650356
2019,137,1297,1403,57,72,-15,0,0,11,88.2,-6.0625,1.1135414595847375,1.00400905138783,1.0827669853121793,0.8697144567381864,0.3639896373056995,0.6696969696969697,0.474892695277068,0.8332257754874225,0.34581810715002925,0.17628245704684495,0.068079281949444,0.8132886750602456,0.42617798194402456,0.18545329609442,0.3676703645007924,0.7277310924369748,0.4716983792893504,0.81959790832908,0.29301843177292186,0.18150493367573758,0.09155217406096679,0.7803629106493161,0.36733084469844546,0.22927347132423195,0.05279967537710739,68.830078125,-0.02782641062893071,0.0037633680949183956
2019,137,1243,1414,64,70,-6,0,0,-9,-46.599999999999994,-2.2771836007130126,1.0149172401113722,0.9164250112713719,1.0856697777026596,0.9427929151522279,0.3357348703170029,0.6636851520572451,0.433100353154072,0.8496923860577317,0.32561828970504697,0.1736273884450019,0.044985040911292115,0.788803196476132,0.4161432396359727,0.2271679711457798,0.3598130841121495,0.6998254799301921,0.45628468660100346,0.8848904969997727,0.2834420958795249,0.17241410767652102,0.07362830912958981,0.8507511733551155,0.38225077144524927,0.16730598215762701,0.04217619382552207,65.92184714795009,-0.02853840081882747,-0.028461001073252334
2019,137,1416,1433,73,58,15,1,0,1,4.799999999999997,-2.005040322580645,1.073839240516526,0.9511708586095117,1.0296317171951885,0.8816722135321577,0.3540268456375839,0.6453715775749673,0.4656262459232246,0.7927334991286116,0.2852670383608182,0.17921077877508776,0.07570511524764856,0.864538740903568,0.39648630266288315,0.18247147880124767,0.3073825503355705,0.6978527607361963,0.44422746160622417,0.8184684734139662,0.3362403134119607,0.2011669859493985,0.08251378075717636,0.7913161198485749,0.3842692822803206,0.23481304345907,-0.05097327505114252,68.28382056451613,0.004590881967218907,-0.011086807604795468
2019,137,1205,1438,56,71,-15,0,0,15,161.4,-14.42641129032258,1.0855854139075345,1.0519503823831917,1.1680473354900542,0.9005487379155328,0.37676609105180536,0.7159940209267563,0.47783090505365816,0.78864057895976,0.2926084930323977,0.16716706524087369,0.041547141460835546,0.8742105288724934,0.42809686590270796,0.18008370590227443,0.40874811463046756,0.7461538461538462,0.4777861651387858,0.8742099161486525,0.3381270794455375,0.14561649653708383,0.07119331581862484,0.8561502253500792,0.3835898011969051,0.17907227441579415,-0.04551858641313977,65.69848790322581,-0.022231162395465298,-0.011908527906394073
2019,137,1387,1439,52,66,-14,0,0,9,87.0,-8.591964285714285,1.0057131516827393,0.9536521704758169,1.141811764585223,0.9545440748903258,0.30828220858895705,0.5977301387137453,0.41981725379130147,0.8579035145772861,0.2810551295968013,0.1885996970060423,0.07435085106493895,0.8128944457020346,0.41381332309369706,0.19255851450152597,0.3940949935815148,0.7577981651376147,0.4752632510447142,0.8383217191673815,0.37809038522432314,0.1751979323668486,0.0444400489442055,0.821644083783075,0.4057495528738324,0.21582881116293906,-0.09703525562752185,65.75277901785714,-0.031754883736638706,0.022596673241109477
2019,137,1429,1449,61,78,-17,0,0,-1,-12.199999999999996,6.498217468805704,1.1261702201141193,0.9486498423097213,1.0390379036653037,0.953161501292239,0.3571428571428571,0.7482219061166429,0.4760879767835732,0.83085842059485,0.3174856078064004,0.17769786098865453,0.07368363447808607,0.8179395515957442,0.39334371402325746,0.17158530489599758,0.3460490463215259,0.6944444444444444,0.45579684749912835,0.8096474011380219,0.3211319426476334,0.1985577087548849,0.10551257585332051,0.8003104680295668,0.41714627181281644,0.2408269664859219,-0.003646334841233001,68.68977272727273,0.02204684353700187,-0.04841163010315436
2019,138,1120,1242,89,75,14,1,0,1,-7.400000000000002,5.000000000000001,1.1300451712579387,0.9968857494017087,1.0582787205229596,0.9829255851768903,0.3807654563297351,0.7158555729984302,0.4475788716717166,0.8664432609710458,0.4307886600913377,0.17257309899217504,0.09120361480779202,0.768256463155403,0.4401235968293755,0.2551218618720266,0.3504273504273504,0.6974281391830559,0.46334316232711603,0.8296745834170036,0.2906533594984172,0.1869961931013506,0.06410437476930352,0.8584501264169336,0.41064533049649365,0.18356884879290036,0.1401353005929205,70.52279411764707,-0.02262127849414064,0.037212057510806584
2019,138,1199,1293,90,62,28,1,0,-8,-36.800000000000004,-5.412778904665315,1.0620893896339785,0.9614917117041166,1.1439014447883173,0.9624263453688539,0.33552631578947373,0.740638002773925,0.44390904722089397,0.8276242088540089,0.3176249823572862,0.19155062450519583,0.076052656687198,0.7976527926097136,0.41153716393486883,0.20244966849889504,0.3441358024691358,0.7418244406196214,0.48706026137694436,0.8493482048015563,0.31496999111229124,0.17117017199231538,0.07371350200393524,0.8510189497361673,0.41130203170892726,0.19570878223654692,0.002654991244994964,70.9142621703854,-0.02169317319099595,-0.01408075247498819
2019,138,1124,1211,71,83,-12,0,0,8,42.800000000000004,-19.31912878787879,1.0745772790939894,1.0031009674520885,1.2373015629943844,0.9082311212204633,0.339572192513369,0.6738410596026491,0.44208138353047355,0.8697512637107874,0.35124574620684934,0.19891302492136517,0.08469564937162509,0.8232725721406939,0.4237609217027444,0.18477713243308014,0.36505681818181823,0.7674094707520891,0.5309468548303148,0.8461842574187577,0.2979357239883715,0.1444853910848794,0.08976353644209822,0.860610295314298,0.38722718087274693,0.1889740073134348,0.05331002221847786,69.22315340909091,-0.06269960606491931,0.04690538962556978
2019,138,1246,1459,62,56,6,1,0,-5,-11.6,-2.3636363636363633,1.132761173212689,0.9529151150033163,1.1757669181766757,0.9806425691949667,0.3638025594149909,0.7397435897435897,0.479222216506032,0.821355501089472,0.24545966070481878,0.18612034976724884,0.08799912989572346,0.847374902271993,0.40162026606412365,0.18259873473801413,0.4158163265306123,0.7054108216432865,0.48725606379392555,0.8729769724068314,0.3798238878629034,0.1632152495206194,0.0539565429367678,0.8034214753856279,0.43612156141863184,0.19332404090341263,-0.1343642271580846,68.39890151515152,0.013233724033307304,0.028398076904286307
2019,138,1261,1268,69,67,2,1,0,-3,-4.0,2.0625,1.1246008001157723,1.00683025970549,1.0712616246974231,0.9860765838515891,0.3230088495575221,0.7540322580645161,0.4648316101692933,0.8544407984617972,0.2928147037850449,0.1813615894018387,0.07411013338633275,0.8149401724872685,0.43537045152736603,0.20661244853151095,0.3531202435312024,0.7482876712328768,0.4546968076473487,0.8377574145537457,0.3107978288054874,0.19849275761700652,0.08212049767171012,0.8869337947873928,0.39840969946998334,0.14168347739656922,-0.01798312502044247,69.45,-0.013412974767719077,0.044385171656606937
2019,138,1196,1276,49,64,-15,0,0,8,23.200000000000003,-7.2058823529411775,1.0449632276378893,0.9705624869409553,1.0833478081312706,0.8961702216663777,0.33454106280193235,0.7184801381692573,0.4281133606973259,0.8608034258897507,0.3729223303872473,0.18024799948738116,0.07025878937441496,0.8083327891807631,0.423411990898528,0.22392490836052056,0.35038363171355497,0.6977186311787072,0.45113128835560823,0.8813721350019369,0.35394616751695823,0.13459772346617283,0.07537957197059768,0.8560528111496686,0.40075788285120856,0.18258765110345612,0.01897616287028908,65.20404411764706,-0.02283601785280087,0.06218722326062076
2019,138,1277,1278,70,50,20,1,0,-8,-42.0,11.676470588235295,1.1462933585366115,0.9469698937805843,1.0306008331268302,1.017157434286012,0.38367346938775515,0.75,0.4854095776913908,0.8336347175142858,0.3154126292535041,0.18672528290304116,0.08766173658442314,0.896532168929748,0.37830581719632056,0.14908828564950416,0.3212996389891697,0.6794554455445545,0.4374229421673867,0.8285457407324761,0.23817894392817002,0.17556619376511176,0.0673826404218832,0.8648296913605763,0.4353171818985008,0.1659844839574373,0.07723368532533409,68.54117647058823,0.052499000113092165,0.005656769545250295
2019,138,1345,1437,87,61,26,1,0,-3,-15.2,1.992647058823529,1.1379947939090913,0.9968980674127128,1.1226841865612491,1.0154907069754469,0.36416861826697894,0.7322695035460993,0.4497950690692413,0.8997402293811242,0.39914599001262563,0.15918539834950293,0.07393900660650815,0.8140659612151833,0.42306787054205064,0.19432413603940218,0.3528836754643206,0.7274074074074075,0.4417684171654621,0.8470013216515442,0.4518785912924869,0.16923453099643637,0.05333726481397444,0.8452732299193247,0.4363846613259992,0.18167148493750307,-0.05273260127986129,66.6500919117647,0.010671721343863905,0.013387094530010635
2019,139,1181,1416,77,76,1,1,0,-8,-39.0,8.10246679316888,1.129188243143987,0.9185475238542761,1.073839240516526,0.9511708586095117,0.3019559902200489,0.6897470039946737,0.4790387672524092,0.861621089860795,0.3226972663017755,0.17720332610807304,0.10574535605560921,0.8662413897945807,0.3963465664160756,0.19807637610452566,0.3540268456375839,0.6453715775749673,0.4656262459232246,0.7927334991286116,0.2852670383608182,0.17921077877508776,0.07570511524764856,0.864538740903568,0.39648630266288315,0.18247147880124767,0.037430227940957295,70.63924335863378,0.00677612878799605,0.03485360271978882
2019,139,1222,1326,74,59,15,1,0,-8,-30.6,10.958110516934047,1.1182986639231174,0.9121442963438814,1.029786282739301,0.9925601628410968,0.3593570608495981,0.7017001545595054,0.4447095533267746,0.8844764648168026,0.37978374456906877,0.16755546915486388,0.08007165802372325,0.8244067907075954,0.37166884938329264,0.18163540716649704,0.343448275862069,0.7338709677419354,0.4383156639677037,0.8229852134428679,0.3280854430598273,0.18606231108795754,0.04430669652087724,0.8264847431468604,0.4245312101552581,0.18405517885017636,0.051698301509241484,67.47313948306595,0.02962812506551815,0.03677702841773123
2019,139,1314,1449,81,59,22,1,0,-8,-45.0,7.680035650623886,1.1202022681541475,0.9622190788176583,1.0390379036653037,0.953161501292239,0.36536030341340076,0.7415565345080763,0.46304465959498253,0.8757359693477069,0.3154650148426587,0.16890190253214235,0.05578805539141704,0.8231946278693487,0.4166417348124876,0.1836761047355663,0.3460490463215259,0.6944444444444444,0.45579684749912835,0.8096474011380219,0.3211319426476334,0.1985577087548849,0.10551257585332051,0.8003104680295668,0.41714627181281644,0.2408269664859219,-0.005666927804974686,71.9405303030303,0.003876174548091471,-0.028644426246522303
2019,139,1332,1414,73,54,19,1,0,-1,-25.599999999999994,-1.310084033613446,1.0607419999642642,0.9459901793407581,1.0856697777026596,0.9427929151522279,0.3432258064516129,0.7185929648241207,0.45226194791086105,0.8461255110411775,0.33272546577583617,0.1784563237428683,0.07837179704011284,0.8014131899058266,0.40468934397157524,0.2108063683808354,0.3598130841121495,0.6998254799301921,0.45628468660100346,0.8848904969997727,0.2834420958795249,0.17241410767652102,0.07362830912958981,0.8507511733551155,0.38225077144524927,0.16730598215762701,0.04928336989631127,66.68011554621849,-0.013230655608234165,-0.012741467533488593
2019,139,1234,1397,77,83,-6,0,1,8,31.0,-7.515151515151515,1.1047265472734447,1.0397273656226655,1.1599341141055795,0.9921883641876921,0.36129905277401897,0.7403245942571784,0.4558461753599806,0.8133146495270059,0.31788668966283856,0.17172259450275357,0.05520880688923542,0.8458976174045795,0.45029604955626673,0.1855142214349648,0.36190476190476195,0.767019667170953,0.4959483321903219,0.8546944926859322,0.2716490563125911,0.15766515777100046,0.08907008111548279,0.8482471422565876,0.40421013104301534,0.18158188800689312,0.04623763335024744,70.56742424242424,-0.043094037671796315,-0.013411369677299556
2019,139,1138,1403,58,78,-20,0,0,3,11.600000000000001,0.005681818181818343,1.1295808009658868,0.9438537198732018,1.0827669853121793,0.8697144567381864,0.3357817418677859,0.6881258941344778,0.45969430894213903,0.8772343277294922,0.3870561206001712,0.157521451642648,0.06761345079471874,0.8142593863901999,0.41947849295601425,0.20551220560046377,0.3676703645007924,0.7277310924369748,0.4716983792893504,0.81959790832908,0.29301843177292186,0.18150493367573758,0.09155217406096679,0.7803629106493161,0.36733084469844546,0.22927347132423195,0.09403768882724933,71.40124289772727,-0.03207585930239004,0.008010427768080142
2019,139,1328,1438,51,63,-12,0,0,8,40.0,-13.84375,1.0149473765793358,0.982424614150467,1.1680473354900542,0.9005487379155328,0.34248788368336025,0.6911262798634812,0.4459201831401157,0.8362784562828648,0.27676522908171935,0.1734523132791596,0.04938481253105049,0.8845517017697792,0.4052042048918295,0.1732203957211045,0.40874811463046756,0.7461538461538462,0.4777861651387858,0.8742099161486525,0.3381270794455375,0.14561649653708383,0.07119331581862484,0.8561502253500792,0.3835898011969051,0.17907227441579415,-0.06136185036381814,65.69296875,-0.02674019284679724,-0.01267941390409738
2019,139,1251,1439,58,67,-9,0,0,8,56.400000000000006,-2.003024193548388,1.1187061345098874,0.9549753059474937,1.141811764585223,0.9545440748903258,0.36619718309859156,0.7790432801822323,0.48788015365958226,0.8417667768236732,0.35306414245358614,0.17292464213875114,0.04814833420290641,0.8039828017835924,0.4265080856825765,0.20661693550764804,0.3940949935815148,0.7577981651376147,0.4752632510447142,0.8383217191673815,0.37809038522432314,0.1751979323668486,0.0444400489442055,0.821644083783075,0.4057495528738324,0.21582881116293906,-0.025026242770737006,64.75298639112904,-0.004070815096937963,-0.01995844942276137
2019,143,1199,1211,58,72,-14,0,0,3,11.0,-15.993761140819966,1.0620893896339785,0.9614917117041166,1.2373015629943844,0.9082311212204633,0.33552631578947373,0.740638002773925,0.44390904722089397,0.8276242088540089,0.3176249823572862,0.19155062450519583,0.076052656687198,0.7976527926097136,0.41153716393486883,0.20244966849889504,0.36505681818181823,0.7674094707520891,0.5309468548303148,0.8461842574187577,0.2979357239883715,0.1444853910848794,0.08976353644209822,0.860610295314298,0.38722718087274693,0.1889740073134348,0.01968925836891472,71.07637032085562,-0.05567389533577133,0.013633468783629699
2019,143,1345,1397,99,94,5,1,1,1,3.1999999999999993,-2.8068181818181817,1.1379947939090913,0.9968980674127128,1.1599341141055795,0.9921883641876921,0.36416861826697894,0.7322695035460993,0.4497950690692413,0.8997402293811242,0.39914599001262563,0.15918539834950293,0.07393900660650815,0.8140659612151833,0.42306787054205064,0.19432413603940218,0.36190476190476195,0.767019667170953,0.4959483321903219,0.8546944926859322,0.2716490563125911,0.15766515777100046,0.08907008111548279,0.8482471422565876,0.40421013104301534,0.18158188800689312,0.1274969337000345,68.61690340909091,-0.032505501310057916,-0.004570452161788641
2019,143,1276,1403,44,63,-19,0,0,-1,-4.4,-1.9889705882352935,1.0833478081312706,0.8961702216663777,1.0827669853121793,0.8697144567381864,0.35038363171355497,0.6977186311787072,0.45113128835560823,0.8813721350019369,0.35394616751695823,0.13459772346617283,0.07537957197059768,0.8560528111496686,0.40075788285120856,0.18258765110345612,0.3676703645007924,0.7277310924369748,0.4716983792893504,0.81959790832908,0.29301843177292186,0.18150493367573758,0.09155217406096679,0.7803629106493161,0.36733084469844546,0.22927347132423195,0.06092773574403637,66.45792738970587,-0.026997064543252625,-0.03201406725547262
2019,143,1332,1438,49,53,-4,0,0,11,40.8,-9.238392857142857,1.0607419999642642,0.9459901793407581,1.1680473354900542,0.9005487379155328,0.3432258064516129,0.7185929648241207,0.45226194791086105,0.8461255110411775,0.33272546577583617,0.1784563237428683,0.07837179704011284,0.8014131899058266,0.40468934397157524,0.2108063683808354,0.40874811463046756,0.7461538461538462,0.4777861651387858,0.8742099161486525,0.3381270794455375,0.14561649653708383,0.07119331581862484,0.8561502253500792,0.3835898011969051,0.17907227441579415,-0.005401613669701322,63.98544642857143,-0.02331188000129747,0.006869770502501593
2019,144,1120,1314,97,80,17,1,0,4,7.3999999999999995,-2.827094474153297,1.1300451712579387,0.9968857494017087,1.1202022681541475,0.9622190788176583,0.3807654563297351,0.7158555729984302,0.4475788716717166,0.8664432609710458,0.4307886600913377,0.17257309899217504,0.09120361480779202,0.768256463155403,0.4401235968293755,0.2551218618720266,0.36536030341340076,0.7415565345080763,0.46304465959498253,0.8757359693477069,0.3154650148426587,0.16890190253214235,0.05578805539141704,0.8231946278693487,0.4166417348124876,0.1836761047355663,0.115323645248679,73.21663324420678,-0.019473824970076936,0.034633482403110594
2019,144,1181,1439,75,73,2,1,0,-3,-9.0,4.0349264705882355,1.129188243143987,0.9185475238542761,1.141811764585223,0.9545440748903258,0.3019559902200489,0.6897470039946737,0.4790387672524092,0.861621089860795,0.3226972663017755,0.17720332610807304,0.10574535605560921,0.8662413897945807,0.3963465664160756,0.19807637610452566,0.3940949935815148,0.7577981651376147,0.4752632510447142,0.8383217191673815,0.37809038522432314,0.1751979323668486,0.0444400489442055,0.821644083783075,0.4057495528738324,0.21582881116293906,-0.05539311892254767,69.42690716911764,0.0065892513327259206,0.04789595338271968
2019,144,1222,1246,58,62,-4,0,0,1,5.6,3.0793226381461682,1.1182986639231174,0.9121442963438814,1.132761173212689,0.9529151150033163,0.3593570608495981,0.7017001545595054,0.4447095533267746,0.8844764648168026,0.37978374456906877,0.16755546915486388,0.08007165802372325,0.8244067907075954,0.37166884938329264,0.18163540716649704,0.3638025594149909,0.7397435897435897,0.479222216506032,0.821355501089472,0.24545966070481878,0.18612034976724884,0.08799912989572346,0.847374902271993,0.40162026606412365,0.18259873473801413,0.13432408386425,67.7307152406417,-0.0022806232492131873,-0.008092027318119754
2019,144,1261,1277,63,80,-17,0,0,1,14.8,-4.950367647058824,1.1246008001157723,1.00683025970549,1.1462933585366115,0.9469698937805843,0.3230088495575221,0.7540322580645161,0.4648316101692933,0.8544407984617972,0.2928147037850449,0.1813615894018387,0.07411013338633275,0.8149401724872685,0.43537045152736603,0.20661244853151095,0.38367346938775515,0.75,0.4854095776913908,0.8336347175142858,0.3154126292535041,0.18672528290304116,0.08766173658442314,0.896532168929748,0.37830581719632056,0.14908828564950416,-0.02259792546845918,70.59356617647059,-0.038821300926571545,0.03207240099943509
2019,145,1211,1403,69,75,-6,0,0,-2,-6.6,9.975378787878789,1.2373015629943844,0.9082311212204633,1.0827669853121793,0.8697144567381864,0.36505681818181823,0.7674094707520891,0.5309468548303148,0.8461842574187577,0.2979357239883715,0.1444853910848794,0.08976353644209822,0.860610295314298,0.38722718087274693,0.1889740073134348,0.3676703645007924,0.7277310924369748,0.4716983792893504,0.81959790832908,0.29301843177292186,0.18150493367573758,0.09155217406096679,0.7803629106493161,0.36733084469844546,0.22927347132423195,0.00491729221544962,69.75010653409092,0.019676069683331465,0.002354159285768098
2019,145,1345,1438,75,80,-5,0,1,2,10.0,-7.40625,1.1379947939090913,0.9968980674127128,1.1680473354900542,0.9005487379155328,0.36416861826697894,0.7322695035460993,0.4497950690692413,0.8997402293811242,0.39914599001262563,0.15918539834950293,0.07393900660650815,0.8140659612151833,0.42306787054205064,0.19432413603940218,0.40874811463046756,0.7461538461538462,0.4777861651387858,0.8742099161486525,0.3381270794455375,0.14561649653708383,0.07119331581862484,0.8561502253500792,0.3835898011969051,0.17907227441579415,0.061018910567088136,64.1546875,-0.03373458270734503,0.024030904147389842
2019,146,1120,1246,77,71,6,1,1,3,4.799999999999999,-1.0089126559714785,1.1300451712579387,0.9968857494017087,1.132761173212689,0.9529151150033163,0.3807654563297351,0.7158555729984302,0.4475788716717166,0.8664432609710458,0.4307886600913377,0.17257309899217504,0.09120361480779202,0.768256463155403,0.4401235968293755,0.2551218618720266,0.3638025594149909,0.7397435897435897,0.479222216506032,0.821355501089472,0.24545966070481878,0.18612034976724884,0.08799912989572346,0.847374902271993,0.40162026606412365,0.18259873473801413,0.18532899938651892,68.80792112299466,-0.03507333779978361,0.010970757739704351
2019,146,1181,1277,67,68,-1,0,0,-1,-1.4000000000000004,2.6470588235294112,1.129188243143987,0.9185475238542761,1.1462933585366115,0.9469698937805843,0.3019559902200489,0.6897470039946737,0.4790387672524092,0.861621089860795,0.3226972663017755,0.17720332610807304,0.10574535605560921,0.8662413897945807,0.3963465664160756,0.19807637610452566,0.38367346938775515,0.75,0.4854095776913908,0.8336347175142858,0.3154126292535041,0.18672528290304116,0.08766173658442314,0.896532168929748,0.37830581719632056,0.14908828564950416,0.00728463704827137,71.42242647058823,-0.012205779829368324,0.026519795597192863
2019,152,1277,1403,51,61,-10,0,0,-1,-5.8,-0.5183823529411757,1.1462933585366115,0.9469698937805843,1.0827669853121793,0.8697144567381864,0.38367346938775515,0.75,0.4854095776913908,0.8336347175142858,0.3154126292535041,0.18672528290304116,0.08766173658442314,0.896532168929748,0.37830581719632056,0.14908828564950416,0.3676703645007924,0.7277310924369748,0.4716983792893504,0.81959790832908,0.29301843177292186,0.18150493367573758,0.09155217406096679,0.7803629106493161,0.36733084469844546,0.22927347132423195,0.022394197480582245,68.26895680147058,0.0013681129520826674,0.019452139376641142
2019,152,1120,1438,62,63,-1,0,0,4,11.0,-6.487132352941176,1.1300451712579387,0.9968857494017087,1.1680473354900542,0.9005487379155328,0.3807654563297351,0.7158555729984302,0.4475788716717166,0.8664432609710458,0.4307886600913377,0.17257309899217504,0.09120361480779202,0.768256463155403,0.4401235968293755,0.2551218618720266,0.40874811463046756,0.7461538461538462,0.4777861651387858,0.8742099161486525,0.3381270794455375,0.14561649653708383,0.07119331581862484,0.8561502253500792,0.3835898011969051,0.17907227441579415,0.09266158064580021,65.61047794117647,-0.043370544549769796,0.042761536095029196
2019,154,1403,1438,77,85,-8,0,1,2,8.8,-2.96875,1.0827669853121793,0.8697144567381864,1.1680473354900542,0.9005487379155328,0.3676703645007924,0.7277310924369748,0.4716983792893504,0.81959790832908,0.29301843177292186,0.18150493367573758,0.09155217406096679,0.7803629106493161,0.36733084469844546,0.22927347132423195,0.40874811463046756,0.7461538461538462,0.4777861651387858,0.8742099161486525,0.3381270794455375,0.14561649653708383,0.07119331581862484,0.8561502253500792,0.3835898011969051,0.17907227441579415,-0.04510864767261563,64.650390625,0.005085585324512143,0.003380001189561388
2021,136,1179,1455,53,52,1,1,0,0,-15.999999999999993,8.553606237816764,1.1257807927908405,0.9693797678328038,1.0102690877615192,0.990076719536669,0.36614173228346464,0.7107843137254902,0.48817526172768316,0.8840831107994224,0.278636525266628,0.13802066239069005,0.05072261758821499,0.8132371458526227,0.43033326362994956,0.18033484571458538,0.34490238611713664,0.6985981308411214,0.40652726739852535,0.8302066191553353,0.34300410204250875,0.14831340712265498,0.057550657876617874,0.86661887239392,0.41357858996382635,0.16412842032426103,-0.06436757677588073,69.58021442495127,0.03244666033151733,-0.02575881528931223
2021,136,1111,1313,53,54,-1,0,0,0,-7.600000000000023,-4.654761904761904,0.9938793738654814,0.9997672547929236,1.0104193857821149,0.9518793788209768,0.326158940397351,0.7158590308370043,0.40513790554781176,0.8372870919460689,0.3687027588672523,0.16195040323882445,0.05516674393257349,0.8425702056815552,0.44287453672148497,0.189337840926199,0.3736017897091723,0.7089397089397089,0.4339972453047398,0.7929050134292298,0.2842507676774071,0.17028249423562072,0.055811893785662044,0.7704500321773731,0.40401332908015064,0.19669752412754057,0.0844519911898452,71.53675595238096,-0.03386027369913125,0.01936266299161188
2021,136,1291,1411,52,60,-8,0,0,0,-16.19999999999999,-2.069169960474308,0.9819390653592447,0.948409246529494,0.9859900256876096,0.9429546427494763,0.33718244803695147,0.6779661016949152,0.4275271660138826,0.8369168510494098,0.304005426458571,0.1916053727527992,0.07319462178453663,0.8578078553254458,0.40809152870754223,0.15216907132335902,0.27704485488126646,0.7064393939393939,0.44892004500324173,0.7936243781440723,0.22101526007389624,0.19862657878193724,0.0758935224155077,0.8031320162953278,0.4059044264064783,0.18473192001502503,0.08299016638467474,69.86763833992094,-0.011789990645211579,-0.0168522889186834
2021,136,1277,1417,80,86,-6,0,1,0,10.0,-5.864672364672364,0.9860696092489171,1.013670430272934,1.0694210151308805,1.0095891399531918,0.3202979515828678,0.7206477732793521,0.4245479154143887,0.8360240192553555,0.2836320459149966,0.1779860533198392,0.08058267228513305,0.8277543339045493,0.4264102804901019,0.14062490733531327,0.3673036093418259,0.7210743801652892,0.4636146624411215,0.8395032079260883,0.26457816189580785,0.16027666275535818,0.0473774679900928,0.8260537357209166,0.44127862084453484,0.16447780374148882,0.019053884019188727,68.93746438746439,-0.012099203336149944,0.01035924645066344
2021,137,1116,1159,85,68,17,1,0,-11,-44.0,-6.019047619047621,1.0670783058588396,0.9251530875418299,1.175570497066009,0.9267785293266303,0.3389830508474576,0.7369308600337269,0.45465252811490364,0.839720480129224,0.29966103684019857,0.16691709166680563,0.08446207131784232,0.8034632193816622,0.4156985695170164,0.19545029964327856,0.4023668639053254,0.7312925170068026,0.50076906785134,0.8578012960014705,0.3067388135498844,0.1321045879546006,0.05295084304898859,0.8581208053270224,0.4080602193278153,0.16157985408662878,-0.007077776709685846,75.30276785714287,-0.026877444962818742,0.022014598564956023
2021,137,1124,1216,79,55,24,1,0,-15,-176.4,15.349637681159418,1.1715433455858424,0.9362728351077404,0.9819723345127208,0.9336140642871521,0.41821247892074204,0.6968215158924205,0.49344767462521855,0.8764721922933852,0.3437756681624747,0.1691697729469023,0.06805478943599495,0.7801114723660931,0.4325002927510275,0.2344611633171653,0.32706766917293234,0.7122905027932961,0.4361475475811611,0.8092314552168491,0.3444889214179985,0.18216649377273597,0.036071214858874316,0.8343064738363569,0.4223911998156175,0.19597781668268685,-0.0007132532555237936,69.594678442029,0.023595517054323722,0.0861183952711726
2021,137,1196,1439,75,70,5,1,1,-3,-11.799999999999997,-2.4886128364389233,1.0403295797208267,0.968254809022883,1.0528497351689716,0.9657608599105475,0.3568181818181818,0.7573696145124716,0.46616180150993786,0.7957960957498318,0.26849208649054473,0.19612787675612856,0.0914519033075785,0.8106563113376428,0.4198010029064569,0.1917605621876189,0.356701030927835,0.6972010178117047,0.45200721570918484,0.8231470160749181,0.3365844621246465,0.16255827188566713,0.0712941399120749,0.8159796726024172,0.41813937589691796,0.16122012291771673,-0.06809237563410175,69.80383022774328,0.006246479395607074,0.05947405540390388
2021,137,1156,1222,56,87,-31,0,0,13,162.6,-17.115384615384617,1.0152758848340242,1.0047272266379619,1.1402899215093536,0.8608422598646827,0.31923076923076926,0.6694214876033058,0.4522092666720542,0.8254780320086227,0.2864558049197115,0.17578997873099264,0.041677862426303336,0.8084483899425808,0.42541528825922825,0.19417890329364929,0.35479041916167664,0.742798353909465,0.4359784915632886,0.9089170550577241,0.3856435348635567,0.15148712973765083,0.0917123627503682,0.7596212582002142,0.3768989024135576,0.20279876444219477,-0.09918772994384517,68.80288461538461,-0.01614280536845253,-0.023086042704596466
2021,137,1180,1228,49,78,-29,0,0,15,132.4,-7.540834845735027,1.080520666706553,1.0011860183920287,1.1106978917320502,0.9449270657322464,0.3719676549865229,0.777027027027027,0.47891276868115706,0.82467300719064,0.2941552258984914,0.1775987908383814,0.04343831148690782,0.8380912638717064,0.4421532750994936,0.15734523287288163,0.37595419847328243,0.6905829596412556,0.49797957105394797,0.8057472998789464,0.24741331506388747,0.17412236151767227,0.04659683446054607,0.8276170459738821,0.41206703133165,0.15081911875370335,0.04674191083460394,69.71245462794917,-0.024576523070317213,-0.009061209292610561
2021,137,1210,1260,60,71,-11,0,0,1,14.399999999999999,-9.172307692307692,1.0744766630721767,0.9942782292443669,1.0918395865813406,0.875902949039152,0.34870848708487084,0.7270588235294118,0.4781684544578502,0.8337330613945052,0.3093235377169278,0.14850237117287463,0.0604152550286686,0.797028002206185,0.460244475559283,0.21455639008803903,0.3565737051792829,0.7331730769230769,0.4996649257677035,0.8064858466788435,0.2971861378417455,0.17493402554382168,0.04550879375250678,0.8053069970045004,0.41223398060504574,0.19984201679838415,0.012137399875182253,67.57442307692307,-0.03475348313204524,0.03043375636269624
2021,137,1317,1345,78,69,9,1,1,9,55.4,2.825185185185185,1.0389000786551985,0.9104851563059779,1.0558526303375806,0.9791101724035776,0.37298387096774194,0.7348066298342542,0.47007576722462374,0.8156349198743985,0.30258193668358596,0.19051572539081352,0.057003735461544844,0.7950052251912433,0.4032813172252603,0.20151372284388297,0.33507853403141363,0.7113821138211383,0.45317423875704704,0.8395636191541472,0.3143436028634079,0.176057468154144,0.05900035648161601,0.8296603754766764,0.41574700400673165,0.15876690446550973,-0.011761666179821939,66.43566666666666,0.014683607624524031,-0.017030041374532123
2021,137,1251,1329,60,69,-9,0,0,9,67.2,6.821428571428571,1.1314176104391582,0.9454657581973066,1.0217875318030993,0.9635826302752217,0.3877221324717286,0.7777777777777778,0.4824797136948879,0.8403104415213756,0.3998968666408946,0.14887242089794628,0.044015465170044406,0.8128605027421019,0.42328434224295325,0.16527268231556777,0.3383742911153119,0.7126245847176079,0.4704120021892807,0.7820713710344046,0.25102177347156646,0.206223096503456,0.06846494123357387,0.8310430471104088,0.4137296140411265,0.17950738495775376,0.14887509316932812,70.23489583333333,0.0012564916518902347,-0.07813215186323963
2021,137,1326,1331,72,75,-3,0,1,-13,-139.79999999999998,4.540579710144927,1.1188130523071054,1.0240512825960526,1.0782521479131424,1.0421384745440059,0.36484490398818314,0.763157894736842,0.46055262050197915,0.8305030399232746,0.3283356977697407,0.14372349552685862,0.059078669280612874,0.8404906253709687,0.4239229230574232,0.14198361860472758,0.38819875776397517,0.8256410256410257,0.45006284844199995,0.8285394130351552,0.37915774176263733,0.15153846645976976,0.06463826005132049,0.8389494452642666,0.4499969259368836,0.16742513895531994,-0.05082204399289664,71.3956884057971,0.018281887469719815,0.011202156203487745
2021,137,1333,1397,70,56,14,1,0,7,60.2,-9.412087912087912,1.0333619562470715,1.0357598250283253,1.0425303996848305,0.8942788869951853,0.34649910233393183,0.7602996254681648,0.4276985454291422,0.8375960746770523,0.2968585272608979,0.16502510747684448,0.058991957253920924,0.8030011195560943,0.4465750841326556,0.1746437709439163,0.337890625,0.7456978967495219,0.4437506140999505,0.8270319494312162,0.2848924409235537,0.17259313766036077,0.08905320571809411,0.7819239760988819,0.396302700882044,0.2156753934081605,0.011966086337344195,68.19697802197803,-0.033162225960709946,0.0016166459821882473
2021,137,1155,1353,56,60,-4,0,0,-3,7.0,1.5735785953177257,0.9964795289503635,0.94518173967936,1.0042950700426603,0.975045198031416,0.34594594594594597,0.7651006711409395,0.4293040043777881,0.8388926250079419,0.36935177422793053,0.18148545986550604,0.05536936025196683,0.7995957052468812,0.41896775787211504,0.2013062614740236,0.3108910891089109,0.6323185011709602,0.4510904703369866,0.8559117785378633,0.28044309866490325,0.15440149160208547,0.09048606456530199,0.8197550859988483,0.42158875942003105,0.1769558702820398,0.08890867556302728,67.59889214046822,-0.009582732205641209,-0.014230573863233897
2021,137,1361,1393,62,78,-16,0,0,-5,-25.8,7.303076923076923,1.0778640655426242,0.9057048540688286,1.0687065826980402,0.9868263491027774,0.37457044673539525,0.7188118811881188,0.4563876066135364,0.82656768205642,0.3255705725870236,0.15706020289008604,0.05375238497497976,0.7693624353657154,0.39632275360729924,0.20881650617041192,0.3366500829187396,0.7847222222222222,0.4419326145836041,0.866020991815218,0.3422002997426079,0.14745929690538728,0.07868724511697282,0.8503587115248546,0.4152537390848524,0.19310119672740025,-0.016629727155584306,69.83236538461539,0.016692988753742755,-0.053609726519549206
2021,137,1403,1429,65,53,12,1,0,-5,-25.799999999999997,-0.8518518518518512,1.070285392546396,0.9194099773642805,1.037007350892499,0.8863154863009897,0.3471074380165289,0.7105263157894737,0.44305996450840596,0.8416584656991207,0.26248939103007474,0.1536914355524768,0.0801108683746399,0.7643774830972494,0.4102413998512084,0.22219045281222147,0.3365019011406844,0.7175732217573223,0.44205946292019693,0.8598460672304115,0.2781087409625755,0.18562591710336798,0.08542213053855419,0.8031765067517205,0.3940229508402425,0.18981927163847326,-0.015619349932500748,69.12685185185185,-0.007608973711378364,0.020193868465641085
2021,137,1437,1457,73,63,10,1,0,-7,-76.0,-4.340909090909092,1.1169564987075093,0.99078603968623,1.0772552860191111,0.8991764798108339,0.3524305555555555,0.7654639175257731,0.4504137381382031,0.868779085705759,0.3881772763294284,0.12436212199066375,0.02664739411825723,0.8172183544035583,0.44759229291569197,0.180610965519901,0.3530434782608696,0.685823754789272,0.4624425833719367,0.8319062158369087,0.3254833147381381,0.1837377386517102,0.042475980219463444,0.7491340348354226,0.4340755275878627,0.21405053724257347,0.06269396159129031,70.7216856060606,-0.012772805280781396,-0.021179951458270563
2021,137,1287,1452,67,84,-17,0,0,11,111.79999999999998,-1.0780423280423284,0.9951702368259289,0.9309156703815935,1.0630084182996173,0.9952199609500817,0.34705882352941175,0.6825688073394496,0.4624457197374863,0.7736542328762395,0.26723735075190874,0.22217492226457652,0.08386089167031942,0.8485035849645142,0.40638934934280707,0.17177887065480987,0.35701275045537345,0.7171253822629969,0.4302836092237206,0.8461376995401269,0.2803648259134007,0.16066788986340336,0.04758477776111705,0.8300217277116024,0.4397963121137024,0.1984054951893494,-0.01312747516149193,70.54022817460317,0.03278453664233055,-0.05481588079967353
2021,137,1314,1458,62,85,-23,0,0,-1,12.6,0.9753694581280783,1.0244829711537968,0.9541943666234066,1.0309144164235875,0.9559967960089932,0.31653225806451607,0.6677524429967427,0.4401066484968778,0.8550176275785745,0.24229859400704018,0.1942473360454997,0.07770264032779961,0.821246075575584,0.42172182958743837,0.18067713551215606,0.3599419448476052,0.7670329670329671,0.4224983830597536,0.8625578670838483,0.35192971843547743,0.127363982166407,0.06794289326092716,0.8245798731603693,0.4240970871886201,0.17012014037145887,-0.10963112442843725,70.69910714285714,0.00999176151915293,0.0950815468619452
2021,138,1101,1400,53,52,1,1,0,11,67.0,8.142140468227424,1.0520979088190139,0.8581440570495239,1.0562447879171581,0.9668274236095041,0.37701612903225806,0.6883116883116883,0.4596475580770169,0.8157136661478678,0.2978188957685201,0.18554484849962755,0.05958419459081726,0.7119445882225592,0.4031880382203349,0.2522460170009975,0.3565768621236133,0.7076023391812866,0.4578549570242376,0.8116475112132983,0.3404171341760067,0.19168218360902498,0.06708054148983811,0.8144315891960255,0.41478062380189384,0.16388610291221647,-0.04259823840748661,71.96841555183946,0.006692593317169149,-0.001090669598993399
2021,138,1104,1233,68,55,13,1,0,-13,-153.0,3.5058823529411773,1.0374438841869267,0.9133100520698639,1.0128039445945167,0.9317583042820125,0.3508771929824561,0.7202166064981951,0.4308932957911039,0.8436899739836807,0.3980966255914794,0.17877323031902753,0.06924685644894381,0.81351439687246,0.4067700292227652,0.1958113385104852,0.3547486033519553,0.7434402332361516,0.44641880703574127,0.7876935423591274,0.29598754017161033,0.20872390282303974,0.0726118532785935,0.7581902469316872,0.40036196437059723,0.18984734603693815,0.10210908541986907,74.00127450980392,-0.010966788048402676,0.006537370774954865
2021,138,1160,1207,96,73,23,1,0,-7,-33.400000000000006,9.086666666666668,1.0889062539287024,0.9463140894248435,0.9898391928014051,0.9890003207586924,0.3672131147540984,0.8215686274509804,0.45519985384336764,0.8452572767755544,0.3029318697449203,0.15335141150193335,0.05024509356912522,0.8147907675486276,0.41997155682242665,0.1836002011240712,0.36619718309859156,0.7539503386004515,0.42685610960761183,0.8124904710004682,0.31612055744222417,0.2076609068861332,0.06137115656747299,0.8690468015187919,0.4161620524516617,0.15053281485329423,-0.013188687697303858,69.60933333333332,0.012267119932495407,-0.01985694362862267
2021,138,1166,1364,63,62,1,1,0,-7,-55.0,-1.654761904761905,1.0790095878511632,0.9543606432654376,1.0884904159769861,0.921373631358399,0.36657681940700804,0.6422222222222221,0.4763520223644941,0.839542202926651,0.3719875385877963,0.15058695139076667,0.05698121602207843,0.8519823808720665,0.40747436887467264,0.17028939650804056,0.3481152993348115,0.7632135306553911,0.4707516504760041,0.8198710488782573,0.2790442249225668,0.15676355238629433,0.0489705109320858,0.7932429349698307,0.42458213511945214,0.19737531514448994,0.09294331366522951,69.62566964285715,0.01135406906663472,0.0010023084636742174
2021,138,1199,1422,64,54,10,1,0,-9,-83.0,2.4184952978056433,1.0954293513760271,0.9699897055137146,1.0257996097322222,0.9481140495485119,0.3900862068965517,0.7377049180327868,0.47656004406277275,0.8229228527288761,0.29165922420492135,0.1946071487671752,0.08609669193689488,0.808694196694073,0.40013409027791424,0.18689896744512222,0.30027173913043476,0.6829268292682927,0.42403167874204806,0.9091222547451416,0.3524444262526175,0.14637987721667547,0.06764263719217614,0.7809550801739558,0.41448666321140804,0.1961670649819887,-0.06078520204769616,72.1299960815047,0.03344046912710924,0.03906295845925445
2021,138,1211,1313,98,55,43,1,0,-15,-207.8,18.42857142857143,1.2048122724431676,0.909199714075564,1.0104193857821149,0.9518793788209768,0.36468330134357,0.7258883248730965,0.55102562543463,0.8101255297412836,0.26240008232849177,0.15536930944402402,0.04655953648390842,0.8065258863710991,0.41873760049675723,0.190864298157694,0.3736017897091723,0.7089397089397089,0.4339972453047398,0.7929050134292298,0.2842507676774071,0.17028249423562072,0.055811893785662044,0.7704500321773731,0.40401332908015064,0.19669752412754057,-0.021850685348915322,75.51792582417582,0.051152054356641774,-0.014099154193254249
2021,138,1213,1234,74,86,-12,0,0,13,96.0,-2.227586206896552,1.046221118119782,0.9166014302719576,1.1617643836052538,1.0007342783833872,0.3224181360201511,0.6921052631578948,0.4718654760095702,0.805243069192979,0.29178011014610566,0.18831638117840824,0.04660557826709693,0.8319899345683035,0.3892481831530944,0.15467551734399573,0.3860845839017736,0.7130730050933786,0.4692909098647083,0.8806900905575223,0.35061940971016936,0.12685792424216688,0.07023268379094609,0.895075558524196,0.41631607512308205,0.1527467816269845,-0.058839299564063696,70.11810344827586,0.014821229057424778,-0.03031132610920506
2021,138,1186,1242,84,93,-9,0,0,11,84.2,1.5757575757575761,1.0748647689489255,0.9702434607402125,1.0336261051818876,0.9391062831249046,0.35867446393762187,0.799492385786802,0.47055776118581405,0.8116778107430744,0.32060323966540466,0.16178740355064844,0.04521382091954771,0.8432642518055554,0.4204586130948833,0.1615042099823683,0.33793103448275863,0.7154471544715447,0.4380690949287016,0.8522859569765544,0.3089059067931545,0.17011385100075038,0.06874351788751136,0.8300417616599014,0.41153768960735737,0.18633499105126605,0.011697332872250166,71.41872895622896,0.011783871384793254,-0.04115026235531788
2021,138,1261,1382,76,61,15,1,0,-1,0.7999999999999972,-3.3722222222222227,1.1190448376752924,1.019344710785133,1.068583593164331,0.9128530434191685,0.35031847133757965,0.7473867595818815,0.4671130813230614,0.8510370223296033,0.3176068967908517,0.15171186648527332,0.04306570794853038,0.8664976768962149,0.41885640413652353,0.17336023376991783,0.35405405405405405,0.7337461300309598,0.44964497477786614,0.8785883096863388,0.28398520522696075,0.15641009311870777,0.07201717725877624,0.8370353005954673,0.39034351306436244,0.1833059626712345,0.03362169156389094,70.01155092592592,-0.005522392263482889,0.023725496991914674
2021,138,1163,1268,54,63,-9,0,0,-3,-19.400000000000002,5.444805194805195,1.0586744156722643,0.9431045845817483,1.0271119426897977,0.9870352898408612,0.33636363636363636,0.7314578005115089,0.4385293176247406,0.8798219236438846,0.29100947642265845,0.16355176366824456,0.09759392930201143,0.7985512322780434,0.4128784574705625,0.18199243969271015,0.34850863422291994,0.7033195020746887,0.4525920848719394,0.8015110511260944,0.3450277787868209,0.16295429247371165,0.0604761815979437,0.8564463794932902,0.41236548730169087,0.15771720470799416,-0.05401830236416244,67.17467532467532,-0.007287868708035217,0.08923913815156986
2021,138,1276,1411,82,66,16,1,0,-15,-220.79999999999998,7.396739130434783,1.12047300804267,0.9419580433043881,0.9859900256876096,0.9429546427494763,0.38675213675213677,0.7775,0.4824261299697255,0.8488153805646833,0.2857091066561476,0.15459709425533721,0.07047879820484144,0.8707419451117122,0.3961167392414833,0.1364024172927428,0.27704485488126646,0.7064393939393939,0.44892004500324173,0.7936243781440723,0.22101526007389624,0.19862657878193724,0.0758935224155077,0.8031320162953278,0.4059044264064783,0.18473192001502503,0.06469384658225139,71.44945652173914,0.02164688606573939,-0.03354681658848602
2021,138,1325,1438,62,58,4,1,0,9,68.2,-1.1212121212121202,1.1140828317389984,1.0085762449866376,1.1202324079195194,0.9745465128084415,0.36557059961315286,0.7063291139240506,0.49061966310186217,0.8405291371462716,0.32561936817540454,0.15870204685714615,0.034768268593950165,0.8015571713030251,0.4443576186839886,0.19302916909146325,0.38130841121495324,0.8165467625899281,0.47894153146605123,0.8624346717167413,0.36393533771187986,0.1391033599010144,0.08139644908189758,0.8557889242131825,0.4164944263296377,0.13939564768926002,-0.038315969536475314,66.7747159090909,-0.00809253035926999,0.06605707489549661
2021,138,1281,1328,68,72,-4,0,0,1,10.799999999999997,-3.8,1.0182807314359335,0.9962914348844035,1.052007703440477,0.9750797473657258,0.32037037037037036,0.6975881261595547,0.4510771766115985,0.7996155546147868,0.2998435430840566,0.181213140062985,0.060547718724847044,0.8095887997455006,0.43620835855859236,0.17340868129315326,0.338409475465313,0.744343891402715,0.4411954825759446,0.8577523463211333,0.33310610198694346,0.1472573375409215,0.057828344279976615,0.8509033489201626,0.4230399353886867,0.1785695427077735,-0.033262558902886874,71.5395,-0.0016433645671258268,0.011710600932922421
2021,138,1140,1417,62,73,-11,0,0,-5,-17.2,4.373846153846155,1.0808370572228412,0.9424508468217302,1.0694210151308805,1.0095891399531918,0.37261698440207974,0.7360774818401937,0.4781388383905141,0.8279718313717703,0.32075377195480487,0.17956009017115349,0.04737570193240238,0.8317535608796035,0.4095246793509829,0.15161451034877538,0.3673036093418259,0.7210743801652892,0.4636146624411215,0.8395032079260883,0.26457816189580785,0.16027666275535818,0.0473774679900928,0.8260537357209166,0.44127862084453484,0.16447780374148882,0.056175610058997016,70.02003846153846,0.02313905872147226,-0.009407762496926098
2021,138,1179,1425,56,72,-16,0,0,5,42.6,1.530012771392082,1.1257807927908405,0.9693797678328038,1.0630167693174544,0.9397610466740964,0.36614173228346464,0.7107843137254902,0.48817526172768316,0.8840831107994224,0.278636525266628,0.13802066239069005,0.05072261758821499,0.8132371458526227,0.43033326362994956,0.18033484571458538,0.3479087452471483,0.6471518987341772,0.46733161776224336,0.8309493206063512,0.26130917264965625,0.1733717814334309,0.08713618926209107,0.8642605004223494,0.39602412355200173,0.15788462185341876,0.01732735261697177,69.01315453384419,-0.006732748056254012,-0.02485459320797989
2021,139,1116,1403,68,66,2,1,0,-3,0.7999999999999972,2.0846560846560838,1.0670783058588396,0.9251530875418299,1.070285392546396,0.9194099773642805,0.3389830508474576,0.7369308600337269,0.45465252811490364,0.839720480129224,0.29966103684019857,0.16691709166680563,0.08446207131784232,0.8034632193816622,0.4156985695170164,0.19545029964327856,0.3471074380165289,0.7105263157894737,0.44305996450840596,0.8416584656991207,0.26248939103007474,0.1536914355524768,0.0801108683746399,0.7643774830972494,0.4102413998512084,0.22219045281222147,0.03717164581012383,72.63665674603175,0.0030676969703448687,-0.014820039212475322
2021,139,1124,1458,76,63,13,1,0,-8,-11.4,12.647988505747126,1.1715433455858424,0.9362728351077404,1.0309144164235875,0.9559967960089932,0.41821247892074204,0.6968215158924205,0.49344767462521855,0.8764721922933852,0.3437756681624747,0.1691697729469023,0.06805478943599495,0.7801114723660931,0.4325002927510275,0.2344611633171653,0.3599419448476052,0.7670329670329671,0.4224983830597536,0.8625578670838483,0.35192971843547743,0.127363982166407,0.06794289326092716,0.8245798731603693,0.4240970871886201,0.17012014037145887,-0.008154050273002755,69.79739583333333,0.03127304300152872,0.11170952198317036
2021,139,1222,1353,63,60,3,1,0,-8,-36.6,16.26923076923077,1.1402899215093536,0.8608422598646827,1.0042950700426603,0.975045198031416,0.35479041916167664,0.742798353909465,0.4359784915632886,0.9089170550577241,0.3856435348635567,0.15148712973765083,0.0917123627503682,0.7596212582002142,0.3768989024135576,0.20279876444219477,0.3108910891089109,0.6323185011709602,0.4510904703369866,0.8559117785378633,0.28044309866490325,0.15440149160208547,0.09048606456530199,0.8197550859988483,0.42158875942003105,0.1769558702820398,0.10520043619865344,68.3014423076923,0.014788939116387678,0.05361137974363972
2021,139,1228,1260,58,71,-13,0,0,-7,-14.999999999999998,-2.5198938992042432,1.1106978917320502,0.9449270657322464,1.0918395865813406,0.875902949039152,0.37595419847328243,0.6905829596412556,0.49797957105394797,0.8057472998789464,0.24741331506388747,0.17412236151767227,0.04659683446054607,0.8276170459738821,0.41206703133165,0.15081911875370335,0.3565737051792829,0.7331730769230769,0.4996649257677035,0.8064858466788435,0.2971861378417455,0.17493402554382168,0.04550879375250678,0.8053069970045004,0.41223398060504574,0.19984201679838415,-0.04977282277785805,68.94200928381963,-0.0007592027201798746,0.042961587164237924
2021,139,1196,1331,78,81,-3,0,0,-8,-111.6,2.304347826086956,1.0403295797208267,0.968254809022883,1.0782521479131424,1.0421384745440059,0.3568181818181818,0.7573696145124716,0.46616180150993786,0.7957960957498318,0.26849208649054473,0.19612787675612856,0.0914519033075785,0.8106563113376428,0.4198010029064569,0.1917605621876189,0.38819875776397517,0.8256410256410257,0.45006284844199995,0.8285394130351552,0.37915774176263733,0.15153846645976976,0.06463826005132049,0.8389494452642666,0.4499969259368836,0.16742513895531994,-0.1106656552720926,72.42880434782609,0.02314743804918229,0.044422033268984196
2021,139,1329,1333,70,80,-10,0,0,-8,-49.0,4.321428571428572,1.0217875318030993,0.9635826302752217,1.0333619562470715,1.0357598250283253,0.3383742911153119,0.7126245847176079,0.4704120021892807,0.7820713710344046,0.25102177347156646,0.206223096503456,0.06846494123357387,0.8310430471104088,0.4137296140411265,0.17950738495775376,0.34649910233393183,0.7602996254681648,0.4276985454291422,0.8375960746770523,0.2968585272608979,0.16502510747684448,0.058991957253920924,0.8030011195560943,0.4465750841326556,0.1746437709439163,-0.04583675378933144,71.31428571428572,0.03777946342583377,0.008329779776271362
2021,139,1393,1452,75,72,3,1,0,8,15.600000000000001,-0.06518518518518501,1.0687065826980402,0.9868263491027774,1.0630084182996173,0.9952199609500817,0.3366500829187396,0.7847222222222222,0.4419326145836041,0.866020991815218,0.3422002997426079,0.14745929690538728,0.07868724511697282,0.8503587115248546,0.4152537390848524,0.19310119672740025,0.35701275045537345,0.7171253822629969,0.4302836092237206,0.8461376995401269,0.2803648259134007,0.16066788986340336,0.04758477776111705,0.8300217277116024,0.4397963121137024,0.1984054951893494,0.06183547382920723,71.9678888888889,0.018095789194366718,-0.02541838080166703
2021,139,1317,1437,61,84,-23,0,0,8,62.8,-0.7690909090909086,1.0389000786551985,0.9104851563059779,1.1169564987075093,0.99078603968623,0.37298387096774194,0.7348066298342542,0.47007576722462374,0.8156349198743985,0.30258193668358596,0.19051572539081352,0.057003735461544844,0.7950052251912433,0.4032813172252603,0.20151372284388297,0.3524305555555555,0.7654639175257731,0.4504137381382031,0.868779085705759,0.3881772763294284,0.12436212199066375,0.02664739411825723,0.8172183544035583,0.44759229291569197,0.180610965519901,-0.08559533964584243,66.56672727272726,0.03198650238842615,0.01861351754087348
2021,140,1104,1268,96,77,19,1,0,-8,-27.200000000000003,7.335714285714286,1.0374438841869267,0.9133100520698639,1.0271119426897977,0.9870352898408612,0.3508771929824561,0.7202166064981951,0.4308932957911039,0.8436899739836807,0.3980966255914794,0.17877323031902753,0.06924685644894381,0.81351439687246,0.4067700292227652,0.1958113385104852,0.34850863422291994,0.7033195020746887,0.4525920848719394,0.8015110511260944,0.3450277787868209,0.16295429247371165,0.0604761815979437,0.8564463794932902,0.41236548730169087,0.15771720470799416,0.05306884680465851,71.38494047619048,-0.008051665500954874,0.06562322140906579
2021,140,1166,1325,72,58,14,1,0,-8,-65.2,1.633116883116883,1.0790095878511632,0.9543606432654376,1.1140828317389984,1.0085762449866376,0.36657681940700804,0.6422222222222221,0.4763520223644941,0.839542202926651,0.3719875385877963,0.15058695139076667,0.05698121602207843,0.8519823808720665,0.40747436887467264,0.17028939650804056,0.36557059961315286,0.7063291139240506,0.49061966310186217,0.8405291371462716,0.32561936817540454,0.15870204685714615,0.034768268593950165,0.8015571713030251,0.4443576186839886,0.19302916909146325,0.046368170412391774,71.80194805194805,0.011307804535973964,-0.028821696886463966
2021,140,1160,1199,53,71,-18,0,0,1,-0.1999999999999993,1.1757575757575758,1.0889062539287024,0.9463140894248435,1.0954293513760271,0.9699897055137146,0.3672131147540984,0.8215686274509804,0.45519985384336764,0.8452572767755544,0.3029318697449203,0.15335141150193335,0.05024509356912522,0.8147907675486276,0.41997155682242665,0.1836002011240712,0.3900862068965517,0.7377049180327868,0.47656004406277275,0.8229228527288761,0.29165922420492135,0.1946071487671752,0.08609669193689488,0.808694196694073,0.40013409027791424,0.18689896744512222,0.01127264553999896,69.69867424242425,-0.0205988283819587,-0.05932280624685271
2021,140,1211,1328,87,71,16,1,0,-7,-34.2,17.48,1.2048122724431676,0.909199714075564,1.052007703440477,0.9750797473657258,0.36468330134357,0.7258883248730965,0.55102562543463,0.8101255297412836,0.26240008232849177,0.15536930944402402,0.04655953648390842,0.8065258863710991,0.41873760049675723,0.190864298157694,0.338409475465313,0.744343891402715,0.4411954825759446,0.8577523463211333,0.33310610198694346,0.1472573375409215,0.057828344279976615,0.8509033489201626,0.4230399353886867,0.1785695427077735,-0.07070601965845169,73.66371153846154,0.057066238875307373,-0.01764273614853773
2021,140,1261,1276,78,86,-8,0,0,7,23.599999999999998,-4.097222222222222,1.1190448376752924,1.019344710785133,1.12047300804267,0.9419580433043881,0.35031847133757965,0.7473867595818815,0.4671130813230614,0.8510370223296033,0.3176068967908517,0.15171186648527332,0.04306570794853038,0.8664976768962149,0.41885640413652353,0.17336023376991783,0.38675213675213677,0.7775,0.4824261299697255,0.8488153805646833,0.2857091066561476,0.15459709425533721,0.07047879820484144,0.8707419451117122,0.3961167392414833,0.1364024172927428,0.03189779013470406,70.96342592592592,-0.019026356770852182,0.06831539483551285
2021,140,1234,1332,80,95,-15,0,0,-5,-32.599999999999994,4.86604774535809,1.1617643836052538,1.0007342783833872,1.0891478492121451,0.9875847344194694,0.3860845839017736,0.7130730050933786,0.4692909098647083,0.8806900905575223,0.35061940971016936,0.12685792424216688,0.07023268379094609,0.895075558524196,0.41631607512308205,0.1527467816269845,0.3791304347826087,0.7044334975369458,0.47402635843625773,0.8515388740936847,0.3239695924540801,0.15989650644715098,0.06522072459031408,0.8134437201974289,0.43776303243863435,0.19305283267375922,0.02664981725608928,70.25848806366048,0.008355754372001423,0.018014303316314817
2021,140,1101,1417,47,67,-20,0,0,3,41.400000000000006,10.219063545150501,1.0520979088190139,0.8581440570495239,1.0694210151308805,1.0095891399531918,0.37701612903225806,0.6883116883116883,0.4596475580770169,0.8157136661478678,0.2978188957685201,0.18554484849962755,0.05958419459081726,0.7119445882225592,0.4031880382203349,0.2522460170009975,0.3673036093418259,0.7210743801652892,0.4636146624411215,0.8395032079260883,0.26457816189580785,0.16027666275535818,0.0473774679900928,0.8260537357209166,0.44127862084453484,0.16447780374148882,0.03324073387271226,70.24197324414716,0.01706173913004766,0.019510332203144243
2021,140,1242,1425,51,85,-34,0,0,-3,0.0,-3.32183908045977,1.0336261051818876,0.9391062831249046,1.0630167693174544,0.9397610466740964,0.33793103448275863,0.7154471544715447,0.4380690949287016,0.8522859569765544,0.3089059067931545,0.17011385100075038,0.06874351788751136,0.8300417616599014,0.41153768960735737,0.18633499105126605,0.3479087452471483,0.6471518987341772,0.46733161776224336,0.8309493206063512,0.26130917264965625,0.1733717814334309,0.08713618926209107,0.8642605004223494,0.39602412355200173,0.15788462185341876,0.04759673414349824,70.21500638569604,-0.02238804444444875,-0.012935579545929166
2021,145,1116,1331,72,70,2,1,0,-12,-130.2,9.888198757763975,1.0670783058588396,0.9251530875418299,1.0782521479131424,1.0421384745440059,0.3389830508474576,0.7369308600337269,0.45465252811490364,0.839720480129224,0.29966103684019857,0.16691709166680563,0.08446207131784232,0.8034632193816622,0.4156985695170164,0.19545029964327856,0.38819875776397517,0.8256410256410257,0.45006284844199995,0.8285394130351552,0.37915774176263733,0.15153846645976976,0.06463826005132049,0.8389494452642666,0.4499969259368836,0.16742513895531994,-0.07949670492243877,75.3792895962733,0.019444018046385514,0.02425358562197033
2021,145,1124,1437,62,51,11,1,0,-4,-9.2,9.549242424242424,1.1715433455858424,0.9362728351077404,1.1169564987075093,0.99078603968623,0.41821247892074204,0.6968215158924205,0.49344767462521855,0.8764721922933852,0.3437756681624747,0.1691697729469023,0.06805478943599495,0.7801114723660931,0.4325002927510275,0.2344611633171653,0.3524305555555555,0.7654639175257731,0.4504137381382031,0.868779085705759,0.3881772763294284,0.12436212199066375,0.02664739411825723,0.8172183544035583,0.44759229291569197,0.180610965519901,-0.04440160816695371,69.8326231060606,0.029062968325839877,0.0919408088484362
2021,145,1222,1393,62,46,16,1,0,-9,-36.4,12.879999999999999,1.1402899215093536,0.8608422598646827,1.0687065826980402,0.9868263491027774,0.35479041916167664,0.742798353909465,0.4359784915632886,0.9089170550577241,0.3856435348635567,0.15148712973765083,0.0917123627503682,0.7596212582002142,0.3768989024135576,0.20279876444219477,0.3366500829187396,0.7847222222222222,0.4419326145836041,0.866020991815218,0.3422002997426079,0.14745929690538728,0.07868724511697282,0.8503587115248546,0.4152537390848524,0.19310119672740025,0.043443235120948775,69.10111538461538,0.016200356825489648,0.019607033784269423
2021,145,1260,1333,58,65,-7,0,0,-4,-59.6,14.835164835164834,1.0918395865813406,0.875902949039152,1.0333619562470715,1.0357598250283253,0.3565737051792829,0.7331730769230769,0.4996649257677035,0.8064858466788435,0.2971861378417455,0.17493402554382168,0.04550879375250678,0.8053069970045004,0.41223398060504574,0.19984201679838415,0.34649910233393183,0.7602996254681648,0.4276985454291422,0.8375960746770523,0.2968585272608979,0.16502510747684448,0.058991957253920924,0.8030011195560943,0.4465750841326556,0.1746437709439163,0.00032761058084762595,65.83495879120879,0.05315374193308564,-0.06468103122173557
2021,146,1166,1211,65,83,-18,0,0,4,15.2,-14.321428571428571,1.0790095878511632,0.9543606432654376,1.2048122724431676,0.909199714075564,0.36657681940700804,0.6422222222222221,0.4763520223644941,0.839542202926651,0.3719875385877963,0.15058695139076667,0.05698121602207843,0.8519823808720665,0.40747436887467264,0.17028939650804056,0.36468330134357,0.7258883248730965,0.55102562543463,0.8101255297412836,0.26240008232849177,0.15536930944402402,0.04655953648390842,0.8065258863710991,0.41873760049675723,0.190864298157694,0.10958745625930455,73.91881868131868,-0.0317051857240257,-0.0005745405727275443
2021,146,1199,1276,58,76,-18,0,0,3,14.599999999999998,-2.2840909090909083,1.0954293513760271,0.9699897055137146,1.12047300804267,0.9419580433043881,0.3900862068965517,0.7377049180327868,0.47656004406277275,0.8229228527288761,0.29165922420492135,0.1946071487671752,0.08609669193689488,0.808694196694073,0.40013409027791424,0.18689896744512222,0.38675213675213677,0.7775,0.4824261299697255,0.8488153805646833,0.2857091066561476,0.15459709425533721,0.07047879820484144,0.8707419451117122,0.3961167392414833,0.1364024172927428,0.005950117548773726,70.24034090909092,-0.004941718471691836,0.06886588756587902
2021,146,1104,1417,78,88,-10,0,1,-9,-38.0,5.453846153846155,1.0374438841869267,0.9133100520698639,1.0694210151308805,1.0095891399531918,0.3508771929824561,0.7202166064981951,0.4308932957911039,0.8436899739836807,0.3980966255914794,0.17877323031902753,0.06924685644894381,0.81351439687246,0.4067700292227652,0.1958113385104852,0.3673036093418259,0.7210743801652892,0.4636146624411215,0.8395032079260883,0.26457816189580785,0.16027666275535818,0.0473774679900928,0.8260537357209166,0.44127862084453484,0.16447780374148882,0.13351846369567155,72.4223717948718,0.0008936124858760497,0.02997666235259111
2021,146,1332,1425,68,82,-14,0,0,1,18.799999999999997,-2.6936339522546415,1.0891478492121451,0.9875847344194694,1.0630167693174544,0.9397610466740964,0.3791304347826087,0.7044334975369458,0.47402635843625773,0.8515388740936847,0.3239695924540801,0.15989650644715098,0.06522072459031408,0.8134437201974289,0.43776303243863435,0.19305283267375922,0.3479087452471483,0.6471518987341772,0.46733161776224336,0.8309493206063512,0.26130917264965625,0.1733717814334309,0.08713618926209107,0.8642605004223494,0.39602412355200173,0.15788462185341876,0.06266041980442383,69.30029840848806,-0.017522084106309066,-0.02435927733703236
2021,147,1116,1124,72,81,-9,0,0,2,14.399999999999999,-6.244047619047619,1.0670783058588396,0.9251530875418299,1.1715433455858424,0.9362728351077404,0.3389830508474576,0.7369308600337269,0.45465252811490364,0.839720480129224,0.29966103684019857,0.16691709166680563,0.08446207131784232,0.8034632193816622,0.4156985695170164,0.19545029964327856,0.41821247892074204,0.6968215158924205,0.49344767462521855,0.8764721922933852,0.3437756681624747,0.1691697729469023,0.06805478943599495,0.7801114723660931,0.4325002927510275,0.2344611633171653,-0.04411463132227611,74.5326636904762,-0.010996711638151857,-0.05345956993810019
2021,147,1222,1333,67,61,6,1,0,-10,-73.4,18.142857142857142,1.1402899215093536,0.8608422598646827,1.0333619562470715,1.0357598250283253,0.35479041916167664,0.742798353909465,0.4359784915632886,0.9089170550577241,0.3856435348635567,0.15148712973765083,0.0917123627503682,0.7596212582002142,0.3768989024135576,0.20279876444219477,0.34649910233393183,0.7602996254681648,0.4276985454291422,0.8375960746770523,0.2968585272608979,0.16502510747684448,0.058991957253920924,0.8030011195560943,0.4465750841326556,0.1746437709439163,0.08878500760265878,66.9551510989011,0.038978063926622175,0.03627886999645247
2021,148,1211,1425,85,66,19,1,0,-5,-18.0,13.344827586206897,1.2048122724431676,0.909199714075564,1.0630167693174544,0.9397610466740964,0.36468330134357,0.7258883248730965,0.55102562543463,0.8101255297412836,0.26240008232849177,0.15536930944402402,0.04655953648390842,0.8065258863710991,0.41873760049675723,0.190864298157694,0.3479087452471483,0.6471518987341772,0.46733161776224336,0.8309493206063512,0.26130917264965625,0.1733717814334309,0.08713618926209107,0.8642605004223494,0.39602412355200173,0.15788462185341876,0.0010909096788355166,73.317125331565,0.030490265363815494,-0.046244653113251544
2021,148,1276,1417,49,51,-2,0,0,-10,-42.2,6.528846153846154,1.12047300804267,0.9419580433043881,1.0694210151308805,1.0095891399531918,0.38675213675213677,0.7775,0.4824261299697255,0.8488153805646833,0.2857091066561476,0.15459709425533721,0.07047879820484144,0.8707419451117122,0.3961167392414833,0.1364024172927428,0.3673036093418259,0.7210743801652892,0.4636146624411215,0.8395032079260883,0.26457816189580785,0.16027666275535818,0.0473774679900928,0.8260537357209166,0.44127862084453484,0.16447780374148882,0.021130944760339776,68.09903846153847,0.03198667456582782,-0.008024022228347971
2021,152,1124,1222,78,59,19,1,0,-1,-1.5999999999999996,-0.04166666666666785,1.1715433455858424,0.9362728351077404,1.1402899215093536,0.8608422598646827,0.41821247892074204,0.6968215158924205,0.49344767462521855,0.8764721922933852,0.3437756681624747,0.1691697729469023,0.06805478943599495,0.7801114723660931,0.4325002927510275,0.2344611633171653,0.35479041916167664,0.742798353909465,0.4359784915632886,0.9089170550577241,0.3856435348635567,0.15148712973765083,0.0917123627503682,0.7596212582002142,0.3768989024135576,0.20279876444219477,-0.041867866701082,69.48201121794872,0.0009338963622300134,0.012520155729762505
2021,152,1211,1417,93,90,3,1,1,-10,-45.0,18.653846153846153,1.2048122724431676,0.909199714075564,1.0694210151308805,1.0095891399531918,0.36468330134357,0.7258883248730965,0.55102562543463,0.8101255297412836,0.26240008232849177,0.15536930944402402,0.04655953648390842,0.8065258863710991,0.41873760049675723,0.190864298157694,0.3673036093418259,0.7210743801652892,0.4636146624411215,0.8395032079260883,0.26457816189580785,0.16027666275535818,0.0473774679900928,0.8260537357209166,0.44127862084453484,0.16447780374148882,-0.0021780795673160824,72.28125,0.05497599167064304,-0.011329050521834416
2021,154,1124,1211,86,70,16,1,0,0,2.0,-5.041666666666668,1.1715433455858424,0.9362728351077404,1.2048122724431676,0.909199714075564,0.41821247892074204,0.6968215158924205,0.49344767462521855,0.8764721922933852,0.3437756681624747,0.1691697729469023,0.06805478943599495,0.7801114723660931,0.4325002927510275,0.2344611633171653,0.36468330134357,0.7258883248730965,0.55102562543463,0.8101255297412836,0.26240008232849177,0.15536930944402402,0.04655953648390842,0.8065258863710991,0.41873760049675723,0.190864298157694,0.08137558583398291,74.22960737179487,-0.035670321531840854,0.08651428630148755
2022,134,1231,1461,66,58,8,1,0,0,-44.2,-0.6420454545454541,1.0226506319084847,0.9500766489107999,1.058697760774867,0.9699658109461192,0.33892617449664425,0.699044585987261,0.46082567242140043,0.8161977808706031,0.25818656154906,0.1620392138406617,0.08670270113757078,0.8321555113968983,0.3933682810110497,0.16035546962681588,0.33013698630136984,0.7248840803709428,0.4575710293477926,0.8051032649976119,0.3371539523585919,0.15746879394904223,0.035239058701424394,0.8625674992120757,0.41605912877210416,0.14884076445326155,-0.07896739080953191,68.9958925189394,0.012972745417331177,0.011107438090502297
2022,134,1394,1411,67,76,-9,0,0,0,58.19999999999999,-1.0333333333333332,1.008331654953861,0.9783008184366526,0.9801310754389101,0.9249345111954105,0.31550802139037437,0.75,0.4260953238526983,0.8166283800435512,0.2556063028350464,0.18759401139192294,0.030139370356836056,0.7552558661930945,0.4258857637373119,0.21595938012794524,0.31684981684981683,0.671353251318102,0.43696646379269055,0.8233213230898849,0.2575546808692843,0.2010108468919185,0.08442074389661824,0.8230471105967941,0.39752827001570457,0.16322068949320256,-0.0019483780342379187,71.86791666666667,-0.019614316830799783,0.015152394265883329
2022,135,1323,1353,89,87,2,1,2,0,-15.599999999999994,2.903225806451613,1.0799127394109775,0.991843008391537,1.0186842511121381,0.9819458680918383,0.37718120805369126,0.7594142259414225,0.46164959223222446,0.8367312983633062,0.3610384865259584,0.14384332928357899,0.03140140250851969,0.8712727458333847,0.43840430779344225,0.14211024021895644,0.3357142857142857,0.7006237006237006,0.44520736304933023,0.8609797394518246,0.27327280491853284,0.16316281601426744,0.0705660785950375,0.8368812903517502,0.4162164841158819,0.16767776818050942,0.08776568160742554,66.83104838709679,-0.002872797247333081,-0.06006430545499908
2022,135,1136,1460,82,93,-11,0,0,0,2.0,-0.47878787878787854,1.0326659449647204,0.9875337022525522,1.0669184736860673,1.0220001683838895,0.30665024630541876,0.7335526315789475,0.4316297715302894,0.837301006568696,0.3649638331566979,0.17721068477884838,0.0644897048978104,0.8905808971452289,0.4200843108846218,0.15138576244032104,0.33015873015873015,0.7661691542288557,0.469193172841058,0.8352544852809197,0.2710011238245086,0.1709459002885745,0.04901762954901015,0.8461497163627649,0.4561524586899783,0.17656842335465073,0.09396270933218931,72.4212878787879,-0.0007476267527060654,0.016806543859771317
2022,136,1116,1436,75,71,4,1,0,-9,-39.4,-5.6685606060606055,1.041057690932395,0.9312960160351704,1.1313099384256646,0.9227564794254232,0.3065693430656934,0.7532981530343009,0.43931941865043767,0.8189824799057016,0.28048000248141775,0.16410758918108204,0.07247322087814172,0.7862019005120009,0.4113678590591931,0.19696435621038255,0.36766623207301175,0.7468354430379747,0.49471001655797614,0.8401917713142498,0.3620487328800752,0.1408089096170312,0.04395554007885935,0.832707676756276,0.4132305304461039,0.16174701164405283,-0.08156873039865747,70.08169981060607,-0.026763963260313828,0.06285114299860595
2022,136,1124,1313,85,49,36,1,0,-15,-166.0,5.949074074074074,1.0896946277073298,0.9211093294590096,1.0239076696352503,0.9190827903560909,0.345578231292517,0.697841726618705,0.4644307844962868,0.866391705938628,0.328116364359371,0.17124075698878916,0.061115650596745556,0.8041052940971894,0.4279705169515942,0.2160418812192726,0.34501845018450183,0.6954314720812182,0.45568337424736105,0.7855971637754486,0.2828848211567228,0.19030007974836052,0.05609822623879423,0.8215425672247243,0.3874889674717704,0.17141387619643875,0.04523154320264822,70.77829861111111,-0.015867069615449036,0.04396309086367545
2022,136,1166,1361,72,69,3,1,1,1,25.2,-4.521994134897361,0.9913583056187133,0.9480927302661047,0.9757110094901876,0.8727515758075064,0.3065187239944522,0.7285714285714286,0.4490699134711441,0.8256613420027434,0.3145885913325533,0.19183897020007326,0.070880696226906,0.907580954998974,0.39604683435760596,0.14154845339830258,0.3575525812619503,0.6949152542372881,0.4354586024949207,0.8194972410429786,0.25249037333456126,0.18286695055680033,0.08924056955084408,0.8019692497793016,0.38210638201137986,0.19856958096491314,0.06209821799799203,68.1655303030303,-0.00016457068500136396,0.002244937343607978
2022,136,1209,1211,72,93,-21,0,0,15,144.6,-21.402758620689653,0.9783083596542774,0.9677054574784572,1.1763965853578895,0.8737819908066198,0.32269503546099293,0.7158351409978307,0.3912424669130756,0.8740307490349608,0.3237133557302955,0.15945402965977074,0.07588204504739667,0.7917096791746893,0.42680912357198253,0.20759836664787973,0.37850467289719625,0.7309833024118739,0.5273016806408456,0.8373772006245741,0.29725398478386067,0.1555063037894779,0.08917049887465903,0.8614224612389106,0.37940800977771316,0.15410668722737758,0.026459370946434857,72.37303448275861,-0.09173016376101967,0.052206026320818055
2022,136,1242,1411,83,56,27,1,0,-15,-182.0,6.707843137254902,1.1062480903791723,0.9612109366226539,0.9801310754389101,0.9249345111954105,0.3552631578947369,0.7243975903614457,0.48169059603176834,0.8403832443007786,0.2840533988699547,0.1696060620592388,0.06946703765732859,0.846243154041551,0.42075778946037046,0.1692816359446751,0.31684981684981683,0.671353251318102,0.43696646379269055,0.8233213230898849,0.2575546808692843,0.2010108468919185,0.08442074389661824,0.8230471105967941,0.39752827001570457,0.16322068949320256,0.026498718000670385,70.71634803921569,0.010747306397205947,0.005847322050164472
2022,136,1129,1272,53,64,-11,0,0,-1,10.600000000000001,0.2101661779081132,1.0329796379499785,0.9308960734238413,1.0427816850115024,0.9449088161846151,0.3414985590778098,0.6503164556962026,0.44797970135208076,0.8272713689270249,0.32045565873394327,0.1692569111078464,0.0652509275338987,0.8103381276417956,0.4304804251877929,0.18829368096342144,0.358974358974359,0.6920821114369502,0.47031026676786775,0.7927077451741232,0.24405212402157428,0.21701205694693787,0.09419499939068084,0.8107057076604359,0.40006166347727795,0.19750671530805372,0.07640353471236899,69.12099217986314,-0.026374663563150935,-0.0709603448278987
2022,136,1161,1276,63,75,-12,0,0,-5,17.400000000000002,4.218020022246941,1.1029024312378504,0.9890858015750995,1.0698734298883292,1.0261166669672501,0.3570274636510501,0.7738589211618259,0.4790731919412876,0.8267794099854376,0.32342403918479945,0.14439341333201589,0.05303682880326309,0.8421554737884531,0.4292310533156121,0.17005335826133486,0.33965517241379306,0.7456647398843931,0.4706621488111226,0.8499049983346908,0.2747859388104921,0.1630235948002739,0.05327835005738702,0.8519788322144839,0.4498817188678699,0.14049323750524917,0.048638100374307325,67.19169911012236,0.014530854341211374,-0.03519977754906323
2022,136,1293,1362,92,87,5,1,1,-3,7.0,4.6875,1.109398636485745,0.9131993819908313,1.0648065938646998,0.9346018504745133,0.34709480122324154,0.6975881261595548,0.46450766312466935,0.8712730303697944,0.3294330597688279,0.1573123187411741,0.05743874638343251,0.8125670114078938,0.417933054634797,0.20072103162920804,0.3469150174621653,0.692167577413479,0.45532183792874414,0.8496427579847539,0.3759781917029109,0.16939029081239657,0.07794670188056711,0.8029454120816996,0.42403139409195933,0.17466914788252183,-0.046545131934082995,70.02008351293104,0.0076420823265437865,0.03546644355771167
2022,136,1163,1308,63,70,-7,0,0,-7,-73.6,3.824353448275862,1.0762143455225144,0.9380302767413448,1.0488495029237703,0.9456846301944085,0.35311572700296734,0.7495854063018242,0.4363130779510986,0.8892575002201725,0.3035359593364054,0.1614711785762246,0.1110559892933765,0.8301021185599982,0.4027957449094098,0.16449379942872192,0.329803328290469,0.6929824561403509,0.4543325877316783,0.8145153745431782,0.3361956620778777,0.19258360696842428,0.07363467291982664,0.846659242961711,0.39284382195432543,0.15892008974107624,-0.032659702741472285,68.9182785560345,-0.01398571636783208,0.025443968522783522
2022,136,1266,1314,63,95,-32,0,0,1,23.0,-2.2717497556207236,1.0201593359463323,0.9720729702593026,1.081499893856498,0.9935136185579425,0.34720416124837455,0.7469635627530364,0.4530363362343352,0.8144029922367679,0.34280563062299557,0.16466256846309485,0.0816271186651532,0.8521566727007485,0.4126369929333883,0.17614216268795546,0.36206896551724144,0.7721943048576214,0.45450698263489964,0.8541832138940748,0.3193503633903536,0.15781842353303796,0.06171423259637168,0.8649239469548012,0.4345530510037155,0.13535521521561727,0.023455267232641963,72.38576490713587,0.010222705834881385,0.01299577279633185
2022,136,1344,1355,66,57,9,1,0,-9,-20.799999999999997,-6.16875,1.0525087538443005,0.9723341081545093,1.1756240756848289,1.0272789792216543,0.3427230046948357,0.7260061919504643,0.4407246717794516,0.8224553862423939,0.312541255083742,0.15890134991517446,0.06266269173308875,0.8667140396764098,0.4113390782262896,0.1453447811582097,0.4416796267496112,0.7602427921092565,0.526227477999529,0.8027724303762598,0.2760746035016644,0.1479229386360799,0.03702453241264654,0.8661710388388338,0.4437614418278031,0.14963466184475088,0.03646665158207757,70.54997395833334,-0.026540221309281964,0.05530923223315931
2022,136,1234,1350,63,67,-4,0,0,-7,-69.4,9.057142857142857,1.162745077140133,1.0040110599098016,1.050283165572832,1.002410830202377,0.36764705882352944,0.748905109489051,0.46358440408418033,0.8965783339584728,0.3522239544540861,0.12170592572394884,0.07200200141490823,0.8488085843075699,0.4400274261634719,0.17612610396612036,0.3376932223543401,0.7249190938511326,0.4472970076564673,0.8362138458928322,0.35216986029510183,0.13600229272358352,0.03908066709083819,0.8525156862375093,0.44470091420949354,0.1770002680337588,5.409415898427472e-05,70.15607142857144,0.010480442236867338,0.06521944926688017
2022,136,1231,1388,53,82,-29,0,0,7,10.0,-2.809384164222874,1.0226506319084847,0.9500766489107999,1.0501252207710414,0.9235857385983751,0.33892617449664425,0.699044585987261,0.46082567242140043,0.8161977808706031,0.25818656154906,0.1620392138406617,0.08670270113757078,0.8321555113968983,0.3933682810110497,0.16035546962681588,0.3512658227848101,0.7665847665847666,0.46383191880972297,0.852100088246056,0.30786304643797935,0.1591956843682045,0.04597724963068394,0.8104395899993848,0.4343491072431433,0.184539159324843,-0.04967648488891935,68.07821358748778,0.01898728992188553,0.01721523448717166
2022,136,1246,1389,79,85,-6,0,1,-13,-115.4,9.523510971786834,1.128980836113377,0.9417136790315348,0.972817674098636,0.9082227161855483,0.3493975903614458,0.7300177619893428,0.48529567503436466,0.8914258861194125,0.2498627777430527,0.15575761710955383,0.07078787305520552,0.8424016189843453,0.4152708432892139,0.1631907790184883,0.34791666666666665,0.6846543001686342,0.42639498433154044,0.8012821250708687,0.24349619707960626,0.19070156463050036,0.09196746544432778,0.7696266437643253,0.39078900990735255,0.19251219953314705,0.006366580663446447,69.47628004179728,0.017209428660481474,0.030465116012845628
2022,136,1255,1397,56,88,-32,0,0,11,138.39999999999998,-3.245670995670995,1.0784409538061281,0.9728963662236036,1.0482530003571688,0.8904198348866253,0.3861720067453626,0.7255244755244755,0.4485250807439405,0.8325599374204617,0.30926602308449846,0.16622963171516955,0.036215009549679926,0.8064727642466408,0.4389354921080416,0.1911118142901294,0.35811648079306074,0.7120954003407154,0.42984149269632455,0.8606674835779208,0.34998730784181664,0.1690777552129852,0.0785483640723667,0.7770475577217939,0.40253690615075866,0.21911920235099108,-0.04072128475731818,69.31071428571428,-0.00885749895483351,-0.006381134060561622
2022,136,1103,1417,53,57,-4,0,0,9,117.2,-6.433467741935484,1.0676528744279052,0.9886944079750108,1.1002671928686711,0.9321773322145342,0.3556547619047619,0.6919504643962848,0.4563079708190825,0.8019157349571024,0.3346249042023334,0.16753033670738424,0.055459614557202684,0.8461430446948748,0.43393208455595883,0.1641451051452546,0.352,0.7364864864864865,0.45325981240462354,0.8877921093489647,0.27850991165771,0.12771612569605928,0.058064618065770394,0.8004795228640753,0.41882975421797614,0.18474973930607896,0.05611499254462338,67.26381048387097,-0.006027085961761824,-0.00011555879993985219
2022,137,1112,1460,87,70,17,1,0,-15,-173.4,13.483957219251339,1.1426101196338263,0.9109553004368016,1.0669184736860673,1.0220001683838895,0.35436241610738256,0.7380627557980901,0.49758688091075975,0.8291904848385903,0.29485441937348505,0.17333847745365788,0.08756299061398079,0.8744073184961172,0.38919144481899637,0.16428344410593787,0.33015873015873015,0.7661691542288557,0.469193172841058,0.8352544852809197,0.2710011238245086,0.1709459002885745,0.04901762954901015,0.8461497163627649,0.4561524586899783,0.17656842335465073,0.023853295548976472,72.38601827094475,0.047677360970341864,0.011648160760136528
2022,137,1120,1240,80,61,19,1,0,-13,-134.0,7.308189655172414,1.0557522235147314,0.9070986059739692,1.0591491550114667,0.9864263716833634,0.32019704433497537,0.7325038880248833,0.4432098963033463,0.8560167926575251,0.34176108578959075,0.15613659927532925,0.1329866673281438,0.8013614566160079,0.3867442379191031,0.19185671801615883,0.38222222222222224,0.6830708661417322,0.46273085012240966,0.8109900304952176,0.34880843890389124,0.1834506040081592,0.0503162871726715,0.8776518262789371,0.4080510764144649,0.159503168957748,-0.007047353114300492,70.9670932112069,0.0008929423381492385,0.02426995447609326
2022,137,1168,1181,61,78,-17,0,0,13,149.4,-10.132860040567952,1.0262432775013435,0.983714023284961,1.1536935956567138,0.9641270879563967,0.33542976939203356,0.7640845070422535,0.44349798505725835,0.8147872009971188,0.24430995478223175,0.16932581065611316,0.035595626676142904,0.821533762440502,0.4423195911459382,0.19494709474378585,0.36772486772486773,0.728813559322034,0.4893330663780926,0.8742547751840138,0.32015138933722015,0.14298768519979893,0.08633281040396429,0.9037413561133811,0.41826856933901224,0.14896224735966831,-0.0758414345549884,68.4226419878296,-0.03494305156388011,-0.010763178323316747
2022,137,1222,1412,82,68,14,1,0,-7,-49.800000000000004,5.1286764705882355,1.1349883901517126,0.8705358452106902,1.0989178399026267,0.9388873515897542,0.3408521303258146,0.6689419795221844,0.468967309586538,0.8979209235912793,0.3509647554083227,0.1619021847915004,0.09845763772588523,0.7802315595716862,0.37376029717439546,0.2009471838845558,0.38402457757296465,0.7393526405451448,0.46516771008260904,0.8651569465572505,0.2805709264177936,0.15519398076274588,0.07199896307880796,0.7946247019733617,0.42232931666369794,0.19649556251580585,0.07039382899052915,69.49322150735293,0.026184309496615765,0.023651429919800293
2022,137,1151,1228,53,54,-1,0,0,9,63.800000000000004,-0.816532258064516,1.093152952019951,0.9807883860830043,1.0965526502457583,0.963735982244006,0.34065934065934067,0.766,0.4614520324389239,0.8655181030652779,0.33942056467024395,0.1563417426738202,0.03816977832242169,0.8308815929306778,0.4360827266384728,0.17016591960781197,0.36713735558408217,0.7076124567474048,0.4541722659267955,0.8520012159232523,0.3659201366935147,0.1637011943030284,0.05048367082323542,0.8561000140222067,0.41643444601852625,0.14496675171975648,-0.026499572023270745,68.0811995967742,-0.00618425705390907,-0.005879917231864762
2022,137,1235,1261,59,54,5,1,0,5,29.200000000000003,-6.107007575757576,0.9695565624782994,0.928862707016835,1.0134215341210657,0.8936323431333302,0.3213751868460389,0.68389662027833,0.43899743100935085,0.8147880578932707,0.3040237185970528,0.19038340594071113,0.059100545889198594,0.7585830370292251,0.4296741787958217,0.22753499171622948,0.3185840707964602,0.7321981424148608,0.441085787490847,0.8218064088916593,0.28421261122181574,0.19509969206789332,0.07966237435842181,0.7632996025984593,0.3904758686662315,0.23262031594382704,0.019811107375237058,70.41606297348486,-0.020643333305543188,-0.04403712823299788
2022,137,1274,1425,68,66,2,1,0,3,10.800000000000004,-2.878787878787879,1.089566614311087,1.0376030279592445,1.0442096830416783,0.9552433567319362,0.35285505124450955,0.7431693989071038,0.47967726146831285,0.8416840126316197,0.30193458064496254,0.1360490608073744,0.05106174616753559,0.8367182349470523,0.46901913720865834,0.19289156504350194,0.3541666666666667,0.6655629139072847,0.45400104117227097,0.8529542614293147,0.2719224562558142,0.1671533180215396,0.07327716189977627,0.8817516431361846,0.3913615205609895,0.13433394563182044,0.030012124389148354,68.99507575757576,-0.025990698175813454,-0.029242158050975964
2022,137,1172,1277,73,74,-1,0,0,3,10.200000000000003,5.165441176470589,1.1242926562695745,0.9923672062411252,1.0402537986680134,0.9913346945570078,0.3841886269070735,0.75736568457539,0.4776970431009141,0.8247001199077946,0.33953189931157995,0.14152673905742955,0.047026994932769385,0.8288229360778142,0.42020665699007903,0.16028159236125433,0.3777089783281734,0.7465986394557824,0.45743631548856994,0.8222280444028761,0.2749065310019004,0.18267482719000927,0.08391322890529615,0.8584531325755813,0.41933668798749546,0.14428837776669665,0.06462536830967958,67.88609834558824,0.009695379304880292,-0.05072650031691539
2022,137,1104,1323,64,78,-14,0,0,-5,-24.200000000000003,-1.4375,1.0684422189700564,1.031668075242044,1.0799127394109775,0.991843008391537,0.308411214953271,0.7299703264094956,0.4424177520208823,0.8361518161563856,0.4008512975390918,0.18688027628200093,0.07623117249907402,0.8327327242635382,0.43548919881688897,0.16936547254241865,0.37718120805369126,0.7594142259414225,0.46164959223222446,0.8367312983633062,0.3610384865259584,0.14384332928357899,0.03140140250851969,0.8712727458333847,0.43840430779344225,0.14211024021895644,0.03981281101313344,70.98349294354838,-0.008158365617394414,0.11081687944463892
2022,137,1260,1326,41,54,-13,0,0,3,-1.2000000000000028,5.892473118279571,1.0925430343866227,0.9207669680621982,1.1143780093411964,1.0148971202511636,0.3798342541436464,0.7182835820895523,0.4817763743530479,0.8064931351654914,0.34726694592241386,0.17125057960210252,0.046225307558270416,0.8071918209852755,0.40951230653483905,0.18398744936821657,0.37327188940092165,0.7595628415300546,0.4752267500317234,0.8280378333304891,0.3273397800896462,0.15958154601274513,0.08148645961700197,0.864892174628291,0.4193712342687495,0.1387570825733544,0.019927165832767657,66.76936827956989,0.008204276027617419,-0.038548627622131626
2022,137,1345,1463,78,56,22,1,0,-11,-136.0,8.994929006085194,1.1634281057675664,1.0092422440515751,1.0003434578903734,0.971341377936511,0.3907894736842105,0.7025495750708215,0.4932841987789748,0.8362660411243098,0.3279545260942017,0.16535265864767068,0.05792420632534682,0.8804534923966891,0.4289175498281763,0.13326221793405896,0.3289473684210526,0.7372262773722628,0.4429448895011217,0.805363482568977,0.2925141155310407,0.17493938651173563,0.05414828533086646,0.8208467931358088,0.4246976649969499,0.1731723004517265,0.03544041056316105,70.26488336713996,0.023059712223313378,0.03590370911734131
2022,137,1371,1395,42,69,-27,0,0,-1,-2.3999999999999986,2.1729166666666666,1.0186198889796843,0.9563180445189704,1.0024505428875041,0.9647425359708116,0.33333333333333337,0.7562724014336917,0.41617851140667095,0.8630790626319953,0.3087418630919389,0.16446021992723703,0.09109332807128223,0.850370848774472,0.4037556992714008,0.17080778029459784,0.303236797274276,0.6684118673647469,0.4415209651898563,0.8465856270911688,0.26972572336707723,0.19729840615575983,0.0744722116591041,0.8420478481016279,0.42521269806316114,0.171026020062986,0.039016139724861676,69.07127604166666,-0.0019427274957124485,-0.013828235149701884
2022,137,1400,1439,81,73,8,1,0,-5,-7.0,0.2616071428571427,1.04888711994681,0.9108836110896403,1.0990323614424629,0.9702290029739873,0.32334384858044163,0.7486818980667839,0.4467095992603891,0.843042813473943,0.30498699192421413,0.16730928642950985,0.06699905491639667,0.777070309599561,0.4119830948555766,0.21602762106479392,0.39325842696629215,0.7429193899782135,0.47253304829482534,0.8582148623210196,0.35685518723005166,0.16197470703203248,0.059461643943736826,0.8335312997597121,0.43068624082786905,0.1770166708786438,-0.05186819530583753,64.84260044642858,-0.0035601515310718646,0.034692824704115166
2022,137,1286,1403,62,97,-35,0,0,11,126.8,-4.851102941176471,1.073241584577403,0.9705866101023841,1.0444763347574493,0.8701807299401301,0.37161084529505584,0.7475177304964539,0.47709443031839216,0.7722419810533867,0.2771783671592272,0.17806259152144213,0.06673174100982199,0.7819618288653517,0.42563859304286644,0.17376048706525793,0.3142414860681115,0.6986706056129985,0.4716422900069598,0.8029401650253545,0.2766646269008157,0.19203506882490326,0.06419037113609519,0.7710701825695248,0.3865753188126562,0.21983522414097165,0.0005137402584114992,69.50374540441176,-0.01680556695938895,-0.042887212848635836
2022,137,1174,1437,60,80,-20,0,0,13,132.6,-6.727272727272727,1.0646654460583846,1.0147945321293501,1.1178989810491555,0.9534512594262718,0.35014409221902015,0.7424483306836248,0.4718427036856405,0.8029098155721336,0.3050992041934632,0.17567043535157512,0.06418747261701967,0.8436013936615838,0.4314056730715038,0.17336167825129362,0.3590643274853801,0.823321554770318,0.44117408597076113,0.8661521340507374,0.3991998587425695,0.14350344558920022,0.03990333884625283,0.8411322668828369,0.40842283462812246,0.17779896161219202,-0.09410065454910632,66.96401515151516,0.003842889635749025,-9.010152800531523e-05
2022,137,1159,1458,60,67,-7,0,0,11,100.0,3.626588465298143,1.1010836327571636,0.980791574896785,1.035050642593979,0.9747234134779231,0.40224159402241594,0.6927592954990215,0.4758024214300295,0.8442409953348623,0.35426991389693957,0.1588609816190487,0.05978045314484298,0.8593181487903462,0.4291530015564028,0.15018791350310928,0.31297709923664124,0.7419354838709677,0.42772264336491456,0.8606701186850055,0.30938139126841807,0.12336197024048422,0.05001097335474677,0.8299120064354464,0.43876985815545116,0.16014466443155825,0.0448885226285215,68.44039589442815,0.028848317332081708,0.006343459702405241
2022,138,1116,1308,53,48,5,1,0,-8,-74.0,2.1870428422152566,1.041057690932395,0.9312960160351704,1.0488495029237703,0.9456846301944085,0.3065693430656934,0.7532981530343009,0.43931941865043767,0.8189824799057016,0.28048000248141775,0.16410758918108204,0.07247322087814172,0.7862019005120009,0.4113678590591931,0.19696435621038255,0.329803328290469,0.6929824561403509,0.4543325877316783,0.8145153745431782,0.3361956620778777,0.19258360696842428,0.07363467291982664,0.846659242961711,0.39284382195432543,0.15892008974107624,-0.055715659596459965,71.08474399164055,-0.016768603093054113,-0.026956298006463042
2022,138,1211,1272,82,78,4,1,0,-8,-27.0,15.450500556173527,1.1763965853578895,0.8737819908066198,1.0427816850115024,0.9449088161846151,0.37850467289719625,0.7309833024118739,0.5273016806408456,0.8373772006245741,0.29725398478386067,0.1555063037894779,0.08917049887465903,0.8614224612389106,0.37940800977771316,0.15410668722737758,0.358974358974359,0.6920821114369502,0.47031026676786775,0.7927077451741232,0.24405212402157428,0.21701205694693787,0.09419499939068084,0.8107057076604359,0.40006166347727795,0.19750671530805372,0.05320186076228639,73.50240545050056,0.03882253378627132,-0.08258534680419105
2022,138,1166,1242,72,79,-7,0,0,8,47.6,-7.350267379679145,0.9913583056187133,0.9480927302661047,1.1062480903791723,0.9612109366226539,0.3065187239944522,0.7285714285714286,0.4490699134711441,0.8256613420027434,0.3145885913325533,0.19183897020007326,0.070880696226906,0.907580954998974,0.39604683435760596,0.14154845339830258,0.3552631578947369,0.7243975903614457,0.48169059603176834,0.8403832443007786,0.2840533988699547,0.1696060620592388,0.06946703765732859,0.846243154041551,0.42075778946037046,0.1692816359446751,0.030535192462598615,70.13979500891266,-0.003954863728929892,-0.031042870684578894
2022,138,1276,1397,76,68,8,1,0,8,21.0,-7.262952101661779,1.0698734298883292,1.0261166669672501,1.0482530003571688,0.8904198348866253,0.33965517241379306,0.7456647398843931,0.4706621488111226,0.8499049983346908,0.2747859388104921,0.1630235948002739,0.05327835005738702,0.8519788322144839,0.4498817188678699,0.14049323750524917,0.35811648079306074,0.7120954003407154,0.42984149269632455,0.8606674835779208,0.34998730784181664,0.1690777552129852,0.0785483640723667,0.7770475577217939,0.40253690615075866,0.21911920235099108,-0.07520136903132452,69.1016129032258,-0.0032620783011565457,-0.023631500150508522
2022,138,1124,1314,86,93,-7,0,1,-7,-21.200000000000003,7.087121212121212,1.0896946277073298,0.9211093294590096,1.081499893856498,0.9935136185579425,0.345578231292517,0.697841726618705,0.4644307844962868,0.866391705938628,0.328116364359371,0.17124075698878916,0.061115650596745556,0.8041052940971894,0.4279705169515942,0.2160418812192726,0.36206896551724144,0.7721943048576214,0.45450698263489964,0.8541832138940748,0.3193503633903536,0.15781842353303796,0.06171423259637168,0.8649239469548012,0.4345530510037155,0.13535521521561727,0.008766000969017418,70.90658143939393,0.008253167956754182,0.07584154738997873
2022,138,1344,1350,79,51,28,1,0,-8,-36.0,1.3714285714285714,1.0525087538443005,0.9723341081545093,1.050283165572832,1.002410830202377,0.3427230046948357,0.7260061919504643,0.4407246717794516,0.8224553862423939,0.312541255083742,0.15890134991517446,0.06266269173308875,0.8667140396764098,0.4113390782262896,0.1453447811582097,0.3376932223543401,0.7249190938511326,0.4472970076564673,0.8362138458928322,0.35216986029510183,0.13600229272358352,0.03908066709083819,0.8525156862375093,0.44470091420949354,0.1770002680337588,-0.03962860521135986,68.26011904761904,0.013394750053094151,0.03725939635281228
2022,138,1293,1389,60,70,-10,0,0,-8,-86.4,10.068965517241379,1.109398636485745,0.9131993819908313,0.972817674098636,0.9082227161855483,0.34709480122324154,0.6975881261595548,0.46450766312466935,0.8712730303697944,0.3294330597688279,0.1573123187411741,0.05743874638343251,0.8125670114078938,0.417933054634797,0.20072103162920804,0.34791666666666665,0.6846543001686342,0.42639498433154044,0.8012821250708687,0.24349619707960626,0.19070156463050036,0.09196746544432778,0.7696266437643253,0.39078900990735255,0.19251219953314705,0.08593686268922165,68.58103448275862,0.005484317032842245,0.01980621493503698
2022,138,1388,1417,56,72,-16,0,0,1,10.600000000000001,-3.20766129032258,1.0501252207710414,0.9235857385983751,1.1002671928686711,0.9321773322145342,0.3512658227848101,0.7665847665847666,0.46383191880972297,0.852100088246056,0.30786304643797935,0.1591956843682045,0.04597724963068394,0.8104395899993848,0.4343491072431433,0.184539159324843,0.352,0.7364864864864865,0.45325981240462354,0.8877921093489647,0.27850991165771,0.12771612569605928,0.058064618065770394,0.8004795228640753,0.41882975421797614,0.18474973930607896,0.029353134780269352,67.98114919354839,-0.002473623310033868,-0.03704394592567617
2022,139,1112,1395,85,80,5,1,1,-8,-37.6,13.935661764705884,1.1426101196338263,0.9109553004368016,1.0024505428875041,0.9647425359708116,0.35436241610738256,0.7380627557980901,0.49758688091075975,0.8291904848385903,0.29485441937348505,0.17333847745365788,0.08756299061398079,0.8744073184961172,0.38919144481899637,0.16428344410593787,0.303236797274276,0.6684118673647469,0.4415209651898563,0.8465856270911688,0.26972572336707723,0.19729840615575983,0.0744722116591041,0.8420478481016279,0.42521269806316114,0.171026020062986,0.025128696006407825,71.04850643382353,0.04604358448253415,-0.0067706257180726315
2022,139,1181,1277,85,76,9,1,0,-5,-22.0,9.382352941176471,1.1536935956567138,0.9641270879563967,1.0402537986680134,0.9913346945570078,0.36772486772486773,0.728813559322034,0.4893330663780926,0.8742547751840138,0.32015138933722015,0.14298768519979893,0.08633281040396429,0.9037413561133811,0.41826856933901224,0.14896224735966831,0.3777089783281734,0.7465986394557824,0.45743631548856994,0.8222280444028761,0.2749065310019004,0.18267482719000927,0.08391322890529615,0.8584531325755813,0.41933668798749546,0.14428837776669665,0.04524485833531977,69.41985294117647,0.016482434769002963,0.014442199023694258
2022,139,1222,1228,68,53,15,1,0,1,-10.2,8.81214421252372,1.1349883901517126,0.8705358452106902,1.0965526502457583,0.963735982244006,0.3408521303258146,0.6689419795221844,0.468967309586538,0.8979209235912793,0.3509647554083227,0.1619021847915004,0.09845763772588523,0.7802315595716862,0.37376029717439546,0.2009471838845558,0.36713735558408217,0.7076124567474048,0.4541722659267955,0.8520012159232523,0.3659201366935147,0.1637011943030284,0.05048367082323542,0.8561000140222067,0.41643444601852625,0.14496675171975648,-0.014955381285191971,67.97559297912713,0.02873459625193664,0.02558274644135128
2022,139,1235,1458,54,49,5,1,0,8,22.6,-0.692540322580645,0.9695565624782994,0.928862707016835,1.035050642593979,0.9747234134779231,0.3213751868460389,0.68389662027833,0.43899743100935085,0.8147880578932707,0.3040237185970528,0.19038340594071113,0.059100545889198594,0.7585830370292251,0.4296741787958217,0.22753499171622948,0.31297709923664124,0.7419354838709677,0.42772264336491456,0.8606701186850055,0.30938139126841807,0.12336197024048422,0.05001097335474677,0.8299120064354464,0.43876985815545116,0.16014466443155825,-0.005357672671365277,68.48411038306452,0.010185233502032931,0.03157583844557277
2022,139,1120,1274,61,79,-18,0,0,-8,-44.2,7.899621212121212,1.0557522235147314,0.9070986059739692,1.089566614311087,1.0376030279592445,0.32019704433497537,0.7325038880248833,0.4432098963033463,0.8560167926575251,0.34176108578959075,0.15613659927532925,0.1329866673281438,0.8013614566160079,0.3867442379191031,0.19185671801615883,0.35285505124450955,0.7431693989071038,0.47967726146831285,0.8416840126316197,0.30193458064496254,0.1360490608073744,0.05106174616753559,0.8367182349470523,0.46901913720865834,0.19289156504350194,0.03982650514462821,71.57188683712121,0.022903767062294356,0.03688914438007396
2022,139,1345,1400,81,71,10,1,0,-3,-5.0,2.3106617647058822,1.1634281057675664,1.0092422440515751,1.04888711994681,0.9108836110896403,0.3907894736842105,0.7025495750708215,0.4932841987789748,0.8362660411243098,0.3279545260942017,0.16535265864767068,0.05792420632534682,0.8804534923966891,0.4289175498281763,0.13326221793405896,0.32334384858044163,0.7486818980667839,0.4467095992603891,0.843042813473943,0.30498699192421413,0.16730928642950985,0.06699905491639667,0.777070309599561,0.4119830948555766,0.21602762106479392,0.02296753416998759,66.94234834558824,0.014820072272992979,-0.009685182949125348
2022,139,1323,1403,53,59,-6,0,0,8,40.400000000000006,-6.382352941176471,1.0799127394109775,0.991843008391537,1.0444763347574493,0.8701807299401301,0.37718120805369126,0.7594142259414225,0.46164959223222446,0.8367312983633062,0.3610384865259584,0.14384332928357899,0.03140140250851969,0.8712727458333847,0.43840430779344225,0.14211024021895644,0.3142414860681115,0.6986706056129985,0.4716422900069598,0.8029401650253545,0.2766646269008157,0.19203506882490326,0.06419037113609519,0.7710701825695248,0.3865753188126562,0.21983522414097165,0.08437385962514266,67.67434772296015,-0.030910843377760622,-0.06480239584850778
2022,139,1326,1437,61,71,-10,0,0,5,19.6,-4.212121212121212,1.1143780093411964,1.0148971202511636,1.1178989810491555,0.9534512594262718,0.37327188940092165,0.7595628415300546,0.4752267500317234,0.8280378333304891,0.3273397800896462,0.15958154601274513,0.08148645961700197,0.864892174628291,0.4193712342687495,0.1387570825733544,0.3590643274853801,0.823321554770318,0.44117408597076113,0.8661521340507374,0.3991998587425695,0.14350344558920022,0.03990333884625283,0.8411322668828369,0.40842283462812246,0.17779896161219202,-0.07186007865292332,65.72125,0.011552132210167598,-0.011995356896932208
2022,143,1116,1211,74,68,6,1,0,3,18.0,-14.08881922675026,1.041057690932395,0.9312960160351704,1.1763965853578895,0.8737819908066198,0.3065693430656934,0.7532981530343009,0.43931941865043767,0.8189824799057016,0.28048000248141775,0.16410758918108204,0.07247322087814172,0.7862019005120009,0.4113678590591931,0.19696435621038255,0.37850467289719625,0.7309833024118739,0.5273016806408456,0.8373772006245741,0.29725398478386067,0.1555063037894779,0.08917049887465903,0.8614224612389106,0.37940800977771316,0.15410668722737758,-0.016773982302442925,74.27914054336469,-0.059971055635943904,0.01711285878939306
2022,143,1181,1403,78,73,5,1,0,-1,2.1999999999999993,1.6470588235294112,1.1536935956567138,0.9641270879563967,1.0444763347574493,0.8701807299401301,0.36772486772486773,0.728813559322034,0.4893330663780926,0.8742547751840138,0.32015138933722015,0.14298768519979893,0.08633281040396429,0.9037413561133811,0.41826856933901224,0.14896224735966831,0.3142414860681115,0.6986706056129985,0.4716422900069598,0.8029401650253545,0.2766646269008157,0.19203506882490326,0.06419037113609519,0.7710701825695248,0.3865753188126562,0.21983522414097165,0.043486762436404425,69.05624999999999,-0.007001237077611633,0.00818420042073853
2022,143,1112,1222,60,72,-12,0,0,-4,-2.4000000000000004,0.08823529411764852,1.1426101196338263,0.9109553004368016,1.1349883901517126,0.8705358452106902,0.35436241610738256,0.7380627557980901,0.49758688091075975,0.8291904848385903,0.29485441937348505,0.17333847745365788,0.08756299061398079,0.8744073184961172,0.38919144481899637,0.16428344410593787,0.3408521303258146,0.6689419795221844,0.468967309586538,0.8979209235912793,0.3509647554083227,0.1619021847915004,0.09845763772588523,0.7802315595716862,0.37376029717439546,0.2009471838845558,-0.05611033603483767,70.46360294117648,0.006594211839810404,-0.00867610598809121
2022,143,1276,1437,55,63,-8,0,0,9,18.8,-6.3841642228739,1.0698734298883292,1.0261166669672501,1.1178989810491555,0.9534512594262718,0.33965517241379306,0.7456647398843931,0.4706621488111226,0.8499049983346908,0.2747859388104921,0.1630235948002739,0.05327835005738702,0.8519788322144839,0.4498817188678699,0.14049323750524917,0.3590643274853801,0.823321554770318,0.44117408597076113,0.8661521340507374,0.3991998587425695,0.14350344558920022,0.03990333884625283,0.8411322668828369,0.40842283462812246,0.17779896161219202,-0.1244139199320774,66.64744623655915,-0.005985410699692939,-0.015905122725501486
2022,144,1242,1344,66,61,5,1,0,-3,-38.800000000000004,5.641176470588236,1.1062480903791723,0.9612109366226539,1.0525087538443005,0.9723341081545093,0.3552631578947369,0.7243975903614457,0.48169059603176834,0.8403832443007786,0.2840533988699547,0.1696060620592388,0.06946703765732859,0.846243154041551,0.42075778946037046,0.1692816359446751,0.3427230046948357,0.7260061919504643,0.4407246717794516,0.8224553862423939,0.312541255083742,0.15890134991517446,0.06266269173308875,0.8667140396764098,0.4113390782262896,0.1453447811582097,-0.0284878562137873,69.54259803921568,0.01577360650911791,0.022274928530536253
2022,144,1235,1274,56,70,-14,0,0,1,-6.399999999999999,-0.31912878787878807,0.9695565624782994,0.928862707016835,1.089566614311087,1.0376030279592445,0.3213751868460389,0.68389662027833,0.43899743100935085,0.8147880578932707,0.3040237185970528,0.19038340594071113,0.059100545889198594,0.7585830370292251,0.4296741787958217,0.22753499171622948,0.35285505124450955,0.7431693989071038,0.47967726146831285,0.8416840126316197,0.30193458064496254,0.1360490608073744,0.05106174616753559,0.8367182349470523,0.46901913720865834,0.19289156504350194,0.0020891379520902587,68.64219933712121,-0.0006674360230626286,0.014160411738811884
2022,144,1314,1417,73,66,7,1,0,4,18.400000000000002,-5.774621212121212,1.081499893856498,0.9935136185579425,1.1002671928686711,0.9321773322145342,0.36206896551724144,0.7721943048576214,0.45450698263489964,0.8541832138940748,0.3193503633903536,0.15781842353303796,0.06171423259637168,0.8649239469548012,0.4345530510037155,0.13535521521561727,0.352,0.7364864864864865,0.45325981240462354,0.8877921093489647,0.27850991165771,0.12771612569605928,0.058064618065770394,0.8004795228640753,0.41882975421797614,0.18474973930607896,0.04084045173264361,70.67376893939394,-0.007238063277731688,-0.02509481720112039
2022,144,1345,1389,64,67,-3,0,0,-12,-108.60000000000001,7.098377281947261,1.1634281057675664,1.0092422440515751,0.972817674098636,0.9082227161855483,0.3907894736842105,0.7025495750708215,0.4932841987789748,0.8362660411243098,0.3279545260942017,0.16535265864767068,0.05792420632534682,0.8804534923966891,0.4289175498281763,0.13326221793405896,0.34791666666666665,0.6846543001686342,0.42639498433154044,0.8012821250708687,0.24349619707960626,0.19070156463050036,0.09196746544432778,0.7696266437643253,0.39078900990735255,0.19251219953314705,0.08445832901459546,68.49548681541583,0.014380337263305287,0.009609308359296964
2022,145,1116,1181,69,78,-9,0,0,2,7.0,-4.635472370766488,1.041057690932395,0.9312960160351704,1.1536935956567138,0.9641270879563967,0.3065693430656934,0.7532981530343009,0.43931941865043767,0.8189824799057016,0.28048000248141775,0.16410758918108204,0.07247322087814172,0.7862019005120009,0.4113678590591931,0.19696435621038255,0.36772486772486773,0.728813559322034,0.4893330663780926,0.8742547751840138,0.32015138933722015,0.14298768519979893,0.08633281040396429,0.9037413561133811,0.41826856933901224,0.14896224735966831,-0.039671386855802404,71.7392825311943,-0.02155646872391792,-0.023100927528222792
2022,145,1222,1437,44,50,-6,0,0,3,-3.5999999999999996,7.3957219251336905,1.1349883901517126,0.8705358452106902,1.1178989810491555,0.9534512594262718,0.3408521303258146,0.6689419795221844,0.468967309586538,0.8979209235912793,0.3509647554083227,0.1619021847915004,0.09845763772588523,0.7802315595716862,0.37376029717439546,0.2009471838845558,0.3590643274853801,0.823321554770318,0.44117408597076113,0.8661521340507374,0.3991998587425695,0.14350344558920022,0.03990333884625283,0.8411322668828369,0.40842283462812246,0.17779896161219202,-0.0482351033342468,65.96053921568627,0.03122788053475195,0.030768486109465365
2022,146,1242,1274,76,50,26,1,0,-9,-50.2,6.653297682709447,1.1062480903791723,0.9612109366226539,1.089566614311087,1.0376030279592445,0.3552631578947369,0.7243975903614457,0.48169059603176834,0.8403832443007786,0.2840533988699547,0.1696060620592388,0.06946703765732859,0.846243154041551,0.42075778946037046,0.1692816359446751,0.35285505124450955,0.7431693989071038,0.47967726146831285,0.8416840126316197,0.30193458064496254,0.1360490608073744,0.05106174616753559,0.8367182349470523,0.46901913720865834,0.19289156504350194,-0.01788118177500786,69.76138591800357,0.02513734115587163,0.0459910417464196
2022,146,1314,1389,69,49,20,1,0,-7,-93.80000000000001,1.8568443051201675,1.081499893856498,0.9935136185579425,0.972817674098636,0.9082227161855483,0.36206896551724144,0.7721943048576214,0.45450698263489964,0.8541832138940748,0.3193503633903536,0.15781842353303796,0.06171423259637168,0.8649239469548012,0.4345530510037155,0.13535521521561727,0.34791666666666665,0.6846543001686342,0.42639498433154044,0.8012821250708687,0.24349619707960626,0.19070156463050036,0.09196746544432778,0.7696266437643253,0.39078900990735255,0.19251219953314705,0.07585416631074735,69.99370428422152,-0.007826021396501848,-0.032718504850443364
2022,152,1242,1437,81,65,16,1,0,-1,-3.5999999999999996,0.8957219251336905,1.1062480903791723,0.9612109366226539,1.1178989810491555,0.9534512594262718,0.3552631578947369,0.7243975903614457,0.48169059603176834,0.8403832443007786,0.2840533988699547,0.1696060620592388,0.06946703765732859,0.846243154041551,0.42075778946037046,0.1692816359446751,0.3590643274853801,0.823321554770318,0.44117408597076113,0.8661521340507374,0.3991998587425695,0.14350344558920022,0.03990333884625283,0.8411322668828369,0.40842283462812246,0.17779896161219202,-0.11514645987261485,68.02009803921568,0.014090777614379602,0.01949106416833779
2022,152,1181,1314,77,81,-4,0,0,-6,-14.600000000000001,7.241532976827094,1.1536935956567138,0.9641270879563967,1.081499893856498,0.9935136185579425,0.36772486772486773,0.728813559322034,0.4893330663780926,0.8742547751840138,0.32015138933722015,0.14298768519979893,0.08633281040396429,0.9037413561133811,0.41826856933901224,0.14896224735966831,0.36206896551724144,0.7721943048576214,0.45450698263489964,0.8541832138940748,0.3193503633903536,0.15781842353303796,0.06171423259637168,0.8649239469548012,0.4345530510037155,0.13535521521561727,0.0008010259468665404,70.58057040998216,0.02555528270394808,0.046984979899353796
2022,154,1242,1314,72,69,3,1,0,-7,-21.200000000000003,4.653297682709447,1.1062480903791723,0.9612109366226539,1.081499893856498,0.9935136185579425,0.3552631578947369,0.7243975903614457,0.48169059603176834,0.8403832443007786,0.2840533988699547,0.1696060620592388,0.06946703765732859,0.846243154041551,0.42075778946037046,0.1692816359446751,0.36206896551724144,0.7721943048576214,0.45450698263489964,0.8541832138940748,0.3193503633903536,0.15781842353303796,0.06171423259637168,0.8649239469548012,0.4345530510037155,0.13535521521561727,-0.03529696452039893,71.28865864527629,0.02048943747010684,0.05939766452156381
2023,134,1280,1338,59,60,-1,0,0,0,-23.799999999999997,-0.7272727272727275,0.9948163114660852,0.9228134281110184,1.106758294147695,1.019578005304956,0.26625386996904027,0.6466049382716049,0.4248677341073227,0.8563554208792244,0.2951460600346951,0.18060237188936384,0.06232013899524858,0.8202743527663449,0.39451917552417326,0.20387786654907508,0.3597633136094675,0.7612903225806451,0.4540759449102497,0.8425267477343389,0.37155615222995164,0.1539735430950508,0.06920705838884689,0.8474346589783737,0.4292065230774369,0.15816510610219517,-0.07641009219525652,67.71666666666667,0.002739568375168311,0.044536200073776455
2023,134,1369,1394,71,75,-4,0,0,0,71.0,-5.829676071055381,1.0110125651249238,1.0309099746345194,1.0803257854041295,1.0126061911125774,0.33291457286432163,0.7176470588235294,0.4339258381002302,0.7930600359406671,0.31581397849100135,0.16206588977937555,0.05430125864263341,0.7770197760963119,0.4536461105329673,0.1791257903506297,0.36885245901639346,0.8003327787021629,0.45085809947272576,0.8296814721841157,0.28791579938975587,0.16981910500512937,0.027055541655773088,0.7734241461947764,0.4593461725285248,0.20398380675672095,0.02789817910124548,74.47155172413792,-0.0056160996884689895,-0.043048299068596474
2023,135,1113,1305,98,73,25,1,0,0,10.000000000000007,-1.8984819734345355,0.9899520720833026,0.9505980996337992,1.0511413314616918,0.9826921314503808,0.31365313653136534,0.688783570300158,0.41851232380895326,0.8469096360231554,0.3346660888487059,0.16069835824008416,0.0793649721120625,0.818832031742673,0.4007160926118904,0.19156423611101236,0.33809523809523806,0.7924812030075188,0.4430910375063414,0.793520679140255,0.2974171327122052,0.1467442095430867,0.05514818347807273,0.8155307296215499,0.42228793432012407,0.16914316758754025,0.0372489561365007,69.96901091081594,-0.0015034359945771958,0.06641362458774336
2023,135,1192,1411,84,61,23,1,0,0,18.19999999999999,5.28125,1.0750055244086032,1.07390306207092,0.9284920991518828,0.9992508125514366,0.3443072702331962,0.7490909090909091,0.45275751875024867,0.8680192650557419,0.32195200903424553,0.15648945544392026,0.034465448151684654,0.7782961513324875,0.48468711051444646,0.20050550058217692,0.28679245283018867,0.6595744680851063,0.42263104806930774,0.8055198260526648,0.22665704474277884,0.19063106516340705,0.051419386772319,0.7951157236438704,0.4374038576623416,0.17735243141235826,0.0952949642914667,72.16875,-0.008578391085582004,0.011623091316405265
2023,136,1104,1394,96,75,21,1,0,-15,-187.0,8.331643002028397,1.0933127421683413,0.8941108678400125,1.0803257854041295,1.0126061911125774,0.33794466403162055,0.725868725868726,0.4483462035596157,0.8270010997948608,0.3980285018298448,0.179409969680928,0.07905402807730894,0.8438160278264872,0.37207289088144657,0.14961230981861542,0.36885245901639346,0.8003327787021629,0.45085809947272576,0.8296814721841157,0.28791579938975587,0.16981910500512937,0.027055541655773088,0.7734241461947764,0.4593461725285248,0.20398380675672095,0.11011270244008892,73.97633113590263,0.04238069286698404,-0.008715842561960896
2023,136,1116,1228,73,63,10,1,0,-1,-15.2,-0.6571969696969697,1.0455178412410575,0.9418582545071327,1.0511285166812327,0.9494535709726363,0.3169811320754717,0.6895604395604396,0.47701095462518167,0.7993096992620883,0.22666966545518805,0.17687662023179151,0.09247071457834842,0.7803690758280045,0.4206877647390174,0.18953052472547438,0.308953341740227,0.6801872074882995,0.4516790872168693,0.8368588807256165,0.35010614451260763,0.1743034282949124,0.09617591505090947,0.8254996564878467,0.41808120067033544,0.17087268262103472,-0.12343647905741958,71.07872869318183,0.011362651669815205,-0.004795963027768746
2023,136,1120,1234,83,75,8,1,0,1,-7.9999999999999964,-0.15625,1.0318461696820858,0.9698466099192503,1.1159763631653292,1.051542422443979,0.3137254901960784,0.7022556390977444,0.4400796119484041,0.8325290239376669,0.29468605083854615,0.1672880738952184,0.0892776679633262,0.8145929097312538,0.40953148020324304,0.1808108287389403,0.34308510638297873,0.7385321100917431,0.4567623857277706,0.8768433635701987,0.3274722256442251,0.1339797650357315,0.05690685854059026,0.8484585627579041,0.4776681262441122,0.17248015143332077,-0.03278617480567897,71.070703125,0.025726936130751332,0.031170944922954913
2023,136,1181,1331,74,51,23,1,0,-7,-47.4,-3.9450980392156865,1.0901240985860372,0.9541544365282846,1.1497540955145482,0.9771422180274034,0.3357348703170029,0.7711442786069652,0.452576238816932,0.8651493504860628,0.309325821767909,0.17118035281108535,0.0769142889566966,0.8609161025335553,0.4093146339196095,0.15698755461675304,0.36964078794901506,0.7840172786177105,0.4770233652533879,0.875435019334093,0.4009287748201272,0.12303548540118356,0.08115715290599722,0.865772848449642,0.4194003679479091,0.16636788070578964,-0.09160295305221816,69.2393137254902,-0.00718069620407813,0.055475931088543096
2023,136,1202,1438,68,67,1,1,0,9,60.00000000000001,1.4375,1.1466098537392748,1.020712834180853,1.0700326662125084,0.9533720760073748,0.34397163120567376,0.7345971563981043,0.47814909236600184,0.838958850791646,0.3897594570562272,0.1512031319473549,0.053565234885433376,0.8263061251802782,0.45087555027632115,0.1699382695871758,0.353322528363047,0.700507614213198,0.45040827752628193,0.843830674132587,0.30489456046011537,0.1277356504930295,0.08112409934804887,0.8212595792563048,0.41714262155522913,0.1809884063289027,0.08486489659611185,66.78985635080645,-0.0029960569406860538,0.03943204235753783
2023,136,1222,1297,63,52,11,1,0,-15,-156.0,16.060661764705884,1.1485427950371285,0.8556209672042485,1.0387405788215627,0.9934132893016526,0.3446475195822454,0.7192374350086655,0.461808128512158,0.9131217107247044,0.34471510504643216,0.1434243842002363,0.09288663888215055,0.7779875174681843,0.3670908493647599,0.20532260511210082,0.35190217391304346,0.7036290322580645,0.4296072200707301,0.8724254076275267,0.35456723845745214,0.16184127480598223,0.048487886152397054,0.8017403314043346,0.44174037206244704,0.21574570995970244,-0.009852133411019981,65.12169117647059,0.053425215569557594,0.006097794153616332
2023,136,1224,1242,68,96,-28,0,0,15,204.8,-6.0,1.0134181851841406,1.0017598221589747,1.049998018563043,0.9505210716032986,0.372093023255814,0.7155025553662693,0.4551269930312713,0.7958394163518463,0.2869179565745101,0.2176016020804468,0.05249835746872931,0.7985503509269035,0.4482079397996305,0.1967782977035393,0.3439767779390421,0.7171381031613977,0.4644683534962936,0.8325371024535843,0.28594917785230106,0.16965354988264086,0.06396558238626766,0.814273012818758,0.41751678366319267,0.18816748418660928,0.0009687787222090183,71.93869781783681,-0.02001625830073006,0.039974379740502664
2023,136,1268,1452,67,65,2,1,0,-1,3.1999999999999993,1.9393939393939394,1.0801253063041327,0.9706860406768825,1.079474374221938,1.0083266414596102,0.3304093567251462,0.7390599675850892,0.4529749864458556,0.8459533992357628,0.31694835091938023,0.15253527567381034,0.06685342931756019,0.8389834391982736,0.4300196129446556,0.1703974556783007,0.3483309143686502,0.7410358565737053,0.45352466172220546,0.8133058797661549,0.29746635425284124,0.1744259738805032,0.05606657138783151,0.7775406878576688,0.448699594153744,0.19955238524351054,0.019481996666538992,68.19318181818181,0.009065152966369228,-0.028889952979576194
2023,136,1281,1429,76,65,11,1,0,-3,22.199999999999996,-3.0606060606060606,1.1198839922608081,1.0441629304472386,1.1113011672557305,0.9911948942193274,0.3605600933488915,0.758147512864494,0.472548286423689,0.8422036156987945,0.3671291895722512,0.1501701208936139,0.04600182395187896,0.794204019182887,0.4460771520878905,0.22731337793234158,0.38510911424903727,0.7674772036474165,0.4753934233987438,0.8037938190817924,0.33671669217698214,0.1673549837111376,0.05664613704135457,0.8392527977684925,0.42061820149675777,0.14740941114187434,0.030412497395269078,70.49204545454546,-0.01415204378309376,0.06850488249883369
2023,136,1129,1321,67,75,-8,0,0,3,-5.399999999999999,1.84375,1.0529387397462262,0.9392084772179848,1.0184046928522972,0.9354435402403721,0.35953420669577874,0.7392086330935251,0.452293617470524,0.8329348447437327,0.31612059088460015,0.1573821270042571,0.051269361439950145,0.8276039767864337,0.41607223338979576,0.1669008954340936,0.3206806282722513,0.7513611615245009,0.4072348713663013,0.875139782386597,0.3596984696401216,0.13677980365774184,0.07822371956535898,0.7897410095879978,0.4130703886053769,0.20154963714834398,-0.04357787875552144,67.231640625,0.021028450659901887,-0.021703839753769882
2023,136,1336,1401,76,59,17,1,0,3,19.200000000000003,-3.115126050420168,1.093719972554305,1.0352225518069171,1.0781394415257808,0.9690870824629094,0.3851851851851852,0.7377049180327869,0.46381654337886613,0.8645853264728178,0.4102448320187228,0.1284213647607747,0.03789781882491667,0.887835796458189,0.43366491366425447,0.123869701129135,0.3275316455696202,0.7593023255813954,0.43885848614319106,0.8089326421882428,0.2735687066492236,0.17484908985627234,0.042911207567056284,0.8083688696747863,0.4073170297878411,0.19336318759859517,0.1366761253694992,67.07796218487394,-0.0006949133203691393,-0.11271390190526043
2023,136,1112,1343,55,59,-4,0,0,-13,-101.8,5.102396514161219,1.1187892415529628,0.9678922939485969,1.0630956166475092,0.9884408576505903,0.38169934640522873,0.708843537414966,0.49698650921275567,0.8061132681092191,0.30652439968581835,0.1762787088927534,0.05034145561675878,0.8561293225976686,0.4096198281597096,0.1576973881295026,0.3395348837209302,0.713163064833006,0.4574192778435044,0.8335849369807273,0.3402210230076071,0.15896140738277786,0.053936477469074644,0.8509846921319131,0.4271812552363055,0.13884974166572614,-0.03369662332178874,72.16869553376907,0.028564329222923568,0.026740382340995184
2023,136,1158,1361,57,63,-6,0,0,7,52.599999999999994,5.438446969696969,1.1023048917997276,0.928139664689762,1.0558318327037035,0.9488798362198066,0.33299595141700405,0.7430249632892805,0.43491160762644104,0.8675585139396946,0.41313120384780044,0.16024065099571613,0.052612813341030844,0.8250373767004263,0.4318130349411864,0.18506964833273232,0.3438485804416404,0.7355769230769231,0.4425186643969765,0.8409686591831723,0.2938816722212892,0.16042825240655897,0.06797279175205183,0.8175667505485543,0.41694938230218975,0.17993359399000547,0.11924953162651125,70.29801136363636,-0.011235354704766054,0.01509855966369611
2023,136,1397,1418,58,55,3,1,0,-9,-88.0,8.724242424242425,1.0796227164873633,0.8596551106739256,1.0836132555522768,1.014651256165179,0.3290653008962868,0.7135678391959799,0.43981798121751714,0.8775744620104865,0.3548821603766324,0.16871527624527272,0.06886925920300016,0.7817999390647329,0.36888016356182174,0.20503655285733174,0.3656307129798903,0.6723076923076923,0.4758653479562571,0.8239371325511533,0.2610890661228931,0.16799543853671287,0.05061812665176119,0.8131239233959237,0.452589481993205,0.16772365448636747,0.09379309425373927,68.35909090909091,0.023830975846321656,0.022785943981789014
2023,136,1159,1400,61,81,-20,0,0,13,104.2,-1.5320855614973272,1.1415775969580744,1.0026020206929953,1.0852511388948394,0.9332671579915309,0.4093655589123867,0.6615969581749049,0.5151879652482722,0.8437020221112331,0.2923443275582313,0.14219531679718025,0.04763398811111091,0.8546919251653107,0.45649495326304085,0.16683947712153654,0.3389121338912134,0.7523219814241486,0.4678858345353027,0.8404968267809751,0.29457928831090524,0.1541665368837263,0.06486332414909443,0.7768719295491664,0.4202187979619197,0.21418894529546764,-0.0022349607526739312,70.04632352941177,0.005512987705924177,-0.045195629484310884
2023,136,1417,1421,86,53,33,1,0,-13,-144.6,9.898897058823529,1.0869347136503016,0.8865219183533091,1.0392545619671323,0.9717038856079124,0.34717607973421927,0.7224199288256227,0.4595239671981284,0.8958521047410234,0.26127193377020647,0.13918679946955242,0.07255421917144425,0.7868937098264916,0.4079207281185768,0.21923995874227883,0.38836477987421386,0.693069306930693,0.4681922911828152,0.7625212308943097,0.28324596698347854,0.1862278390445373,0.06659547713455606,0.8445906862960741,0.42937172875034113,0.1699017284124629,-0.02197403321327207,69.10498621323529,0.0063913383235387755,0.02991585760357196
2023,137,1124,1364,74,56,18,1,0,-11,-94.39999999999999,0.84375,1.1027080454105367,1.0290180595974625,1.0892708325028089,0.98312987481307,0.37170263788968827,0.7489051094890511,0.44586222539159737,0.8254726169383028,0.37524487932179373,0.1705256531686675,0.04289290653725667,0.8232904829571855,0.45434967966177375,0.18647047949051568,0.3514056224899598,0.7374581939799331,0.4918679934046376,0.8122826363763358,0.23761833433882096,0.1558841343981201,0.04529628314903483,0.8099237261124386,0.44445670688232936,0.17600842642128406,0.13762654498297278,67.991015625,-0.027949370396242346,0.07483085492913355
2023,137,1163,1233,87,63,24,1,0,-9,-68.2,2.041889483065953,1.1258235020258376,0.9298801601347026,1.1014772090149698,0.9369779732286214,0.35697115384615385,0.754414125200642,0.4596347092052508,0.8670070951709695,0.36390953582169905,0.17739697332108348,0.08985541534993581,0.7794254339252056,0.40894750237461175,0.17906769808701573,0.35982008995502246,0.7313432835820896,0.46440850624418223,0.8789235492637475,0.2830183415242498,0.14756815525757294,0.09642992643878771,0.8263738313608635,0.41148065760663904,0.1848113254423489,0.08089119429744923,69.54254679144385,-0.0011203209034520434,0.00425106433931477
2023,137,1166,1301,72,63,9,1,0,-5,-33.8,0.7575757575757587,1.0930528619936732,0.9676635335199885,1.0990718764113905,0.9989105314775282,0.35985312117503054,0.7673992673992673,0.4693782759265445,0.8405633171375599,0.35354661607702403,0.1563873070553672,0.06728231521167732,0.8907043408636319,0.4218853713584684,0.13419040948014777,0.35012594458438284,0.7201492537313433,0.4521438971619482,0.9043334242477042,0.3390769665316827,0.12863818865306517,0.08057311025314588,0.8017414067521538,0.4457222946471402,0.17562126781943194,0.014469649545341357,70.59015151515152,0.020535651026634127,-0.034202076141211735
2023,137,1192,1345,63,58,5,1,0,15,294.8,-10.040441176470589,1.0750055244086032,1.07390306207092,1.132863488772397,0.9573898788067955,0.3443072702331962,0.7490909090909091,0.45275751875024867,0.8680192650557419,0.32195200903424553,0.15648945544392026,0.034465448151684654,0.7782961513324875,0.48468711051444646,0.20050550058217692,0.3263598326359833,0.7432239657631955,0.46075469971105937,0.8576470197428387,0.32677354905279926,0.1614082874371507,0.062079896514273716,0.8777173285010579,0.418655665716571,0.13821319425157244,-0.004821540018553727,67.79857536764706,-0.03701431287934309,-0.007021912017707743
2023,137,1194,1272,66,65,1,1,0,1,9.0,5.022058823529412,1.1203222858735464,0.9312474674418767,1.0660081518427245,0.9559674349085076,0.3724550898203593,0.7175843694493783,0.4684079227013265,0.8540218329837203,0.37365041050173664,0.15817820049565934,0.042959931301046535,0.8332290331734921,0.40511354143812467,0.17131579558237547,0.35604770017035775,0.746922024623803,0.4818658410997102,0.8027745070919385,0.2324121282136748,0.1776937874141512,0.07500691225495089,0.8065502236784271,0.40372805691220337,0.20150767456165747,0.14123828228806184,72.33072150735293,-0.007421701462152541,-0.03386859048012414
2023,137,1211,1213,82,70,12,1,0,-11,-100.6,9.0,1.1915636176554427,1.0135375383453498,1.071539325880363,1.0170917591165964,0.38354037267080743,0.7019374068554396,0.5203561052091283,0.8453286840618087,0.2778720590896893,0.1401831651857936,0.05453314838982332,0.8258686440195095,0.4466774048331549,0.17456880269690003,0.3755274261603376,0.7147192716236722,0.45713122391883293,0.8069150942232927,0.33096603923178036,0.16786616486445202,0.052594130106747836,0.8647233291111067,0.42037344226258266,0.1334289291437836,-0.053093980142091046,70.04296875,0.018460459359861625,-0.007123144659317959
2023,137,1231,1245,71,60,11,1,0,-9,-45.599999999999994,-2.799242424242424,1.072510731162475,0.9938492014336219,1.0675148479326795,0.93444222832454,0.37029702970297035,0.7123050259965339,0.4887880475862798,0.8329135803910415,0.21781083212529725,0.15953508559521995,0.08243144007400022,0.8568017541692776,0.40942072133223295,0.15018413374773074,0.33198924731182794,0.7228525121555915,0.45037609964103864,0.8512050642483839,0.3290039202845899,0.15321625560987892,0.07362893363979012,0.7634198720812049,0.4096747484999377,0.21410109321043852,-0.11119308815929266,70.41139914772727,0.019332987556472947,-0.020723327498293753
2023,137,1243,1286,77,65,12,1,0,-11,-82.6,2.375,1.0346060684510479,0.9461027686390856,1.0459978340754192,0.970970203464911,0.3402985074626866,0.7496339677891655,0.45256553848725856,0.7941701912964684,0.2882453563721607,0.18799538690289933,0.04788160291908869,0.78818084244245,0.42109987016783035,0.1964586805075682,0.31956912028725315,0.7631224764468372,0.45680606072026253,0.7709832301790241,0.25634623196876966,0.16764897086736683,0.05741145694958213,0.776459004078027,0.436093617323315,0.1908574304871188,0.031899124403391044,70.45859375,0.0053766124612403265,0.042769466849995275
2023,137,1246,1344,61,53,8,1,0,-5,-23.200000000000003,0.25,1.106709453804231,0.9978379118660817,1.099583461472559,1.013857079834768,0.3535528596187175,0.7030497592295345,0.46127088169229247,0.882910135749583,0.2639963364528794,0.15746394110426534,0.06471642576868007,0.8324430271189905,0.4332480143460425,0.15201799599542562,0.35148514851485146,0.7450424929178471,0.45931423843504415,0.8465229839550756,0.2687774466732779,0.15506644310634785,0.07659079037673404,0.848979568389805,0.44408439882638,0.1616271291322913,-0.00478111022039851,69.566796875,0.006396513868792919,0.011189301218764713
2023,137,1266,1436,78,61,17,1,0,-13,-90.8,3.9154411764705888,1.1147998023058794,0.9940150639386431,1.084715285612146,1.0023544585269872,0.34797687861271676,0.7209302325581396,0.4878826207535429,0.8489071113617426,0.3560189038450327,0.1456487332065025,0.05487654309985556,0.8135042391223317,0.44612834252281053,0.2091210605036176,0.36150845253576075,0.7029702970297029,0.4726542527423296,0.835490822755953,0.3605062317053337,0.13295333711506568,0.05343647884732827,0.831978296334986,0.44363021533181823,0.15833358750395904,-0.0044873278603009825,69.20153952205882,0.006365120410110503,0.07104810704395914
2023,137,1179,1274,56,63,-7,0,0,7,19.0,2.173295454545455,1.0866586043204132,0.9314850170234883,1.1321189815801649,1.0210270380321316,0.36666666666666664,0.7714808043875686,0.465316133228598,0.8459311693706394,0.30694786372339133,0.14475755476169913,0.043080406455392656,0.8244949082498441,0.41406499932847196,0.16521943128527772,0.367624810892587,0.7762237762237763,0.4869638453731605,0.8523111788457742,0.2964134066322758,0.1559869281662855,0.05482241128215051,0.847470490588677,0.4507452178285591,0.17304376190609794,0.010534457091115557,69.1455965909091,0.007516253177762333,-0.0658146453582143
2023,137,1277,1425,72,62,10,1,0,-3,-7.800000000000004,-2.692540322580645,1.0419980353142984,1.001790260329816,1.0424369437109935,0.9628667235364459,0.3952299829642249,0.7620087336244542,0.4517723637020303,0.8523249463705221,0.2840690216212727,0.15226954622042715,0.049838737034104116,0.8598634087831839,0.4210854940195051,0.13860075697654067,0.345,0.7435064935064936,0.4567814795431888,0.8167174529535132,0.26910397898190197,0.16785401923705115,0.08406041544132087,0.8606617816422251,0.39315295441021575,0.16702924673597294,0.014965042639370707,68.61854838709678,-0.016470827725223958,-0.04821687789051177
2023,137,1235,1338,41,59,-18,0,0,-5,-50.4,0.05113636363636331,1.0203210680670396,0.9356207864380617,1.106758294147695,1.019578005304956,0.3392857142857143,0.6739130434782609,0.4522862795410348,0.8490259368429394,0.285483278620284,0.1860849238992169,0.0604524651021762,0.726100938157433,0.42178368537722916,0.23676995835812595,0.3597633136094675,0.7612903225806451,0.4540759449102497,0.8425267477343389,0.37155615222995164,0.1539735430950508,0.06920705838884689,0.8474346589783737,0.4292065230774369,0.15816510610219517,-0.08607287360966764,68.03008996212121,0.002816586165496404,0.008905596363340873
2023,137,1388,1433,63,51,12,1,0,-7,-37.8,2.4393382352941178,1.0973213264166324,0.9263998287767888,1.0367201185067016,0.9088172108837229,0.3669172932330827,0.6910714285714286,0.4566740204523991,0.8680674038077049,0.32231357935654675,0.1475829856671548,0.06808015587451059,0.798731994529959,0.41669240849035255,0.17846620608141478,0.3473154362416107,0.6973684210526316,0.46539014474534923,0.7796474178093267,0.25541942551299746,0.18442891163999237,0.08254353692420673,0.7863026765321498,0.4175332638477762,0.21967657699446574,0.0668941538435493,66.82996323529412,-0.003937634467763185,-0.011418479705644247
2023,137,1113,1395,70,72,-2,0,0,5,41.400000000000006,-4.655080213903743,0.9899520720833026,0.9505980996337992,1.0461760490531056,0.9468427120837556,0.31365313653136534,0.688783570300158,0.41851232380895326,0.8469096360231554,0.3346660888487059,0.16069835824008416,0.0793649721120625,0.818832031742673,0.4007160926118904,0.19156423611101236,0.30612244897959184,0.7005899705014749,0.4590002870272866,0.8439898950573921,0.24764523179523068,0.1631866333131087,0.08100171319663732,0.8070983512063185,0.42734667377246965,0.20562192031601562,0.08702085705347523,71.62476604278075,-0.006928691028877054,-0.018795343921777063
2023,137,1244,1462,67,72,-5,0,0,11,110.6,-4.449715370018975,1.035503731950315,0.99722245846949,1.1088626736298153,1.0152799418643823,0.37087087087087084,0.6630265210608425,0.45947431829981616,0.7983627465619737,0.30300376641165694,0.16942607708956275,0.04788939297177678,0.7835381189380898,0.4455386451605877,0.18357791877345334,0.3953846153846154,0.7140624999999999,0.495998743062687,0.8330439998787939,0.2609297584372385,0.16854576653233017,0.05120767880986287,0.8415052119029296,0.4447863886420009,0.1567848039960008,0.04207400797441846,72.25007115749526,-0.018638340640728834,-0.025116429726915634
2023,138,1104,1268,73,51,22,1,0,-7,-22.8,6.464349376114082,1.0933127421683413,0.8941108678400125,1.0801253063041327,0.9706860406768825,0.33794466403162055,0.725868725868726,0.4483462035596157,0.8270010997948608,0.3980285018298448,0.179409969680928,0.07905402807730894,0.8438160278264872,0.37207289088144657,0.14961230981861542,0.3304093567251462,0.7390599675850892,0.4529749864458556,0.8459533992357628,0.31694835091938023,0.15253527567381034,0.06685342931756019,0.8389834391982736,0.4300196129446556,0.1703974556783007,0.08108015091046455,70.43584001782531,0.02665896958848457,0.010752846020845697
2023,138,1116,1242,72,71,1,1,0,7,13.8,0.030303030303030276,1.0455178412410575,0.9418582545071327,1.049998018563043,0.9505210716032986,0.3169811320754717,0.6895604395604396,0.47701095462518167,0.7993096992620883,0.22666966545518805,0.17687662023179151,0.09247071457834842,0.7803690758280045,0.4206877647390174,0.18953052472547438,0.3439767779390421,0.7171381031613977,0.4644683534962936,0.8325371024535843,0.28594917785230106,0.16965354988264086,0.06396558238626766,0.814273012818758,0.41751678366319267,0.18816748418660928,-0.059279512397113016,71.30163770053477,0.004685810026531623,0.0089602030757171
2023,138,1120,1222,64,81,-17,0,0,8,25.6,-12.873161764705884,1.0318461696820858,0.9698466099192503,1.1485427950371285,0.8556209672042485,0.3137254901960784,0.7022556390977444,0.4400796119484041,0.8325290239376669,0.29468605083854615,0.1672880738952184,0.0892776679633262,0.8145929097312538,0.40953148020324304,0.1808108287389403,0.3446475195822454,0.7192374350086655,0.461808128512158,0.9131217107247044,0.34471510504643216,0.1434243842002363,0.09288663888215055,0.7779875174681843,0.3670908493647599,0.20532260511210082,-0.050029054207886,67.96973805147059,-0.0320845737011185,0.004722770845955515
2023,138,1281,1343,63,78,-15,0,0,-8,-62.2,-1.1649831649831652,1.1198839922608081,1.0441629304472386,1.0630956166475092,0.9884408576505903,0.3605600933488915,0.758147512864494,0.472548286423689,0.8422036156987945,0.3671291895722512,0.1501701208936139,0.04600182395187896,0.794204019182887,0.4460771520878905,0.22731337793234158,0.3395348837209302,0.713163064833006,0.4574192778435044,0.8335849369807273,0.3402210230076071,0.15896140738277786,0.053936477469074644,0.8509846921319131,0.4271812552363055,0.13884974166572614,0.02690816656464412,70.79941077441077,-0.0018834441357001852,0.06790488430666947
2023,138,1202,1361,52,75,-23,0,0,8,72.2,1.46875,1.1466098537392748,1.020712834180853,1.0558318327037035,0.9488798362198066,0.34397163120567376,0.7345971563981043,0.47814909236600184,0.838958850791646,0.3897594570562272,0.1512031319473549,0.053565234885433376,0.8263061251802782,0.45087555027632115,0.1699382695871758,0.3438485804416404,0.7355769230769231,0.4425186643969765,0.8409686591831723,0.2938816722212892,0.16042825240655897,0.06797279175205183,0.8175667505485543,0.41694938230218975,0.17993359399000547,0.09587778483493803,68.97227822580646,0.0008521299974469931,-0.0007761693718748575
2023,138,1181,1397,52,65,-13,0,0,1,10.200000000000001,-5.169340463458111,1.0901240985860372,0.9541544365282846,1.0796227164873633,0.8596551106739256,0.3357348703170029,0.7711442786069652,0.452576238816932,0.8651493504860628,0.309325821767909,0.17118035281108535,0.0769142889566966,0.8609161025335553,0.4093146339196095,0.15698755461675304,0.3290653008962868,0.7135678391959799,0.43981798121751714,0.8775744620104865,0.3548821603766324,0.16871527624527272,0.06886925920300016,0.7817999390647329,0.36888016356182174,0.20503655285733174,-0.04555633860872338,66.83715463458111,-0.013838106379186421,-0.011545754399837072
2023,138,1336,1400,66,71,-5,0,0,8,33.6,-6.526890756302521,1.093719972554305,1.0352225518069171,1.0852511388948394,0.9332671579915309,0.3851851851851852,0.7377049180327869,0.46381654337886613,0.8645853264728178,0.4102448320187228,0.1284213647607747,0.03789781882491667,0.887835796458189,0.43366491366425447,0.123869701129135,0.3389121338912134,0.7523219814241486,0.4678858345353027,0.8404968267809751,0.29457928831090524,0.1541665368837263,0.06486332414909443,0.7768719295491664,0.4202187979619197,0.21418894529546764,0.11566554370781756,68.83310924369748,-0.0087577034293857,-0.06445110925035191
2023,138,1321,1417,63,68,-5,0,0,5,38.6,-8.430147058823529,1.0184046928522972,0.9354435402403721,1.0869347136503016,0.8865219183533091,0.3206806282722513,0.7513611615245009,0.4072348713663013,0.875139782386597,0.3596984696401216,0.13677980365774184,0.07822371956535898,0.7897410095879978,0.4130703886053769,0.20154963714834398,0.34717607973421927,0.7224199288256227,0.4595239671981284,0.8958521047410234,0.26127193377020647,0.13918679946955242,0.07255421917144425,0.7868937098264916,0.4079207281185768,0.21923995874227883,0.09842653586991512,67.21279871323529,-0.02871937815931358,-0.025791851660009968
2023,139,1163,1388,70,55,15,1,0,-1,-7.3999999999999995,2.455492424242424,1.1258235020258376,0.9298801601347026,1.0973213264166324,0.9263998287767888,0.35697115384615385,0.754414125200642,0.4596347092052508,0.8670070951709695,0.36390953582169905,0.17739697332108348,0.08985541534993581,0.7794254339252056,0.40894750237461175,0.17906769808701573,0.3669172932330827,0.6910714285714286,0.4566740204523991,0.8680674038077049,0.32231357935654675,0.1475829856671548,0.06808015587451059,0.798731994529959,0.41669240849035255,0.17846620608141478,0.041595956465152295,67.13096590909092,0.005352797434296286,0.049214412442543765
2023,139,1124,1166,76,85,-9,0,0,-3,-0.6000000000000014,-1.2452651515151523,1.1027080454105367,1.0290180595974625,1.0930528619936732,0.9676635335199885,0.37170263788968827,0.7489051094890511,0.44586222539159737,0.8254726169383028,0.37524487932179373,0.1705256531686675,0.04289290653725667,0.8232904829571855,0.45434967966177375,0.18647047949051568,0.35985312117503054,0.7673992673992673,0.4693782759265445,0.8405633171375599,0.35354661607702403,0.1563873070553672,0.06728231521167732,0.8907043408636319,0.4218853713584684,0.13419040948014777,0.0216982632447697,70.08644649621212,-0.027990179419126238,0.07727839805296521
2023,139,1192,1194,70,78,-8,0,0,7,273.0,-12.5625,1.0750055244086032,1.07390306207092,1.1203222858735464,0.9312474674418767,0.3443072702331962,0.7490909090909091,0.45275751875024867,0.8680192650557419,0.32195200903424553,0.15648945544392026,0.034465448151684654,0.7782961513324875,0.48468711051444646,0.20050550058217692,0.3724550898203593,0.7175843694493783,0.4684079227013265,0.8540218329837203,0.37365041050173664,0.15817820049565934,0.042959931301046535,0.8332290331734921,0.40511354143812467,0.17131579558237547,-0.051698401467491106,70.479296875,-0.0476119865136998,0.024929788576547596
2023,139,1211,1395,84,81,3,1,0,-3,-19.0,5.3522727272727275,1.1915636176554427,1.0135375383453498,1.0461760490531056,0.9468427120837556,0.38354037267080743,0.7019374068554396,0.5203561052091283,0.8453286840618087,0.2778720590896893,0.1401831651857936,0.05453314838982332,0.8258686440195095,0.4466774048331549,0.17456880269690003,0.30612244897959184,0.7005899705014749,0.4590002870272866,0.8439898950573921,0.24764523179523068,0.1631866333131087,0.08100171319663732,0.8070983512063185,0.42734667377246965,0.20562192031601562,0.030226827294458636,72.15649857954546,0.021012543560578245,-0.0332219095478411
2023,139,1243,1246,75,69,6,1,0,-3,0.6000000000000014,-0.5625,1.0346060684510479,0.9461027686390856,1.106709453804231,0.9978379118660817,0.3402985074626866,0.7496339677891655,0.45256553848725856,0.7941701912964684,0.2882453563721607,0.18799538690289933,0.04788160291908869,0.78818084244245,0.42109987016783035,0.1964586805075682,0.3535528596187175,0.7030497592295345,0.46127088169229247,0.882910135749583,0.2639963364528794,0.15746394110426534,0.06471642576868007,0.8324430271189905,0.4332480143460425,0.15201799599542562,0.0242490199192813,70.50546875,0.001721400486589142,-0.019763934600529276
2023,139,1231,1274,69,85,-16,0,0,-1,-10.8,-0.7054924242424239,1.072510731162475,0.9938492014336219,1.1321189815801649,1.0210270380321316,0.37029702970297035,0.7123050259965339,0.4887880475862798,0.8329135803910415,0.21781083212529725,0.15953508559521995,0.08243144007400022,0.8568017541692776,0.40942072133223295,0.15018413374773074,0.367624810892587,0.7762237762237763,0.4869638453731605,0.8523111788457742,0.2964134066322758,0.1559869281662855,0.05482241128215051,0.847470490588677,0.4507452178285591,0.17304376190609794,-0.07860257450697852,69.95241477272727,0.021574349354722744,-0.021348512577991696
2023,139,1266,1277,60,69,-9,0,0,-5,-19.599999999999998,6.514231499051234,1.1147998023058794,0.9940150639386431,1.0419980353142984,1.001790260329816,0.34797687861271676,0.7209302325581396,0.4878826207535429,0.8489071113617426,0.3560189038450327,0.1456487332065025,0.05487654309985556,0.8135042391223317,0.44612834252281053,0.2091210605036176,0.3952299829642249,0.7620087336244542,0.4517723637020303,0.8523249463705221,0.2840690216212727,0.15226954622042715,0.049838737034104116,0.8598634087831839,0.4210854940195051,0.13860075697654067,0.07194988222376003,69.5939160341556,0.005533704274103601,0.03539691152017249
2023,139,1338,1462,73,84,-11,0,0,8,56.8,-1.7165775401069512,1.106758294147695,1.019578005304956,1.1088626736298153,1.0152799418643823,0.3597633136094675,0.7612903225806451,0.4540759449102497,0.8425267477343389,0.37155615222995164,0.1539735430950508,0.06920705838884689,0.8474346589783737,0.4292065230774369,0.15816510610219517,0.3953846153846154,0.7140624999999999,0.495998743062687,0.8330439998787939,0.2609297584372385,0.16854576653233017,0.05120767880986287,0.8415052119029296,0.4447863886420009,0.1567848039960008,0.11062639379271316,71.12388591800357,-0.013171466293936673,0.006486247180223503
2023,143,1116,1163,65,88,-23,0,0,4,16.6,-6.393939393939394,1.0455178412410575,0.9418582545071327,1.1258235020258376,0.9298801601347026,0.3169811320754717,0.6895604395604396,0.47701095462518167,0.7993096992620883,0.22666966545518805,0.17687662023179151,0.09247071457834842,0.7803690758280045,0.4206877647390174,0.18953052472547438,0.35697115384615385,0.754414125200642,0.4596347092052508,0.8670070951709695,0.36390953582169905,0.17739697332108348,0.08985541534993581,0.7794254339252056,0.40894750237461175,0.17906769808701573,-0.137239870366511,70.38977272727274,0.0028179915277625756,-0.02966663855980156
2023,143,1194,1397,62,55,7,1,0,5,21.6,-0.8825757575757578,1.1203222858735464,0.9312474674418767,1.0796227164873633,0.8596551106739256,0.3724550898203593,0.7175843694493783,0.4684079227013265,0.8540218329837203,0.37365041050173664,0.15817820049565934,0.042959931301046535,0.8332290331734921,0.40511354143812467,0.17131579558237547,0.3290653008962868,0.7135678391959799,0.43981798121751714,0.8775744620104865,0.3548821603766324,0.16871527624527272,0.06886925920300016,0.7817999390647329,0.36888016356182174,0.20503655285733174,0.018768250125104247,68.42302320075757,-0.0038217181962467706,-0.04724963486599976
2023,143,1211,1417,79,76,3,1,0,1,2.2,-0.992647058823529,1.1915636176554427,1.0135375383453498,1.0869347136503016,0.8865219183533091,0.38354037267080743,0.7019374068554396,0.5203561052091283,0.8453286840618087,0.2778720590896893,0.1401831651857936,0.05453314838982332,0.8258686440195095,0.4466774048331549,0.17456880269690003,0.34717607973421927,0.7224199288256227,0.4595239671981284,0.8958521047410234,0.26127193377020647,0.13918679946955242,0.07255421917144425,0.7868937098264916,0.4079207281185768,0.21923995874227883,0.01660012531948285,70.29092371323529,0.011037730648210953,-0.013222506185482819
2023,143,1243,1277,98,93,5,1,1,-4,-7.399999999999999,3.630040322580645,1.0346060684510479,0.9461027686390856,1.0419980353142984,1.001790260329816,0.3402985074626866,0.7496339677891655,0.45256553848725856,0.7941701912964684,0.2882453563721607,0.18799538690289933,0.04788160291908869,0.78818084244245,0.42109987016783035,0.1964586805075682,0.3952299829642249,0.7620087336244542,0.4517723637020303,0.8523249463705221,0.2840690216212727,0.15226954622042715,0.049838737034104116,0.8598634087831839,0.4210854940195051,0.13860075697654067,0.004176334750888022,70.11581401209678,0.0003893993184514999,0.04464292429565975
2023,144,1166,1343,86,75,11,1,0,-9,-96.2,2.077441077441078,1.0930528619936732,0.9676635335199885,1.0630956166475092,0.9884408576505903,0.35985312117503054,0.7673992673992673,0.4693782759265445,0.8405633171375599,0.35354661607702403,0.1563873070553672,0.06728231521167732,0.8907043408636319,0.4218853713584684,0.13419040948014777,0.3395348837209302,0.713163064833006,0.4574192778435044,0.8335849369807273,0.3402210230076071,0.15896140738277786,0.053936477469074644,0.8509846921319131,0.4271812552363055,0.13884974166572614,0.013325593069416941,70.35130471380472,0.008627440980438661,-0.009240324068066408
2023,144,1222,1274,75,89,-14,0,0,-4,-35.8,11.248161764705884,1.1485427950371285,0.8556209672042485,1.1321189815801649,1.0210270380321316,0.3446475195822454,0.7192374350086655,0.461808128512158,0.9131217107247044,0.34471510504643216,0.1434243842002363,0.09288663888215055,0.7779875174681843,0.3670908493647599,0.20532260511210082,0.367624810892587,0.7762237762237763,0.4869638453731605,0.8523111788457742,0.2964134066322758,0.1559869281662855,0.05482241128215051,0.847470490588677,0.4507452178285591,0.17304376190609794,0.04830169841415638,67.76387867647058,0.029249325801398385,0.02298240667536766
2023,144,1104,1361,64,71,-7,0,0,-4,-13.0,6.1452205882352935,1.0933127421683413,0.8941108678400125,1.0558318327037035,0.9488798362198066,0.33794466403162055,0.725868725868726,0.4483462035596157,0.8270010997948608,0.3980285018298448,0.179409969680928,0.07905402807730894,0.8438160278264872,0.37207289088144657,0.14961230981861542,0.3438485804416404,0.7355769230769231,0.4425186643969765,0.8409686591831723,0.2938816722212892,0.16042825240655897,0.06797279175205183,0.8175667505485543,0.41694938230218975,0.17993359399000547,0.10414682960855559,71.5891544117647,0.025352015291691177,0.007721079306300727
2023,144,1400,1462,83,71,12,1,0,-1,-11.4,3.0882352941176476,1.0852511388948394,0.9332671579915309,1.1088626736298153,1.0152799418643823,0.3389121338912134,0.7523219814241486,0.4678858345353027,0.8404968267809751,0.29457928831090524,0.1541665368837263,0.06486332414909443,0.7768719295491664,0.4202187979619197,0.21418894529546764,0.3953846153846154,0.7140624999999999,0.495998743062687,0.8330439998787939,0.2609297584372385,0.16854576653233017,0.05120767880986287,0.8415052119029296,0.4447863886420009,0.1567848039960008,0.03364952987366676,72.48308823529412,-0.0017726589236515822,0.007078855866693323
2023,145,1163,1211,82,54,28,1,0,1,0.20000000000000018,0.7992424242424239,1.1258235020258376,0.9298801601347026,1.1915636176554427,1.0135375383453498,0.35697115384615385,0.754414125200642,0.4596347092052508,0.8670070951709695,0.36390953582169905,0.17739697332108348,0.08985541534993581,0.7794254339252056,0.40894750237461175,0.17906769808701573,0.38354037267080743,0.7019374068554396,0.5203561052091283,0.8453286840618087,0.2778720590896893,0.1401831651857936,0.05453314838982332,0.8258686440195095,0.4466774048331549,0.17456880269690003,0.08603747673200973,71.04854403409091,-0.011495746772667237,0.037172171856730496
2023,145,1194,1243,79,76,3,1,0,6,3.0,6.40625,1.1203222858735464,0.9312474674418767,1.0346060684510479,0.9461027686390856,0.3724550898203593,0.7175843694493783,0.4684079227013265,0.8540218329837203,0.37365041050173664,0.15817820049565934,0.042959931301046535,0.8332290331734921,0.40511354143812467,0.17131579558237547,0.3402985074626866,0.7496339677891655,0.45256553848725856,0.7941701912964684,0.2882453563721607,0.18799538690289933,0.04788160291908869,0.78818084244245,0.42109987016783035,0.1964586805075682,0.08540505412957594,71.35703125,0.01591435647188677,-0.0213786962932081
2023,146,1274,1400,88,81,7,1,0,3,30.4,-3.1599264705882355,1.1321189815801649,1.0210270380321316,1.0852511388948394,0.9332671579915309,0.367624810892587,0.7762237762237763,0.4869638453731605,0.8523111788457742,0.2964134066322758,0.1559869281662855,0.05482241128215051,0.847470490588677,0.4507452178285591,0.17304376190609794,0.3389121338912134,0.7523219814241486,0.4678858345353027,0.8404968267809751,0.29457928831090524,0.1541665368837263,0.06486332414909443,0.7768719295491664,0.4202187979619197,0.21418894529546764,0.001834118321370537,70.86351102941177,-0.005724204514390763,0.013060748162742608
2023,146,1166,1361,56,57,-1,0,0,1,-0.3999999999999986,0.6202651515151523,1.0930528619936732,0.9676635335199885,1.0558318327037035,0.9488798362198066,0.35985312117503054,0.7673992673992673,0.4693782759265445,0.8405633171375599,0.35354661607702403,0.1563873070553672,0.06728231521167732,0.8907043408636319,0.4218853713584684,0.13419040948014777,0.3438485804416404,0.7355769230769231,0.4425186643969765,0.8409686591831723,0.2938816722212892,0.16042825240655897,0.06797279175205183,0.8175667505485543,0.41694938230218975,0.17993359399000547,0.05966494385573484,68.99308712121211,0.010961811236644692,-0.03988434165670118
2023,152,1163,1274,72,59,13,1,0,-1,-30.8,6.142992424242424,1.1258235020258376,0.9298801601347026,1.1321189815801649,1.0210270380321316,0.35697115384615385,0.754414125200642,0.4596347092052508,0.8670070951709695,0.36390953582169905,0.17739697332108348,0.08985541534993581,0.7794254339252056,0.40894750237461175,0.17906769808701573,0.367624810892587,0.7762237762237763,0.4869638453731605,0.8523111788457742,0.2964134066322758,0.1559869281662855,0.05482241128215051,0.847470490588677,0.4507452178285591,0.17304376190609794,0.06749612918942327,69.8137784090909,0.00723428964301881,0.020841774980464023
2023,152,1194,1361,71,72,-1,0,0,4,12.8,5.34375,1.1203222858735464,0.9312474674418767,1.0558318327037035,0.9488798362198066,0.3724550898203593,0.7175843694493783,0.4684079227013265,0.8540218329837203,0.37365041050173664,0.15817820049565934,0.042959931301046535,0.8332290331734921,0.40511354143812467,0.17131579558237547,0.3438485804416404,0.7355769230769231,0.4425186643969765,0.8409686591831723,0.2938816722212892,0.16042825240655897,0.06797279175205183,0.8175667505485543,0.41694938230218975,0.17993359399000547,0.07976873828044745,68.85664062500001,0.018862549584207522,-0.01448118727730785
2023,154,1163,1361,76,59,17,1,0,-1,-9.0,5.892992424242424,1.1258235020258376,0.9298801601347026,1.0558318327037035,0.9488798362198066,0.35697115384615385,0.754414125200642,0.4596347092052508,0.8670070951709695,0.36390953582169905,0.17739697332108348,0.08985541534993581,0.7794254339252056,0.40894750237461175,0.17906769808701573,0.3438485804416404,0.7355769230769231,0.4425186643969765,0.8409686591831723,0.2938816722212892,0.16042825240655897,0.06797279175205183,0.8175667505485543,0.41694938230218975,0.17993359399000547,0.07002786360040986,68.66846590909091,0.01255896236792614,0.03137047847888175
2024,134,1161,1438,67,42,25,1,0,0,-4.600000000000001,2.09375,1.1055098660679312,1.0323748737827105,1.0225226306231712,0.9444753499844739,0.33236574746008707,0.7538461538461538,0.48626512482409523,0.8250807137000472,0.3160019305478898,0.14120964703041852,0.053861655229337245,0.8438037711785092,0.4364261297483585,0.1550755000863879,0.36287625418060204,0.6369565217391304,0.43378477245284625,0.8917592540558592,0.29117853798477,0.12192506067390445,0.0969245975422176,0.8458445826091149,0.40091302634976794,0.17750496368679514,0.024823392563119773,65.14245975378788,0.008483624486329222,-0.00857290251126308
2024,134,1224,1447,68,71,-3,0,0,0,-20.0,0.7510775862068966,1.056150826024361,1.0559192193899256,0.9670190650306778,0.9853939754381759,0.37518248175182484,0.75,0.4511540479762156,0.7786275112908982,0.3048457464931102,0.19409188241325925,0.04963562101270829,0.8186028653834081,0.45231827208598013,0.15808629614841901,0.3164556962025316,0.7065462753950338,0.38764606014867853,0.8923987204675095,0.34144496926382145,0.1404752496447822,0.041613636518105186,0.8435231612920472,0.42356878439406687,0.1550506709250419,-0.03659922277071126,67.36648706896551,0.017379250067811935,0.03183124049580821
2024,135,1129,1160,53,60,-7,0,0,0,14.600000000000001,-1.7176470588235286,1.0995116951747521,0.999182804785353,1.1188466340143775,1.002376607211015,0.3484626647144949,0.7399030694668821,0.4491684759218056,0.8422643926725449,0.33613226895268317,0.15279974482493594,0.042829328311226,0.810939103208955,0.4420480370446566,0.15760190555293507,0.393939393939394,0.7779390420899855,0.4934100270762052,0.8118832538128475,0.2465980513005008,0.1689908197723238,0.03558639768937126,0.8484230654709229,0.43640138156265373,0.14380933137239432,0.08953421765218236,69.33093137254902,-0.024944103318201294,0.004361232744657384
2024,135,1212,1286,88,81,7,1,0,0,55.0,-3.064516129032258,0.9711235649041637,1.0174581836553989,1.0503414010894656,1.042315859825985,0.3409090909090909,0.7060653188180404,0.43434166994623724,0.7819953759415779,0.2337340223053159,0.18877171258530337,0.054431480076054396,0.8286369428723601,0.4350496975476729,0.17767964383196957,0.3641379310344827,0.7342007434944238,0.4661158054650809,0.8052186964793341,0.33271384415573596,0.1582976537626682,0.04045663420353105,0.7990300617799633,0.4660511992192262,0.17786124563541036,-0.09897982185042006,68.69314516129033,-0.00038631692364521353,0.061689769634457825
2024,136,1112,1253,85,65,20,1,0,-13,-160.8,15.090909090909092,1.1565583821543566,0.9549909951507438,1.0409158297064847,1.0369740846114992,0.3712230215827338,0.7186700767263428,0.4903147869269935,0.8481343533709279,0.27816478425892444,0.15472881169157865,0.055675856181685766,0.8243343615957194,0.4235655040772375,0.169419382991317,0.3129370629370629,0.7103896103896103,0.44684245212902973,0.8323050905583962,0.23439461192301916,0.16070397159048955,0.07075054526766901,0.8217706428017064,0.43798570229693146,0.1699377270229164,0.04377017233590527,74.94242424242424,0.028946266508828866,-0.009834961035698586
2024,136,1103,1166,60,77,-17,0,0,11,109.39999999999999,-5.28125,1.0642439023391044,0.9897407922824961,1.1563023022259913,0.9921119023563278,0.3204272363150868,0.7244224422442245,0.4531677605956842,0.8300512774947433,0.34592656853834425,0.15880893310384883,0.049946799504897214,0.844103026644694,0.4312386168456944,0.1520266385054828,0.3610223642172524,0.7813163481953291,0.4870342139810054,0.8622552214740261,0.4225355671829187,0.14163199997463885,0.062238313978845966,0.9419964135104092,0.42016727777387275,0.10646982074576666,-0.07660899864457443,68.852734375,-0.022468896228571456,0.021123921189190265
2024,136,1173,1305,63,60,3,1,0,-3,-3.3999999999999986,-0.17338709677419395,1.1463635116033788,1.000347728156298,1.1166230879054626,0.9824039817683919,0.4019073569482289,0.734094616639478,0.475811959075108,0.8175176859998141,0.3657197413230203,0.1469558880247818,0.06644869108920542,0.8957800116378101,0.4163571162081849,0.14367936286848526,0.3653516295025729,0.7228464419475655,0.4715610652069466,0.7965148527166914,0.2688699764789008,0.14263594087904094,0.06696067828746874,0.817588850982722,0.4185467889206807,0.16576319094038822,0.0968497648441195,66.60601058467742,0.003220283290328585,0.0034802165290886977
2024,136,1140,1182,67,71,-4,0,0,-5,-64.80000000000001,8.468805704099822,1.1464521394253082,0.9778495535706726,1.0288931787218476,0.986648876820328,0.34807149576669805,0.7377358490566036,0.4628490852895576,0.890890818773356,0.4512825782717449,0.14495967008559857,0.049895069973258946,0.8238121406216709,0.42876972989918705,0.1498300174816561,0.3390052356020942,0.7142857142857143,0.43350409872961465,0.8332546266756357,0.33026520319124414,0.16680430462770263,0.07842397579699839,0.8136361258576091,0.42403284767062976,0.1797587359552384,0.12101737508050076,69.76135249554366,0.012304052165692858,-0.0117895273150469
2024,136,1211,1270,86,65,21,1,0,-7,-60.199999999999996,-0.12347052280311388,1.1835172277228725,0.9904534466574582,1.1724272282584915,0.953389960702264,0.35510887772194305,0.7262103505843072,0.5109387345553503,0.8702578022358795,0.2718114335097083,0.13245300207163363,0.06411527545413125,0.8724878922776292,0.412532836473236,0.1491962287037181,0.39350180505415167,0.695067264573991,0.4834893322027969,0.8488843563718491,0.28442686544081525,0.1289660816653423,0.06623198678093234,0.7953105483357168,0.40161305004375075,0.21446450476982784,-0.012615431931106924,68.86165183537264,0.008264807961534115,-0.0036985999456072838
2024,136,1228,1287,85,69,16,1,0,-11,-106.0,3.8509803921568624,1.170759846106085,1.025712872130878,1.0998801442046924,0.9703425727761098,0.34938271604938276,0.7446808510638298,0.47262343417720737,0.8606334951539777,0.3279810064918368,0.14174436462053613,0.05905688927089279,0.8860321541509464,0.43456889102614227,0.11739046937713474,0.35294117647058826,0.7148362235067437,0.4677295978056798,0.8377792957756299,0.3776576947583996,0.1700801240598827,0.07669104967076654,0.8396860660451487,0.4107234734678754,0.14668672603310604,-0.049676688266562796,69.23411764705882,-0.009475790593369615,0.026883095846830907
2024,136,1235,1355,82,65,17,1,0,-13,-134.0,10.393738140417458,1.0828014771829937,0.8976111510811706,1.09048278227406,1.0287820497688736,0.34850863422291994,0.6968011126564673,0.46378662542767635,0.8435456684981358,0.27000616898347074,0.1458934311903736,0.05955383332435333,0.7549001322387406,0.39954538445465837,0.24393712503150541,0.36235955056179775,0.7156133828996283,0.4830329946095713,0.8237144007029725,0.33124847212447506,0.1565862117372442,0.05086843313693565,0.8493111953505788,0.42603472175468177,0.15417693706646243,-0.06124230314100432,69.5203866223909,0.0036214840590642616,0.06357325596541058
2024,136,1242,1359,93,89,4,1,0,-9,-72.0,-4.065524193548387,1.0661553903501906,0.9735579763451808,1.1209371900842293,1.0036412167871693,0.33333333333333337,0.7289879931389366,0.4862474665550398,0.8150097603480048,0.24233530955794486,0.16017698868582755,0.06582681524975605,0.8450596414411305,0.4080278304721363,0.15634276654026458,0.3931297709923664,0.7257142857142858,0.4878071154580191,0.8023878681271513,0.3287550926180425,0.1701823095230356,0.06392964746809479,0.8028390344004815,0.4334248966891252,0.19836772119251656,-0.08641978306009762,72.76265120967741,0.01191870865700484,-0.042765101827426655
2024,136,1277,1280,69,51,18,1,0,1,-9.0,1.475935828877005,1.077861158712768,0.9837895310594124,1.066315233081573,0.986172735928811,0.358843537414966,0.7056798623063684,0.4627305504628927,0.871548380460449,0.2645915693312915,0.1373593988945067,0.07067110492550738,0.8201209856062914,0.41585600194447486,0.17205992549149274,0.3253652058432935,0.6724598930481284,0.4565335344774506,0.8281608561728449,0.3154250365064839,0.17525628344561467,0.05419968553084381,0.8233246351474,0.41593511085450546,0.1682772725597598,-0.05083346717519238,68.94209001782531,0.0031380624477364005,-0.021892411649482968
2024,136,1301,1403,80,67,13,1,0,5,30.800000000000004,-2.5757575757575757,1.082429709972673,1.0330089945109782,1.1044418475139401,1.013539451084398,0.3460490463215259,0.7335203366058906,0.45261046793592336,0.8662533757939233,0.2897044884839999,0.12988528732548885,0.05916914699478645,0.8334295249446383,0.44439976024522126,0.1635955191426259,0.3648124191461837,0.7784615384615385,0.4528256153492225,0.8353771046253001,0.3424046316275581,0.15512641523058746,0.04312385046320178,0.8676399503024145,0.4279802249852851,0.1629242284027796,-0.0527001431435582,69.48159722222223,-0.008317341336617656,-0.02405186271404558
2024,136,1314,1447,90,62,28,1,0,-15,-281.8,12.580121703853955,1.1184398617006368,0.9616226747155914,0.9670190650306778,0.9853939754381759,0.35386631716906947,0.7535121328224775,0.4485157243434936,0.8593862811588433,0.3086193679167522,0.13554163208668388,0.06573387912817272,0.8468388836180806,0.4092607303615126,0.13514269060037232,0.3164556962025316,0.7065462753950338,0.38764606014867853,0.8923987204675095,0.34144496926382145,0.1404752496447822,0.041613636518105186,0.8435231612920472,0.42356878439406687,0.1550506709250419,-0.032825601347069244,68.3490238336714,0.03758885911368465,-0.009152206106801897
2024,136,1246,1324,76,80,-4,0,0,-11,-114.99999999999999,6.25,1.1740548358713792,1.0307723081331064,1.0908630284389886,1.0443782617377213,0.4119170984455959,0.7726550079491256,0.4983061713990261,0.8520983365677416,0.3164906240957155,0.1354968555095837,0.0955666525390028,0.8420426595504338,0.4300476294156379,0.1510373007147579,0.3506024096385542,0.7583465818759937,0.4530308492663045,0.853766782238721,0.3466531988160043,0.15335251962093996,0.04601076901097992,0.8635362891491173,0.43847273689759986,0.15646846747763993,-0.030162574720288826,73.17332261029412,0.026850214807341843,-0.01779541624548575
2024,136,1332,1376,87,73,14,1,0,5,5.200000000000003,-1.5900178253119428,1.0795259238498367,1.0264957532943784,1.0824586692863276,1.0144538066240663,0.3360323886639676,0.7147239263803681,0.4574578049377504,0.8520744067663394,0.31333682456102757,0.13709995487573354,0.06282221864272178,0.8137174469389403,0.45229102730475823,0.16703172404733502,0.33503184713375794,0.7138157894736842,0.43932015738608,0.871707117217903,0.35851679620455595,0.13966171639945846,0.056240427350111984,0.8572490279058717,0.42634829652940465,0.13482716345379647,-0.04517997164352838,68.31207664884136,-0.0039025416118416145,-0.022070004343623384
2024,136,1389,1397,49,83,-34,0,0,13,188.0,-9.722782258064516,0.9781114652561598,0.9583692533521527,1.1180145362640561,0.9497900121744275,0.3389513108614232,0.7190839694656489,0.39943784085810763,0.8318707832746706,0.2595825873732646,0.17504081124204282,0.08239664853455027,0.7793732689026267,0.41491796486150934,0.18731169695197136,0.34191176470588236,0.7492625368731564,0.44494267244832875,0.8701459113949793,0.3598725634278977,0.140019885045822,0.07957257170663361,0.8204119305138055,0.39192477797925585,0.17418881220184354,-0.10028997605463308,68.80874495967743,-0.034249009236237304,0.0023179589471278295
2024,136,1161,1400,44,56,-12,0,0,3,27.2,-0.5625,1.1055098660679312,1.0323748737827105,1.1026074560662231,1.0010986944812668,0.33236574746008707,0.7538461538461538,0.48626512482409523,0.8250807137000472,0.3160019305478898,0.14120964703041852,0.053861655229337245,0.8438037711785092,0.4364261297483585,0.1550755000863879,0.36128048780487804,0.7565674255691769,0.475654123821533,0.845342327729132,0.295333658551065,0.1569555883879806,0.07811192235554416,0.8120033116116291,0.4359988132341231,0.17254667047687725,0.02066827199682475,68.7828125,0.005091842244163369,-0.03335229781470195
2024,136,1179,1450,61,66,-5,0,0,3,10.199999999999996,2.242424242424242,1.1361681173104667,0.9988515542353483,1.0937971153448363,0.9779918469238644,0.36456996148908855,0.7628705148205928,0.47872521708165827,0.8417203334523495,0.33478848180035,0.12484661834400464,0.027172135833195755,0.8074457353051586,0.4470403906202437,0.16778478042833475,0.3397745571658615,0.7008130081300813,0.46754098775944586,0.865513505654179,0.2780448782423189,0.15040207175527903,0.08196349495509728,0.8241721278452863,0.42566327054432435,0.14774948808576452,0.0567436035580311,69.41818181818181,-0.005096445376853442,-0.04329839650555911
2024,137,1104,1158,109,96,13,1,0,-9,-80.2,2.6268939393939394,1.1925380027201944,1.061866205297886,1.127615641968013,1.0262725050819463,0.3653250773993808,0.7835616438356164,0.47965356112085145,0.8482376127144704,0.3975999084729676,0.1545809508269257,0.064391403395886,0.8245369843987891,0.4429452694140946,0.1492632437510262,0.348,0.7215411558669,0.4420441225969675,0.9072387792763936,0.4260032958456182,0.13497679510647526,0.051767867312544166,0.8465424770310179,0.44631567709379855,0.1517324698472629,-0.02840338737265058,73.7021543560606,0.020489923101793983,0.024265891784746585
2024,137,1124,1159,92,67,25,1,0,-11,-123.19999999999999,2.6609848484848486,1.1507492091553226,1.0385109058602717,1.0606503970132217,0.9534813117062038,0.3936781609195402,0.7401360544217687,0.4808948452316162,0.8148577665839959,0.31411038313563044,0.16329253296202487,0.05500109578532637,0.8298063123379692,0.45482539921723497,0.1595647421928413,0.3569405099150142,0.6797642436149313,0.46748184419885375,0.8444343523209085,0.3233576082729542,0.15274648973147534,0.05912271978728997,0.859901361948758,0.41293834071865554,0.1525590026755072,-0.009247225137323734,67.97771070075757,-0.014237028732908497,0.0626398823402422
2024,137,1155,1307,77,56,21,1,0,-5,4.400000000000002,-4.4650735294117645,1.1220311794335447,1.0308127488319403,1.097813891823366,0.9688802473425069,0.3541114058355438,0.7895652173913044,0.4677020263476525,0.851958638389862,0.34337010341778124,0.14098286904570725,0.06557713052463056,0.8553707949801027,0.4191890954932297,0.1272146386491741,0.33384146341463417,0.7178082191780822,0.4618921352426777,0.8742738825950346,0.2600525172929082,0.13114258396029732,0.08403122485489642,0.8017344728558206,0.4256316898496053,0.1848184995580959,0.08331758612487306,71.62787224264706,0.0061262427306752465,-0.03823250815527346
2024,137,1160,1196,102,100,2,1,0,3,2.1999999999999993,1.5176470588235293,1.1188466340143775,1.002376607211015,1.1292911685207403,1.0374365784005173,0.393939393939394,0.7779390420899855,0.4934100270762052,0.8118832538128475,0.2465980513005008,0.1689908197723238,0.03558639768937126,0.8484230654709229,0.43640138156265373,0.14380933137239432,0.3418043202033037,0.7116912599318956,0.4581496209842634,0.8654342435462559,0.29933974699280574,0.1504298079276829,0.08114512159219205,0.8522459477700929,0.43709476652207824,0.13573123318095423,-0.05274169569230494,73.15158613445378,0.017976895525683156,-0.05268222011215551
2024,137,1163,1391,91,52,39,1,0,-15,-202.4,17.703984819734345,1.2140337681709001,0.9525061506935358,1.1016103439996732,1.1163494323555208,0.3668711656441718,0.7424698795180722,0.4966984593311364,0.876202452107852,0.3575176309423896,0.1364177759134168,0.09471324068608802,0.8352309225880841,0.3987806804255632,0.14754945436501324,0.3649932157394844,0.7634408602150538,0.4596069849787769,0.8415178273722569,0.35297774329813714,0.147726367244911,0.0482375960118762,0.9058273641043186,0.46040025374913635,0.12457255722206333,0.004539887644252449,67.3805028462998,0.04935552383796632,0.012229237209517074
2024,137,1181,1436,64,47,17,1,0,-9,-90.80000000000001,5.59375,1.1600392246344469,0.9862999780835152,1.0670570643315909,0.9651695461825396,0.3771186440677966,0.721875,0.48210844715148093,0.8587217133129137,0.32279451453440283,0.13616257564902687,0.06334655190674739,0.8448002651555643,0.43385654395573914,0.15879778632217137,0.33500627352572143,0.7225325884543762,0.4467157612589991,0.8524935674445241,0.3763049880075806,0.1270892704012276,0.0698055047411289,0.8590799825578984,0.41083889941042295,0.14267624755407354,-0.05351047347317778,67.704296875,0.0061875206735828026,0.05387577474379318
2024,137,1213,1388,75,66,9,1,0,7,44.0,-1.8125,1.10930670932409,0.9354224457509275,1.1316084937351278,0.9173101684440601,0.3435114503816794,0.7533414337788579,0.45719792408995164,0.8046722880016207,0.29159675489689213,0.16604726720436608,0.08956432456817516,0.808740812776149,0.40620264138504886,0.18133863251623705,0.3551673944687045,0.6735849056603773,0.4684602481823042,0.9015509897635813,0.331607476551733,0.14510716000156093,0.07207648271162494,0.8111484126941315,0.40246352201966235,0.1527597254217138,-0.040010721654840875,67.807421875,-0.007500721728869564,0.014626807970067657
2024,137,1222,1255,86,46,40,1,0,-15,-163.20000000000002,11.962049335863377,1.1177406310010252,0.8701184923994298,1.0622126424610336,1.0112365662498952,0.34656084656084657,0.6941747572815534,0.43298257018780145,0.9315226263511179,0.3407787806355686,0.1276735879777446,0.0934734810231243,0.7610542390548211,0.37994245427988427,0.22687246012218165,0.3424124513618677,0.6875871687587168,0.4483127364912737,0.8426417409250174,0.2383089090749609,0.17118495539348413,0.04309402922436502,0.7890682936525373,0.44707673784586677,0.1841386285421826,0.10246987156060769,67.53254269449715,0.025902058631255165,0.01736662089621621
2024,137,1241,1458,72,61,11,1,0,7,37.8,8.37056277056277,1.1360789413644337,0.9481436212554082,1.1184675070376386,1.0332120248393868,0.3647959183673469,0.7045454545454546,0.4760586462914753,0.8541176770631774,0.32493381139365174,0.13828373385661372,0.04919153908750149,0.7971840510009187,0.41864625703893965,0.18752307674671395,0.34782608695652173,0.7588757396449705,0.4656249105606484,0.8584825351596205,0.30534729259946136,0.13703820769803468,0.028362941205118935,0.8097442640622473,0.45890896623415084,0.16113540994703746,0.019586518794190377,70.27155844155844,0.025348222463019043,0.01437717270672545
2024,137,1266,1443,87,69,18,1,0,-13,-124.80000000000001,3.7549019607843137,1.1108119433022225,1.0006898560172144,1.033530069844615,0.9697687183404394,0.35833333333333334,0.7150943396226415,0.47851251685622104,0.8654742766864952,0.350377874652997,0.13812710053792837,0.05644132070764478,0.8269816972563039,0.4258868444725427,0.19246915910180662,0.34375,0.7194127243066883,0.4684848123564162,0.8103825094472509,0.2516332788539797,0.1739043317765966,0.05054282043917475,0.8116089716802339,0.4198441874006827,0.17191161012636771,0.09874459579901734,73.5051225490196,0.001992523713972405,0.013892130248987333
2024,137,1194,1321,65,77,-12,0,0,-1,5.399999999999999,4.585227272727273,1.1459913524746626,1.03098118968406,1.1112451362734617,1.0315102244511427,0.3563218390804598,0.7203994293865906,0.4832131726529008,0.8479430418243861,0.32908031858882014,0.14987580002783196,0.04990135526106838,0.8652639609576996,0.4376129950316223,0.15636194836569656,0.3940740740740741,0.7481751824817519,0.4599756676104342,0.8647766962758102,0.31980812742649284,0.12201611372774748,0.06263297214298591,0.7854639823343066,0.45076866594865517,0.17945457173641108,0.009272191162327303,69.2514678030303,0.018196587979749712,0.05240480190575525
2024,137,1212,1345,50,78,-28,0,0,15,273.0,-16.98435972629521,0.9711235649041637,1.0174581836553989,1.1881410104837435,0.9928374609804517,0.3409090909090909,0.7060653188180404,0.43434166994623724,0.7819953759415779,0.2337340223053159,0.18877171258530337,0.054431480076054396,0.8286369428723601,0.4350496975476729,0.17767964383196957,0.40801186943620177,0.7212121212121212,0.4877661033606626,0.8342303654059096,0.29139049962321995,0.15622335371813365,0.06011092678910415,0.8852250305044377,0.4201485643530491,0.13380318355766066,-0.05765647731790405,68.70779569892474,-0.0341627833045246,-0.010954623019666987
2024,137,1361,1412,69,65,4,1,0,-7,-71.0,5.267992424242424,1.0708004209508644,0.9762071141765453,1.0921282802398076,1.0615992285301439,0.3125884016973126,0.7289586305278174,0.44031878847795414,0.8447331767453569,0.31996609353406885,0.14784477553867656,0.07148343072230773,0.831957018265119,0.4121903347336243,0.1635540466290878,0.3306188925081433,0.742749054224464,0.45172649013848987,0.8387453200341938,0.26219577049604326,0.15831443849878146,0.07712608816751611,0.8505535533013547,0.4483214964392241,0.14530595196467744,0.057770323038025595,70.1367305871212,0.012361730022531991,-0.016543184615883222
2024,137,1304,1401,83,98,-15,0,0,-1,-14.2,3.5142602495543667,1.0945319533082989,0.9880883260611909,1.0869978223638828,1.028698219701952,0.3577981651376147,0.7539432176656151,0.4541832903733227,0.8375053937474195,0.37258705053806257,0.15149768711117395,0.04109437704725492,0.881136648263244,0.3972507295165884,0.15244377531203343,0.2843256379100851,0.7090909090909091,0.4003833235437117,0.9198824227594641,0.35108672054277645,0.13484552084964946,0.04862997959687454,0.8423680033598234,0.4259067369758819,0.15584599882939673,0.021500329995286116,70.05925802139038,0.04122798714445225,-0.06501677191301802
2024,137,1395,1429,72,88,-16,0,0,1,-23.6,0.580645161290323,1.0827783267431363,0.9836365227922816,1.1059707575442976,1.0083492784705979,0.3557377049180328,0.7295774647887324,0.4645882344840996,0.8414357197146022,0.2534685178687832,0.1665258837629414,0.06618068298621485,0.7823754718708642,0.4457011591999584,0.19573464503722568,0.3210702341137124,0.7122905027932961,0.4910960425945879,0.8080252810477427,0.27061389437383615,0.1504517903563692,0.07047624681093038,0.8338856904304659,0.44199414065859904,0.1512873426587047,-0.017145376505052934,72.17157869012708,-0.015107413325923802,0.04794926210351602
2024,137,1120,1463,76,78,-2,0,0,-9,-79.19999999999999,9.880324543610548,1.1540652014984563,0.9522875144998163,1.087025225653706,1.007964878030866,0.35225806451612907,0.7518987341772152,0.4749719028520268,0.8434519789168711,0.31694085366953173,0.14078768929752292,0.10653254805874143,0.8152606264342047,0.3846800398771124,0.16737723643738767,0.34590163934426227,0.7068965517241379,0.4622738141280057,0.8789726309987966,0.311410731596889,0.13059096847224447,0.05809660152721717,0.8358088355379854,0.4268207488101884,0.15095716284273208,0.005530122072642751,70.01006592292089,0.027419398828548547,0.0631384251961451
2024,138,1112,1173,78,68,10,1,0,-5,-31.4,7.245356793743891,1.1565583821543566,0.9549909951507438,1.1463635116033788,1.000347728156298,0.3712230215827338,0.7186700767263428,0.4903147869269935,0.8481343533709279,0.27816478425892444,0.15472881169157865,0.055675856181685766,0.8243343615957194,0.4235655040772375,0.169419382991317,0.4019073569482289,0.734094616639478,0.475811959075108,0.8175176859998141,0.3657197413230203,0.1469558880247818,0.06644869108920542,0.8957800116378101,0.4163571162081849,0.14367936286848526,-0.08755495706409588,70.55900537634409,0.003647219991416484,0.018428163037510492
2024,138,1166,1332,86,73,13,1,0,-8,-41.2,7.341911764705882,1.1563023022259913,0.9921119023563278,1.0795259238498367,1.0264957532943784,0.3610223642172524,0.7813163481953291,0.4870342139810054,0.8622552214740261,0.4225355671829187,0.14163199997463885,0.062238313978845966,0.9419964135104092,0.42016727777387275,0.10646982074576666,0.3360323886639676,0.7147239263803681,0.4574578049377504,0.8520744067663394,0.31333682456102757,0.13709995487573354,0.06282221864272178,0.8137174469389403,0.45229102730475823,0.16703172404733502,0.10919874262189111,69.82217371323529,0.030850079287070176,-0.021986781626081253
2024,138,1211,1242,89,68,21,1,0,1,-5.4,8.387096774193548,1.1835172277228725,0.9904534466574582,1.0661553903501906,0.9735579763451808,0.35510887772194305,0.7262103505843072,0.5109387345553503,0.8702578022358795,0.2718114335097083,0.13245300207163363,0.06411527545413125,0.8724878922776292,0.412532836473236,0.1491962287037181,0.33333333333333337,0.7289879931389366,0.4862474665550398,0.8150097603480048,0.24233530955794486,0.16017698868582755,0.06582681524975605,0.8450596414411305,0.4080278304721363,0.15634276654026458,0.029476123951763467,70.5233870967742,0.010093130999605404,0.04499437380356941
2024,138,1182,1228,63,89,-26,0,0,8,71.80000000000001,-7.147058823529411,1.0288931787218476,0.986648876820328,1.170759846106085,1.025712872130878,0.3390052356020942,0.7142857142857143,0.43350409872961465,0.8332546266756357,0.33026520319124414,0.16680430462770263,0.07842397579699839,0.8136361258576091,0.42403284767062976,0.1797587359552384,0.34938271604938276,0.7446808510638298,0.47262343417720737,0.8606334951539777,0.3279810064918368,0.14174436462053613,0.05905688927089279,0.8860321541509464,0.43456889102614227,0.11739046937713474,0.002284196699407326,70.16323529411764,-0.014291646046040163,-0.023057908434949148
2024,138,1235,1450,67,56,11,1,0,-5,-35.800000000000004,6.840463458110518,1.0828014771829937,0.8976111510811706,1.0937971153448363,0.9779918469238644,0.34850863422291994,0.6968011126564673,0.46378662542767635,0.8435456684981358,0.27000616898347074,0.1458934311903736,0.05955383332435333,0.7549001322387406,0.39954538445465837,0.24393712503150541,0.3397745571658615,0.7008130081300813,0.46754098775944586,0.865513505654179,0.2780448782423189,0.15040207175527903,0.08196349495509728,0.8241721278452863,0.42566327054432435,0.14774948808576452,-0.008038709258848142,68.7582776292335,0.01118176187894826,0.03236816320581948
2024,138,1301,1324,79,73,6,1,0,-3,-79.99999999999999,0.16666666666666652,1.082429709972673,1.0330089945109782,1.0908630284389886,1.0443782617377213,0.3460490463215259,0.7335203366058906,0.45261046793592336,0.8662533757939233,0.2897044884839999,0.12988528732548885,0.05916914699478645,0.8334295249446383,0.44439976024522126,0.1635955191426259,0.3506024096385542,0.7583465818759937,0.4530308492663045,0.853766782238721,0.3466531988160043,0.15335251962093996,0.04601076901097992,0.8635362891491173,0.43847273689759986,0.15646846747763993,-0.05694871033200444,70.38760212418302,-0.003173702339001272,-0.014883228394888648
2024,138,1277,1314,69,85,-16,0,0,8,11.799999999999999,-4.053475935828876,1.077861158712768,0.9837895310594124,1.1184398617006368,0.9616226747155914,0.358843537414966,0.7056798623063684,0.4627305504628927,0.871548380460449,0.2645915693312915,0.1373593988945067,0.07067110492550738,0.8201209856062914,0.41585600194447486,0.17205992549149274,0.35386631716906947,0.7535121328224775,0.4485157243434936,0.8593862811588433,0.3086193679167522,0.13554163208668388,0.06573387912817272,0.8468388836180806,0.4092607303615126,0.13514269060037232,-0.04402779858546069,70.3042223707665,0.003809777268218406,0.015898208071925546
2024,138,1397,1400,62,58,4,1,0,-5,-16.4,4.9375,1.1180145362640561,0.9497900121744275,1.1026074560662231,1.0010986944812668,0.34191176470588236,0.7492625368731564,0.44494267244832875,0.8701459113949793,0.3598725634278977,0.140019885045822,0.07957257170663361,0.8204119305138055,0.39192477797925585,0.17418881220184354,0.36128048780487804,0.7565674255691769,0.475654123821533,0.845342327729132,0.295333658551065,0.1569555883879806,0.07811192235554416,0.8120033116116291,0.4359988132341231,0.17254667047687725,0.06453890487683267,70.285546875,0.006681291940831446,0.016792227815443095
2024,139,1104,1213,72,61,11,1,0,-8,-45.6,-2.03125,1.1925380027201944,1.061866205297886,1.10930670932409,0.9354224457509275,0.3653250773993808,0.7835616438356164,0.47965356112085145,0.8482376127144704,0.3975999084729676,0.1545809508269257,0.064391403395886,0.8245369843987891,0.4429452694140946,0.1492632437510262,0.3435114503816794,0.7533414337788579,0.45719792408995164,0.8046722880016207,0.29159675489689213,0.16604726720436608,0.08956432456817516,0.808740812776149,0.40620264138504886,0.18133863251623705,0.10600315357607548,73.573046875,-0.007143495499073005,0.012501661610453407
2024,139,1124,1155,64,72,-8,0,0,-3,-20.6,2.71875,1.1507492091553226,1.0385109058602717,1.1220311794335447,1.0308127488319403,0.3936781609195402,0.7401360544217687,0.4808948452316162,0.8148577665839959,0.31411038313563044,0.16329253296202487,0.05500109578532637,0.8298063123379692,0.45482539921723497,0.1595647421928413,0.3541114058355438,0.7895652173913044,0.4677020263476525,0.851958638389862,0.34337010341778124,0.14098286904570725,0.06557713052463056,0.8553707949801027,0.4191890954932297,0.1272146386491741,-0.029259720282150792,69.26953125,-0.011221742420020775,0.04779974213458016
2024,139,1163,1321,75,58,17,1,0,-8,-38.0,12.371323529411764,1.2140337681709001,0.9525061506935358,1.1112451362734617,1.0315102244511427,0.3668711656441718,0.7424698795180722,0.4966984593311364,0.876202452107852,0.3575176309423896,0.1364177759134168,0.09471324068608802,0.8352309225880841,0.3987806804255632,0.14754945436501324,0.3940740740740741,0.7481751824817519,0.4599756676104342,0.8647766962758102,0.31980812742649284,0.12201611372774748,0.06263297214298591,0.7854639823343066,0.45076866594865517,0.17945457173641108,0.03770950351589675,66.6374080882353,0.04435538862189703,0.04892032301693516
2024,139,1181,1241,93,55,38,1,0,-8,-45.4,-1.0785984848484844,1.1600392246344469,0.9862999780835152,1.1360789413644337,0.9481436212554082,0.3771186440677966,0.721875,0.48210844715148093,0.8587217133129137,0.32279451453440283,0.13616257564902687,0.06334655190674739,0.8448002651555643,0.43385654395573914,0.15879778632217137,0.3647959183673469,0.7045454545454546,0.4760586462914753,0.8541176770631774,0.32493381139365174,0.13828373385661372,0.04919153908750149,0.7971840510009187,0.41864625703893965,0.18752307674671395,-0.002139296859248907,71.17414772727273,-0.004580243028396935,-0.005669539367365362
2024,139,1222,1401,100,95,5,1,0,-8,-40.4,12.088235294117647,1.1177406310010252,0.8701184923994298,1.0869978223638828,1.028698219701952,0.34656084656084657,0.6941747572815534,0.43298257018780145,0.9315226263511179,0.3407787806355686,0.1276735879777446,0.0934734810231243,0.7610542390548211,0.37994245427988427,0.22687246012218165,0.2843256379100851,0.7090909090909091,0.4003833235437117,0.9198824227594641,0.35108672054277645,0.13484552084964946,0.04862997959687454,0.8423680033598234,0.4259067369758819,0.15584599882939673,-0.010307939907207853,67.24154411764707,0.03928176467004374,-0.015690008677031964
2024,139,1160,1266,77,81,-4,0,0,8,18.4,-0.47058823529411775,1.1188466340143775,1.002376607211015,1.1108119433022225,1.0006898560172144,0.393939393939394,0.7779390420899855,0.4934100270762052,0.8118832538128475,0.2465980513005008,0.1689908197723238,0.03558639768937126,0.8484230654709229,0.43640138156265373,0.14380933137239432,0.35833333333333334,0.7150943396226415,0.47851251685622104,0.8654742766864952,0.350377874652997,0.13812710053792837,0.05644132070764478,0.8269816972563039,0.4258868444725427,0.19246915910180662,-0.10377982335249622,70.63272058823529,0.0021914865649366178,-0.006110279016424358
2024,139,1345,1429,106,67,39,1,0,-7,-50.6,5.823069403714565,1.1881410104837435,0.9928374609804517,1.1059707575442976,1.0083492784705979,0.40801186943620177,0.7212121212121212,0.4877661033606626,0.8342303654059096,0.29139049962321995,0.15622335371813365,0.06011092678910415,0.8852250305044377,0.4201485643530491,0.13380318355766066,0.3210702341137124,0.7122905027932961,0.4910960425945879,0.8080252810477427,0.27061389437383615,0.1504517903563692,0.07047624681093038,0.8338856904304659,0.44199414065859904,0.1512873426587047,0.020776605249383795,70.84771505376344,0.009257818535812312,0.052344358854294004
2024,139,1361,1463,85,57,28,1,0,-8,-53.8,1.4299568965517242,1.0708004209508644,0.9762071141765453,1.087025225653706,1.007964878030866,0.3125884016973126,0.7289586305278174,0.44031878847795414,0.8447331767453569,0.31996609353406885,0.14784477553867656,0.07148343072230773,0.831957018265119,0.4121903347336243,0.1635540466290878,0.34590163934426227,0.7068965517241379,0.4622738141280057,0.8789726309987966,0.311410731596889,0.13059096847224447,0.05809660152721717,0.8358088355379854,0.4268207488101884,0.15095716284273208,0.008555361937179873,68.59055765086207,-0.003662305786743758,0.04600453594050502
2024,143,1104,1314,89,87,2,1,0,3,5.6,-1.547794117647058,1.1925380027201944,1.061866205297886,1.1184398617006368,0.9616226747155914,0.3653250773993808,0.7835616438356164,0.47965356112085145,0.8482376127144704,0.3975999084729676,0.1545809508269257,0.064391403395886,0.8245369843987891,0.4429452694140946,0.1492632437510262,0.35386631716906947,0.7535121328224775,0.4485157243434936,0.8593862811588433,0.3086193679167522,0.13554163208668388,0.06573387912817272,0.8468388836180806,0.4092607303615126,0.13514269060037232,0.0889805405562154,74.59425551470588,-0.001273351137612122,0.04946613339704364
2024,143,1112,1155,72,77,-5,0,0,-4,-28.6,9.603219696969697,1.1565583821543566,0.9549909951507438,1.1220311794335447,1.0308127488319403,0.3712230215827338,0.7186700767263428,0.4903147869269935,0.8481343533709279,0.27816478425892444,0.15472881169157865,0.055675856181685766,0.8243343615957194,0.4235655040772375,0.169419382991317,0.3541114058355438,0.7895652173913044,0.4677020263476525,0.851958638389862,0.34337010341778124,0.14098286904570725,0.06557713052463056,0.8553707949801027,0.4191890954932297,0.1272146386491741,-0.0652053191588568,72.44674479166667,0.009118175997666567,0.034290846759708504
2024,143,1163,1361,82,52,30,1,0,-4,-28.400000000000002,10.215073529411764,1.2140337681709001,0.9525061506935358,1.0708004209508644,0.9762071141765453,0.3668711656441718,0.7424698795180722,0.4966984593311364,0.876202452107852,0.3575176309423896,0.1364177759134168,0.09471324068608802,0.8352309225880841,0.3987806804255632,0.14754945436501324,0.3125884016973126,0.7289586305278174,0.44031878847795414,0.8447331767453569,0.31996609353406885,0.14784477553867656,0.07148343072230773,0.831957018265119,0.4121903347336243,0.1635540466290878,0.037551537408320734,68.16357996323529,0.03489466258062168,0.007574157682741278
2024,143,1228,1235,72,69,3,1,0,1,5.8,-3.647058823529413,1.170759846106085,1.025712872130878,1.0828014771829937,0.8976111510811706,0.34938271604938276,0.7446808510638298,0.47262343417720737,0.8606334951539777,0.3279810064918368,0.14174436462053613,0.05905688927089279,0.8860321541509464,0.43456889102614227,0.11739046937713474,0.34850863422291994,0.6968011126564673,0.46378662542767635,0.8435456684981358,0.27000616898347074,0.1458934311903736,0.05955383332435333,0.7549001322387406,0.39954538445465837,0.24393712503150541,0.05797483750836607,70.92720588235295,-0.013093348910976466,0.0052668512405916745
2024,144,1181,1222,54,51,3,1,0,3,9.0,-3.6525735294117645,1.1600392246344469,0.9862999780835152,1.1177406310010252,0.8701184923994298,0.3771186440677966,0.721875,0.48210844715148093,0.8587217133129137,0.32279451453440283,0.13616257564902687,0.06334655190674739,0.8448002651555643,0.43385654395573914,0.15879778632217137,0.34656084656084657,0.6941747572815534,0.43298257018780145,0.9315226263511179,0.3407787806355686,0.1276735879777446,0.0934734810231243,0.7610542390548211,0.37994245427988427,0.22687246012218165,-0.01798426610116577,67.23143382352941,-0.0023941063560876663,-0.05090611793813238
2024,144,1266,1301,58,67,-9,0,0,-9,-44.6,4.921568627450981,1.1108119433022225,1.0006898560172144,1.082429709972673,1.0330089945109782,0.35833333333333334,0.7150943396226415,0.47851251685622104,0.8654742766864952,0.350377874652997,0.13812710053792837,0.05644132070764478,0.8269816972563039,0.4258868444725427,0.19246915910180662,0.3460490463215259,0.7335203366058906,0.45261046793592336,0.8662533757939233,0.2897044884839999,0.12988528732548885,0.05916914699478645,0.8334295249446383,0.44439976024522126,0.1635955191426259,0.060673386168997145,70.47546977124183,0.022207482346488117,0.0006427157110771575
2024,144,1211,1345,68,80,-12,0,0,4,10.6,1.0478983382209197,1.1835172277228725,0.9904534466574582,1.1881410104837435,0.9928374609804517,0.35510887772194305,0.7262103505843072,0.5109387345553503,0.8702578022358795,0.2718114335097083,0.13245300207163363,0.06411527545413125,0.8724878922776292,0.412532836473236,0.1491962287037181,0.40801186943620177,0.7212121212121212,0.4877661033606626,0.8342303654059096,0.29139049962321995,0.15622335371813365,0.06011092678910415,0.8852250305044377,0.4201485643530491,0.13380318355766066,-0.019579066113511623,70.43521505376344,0.015394179537250363,-0.007997773512424589
2024,144,1166,1397,75,82,-7,0,0,1,3.0,-0.78125,1.1563023022259913,0.9921119023563278,1.1180145362640561,0.9497900121744275,0.3610223642172524,0.7813163481953291,0.4870342139810054,0.8622552214740261,0.4225355671829187,0.14163199997463885,0.062238313978845966,0.9419964135104092,0.42016727777387275,0.10646982074576666,0.34191176470588236,0.7492625368731564,0.44494267244832875,0.8701459113949793,0.3598725634278977,0.140019885045822,0.07957257170663361,0.8204119305138055,0.39192477797925585,0.17418881220184354,0.06266300375502099,70.387109375,0.006924520869029838,-0.058622615105892006
2024,145,1104,1155,89,82,7,1,0,-2,-19.6,3.59375,1.1925380027201944,1.061866205297886,1.1220311794335447,1.0308127488319403,0.3653250773993808,0.7835616438356164,0.47965356112085145,0.8482376127144704,0.3975999084729676,0.1545809508269257,0.064391403395886,0.8245369843987891,0.4429452694140946,0.1492632437510262,0.3541114058355438,0.7895652173913044,0.4677020263476525,0.851958638389862,0.34337010341778124,0.14098286904570725,0.06557713052463056,0.8553707949801027,0.4191890954932297,0.1272146386491741,0.054229805055186375,72.638671875,-0.00590231957383297,0.06364787989362425
2024,145,1163,1228,77,52,25,1,0,-2,-9.2,6.4411764705882355,1.2140337681709001,0.9525061506935358,1.170759846106085,1.025712872130878,0.3668711656441718,0.7424698795180722,0.4966984593311364,0.876202452107852,0.3575176309423896,0.1364177759134168,0.09471324068608802,0.8352309225880841,0.3987806804255632,0.14754945436501324,0.34938271604938276,0.7446808510638298,0.47262343417720737,0.8606334951539777,0.3279810064918368,0.14174436462053613,0.05905688927089279,0.8860321541509464,0.43456889102614227,0.11739046937713474,0.029536624450552773,69.60183823529411,0.029931617877254013,-0.005974614552744173
2024,146,1181,1301,64,76,-12,0,0,-7,-44.6,8.739583333333334,1.1600392246344469,0.9862999780835152,1.082429709972673,1.0330089945109782,0.3771186440677966,0.721875,0.48210844715148093,0.8587217133129137,0.32279451453440283,0.13616257564902687,0.06334655190674739,0.8448002651555643,0.43385654395573914,0.15879778632217137,0.3460490463215259,0.7335203366058906,0.45261046793592336,0.8662533757939233,0.2897044884839999,0.12988528732548885,0.05916914699478645,0.8334295249446383,0.44439976024522126,0.1635955191426259,0.033090026050402954,69.82013888888889,0.020020597752519853,0.004017535661151261
2024,146,1345,1397,72,66,6,1,0,-1,-4.4,1.6486742424242422,1.1881410104837435,0.9928374609804517,1.1180145362640561,0.9497900121744275,0.40801186943620177,0.7212121212121212,0.4877661033606626,0.8342303654059096,0.29139049962321995,0.15622335371813365,0.06011092678910415,0.8852250305044377,0.4201485643530491,0.13380318355766066,0.34191176470588236,0.7492625368731564,0.44494267244832875,0.8701459113949793,0.3598725634278977,0.140019885045822,0.07957257170663361,0.8204119305138055,0.39192477797925585,0.17418881220184354,-0.06848206380467775,70.62057291666667,0.007299822269270284,0.006680031119460583
2024,152,1104,1163,72,86,-14,0,0,3,13.6,-7.3713235294117645,1.1925380027201944,1.061866205297886,1.2140337681709001,0.9525061506935358,0.3653250773993808,0.7835616438356164,0.47965356112085145,0.8482376127144704,0.3975999084729676,0.1545809508269257,0.064391403395886,0.8245369843987891,0.4429452694140946,0.1492632437510262,0.3668711656441718,0.7424698795180722,0.4966984593311364,0.876202452107852,0.3575176309423896,0.1364177759134168,0.09471324068608802,0.8352309225880841,0.3987806804255632,0.14754945436501324,0.040082277530578025,71.66006433823529,-0.030604743599408235,0.014538419948158632
2024,152,1301,1345,50,63,-13,0,0,10,52.2,-9.575757575757576,1.082429709972673,1.0330089945109782,1.1881410104837435,0.9928374609804517,0.3460490463215259,0.7335203366058906,0.45261046793592336,0.8662533757939233,0.2897044884839999,0.12988528732548885,0.05916914699478645,0.8334295249446383,0.44439976024522126,0.1635955191426259,0.40801186943620177,0.7212121212121212,0.4877661033606626,0.8342303654059096,0.29139049962321995,0.15622335371813365,0.06011092678910415,0.8852250305044377,0.4201485643530491,0.13380318355766066,-0.0016860111392200672,70.37743055555555,-0.02970341565845569,-0.03529579169185859
2024,154,1163,1345,75,60,15,1,0,0,-1.6,3.8163992869875223,1.2140337681709001,0.9525061506935358,1.1881410104837435,0.9928374609804517,0.3668711656441718,0.7424698795180722,0.4966984593311364,0.876202452107852,0.3575176309423896,0.1364177759134168,0.09471324068608802,0.8352309225880841,0.3987806804255632,0.14754945436501324,0.40801186943620177,0.7212121212121212,0.4877661033606626,0.8342303654059096,0.29139049962321995,0.15622335371813365,0.06011092678910415,0.8852250305044377,0.4201485643530491,0.13380318355766066,0.06612713131916964,68.58063725490196,0.015150119948979857,-0.008092808322344047
2025,134,1106,1384,70,68,2,1,0,0,-24.80000000000001,5.163636363636364,1.0147320862133566,1.0316770303126162,0.9963653632401158,1.064245586632232,0.3288288288288288,0.6978998384491115,0.40242031785977445,0.884485858812063,0.37804501634805826,0.12294635345491245,0.050581374282791886,0.8089148267328564,0.4383851354581753,0.17243550816659634,0.3342736248236954,0.7252475247524753,0.44713899962954545,0.8286811295502498,0.3466453686658921,0.18377310096379276,0.03807509144515986,0.8611243449352479,0.44346598285268773,0.15460731897881097,0.03139964768216619,69.69416666666666,-0.019818917187629292,0.011605407982196725
2025,134,1314,1361,95,68,27,1,0,0,-21.999999999999996,0.1044334975369452,1.109438018160002,1.0407499205713233,1.03849754704158,0.9519405685072226,0.35339308578745204,0.7374149659863946,0.47803559788743544,0.8273330548595478,0.30583211192582765,0.14461117547589084,0.06011240824572831,0.8554481420721924,0.43406121376474754,0.13990238215365347,0.32769230769230767,0.6672967863894139,0.44319095141818987,0.8442102901918394,0.33275431885546175,0.14874109266940344,0.10592880609327689,0.8170446060655998,0.3826000059117724,0.17858239276959922,-0.026922206929634096,70.18485221674877,-0.008308280691864844,-0.014571765872561815
2025,135,1110,1291,72,83,-11,0,0,0,-1.4000000000000057,0.04640151515151514,1.0480890675376238,1.0438260617731057,1.0011938318880735,1.0101160952145118,0.3511053315994798,0.758893280632411,0.4412460067373829,0.8324244369717461,0.3732537815360411,0.15259601176049456,0.03309098093153339,0.8186197629228773,0.4612113390871449,0.16515218156214914,0.3488063660477454,0.7302977232924693,0.43990087067321243,0.8034900655358178,0.3296143243755326,0.20407819836591723,0.04313279627476645,0.8765882976827751,0.41049519019091646,0.1476027858968805,0.04363945716050849,67.03255208333333,-0.024685506416029013,-0.03666421990225677
2025,135,1400,1462,80,86,-6,0,0,0,4.200000000000003,-0.9503676470588234,1.1239571146218954,1.0193933261824408,1.094744874117245,1.0095652588115074,0.3595505617977528,0.748641304347826,0.46169172908172057,0.8485775588431353,0.3009229581981798,0.13575083880516522,0.0744533682271067,0.8221958902304471,0.4254624276811776,0.15405062020027666,0.38823529411764707,0.7943786982248521,0.4665057627919646,0.7967057263450625,0.2981253752298731,0.14931412837724042,0.045060128632195454,0.8298253849216347,0.4436901160962461,0.16504838058154153,0.0027975829683067333,70.57840073529411,0.006706827352412237,0.060579530624525535
2025,136,1116,1242,79,72,7,1,0,3,22.6,-1.4848484848484853,1.0612017527374293,0.9930147002355423,1.0714376182648042,0.9739659961493289,0.3328611898016997,0.7335285505124451,0.4653299635151874,0.81029603471399,0.29812700391897823,0.1590814802311678,0.09320147512849773,0.8419254037574494,0.4203167894181719,0.1631176707210719,0.351506456241033,0.711111111111111,0.47257779086581536,0.8659939428708128,0.29643171357770104,0.15907019403470282,0.07725569535018686,0.8674148441499892,0.4014200901077238,0.1440734967836215,0.0016952903412771891,71.61439393939395,-0.01307226333053807,-0.011328288197755443
2025,136,1106,1120,63,83,-20,0,0,15,276.59999999999997,-14.545454545454545,1.0147320862133566,1.0316770303126162,1.193483050427234,0.9882279541560924,0.3288288288288288,0.6978998384491115,0.40242031785977445,0.884485858812063,0.37804501634805826,0.12294635345491245,0.050581374282791886,0.8089148267328564,0.4383851354581753,0.17243550816659634,0.36771844660194175,0.7400881057268722,0.48450392664524367,0.8792999668726857,0.3565076140836566,0.12799012335515833,0.1078124664836222,0.8194391466559576,0.4093421584887472,0.15633346306405663,0.02153740226440165,70.58333333333334,-0.055563292877448656,-0.028376377266259134
2025,136,1140,1433,80,71,9,1,0,-5,-15.200000000000003,-3.7272727272727266,1.149411968111808,1.0134817411956025,1.1374086859706058,0.9243100281223156,0.3707983193277311,0.7053872053872055,0.48395638949498637,0.848517501708526,0.4084517025792451,0.16165631243298995,0.054696668142911645,0.8315349104260024,0.4306389832482808,0.16231943781677172,0.3354908306364617,0.7448494453248812,0.4458207688628889,0.8798807182769776,0.4181777900230289,0.16063000851027856,0.09954949128971673,0.8038013508251866,0.39242193836206346,0.18858513432613772,-0.009726087443783782,68.95265151515152,-4.071212705991645e-05,-0.04126191864044737
2025,136,1166,1257,89,75,14,1,0,1,5.199999999999999,-3.970588235294117,1.1016371334645414,1.0082106582384487,1.1158053872331528,0.9877822728145484,0.33896515311510034,0.7327272727272728,0.4782056595027208,0.8285993921904651,0.4054290108657983,0.16784801369253807,0.06975101849644383,0.9516097641483642,0.4144977739283837,0.10645687197585146,0.32989690721649484,0.7442528735632185,0.4551278403364725,0.8446279245343314,0.4062813037239717,0.1565165234669724,0.04791627050596613,0.8389434565193797,0.4269290260330265,0.1741409185238616,-0.000852292858173398,69.45367647058823,0.0177545356354456,-0.025420218677180473
2025,136,1179,1281,67,57,10,1,0,5,35.6,-1.6383186705767354,1.139738734716072,0.9767373680967838,1.1869473983851462,1.0342225155112938,0.3503521126760563,0.7073906485671192,0.4752366052098403,0.8281548436145869,0.3042592132271171,0.15716673632826164,0.0516784248140098,0.7586719348059344,0.4550383500797991,0.20837962422542425,0.36962025316455693,0.7253363228699551,0.48476770318109447,0.8132777520817069,0.3390553271397955,0.1445816640386954,0.04590640173874566,0.8084507714423323,0.44342500823645825,0.1898082535501154,-0.03479611391267845,65.79385386119257,-0.010572219907297509,-0.023608230108346673
2025,136,1208,1211,68,89,-21,0,0,1,25.2,-10.75,1.0834036113805066,0.9945639516979394,1.186277142136183,0.9610117173181981,0.33483483483483484,0.7170596393897365,0.4640436569530137,0.8137656115773741,0.2988549573586335,0.17649067992745657,0.08689233532703099,0.8520975744292509,0.4083422650532842,0.16595457128746607,0.3442389758179231,0.8009259259259259,0.4985083240270418,0.8750151555104485,0.2923792515402961,0.12531549019350496,0.049840037151421865,0.8328884722787503,0.4129204624953766,0.16331509694379373,0.006475705818337396,71.28800899621211,-0.01494323481596782,0.04946904864421542
2025,136,1188,1222,40,78,-38,0,0,15,216.8,-13.101960784313725,1.0270468473878096,0.9885759956897644,1.151082201461757,0.8995804617290343,0.3401253918495298,0.6786941580756014,0.43205670413823244,0.8486008861279574,0.3079283031949921,0.15649544478533503,0.07065643107464122,0.8369731152185748,0.4107185324284332,0.15692249834115163,0.397677793904209,0.7406749555950267,0.4595271204857911,0.9107798075593293,0.31659010250690867,0.13538238849116316,0.09111472118754031,0.7891648155368395,0.3847013007335382,0.1965062312267325,-0.008661799311916574,66.90394607843137,-0.026743824021226825,-0.024075355970188728
2025,136,1155,1270,67,69,-2,0,0,-7,-51.39999999999999,-0.5591397849462378,1.1343039614222692,0.9800557285773843,1.1338863487061996,0.9677108312535325,0.37150466045272973,0.7658802177858439,0.4686370018024469,0.878412617455406,0.3366883902765,0.14799113810096207,0.06298058024026137,0.8396256630539005,0.4271537772652286,0.18396792328770936,0.3563748079877112,0.7072784810126582,0.46701874318311476,0.8613407705701202,0.31608172961213865,0.15063010869998902,0.06242972705505712,0.8225742233344724,0.40247911575149586,0.19435455899441606,0.020606660664361343,66.96631231671554,-0.011528201447200237,-0.015273796421125363
2025,136,1276,1471,68,65,3,1,0,-7,-22.4,-8.064338235294118,1.078064851996179,0.9834930552345265,1.1471932852131281,0.917474412078584,0.3341260404280619,0.7283236994219654,0.4746996834323005,0.804542462792242,0.34161316052670077,0.18863326832146926,0.05811359744774126,0.8667898243427599,0.4033942498215548,0.1479944761197719,0.36523652365236525,0.7463651050080775,0.46467968517780195,0.8431989532811733,0.41835542686897925,0.12119745685953727,0.04100767748162577,0.7809088857274463,0.4062906931584625,0.21692102710050162,-0.07674226634227849,70.20002297794117,0.006458220795703129,0.0594660627149472
2025,136,1219,1345,63,75,-12,0,0,9,67.0,4.399621212121212,1.1973263521246895,1.0329998954614632,1.1567713911365776,1.0580441493941948,0.36615811373092927,0.7640287769784173,0.49572197412883096,0.8442712613500025,0.3298994385806254,0.143817230038989,0.04610102206954874,0.8335042162194922,0.4331884137416894,0.15429747330840513,0.38450704225352117,0.7302325581395349,0.4900530844189954,0.838536353130046,0.3202354866463229,0.1458054953281296,0.02962518400078071,0.8365424202488128,0.45544754383147684,0.17111917199217447,0.009663951934302528,67.90725615530303,0.013964009899811447,0.01033608557668586
2025,136,1303,1385,53,83,-30,0,0,13,144.4,-11.042279411764707,1.1074640292426992,1.080212453139003,1.0751136112210125,0.9099703260783772,0.3671766342141864,0.7326440177252584,0.46424319043749734,0.8297161338396462,0.3210937643262285,0.148720079513318,0.041059638975059105,0.8115523869737289,0.45288133554438925,0.13971950339516107,0.3037037037037037,0.6889880952380952,0.4520455590292386,0.8954550691629128,0.27188131970739976,0.14387107297899138,0.08864232930203686,0.801717819251814,0.40161450357455286,0.20256293306786674,0.04921244461882873,71.72240349264706,-0.01953460028078885,-0.05979567674843622
2025,136,1397,1459,77,62,15,1,0,-13,-135.6,8.955882352941176,1.1334345355089679,0.9396035852694941,1.118079267726811,1.070521581241913,0.3401688781664656,0.7434017595307918,0.45827447540485233,0.859905922452689,0.37167180867614996,0.14555621089443102,0.08852926688833945,0.8488423572645551,0.3814391891859786,0.1589303793074485,0.34545454545454546,0.6684118673647469,0.45406627534601157,0.8777903227181045,0.4189356744729929,0.1518344646314063,0.048158132740016624,0.830302131252288,0.4420638305388874,0.13812957521240307,-0.04726386579684294,65.86137408088236,0.032416420705874804,0.009680584377060208
2025,136,1401,1463,80,71,9,1,0,-9,-56.0,-4.053571428571429,1.0633887004565556,0.9888902235469947,1.1531441232086512,1.014034773097668,0.3106796116504854,0.695,0.4183164239440492,0.8580054431191102,0.3225667269457958,0.1694226690366351,0.07253293972529497,0.8016505949377805,0.4037145816913027,0.17783714350802063,0.38461538461538464,0.7362637362637363,0.48642835709737675,0.8673698535151694,0.27782191260394895,0.13418654255942133,0.05986687738504761,0.8521403501659292,0.40868411822164424,0.14803108574745708,0.04474481434184685,70.16473214285713,-0.03157119831149302,0.056695352662881726
2025,136,1403,1423,82,72,10,1,0,-11,-102.6,6.520833333333334,1.1768699338414264,0.9852948982690233,1.1338666262718557,1.0279281755579261,0.3789237668161435,0.7643097643097643,0.4702710329160477,0.882578259843701,0.39567527429400573,0.13711517339561927,0.0535159036765992,0.8298884857578993,0.4258655153345519,0.16416431973759044,0.3303437967115097,0.7525035765379113,0.4636958493139553,0.8558752104413482,0.31122793147141453,0.1498114388988025,0.060001072182962446,0.8386578674029392,0.4378308869059074,0.16230541111515823,0.0844473428225912,68.24177320075758,0.00927027758672394,-0.006630533971911712
2025,136,1417,1429,72,47,25,1,0,-3,-20.800000000000004,-0.21875,1.1138586856776118,0.9827971611552534,1.1617420638140168,1.036309237178405,0.35179640718562877,0.7032786885245902,0.4673428191090447,0.8621343827523962,0.31093312608306567,0.1481581772898199,0.056755193214161385,0.776445061280176,0.43175932692009555,0.2143063333250241,0.3576923076923077,0.7017291066282421,0.4843425473530615,0.8375242488581984,0.355375876933235,0.1510135164632948,0.05146709914856852,0.8008591820507236,0.4444520454121196,0.18336861311058728,-0.044442750850169355,68.0375,-0.002153504875996415,0.007607691358388569
2025,136,1285,1458,66,85,-19,0,0,11,133.2,-8.51152073732719,1.1063651936175811,1.0774838058162735,1.1378297163017608,1.0075956000385307,0.36525974025974023,0.7458745874587459,0.49813231340488784,0.7905566022329981,0.2899029319388083,0.15258216679468456,0.05165235125779793,0.8407018605342744,0.4671574836680368,0.14680085073151425,0.34909456740442657,0.8278335724533715,0.4540021746641859,0.8417930860475524,0.40614663275222995,0.13230288243622304,0.03664923080276284,0.8682050354652796,0.4163070169590612,0.13811211676391696,-0.11624370081342167,69.27791474654377,-0.003360163984136799,-0.014985364167836634
2025,137,1104,1352,90,81,9,1,0,-13,-139.8,3.9393939393939394,1.1710494438642622,1.0347599376603993,1.0873703656924434,1.0011430512608965,0.3499491353001017,0.7162954279015241,0.48290211770838093,0.8277994924388689,0.383901806474839,0.15662367217958026,0.06507848615000056,0.865761910067245,0.426262773369105,0.12749055900109918,0.3491620111731844,0.7202141900937082,0.45240805417380536,0.8299879919185935,0.3074299408389473,0.1731641501238226,0.07684991341066527,0.8202011863315315,0.44369341176640825,0.17643096239394487,0.0764718656358917,74.36363636363637,0.023962350965939405,-0.0027888342924056175
2025,137,1103,1112,65,93,-28,0,0,9,86.19999999999999,-1.2316176470588243,1.1373695857193236,1.0238791324164467,1.1325148411984147,1.0046099127095336,0.36627282491944146,0.7490909090909091,0.47337009309947115,0.8673863505708447,0.39602292821965585,0.15751415139070712,0.06081661077917259,0.8265892295919766,0.43613488580443677,0.1605121779998619,0.3240223463687151,0.7843915343915344,0.47262305923339826,0.8432718747360899,0.29258315697725795,0.156075901828831,0.06938507309701969,0.8528382119223036,0.41593820358729566,0.15357585513072236,0.1034397712423979,73.09545036764706,-0.009724824175534108,-0.005533240833141551
2025,137,1124,1280,75,72,3,1,0,1,-8.200000000000003,0.2376893939393936,1.1125538277242497,1.0400702672871753,1.1132890306553114,1.0393610937491762,0.34675324675324676,0.7457912457912458,0.44693925692854763,0.8820847645797903,0.3541365588053333,0.147085137731021,0.04959566384490923,0.8283282070032135,0.4398347317545754,0.176938861314081,0.31376975169300225,0.6998491704374058,0.4514932628339974,0.8843709894851834,0.374272124609173,0.14205586630210904,0.07892517946618156,0.8106255062528839,0.43917127736117784,0.17838498535389985,-0.020135565803839683,69.86437026515152,-0.0026087301494236437,0.020579005266223915
2025,137,1161,1272,78,70,8,1,0,7,-6.399999999999999,1.235294117647058,1.1217761023860444,0.9906807801900117,1.097712762213761,1.0049561577449475,0.3656716417910447,0.7751677852348993,0.482799232539191,0.8208294636318759,0.35127379513833046,0.1582881477664515,0.056134586740376025,0.8270123568641847,0.42222371612817317,0.1552581927047286,0.3796711509715994,0.7022613065326634,0.4745826172581333,0.8138407757326709,0.2701428342065498,0.18295985630615982,0.07794716405582729,0.8309104013998794,0.42103544111599467,0.17627631944134056,0.08113096093178068,70.25294117647059,0.0035141701344396092,-0.07643265767568908
2025,137,1163,1328,67,59,8,1,0,-1,-16.0,5.363636363636363,1.174337984146915,1.0180702416688476,1.1176043858309843,1.0524691009617575,0.35447761194029853,0.7906574394463667,0.4823847953009683,0.8691906425602013,0.37024776447428653,0.15171158752398867,0.11689310177620785,0.8090572938125236,0.4225445902279933,0.1427329193177508,0.36964980544747084,0.7942386831275721,0.47287655949301055,0.7892414846512998,0.33127141418765305,0.16208447131280532,0.0390439543212934,0.8232263088046056,0.44821964758192695,0.17295696456839385,0.03897635028663349,68.22462121212122,0.017591646580945697,0.018256007679108177
2025,137,1181,1291,93,49,44,1,0,-15,-238.0,21.309269162210338,1.228999534321821,0.9137452535241843,1.0011938318880735,1.0101160952145118,0.3771929824561403,0.7844961240310079,0.4886289474114291,0.8770970471538116,0.398970818107465,0.13666406740248485,0.06562475499471723,0.853604140405943,0.38733663578594385,0.15862921389720108,0.3488063660477454,0.7302977232924693,0.43990087067321243,0.8034900655358178,0.3296143243755326,0.20407819836591723,0.04313279627476645,0.8765882976827751,0.41049519019091646,0.1476027858968805,0.06935649373193237,68.44252450980392,0.035943315571594636,0.006303514860721449
2025,137,1196,1313,95,69,26,1,0,-15,-183.0,12.30550284629981,1.1889384798531029,0.961320552691118,1.0753093056460221,1.0440974098304816,0.3551106427818757,0.7179125528913963,0.4739217122612126,0.8924629990492056,0.388836643012341,0.14245712026506255,0.07628120662232499,0.843048032518062,0.3979440656922185,0.15940524110117418,0.3125,0.7525925925925926,0.4823379695371911,0.8024885010404665,0.22308870480178766,0.16730991321889752,0.050704046666369074,0.83912376425516,0.4263625586459016,0.17623107722602743,0.16574793821055334,70.74111717267553,0.01000111783885227,0.012311162786108998
2025,137,1228,1462,86,73,13,1,0,-5,-16.199999999999996,2.055871212121213,1.133905469608108,1.0079795884545368,1.094744874117245,1.0095652588115074,0.31149193548387094,0.7592339261285909,0.4501420436462142,0.8654606198269671,0.40571342352078327,0.151744633390681,0.0627615655314634,0.8871452791085381,0.420877733072318,0.11754713702980087,0.38823529411764707,0.7943786982248521,0.4665057627919646,0.7967057263450625,0.2981253752298731,0.14931412837724042,0.045060128632195454,0.8298253849216347,0.4436901160962461,0.16504838058154153,0.10758804829091018,72.6763731060606,0.003224331939088887,0.07311469932012843
2025,137,1235,1252,82,55,27,1,0,-11,-94.60000000000001,2.3655303030303028,1.123666798778877,0.9522381555274305,1.1457062348826441,0.9976933447353765,0.3578500707213578,0.7574525745257452,0.47955483683858197,0.8142702805088394,0.30071194355255665,0.16168341290752375,0.06026696141027714,0.8050502385439706,0.4179608537060104,0.20282115043884477,0.3670150987224158,0.7964912280701755,0.4762349735368036,0.8322003647282449,0.39456827424085,0.13500035690028372,0.04829505941817372,0.8862857537437859,0.4301108613767843,0.1486168131461075,-0.09385633068829335,69.82639678030304,0.007734935486276129,0.04681356170770801
2025,137,1246,1407,76,57,19,1,0,-11,-87.0,0.9726295210166178,1.1540848548928668,1.0542506191701115,1.0755096826635242,0.9713437731095674,0.3738207547169811,0.7379972565157751,0.4819052196615051,0.8324942086907858,0.3478015596616074,0.1418027193837475,0.06350321783818554,0.8564337267742244,0.4394272261779609,0.13209396972482793,0.302915082382763,0.7263157894736841,0.43439676783005615,0.8424581041349102,0.3805978302480804,0.18275405697260666,0.07918664308671751,0.8390224750014339,0.41231600583312705,0.18332233873381057,-0.032796270586473,70.76021505376345,0.010198615743307604,-0.0832003784460873
2025,137,1213,1268,49,81,-32,0,0,9,76.0,-5.822916666666666,1.0687455522886853,0.9444926491858433,1.1323705170212917,0.9444174089924062,0.31629392971246006,0.7350427350427351,0.462217098579899,0.7916930797150677,0.2663859835039547,0.17254965545281445,0.08511739988826847,0.802023160078522,0.41744349203959064,0.19300011330436123,0.37206085753803597,0.755223880597015,0.47091680200824326,0.8546546062912046,0.30395583531510706,0.13759317433087268,0.07626510225459322,0.8321449053972563,0.414730353885596,0.1843699231321116,-0.037569851811152355,72.81478456439393,-0.005706420791169453,0.006865380188645798
2025,137,1136,1277,62,87,-25,0,0,13,136.20000000000002,-5.096590909090908,1.0837096681820826,0.983503239647219,1.1106575320533432,0.9604171113782205,0.3337950138504155,0.7183544303797469,0.4513971372694282,0.876579537112355,0.304685784719387,0.1561155420869613,0.09532089017011257,0.8422701786405014,0.4195349855741715,0.15160842612393935,0.3078125,0.7810810810810811,0.4626754340263637,0.8419595178725121,0.2758803137122711,0.1540164336741191,0.07656051144699841,0.8270493516567118,0.4047505072646973,0.15411996586517493,0.02880547100711589,72.34829545454545,-0.013031387533204819,0.006561452121951916
2025,137,1279,1314,71,64,7,1,0,-5,-0.6000000000000014,-0.37402597402597415,1.079566879659469,1.0203047650617332,1.109438018160002,1.0407499205713233,0.3412797992471769,0.7379603399433428,0.4432006915892644,0.841146724024352,0.33923068675223556,0.12010311320843889,0.07125405085576246,0.7926964122170767,0.43406767823144865,0.18363972798321834,0.35339308578745204,0.7374149659863946,0.47803559788743544,0.8273330548595478,0.30583211192582765,0.14461117547589084,0.06011240824572831,0.8554481420721924,0.43406121376474754,0.13990238215365347,0.0333985748264079,72.25124458874458,-0.017420685382436074,-0.004053462552108922
2025,137,1266,1307,66,75,-9,0,0,-3,-19.599999999999998,-0.8541666666666661,1.1018502878432754,0.9923247905148539,1.062936771338406,0.9538350579644744,0.324607329842932,0.7230483271375464,0.4459042658450117,0.8967522337743892,0.4142217794030435,0.12673450295712868,0.06530293746759068,0.8134259685782732,0.4374376545916238,0.19476004274778014,0.34055727554179566,0.6837944664031621,0.45501928530654956,0.8362813147596336,0.26730310683242264,0.14617480163229402,0.08776848544101902,0.7830785428443168,0.42774444370323905,0.1871235583566005,0.14691867257062086,72.56388494318182,-0.009404115174961314,0.02354599810427338
2025,137,1251,1332,52,81,-29,0,0,7,32.0,4.3401759530791795,1.113312869331441,0.9498372132156528,1.0868107407020124,1.0094734223604043,0.3952618453865337,0.6538461538461539,0.4908438652433886,0.8114073549842832,0.3877808330149686,0.1447487996895248,0.05100159235261045,0.8551965898980265,0.41282302670900045,0.1594518262133152,0.34002677376171353,0.7631578947368421,0.4573758711349226,0.8349204591855144,0.32351397514428243,0.1497829538914942,0.06315362104048036,0.8538379433372303,0.4318456943225956,0.16362635003029402,0.06426685787068614,68.53731671554252,0.02624533086103059,-0.06211856377983216
2025,137,1388,1435,59,56,3,1,0,-3,-23.8,7.15625,1.1305388371847291,0.9405723169334432,1.1111207910525975,1.049614614947719,0.3264984227129338,0.695142378559464,0.45574612063639236,0.9150816954027877,0.3049592266573533,0.13820508374333118,0.07151976766645192,0.8475922702552107,0.4141961698392662,0.15530753369835854,0.32537688442211055,0.7473997028231798,0.45191476508364836,0.8627688636303097,0.3469734954298688,0.13628370985573926,0.07042279634333479,0.7830456218499675,0.46232345972501765,0.18905852629549535,-0.04201426877251546,68.36328125,0.025979322719247744,0.01722806332656046
2025,138,1116,1385,75,66,9,1,0,8,29.400000000000002,-7.368983957219252,1.0612017527374293,0.9930147002355423,1.0751136112210125,0.9099703260783772,0.3328611898016997,0.7335285505124451,0.4653299635151874,0.81029603471399,0.29812700391897823,0.1590814802311678,0.09320147512849773,0.8419254037574494,0.4203167894181719,0.1631176707210719,0.3037037037037037,0.6889880952380952,0.4520455590292386,0.8954550691629128,0.27188131970739976,0.14387107297899138,0.08864232930203686,0.801717819251814,0.40161450357455286,0.20256293306786674,0.02624568421157847,72.62658199643494,-0.0027089406788351478,-0.05363514079912857
2025,138,1120,1166,82,70,12,1,0,-8,-26.599999999999998,8.536541889483065,1.193483050427234,0.9882279541560924,1.1016371334645414,1.0082106582384487,0.36771844660194175,0.7400881057268722,0.48450392664524367,0.8792999668726857,0.3565076140836566,0.12799012335515833,0.1078124664836222,0.8194391466559576,0.4093421584887472,0.15633346306405663,0.33896515311510034,0.7327272727272728,0.4782056595027208,0.8285993921904651,0.4054290108657983,0.16784801369253807,0.06975101849644383,0.9516097641483642,0.4144977739283837,0.10645687197585146,-0.04892139678214169,69.32058823529411,0.005726941291079701,0.050973973739880885
2025,138,1140,1458,91,89,2,1,0,3,6.399999999999999,0.8051948051948052,1.149411968111808,1.0134817411956025,1.1378297163017608,1.0075956000385307,0.3707983193277311,0.7053872053872055,0.48395638949498637,0.848517501708526,0.4084517025792451,0.16165631243298995,0.054696668142911645,0.8315349104260024,0.4306389832482808,0.16231943781677172,0.34909456740442657,0.8278335724533715,0.4540021746641859,0.8417930860475524,0.40614663275222995,0.13230288243622304,0.03664923080276284,0.8682050354652796,0.4163070169590612,0.13811211676391696,0.0023050698270151715,70.31633116883117,0.007811124270790448,0.028378165809346823
2025,138,1211,1222,76,81,-5,0,0,7,9.6,1.264705882352942,1.186277142136183,0.9610117173181981,1.151082201461757,0.8995804617290343,0.3442389758179231,0.8009259259259259,0.4985083240270418,0.8750151555104485,0.2923792515402961,0.12531549019350496,0.049840037151421865,0.8328884722787503,0.4129204624953766,0.16331509694379373,0.397677793904209,0.7406749555950267,0.4595271204857911,0.9107798075593293,0.31659010250690867,0.13538238849116316,0.09111472118754031,0.7891648155368395,0.3847013007335382,0.1965062312267325,-0.024210850966612574,68.75099153297683,0.005381020889706156,-0.033944494028608
2025,138,1276,1401,91,79,12,1,0,1,4.199999999999999,0.6544117647058822,1.078064851996179,0.9834930552345265,1.0633887004565556,0.9888902235469947,0.3341260404280619,0.7283236994219654,0.4746996834323005,0.804542462792242,0.34161316052670077,0.18863326832146926,0.05811359744774126,0.8667898243427599,0.4033942498215548,0.1479944761197719,0.3106796116504854,0.695,0.4183164239440492,0.8580054431191102,0.3225667269457958,0.1694226690366351,0.07253293972529497,0.8016505949377805,0.4037145816913027,0.17783714350802063,0.019046433580904965,71.24650735294117,0.028351795678999592,-0.032004386452752276
2025,138,1270,1345,62,76,-14,0,0,8,51.199999999999996,4.437927663734116,1.1338863487061996,0.9677108312535325,1.1567713911365776,1.0580441493941948,0.3563748079877112,0.7072784810126582,0.46701874318311476,0.8613407705701202,0.31608172961213865,0.15063010869998902,0.06242972705505712,0.8225742233344724,0.40247911575149586,0.19435455899441606,0.38450704225352117,0.7302325581395349,0.4900530844189954,0.838536353130046,0.3202354866463229,0.1458054953281296,0.02962518400078071,0.8365424202488128,0.45544754383147684,0.17111917199217447,-0.004153757034184247,66.93070625610949,0.014967043422050186,0.026373558511231354
2025,138,1397,1417,67,58,9,1,0,-5,-21.0,2.6746323529411757,1.1334345355089679,0.9396035852694941,1.1138586856776118,0.9827971611552534,0.3401688781664656,0.7434017595307918,0.45827447540485233,0.859905922452689,0.37167180867614996,0.14555621089443102,0.08852926688833945,0.8488423572645551,0.3814391891859786,0.1589303793074485,0.35179640718562877,0.7032786885245902,0.4673428191090447,0.8621343827523962,0.31093312608306567,0.1481581772898199,0.056755193214161385,0.776445061280176,0.43175932692009555,0.2143063333250241,0.06073868259308429,66.60473345588235,0.020625897014962313,-0.0035346110713404544
2025,138,1179,1403,64,77,-13,0,0,8,49.6,-4.365591397849464,1.139738734716072,0.9767373680967838,1.1768699338414264,0.9852948982690233,0.3503521126760563,0.7073906485671192,0.4752366052098403,0.8281548436145869,0.3042592132271171,0.15716673632826164,0.0516784248140098,0.7586719348059344,0.4550383500797991,0.20837962422542425,0.3789237668161435,0.7643097643097643,0.4702710329160477,0.882578259843701,0.39567527429400573,0.13711517339561927,0.0535159036765992,0.8298884857578993,0.4258655153345519,0.16416431973759044,-0.09141606106688865,64.543096285435,-0.012103631225727274,-0.0009431773475316874
2025,139,1104,1388,80,66,14,1,0,-5,-18.8,-2.3030303030303028,1.1710494438642622,1.0347599376603993,1.1305388371847291,0.9405723169334432,0.3499491353001017,0.7162954279015241,0.48290211770838093,0.8277994924388689,0.383901806474839,0.15662367217958026,0.06507848615000056,0.865761910067245,0.426262773369105,0.12749055900109918,0.3264984227129338,0.695142378559464,0.45574612063639236,0.9150816954027877,0.3049592266573533,0.13820508374333118,0.07151976766645192,0.8475922702552107,0.4141961698392662,0.15530753369835854,0.0789425798174857,71.42025331439393,0.0075446967710749435,-0.006434016274947774
2025,139,1112,1332,87,83,4,1,0,-1,-22.6,4.021390374331552,1.1325148411984147,1.0046099127095336,1.0868107407020124,1.0094734223604043,0.3240223463687151,0.7843915343915344,0.47262305923339826,0.8432718747360899,0.29258315697725795,0.156075901828831,0.06938507309701969,0.8528382119223036,0.41593820358729566,0.15357585513072236,0.34002677376171353,0.7631578947368421,0.4573758711349226,0.8349204591855144,0.32351397514428243,0.1497829538914942,0.06315362104048036,0.8538379433372303,0.4318456943225956,0.16362635003029402,-0.030930818167024476,71.19438502673796,0.01557733941688777,0.021649462702127753
2025,139,1124,1181,66,89,-23,0,0,8,24.799999999999997,-14.950367647058822,1.1125538277242497,1.0400702672871753,1.228999534321821,0.9137452535241843,0.34675324675324676,0.7457912457912458,0.44693925692854763,0.8820847645797903,0.3541365588053333,0.147085137731021,0.04959566384490923,0.8283282070032135,0.4398347317545754,0.176938861314081,0.3771929824561403,0.7844961240310079,0.4886289474114291,0.8770970471538116,0.398970818107465,0.13666406740248485,0.06562475499471723,0.853604140405943,0.38733663578594385,0.15862921389720108,-0.044834259302131696,67.68340992647059,-0.04709389322575647,0.03375910048697672
2025,139,1163,1196,75,77,-2,0,0,7,23.400000000000002,-6.81283422459893,1.174337984146915,1.0180702416688476,1.1889384798531029,0.961320552691118,0.35447761194029853,0.7906574394463667,0.4823847953009683,0.8691906425602013,0.37024776447428653,0.15171158752398867,0.11689310177620785,0.8090572938125236,0.4225445902279933,0.1427329193177508,0.3551106427818757,0.7179125528913963,0.4739217122612126,0.8924629990492056,0.388836643012341,0.14245712026506255,0.07628120662232499,0.843048032518062,0.3979440656922185,0.15940524110117418,-0.018588878538054465,68.85618315508022,-0.008068720748009572,-0.024383700516971696
2025,139,1228,1246,75,84,-9,0,0,3,4.0,1.787878787878789,1.133905469608108,1.0079795884545368,1.1540848548928668,1.0542506191701115,0.31149193548387094,0.7592339261285909,0.4501420436462142,0.8654606198269671,0.40571342352078327,0.151744633390681,0.0627615655314634,0.8871452791085381,0.420877733072318,0.11754713702980087,0.3738207547169811,0.7379972565157751,0.4819052196615051,0.8324942086907858,0.3478015596616074,0.1418027193837475,0.06350321783818554,0.8564337267742244,0.4394272261779609,0.13209396972482793,0.05791186385917585,74.02272727272728,-0.006606841454824042,0.042613275334510536
2025,139,1161,1268,71,72,-1,0,0,8,32.8,-6.519607843137255,1.1217761023860444,0.9906807801900117,1.1323705170212917,0.9444174089924062,0.3656716417910447,0.7751677852348993,0.482799232539191,0.8208294636318759,0.35127379513833046,0.1582881477664515,0.056134586740376025,0.8270123568641847,0.42222371612817317,0.1552581927047286,0.37206085753803597,0.755223880597015,0.47091680200824326,0.8546546062912046,0.30395583531510706,0.13759317433087268,0.07626510225459322,0.8321449053972563,0.414730353885596,0.1843699231321116,0.0473179598232234,69.7717468805704,0.002194534144185245,-0.03379960437020024
2025,139,1277,1307,71,63,8,1,0,-8,-34.2,1.7215909090909083,1.1106575320533432,0.9604171113782205,1.062936771338406,0.9538350579644744,0.3078125,0.7810810810810811,0.4626754340263637,0.8419595178725121,0.2758803137122711,0.1540164336741191,0.07656051144699841,0.8270493516567118,0.4047505072646973,0.15411996586517493,0.34055727554179566,0.6837944664031621,0.45501928530654956,0.8362813147596336,0.26730310683242264,0.14617480163229402,0.08776848544101902,0.7830785428443168,0.42774444370323905,0.1871235583566005,0.008577206879848476,72.77524857954546,0.015325042579177939,0.028144321199031763
2025,139,1235,1279,78,91,-13,0,0,-3,-21.6,6.848484848484849,1.123666798778877,0.9522381555274305,1.079566879659469,1.0203047650617332,0.3578500707213578,0.7574525745257452,0.47955483683858197,0.8142702805088394,0.30071194355255665,0.16168341290752375,0.06026696141027714,0.8050502385439706,0.4179608537060104,0.20282115043884477,0.3412797992471769,0.7379603399433428,0.4432006915892644,0.841146724024352,0.33923068675223556,0.12010311320843889,0.07125405085576246,0.7926964122170767,0.43406767823144865,0.18363972798321834,-0.038518743199678906,71.48333333333333,0.026230484887377892,0.029221168089364036
2025,143,1104,1140,113,88,25,1,0,-4,-13.399999999999999,-0.3939393939393945,1.1710494438642622,1.0347599376603993,1.149411968111808,1.0134817411956025,0.3499491353001017,0.7162954279015241,0.48290211770838093,0.8277994924388689,0.383901806474839,0.15662367217958026,0.06507848615000056,0.865761910067245,0.426262773369105,0.12749055900109918,0.3707983193277311,0.7053872053872055,0.48395638949498637,0.848517501708526,0.4084517025792451,0.16165631243298995,0.054696668142911645,0.8315349104260024,0.4306389832482808,0.16231943781677172,-0.02454989610440611,74.1564393939394,0.0016609690462851545,0.023058733723500535
2025,143,1112,1181,93,100,-7,0,0,3,9.8,-11.499999999999998,1.1325148411984147,1.0046099127095336,1.228999534321821,0.9137452535241843,0.3240223463687151,0.7843915343915344,0.47262305923339826,0.8432718747360899,0.29258315697725795,0.156075901828831,0.06938507309701969,0.8528382119223036,0.41593820358729566,0.15357585513072236,0.3771929824561403,0.7844961240310079,0.4886289474114291,0.8770970471538116,0.398970818107465,0.13666406740248485,0.06562475499471723,0.853604140405943,0.38733663578594385,0.15862921389720108,-0.10638766113020703,69.75698529411764,-0.022303727989691324,0.01636759066031479
2025,143,1196,1268,87,71,16,1,0,-3,-7.6000000000000005,1.5098039215686274,1.1889384798531029,0.961320552691118,1.1323705170212917,0.9444174089924062,0.3551106427818757,0.7179125528913963,0.4739217122612126,0.8924629990492056,0.388836643012341,0.14245712026506255,0.07628120662232499,0.843048032518062,0.3979440656922185,0.15940524110117418,0.37206085753803597,0.755223880597015,0.47091680200824326,0.8546546062912046,0.30395583531510706,0.13759317433087268,0.07626510225459322,0.8321449053972563,0.414730353885596,0.1843699231321116,0.08488080769723394,71.97284982174688,0.009895599223173401,0.03925458354565936
2025,143,1116,1403,83,85,-2,0,1,7,33.6,-7.87878787878788,1.0612017527374293,0.9930147002355423,1.1768699338414264,0.9852948982690233,0.3328611898016997,0.7335285505124451,0.4653299635151874,0.81029603471399,0.29812700391897823,0.1590814802311678,0.09320147512849773,0.8419254037574494,0.4203167894181719,0.1631176707210719,0.3789237668161435,0.7643097643097643,0.4702710329160477,0.882578259843701,0.39567527429400573,0.13711517339561927,0.0535159036765992,0.8298884857578993,0.4258655153345519,0.16416431973759044,-0.0975482703750275,70.34204545454546,0.000303828257759875,-0.03827030991873748
2025,144,1120,1276,78,65,13,1,0,-4,-20.799999999999997,7.21301247771836,1.193483050427234,0.9882279541560924,1.078064851996179,0.9834930552345265,0.36771844660194175,0.7400881057268722,0.48450392664524367,0.8792999668726857,0.3565076140836566,0.12799012335515833,0.1078124664836222,0.8194391466559576,0.4093421584887472,0.15633346306405663,0.3341260404280619,0.7283236994219654,0.4746996834323005,0.804542462792242,0.34161316052670077,0.18863326832146926,0.05811359744774126,0.8667898243427599,0.4033942498215548,0.1479944761197719,0.014894453556955844,71.26838235294117,0.0019281672728753696,0.006774069679568395
2025,144,1222,1345,62,60,2,1,0,-3,-17.799999999999997,8.947415329768269,1.151082201461757,0.8995804617290343,1.1567713911365776,1.0580441493941948,0.397677793904209,0.7406749555950267,0.4595271204857911,0.9107798075593293,0.31659010250690867,0.13538238849116316,0.09111472118754031,0.7891648155368395,0.3847013007335382,0.1965062312267325,0.38450704225352117,0.7302325581395349,0.4900530844189954,0.838536353130046,0.3202354866463229,0.1458054953281296,0.02962518400078071,0.8365424202488128,0.45544754383147684,0.17111917199217447,-0.0036453841394142317,66.04758244206775,0.020110139582367126,0.013511798273234898
2025,144,1277,1279,73,70,3,1,0,-4,-20.0,5.454545454545454,1.1106575320533432,0.9604171113782205,1.079566879659469,1.0203047650617332,0.3078125,0.7810810810810811,0.4626754340263637,0.8419595178725121,0.2758803137122711,0.1540164336741191,0.07656051144699841,0.8270493516567118,0.4047505072646973,0.15411996586517493,0.3412797992471769,0.7379603399433428,0.4432006915892644,0.841146724024352,0.33923068675223556,0.12010311320843889,0.07125405085576246,0.7926964122170767,0.43406767823144865,0.18363972798321834,-0.06335037303996444,70.98257575757575,0.024395956701925348,0.03125828491509608
2025,144,1246,1397,65,78,-13,0,0,1,12.200000000000001,-4.281639928698752,1.1540848548928668,1.0542506191701115,1.1334345355089679,0.9396035852694941,0.3738207547169811,0.7379972565157751,0.4819052196615051,0.8324942086907858,0.3478015596616074,0.1418027193837475,0.06350321783818554,0.8564337267742244,0.4394272261779609,0.13209396972482793,0.3401688781664656,0.7434017595307918,0.45827447540485233,0.859905922452689,0.37167180867614996,0.14555621089443102,0.08852926688833945,0.8488423572645551,0.3814391891859786,0.1589303793074485,-0.023870249014542544,70.00343137254902,-0.01717864636766475,-0.04426153740963956
2025,145,1104,1181,65,85,-20,0,0,1,4.4,-11.097147950089125,1.1710494438642622,1.0347599376603993,1.228999534321821,0.9137452535241843,0.3499491353001017,0.7162954279015241,0.48290211770838093,0.8277994924388689,0.383901806474839,0.15662367217958026,0.06507848615000056,0.865761910067245,0.426262773369105,0.12749055900109918,0.3771929824561403,0.7844961240310079,0.4886289474114291,0.8770970471538116,0.398970818107465,0.13666406740248485,0.06562475499471723,0.853604140405943,0.38733663578594385,0.15862921389720108,-0.015069011632625973,72.62358511586453,-0.022326483643104633,0.014332235776056246
2025,145,1196,1403,84,79,5,1,0,-2,-4.8,2.8431372549019596,1.1889384798531029,0.961320552691118,1.1768699338414264,0.9852948982690233,0.3551106427818757,0.7179125528913963,0.4739217122612126,0.8924629990492056,0.388836643012341,0.14245712026506255,0.07628120662232499,0.843048032518062,0.3979440656922185,0.15940524110117418,0.3789237668161435,0.7643097643097643,0.4702710329160477,0.882578259843701,0.39567527429400573,0.13711517339561927,0.0535159036765992,0.8298884857578993,0.4258655153345519,0.16416431973759044,-0.006838631281664731,70.25921345811051,0.015786064493749197,0.021549043701993287
2025,146,1120,1277,70,64,6,1,0,-1,-6.6,3.333333333333334,1.193483050427234,0.9882279541560924,1.1106575320533432,0.9604171113782205,0.36771844660194175,0.7400881057268722,0.48450392664524367,0.8792999668726857,0.3565076140836566,0.12799012335515833,0.1078124664836222,0.8194391466559576,0.4093421584887472,0.15633346306405663,0.3078125,0.7810810810810811,0.4626754340263637,0.8419595178725121,0.2758803137122711,0.1540164336741191,0.07656051144699841,0.8270493516567118,0.4047505072646973,0.15411996586517493,0.08062730037138549,70.24204545454546,0.00861842069741503,0.017132640697572143
2025,146,1222,1397,69,50,19,1,0,-1,-3.8000000000000003,4.029411764705882,1.151082201461757,0.8995804617290343,1.1334345355089679,0.9396035852694941,0.397677793904209,0.7406749555950267,0.4595271204857911,0.9107798075593293,0.31659010250690867,0.13538238849116316,0.09111472118754031,0.7891648155368395,0.3847013007335382,0.1965062312267325,0.3401688781664656,0.7434017595307918,0.45827447540485233,0.859905922452689,0.37167180867614996,0.14555621089443102,0.08852926688833945,0.8488423572645551,0.3814391891859786,0.1589303793074485,-0.055081706169241296,65.32904411764707,-0.0010047332333104064,0.003311091181574133
2025,152,1120,1196,73,79,-6,0,0,0,0.3999999999999999,-1.9340463458110513,1.193483050427234,0.9882279541560924,1.1889384798531029,0.961320552691118,0.36771844660194175,0.7400881057268722,0.48450392664524367,0.8792999668726857,0.3565076140836566,0.12799012335515833,0.1078124664836222,0.8194391466559576,0.4093421584887472,0.15633346306405663,0.3551106427818757,0.7179125528913963,0.4739217122612126,0.8924629990492056,0.388836643012341,0.14245712026506255,0.07628120662232499,0.843048032518062,0.3979440656922185,0.15940524110117418,-0.03232902892868439,70.94595588235293,-0.00040793920624881963,-0.013840096174121186
2025,152,1181,1222,67,70,-3,0,0,0,0.0,5.0588235294117645,1.228999534321821,0.9137452535241843,1.151082201461757,0.8995804617290343,0.3771929824561403,0.7844961240310079,0.4886289474114291,0.8770970471538116,0.398970818107465,0.13666406740248485,0.06562475499471723,0.853604140405943,0.38733663578594385,0.15862921389720108,0.397677793904209,0.7406749555950267,0.4595271204857911,0.9107798075593293,0.31659010250690867,0.13538238849116316,0.09111472118754031,0.7891648155368395,0.3847013007335382,0.1965062312267325,0.08238071560055632,66.0264705882353,0.013233245936616178,-0.01830036587818651
2025,154,1196,1222,65,63,2,1,0,0,1.6,0.4411764705882355,1.1889384798531029,0.961320552691118,1.151082201461757,0.8995804617290343,0.3551106427818757,0.7179125528913963,0.4739217122612126,0.8924629990492056,0.388836643012341,0.14245712026506255,0.07628120662232499,0.843048032518062,0.3979440656922185,0.15940524110117418,0.397677793904209,0.7406749555950267,0.4595271204857911,0.9107798075593293,0.31659010250690867,0.13538238849116316,0.09111472118754031,0.7891648155368395,0.3847013007335382,0.1965062312267325,0.07224654050543233,68.23823529411766,0.0005759134083705986,0.01333168670908269
